row_id,order_id,order_date,ship_date,ship_mode,customer_id,customer_name,segment,country,city,state,postal_code,region,product_id,category,sub_category,product_name,sales,quantity,discount,profit
2698,CA-2014-145317,3/18/2014,3/23/2014,Standard Class,SM-20320,Sean Miller,Home Office,United States,Jacksonville,Florida,32216,South,TEC-MA-10002412,Technology,Machines,Cisco TelePresence System EX90 Videoconferencing Unit,22638.48,6,0.5,-1811.0784
6827,CA-2016-118689,10/2/2016,10/9/2016,Standard Class,TC-20980,Tamara Chand,Corporate,United States,Lafayette,Indiana,47905,Central,TEC-CO-10004722,Technology,Copiers,Canon imageCLASS 2200 Advanced Copier,17499.95,5,0.0,8399.976
8154,CA-2017-140151,3/23/2017,3/25/2017,First Class,RB-19360,Raymond Buch,Consumer,United States,Seattle,Washington,98115,West,TEC-CO-10004722,Technology,Copiers,Canon imageCLASS 2200 Advanced Copier,13999.96,4,0.0,6719.9808
2624,CA-2017-127180,10/22/2017,10/24/2017,First Class,TA-21385,Tom Ashbrook,Home Office,United States,New York City,New York,10024,East,TEC-CO-10004722,Technology,Copiers,Canon imageCLASS 2200 Advanced Copier,11199.968,4,0.2,3919.9888
4191,CA-2017-166709,11/17/2017,11/22/2017,Standard Class,HL-15040,Hunter Lopez,Consumer,United States,Newark,Delaware,19711,East,TEC-CO-10004722,Technology,Copiers,Canon imageCLASS 2200 Advanced Copier,10499.97,3,0.0,5039.9856
9040,CA-2016-117121,12/17/2016,12/21/2016,Standard Class,AB-10105,Adrian Barton,Consumer,United States,Detroit,Michigan,48205,Central,OFF-BI-10000545,Office Supplies,Binders,GBC Ibimaster 500 Manual ProClick Binding System,9892.74,13,0.0,4946.37
4099,CA-2014-116904,9/23/2014,9/28/2014,Standard Class,SC-20095,Sanjit Chand,Consumer,United States,Minneapolis,Minnesota,55407,Central,OFF-BI-10001120,Office Supplies,Binders,Ibico EPK-21 Electric Binding System,9449.95,5,0.0,4630.4755
4278,US-2016-107440,4/16/2016,4/20/2016,Standard Class,BS-11365,Bill Shonely,Corporate,United States,Lakewood,New Jersey,8701,East,TEC-MA-10001047,Technology,Machines,"3D Systems Cube Printer, 2nd Generation, Magenta",9099.93,7,0.0,2365.9818
8489,CA-2016-158841,2/2/2016,2/4/2016,Second Class,SE-20110,Sanjit Engle,Consumer,United States,Arlington,Virginia,22204,South,TEC-MA-10001127,Technology,Machines,"HP Designjet T520 Inkjet Large Format Printer - 24"" Color",8749.95,5,0.0,2799.984
6426,CA-2016-143714,5/23/2016,5/27/2016,Standard Class,CC-12370,Christopher Conant,Consumer,United States,Philadelphia,Pennsylvania,19120,East,TEC-CO-10004722,Technology,Copiers,Canon imageCLASS 2200 Advanced Copier,8399.976,4,0.4,1119.9968
2506,CA-2014-143917,7/25/2014,7/27/2014,Second Class,KL-16645,Ken Lonsdale,Consumer,United States,San Francisco,California,94122,West,OFF-SU-10000151,Office Supplies,Supplies,High Speed Automatic Electric Letter Opener,8187.65,5,0.0,327.506
166,CA-2014-139892,9/8/2014,9/12/2014,Standard Class,BM-11140,Becky Martin,Consumer,United States,San Antonio,Texas,78207,Central,TEC-MA-10000822,Technology,Machines,Lexmark MX611dhe Monochrome Laser Printer,8159.952,8,0.4,-1359.992
684,US-2017-168116,11/4/2017,11/4/2017,Same Day,GT-14635,Grant Thornton,Corporate,United States,Burlington,North Carolina,27217,South,TEC-MA-10004125,Technology,Machines,Cubify CubeX 3D Printer Triple Head Print,7999.98,4,0.5,-3839.9904
6627,CA-2014-145541,12/14/2014,12/21/2014,Standard Class,TB-21400,Tom Boeckenhauer,Consumer,United States,New York City,New York,10024,East,TEC-MA-10001127,Technology,Machines,"HP Designjet T520 Inkjet Large Format Printer - 24"" Color",6999.96,4,0.0,2239.9872
510,CA-2015-145352,3/16/2015,3/22/2015,Standard Class,CM-12385,Christopher Martinez,Consumer,United States,Atlanta,Georgia,30318,South,OFF-BI-10003527,Office Supplies,Binders,Fellowes PB500 Electric Punch Plastic Comb Binding Machine with Manual Bind,6354.95,5,0.0,3177.475
6521,CA-2017-138289,1/16/2017,1/18/2017,Second Class,AR-10540,Andy Reiter,Consumer,United States,Jackson,Michigan,49201,Central,OFF-BI-10004995,Office Supplies,Binders,GBC DocuBind P400 Electric Binding System,5443.96,4,0.0,2504.2216
7667,US-2016-140158,10/4/2016,10/8/2016,Standard Class,DR-12940,Daniel Raglin,Home Office,United States,Providence,Rhode Island,2908,East,TEC-CO-10001449,Technology,Copiers,Hewlett Packard LaserJet 3310 Copier,5399.91,9,0.0,2591.9568
6341,CA-2017-143112,10/5/2017,10/9/2017,Standard Class,TS-21370,Todd Sumrall,Corporate,United States,New York City,New York,10035,East,TEC-MA-10001047,Technology,Machines,"3D Systems Cube Printer, 2nd Generation, Magenta",5199.96,4,0.0,1351.9896
8859,CA-2017-135909,10/13/2017,10/20/2017,Standard Class,JW-15220,Jane Waco,Corporate,United States,Sacramento,California,95823,West,OFF-BI-10003527,Office Supplies,Binders,Fellowes PB500 Electric Punch Plastic Comb Binding Machine with Manual Bind,5083.96,5,0.2,1906.485
5885,CA-2016-136301,3/13/2016,3/15/2016,Second Class,EH-13765,Edward Hooks,Corporate,United States,San Francisco,California,94109,West,OFF-SU-10000151,Office Supplies,Supplies,High Speed Automatic Electric Letter Opener,4912.59,3,0.0,196.5036
1086,US-2016-143819,3/1/2016,3/5/2016,Standard Class,KD-16270,Karen Daniels,Consumer,United States,Yonkers,New York,10701,East,TEC-MA-10003979,Technology,Machines,Ativa V4110MDD Micro-Cut Shredder,4899.93,7,0.0,2400.9657
8991,US-2015-128587,12/24/2015,12/30/2015,Standard Class,HM-14860,Harry Marie,Corporate,United States,Springfield,Missouri,65807,Central,TEC-CO-10003763,Technology,Copiers,Canon PC1060 Personal Laser Copier,4899.93,7,0.0,2302.9671
4219,CA-2017-149881,4/1/2017,4/3/2017,First Class,NC-18535,Nick Crebassa,Corporate,United States,San Francisco,California,94110,West,TEC-MA-10000418,Technology,Machines,Cubify CubeX 3D Printer Double Head Print,4799.984,2,0.2,359.9988
1804,CA-2017-158379,9/22/2017,9/26/2017,Second Class,JA-15970,Joseph Airdo,Consumer,United States,Philadelphia,Pennsylvania,19134,East,OFF-SU-10002881,Office Supplies,Supplies,Martin Yale Chadless Opener Electric Letter Opener,4663.736,7,0.2,-1049.3406
8205,CA-2015-114811,11/8/2015,11/8/2015,Same Day,KD-16495,Keith Dawkins,Corporate,United States,New York City,New York,10024,East,TEC-MA-10000045,Technology,Machines,Zebra ZM400 Thermal Label Printer,4643.8,4,0.0,2229.024
2493,CA-2014-144624,11/19/2014,11/23/2014,Standard Class,JM-15865,John Murray,Consumer,United States,Jamestown,New York,14701,East,TEC-PH-10002885,Technology,Phones,Apple iPhone 5,4548.81,7,0.0,1228.1787
7819,CA-2016-138478,10/21/2016,10/26/2016,Second Class,DP-13390,Dennis Pardue,Home Office,United States,North Las Vegas,Nevada,89031,West,OFF-BI-10001120,Office Supplies,Binders,Ibico EPK-21 Electric Binding System,4535.976,3,0.2,1644.2913
7773,CA-2016-108196,11/25/2016,12/2/2016,Standard Class,CS-12505,Cindy Stewart,Consumer,United States,Lancaster,Ohio,43130,East,TEC-MA-10000418,Technology,Machines,Cubify CubeX 3D Printer Double Head Print,4499.985,5,0.7,-6599.978
9166,CA-2016-100300,6/24/2016,6/26/2016,Second Class,MJ-17740,Max Jones,Consumer,United States,San Diego,California,92037,West,TEC-MA-10000984,Technology,Machines,Okidata MB760 Printer,4476.8,4,0.2,503.64
7244,CA-2017-118892,8/17/2017,8/22/2017,Second Class,TP-21415,Tom Prescott,Consumer,United States,Philadelphia,Pennsylvania,19134,East,FUR-CH-10002024,Furniture,Chairs,HON 5400 Series Task Chairs for Big and Tall,4416.174,9,0.3,-630.882
9742,CA-2015-117086,11/8/2015,11/12/2015,Standard Class,QJ-19255,Quincy Jones,Corporate,United States,Burlington,Vermont,5408,East,FUR-BO-10004834,Furniture,Bookcases,"Riverside Palais Royal Lawyers Bookcase, Royale Cherry Finish",4404.9,5,0.0,1013.127
4298,CA-2017-129021,8/23/2017,8/26/2017,Second Class,PO-18850,Patrick O'Brill,Consumer,United States,Tallahassee,Florida,32303,South,TEC-PH-10001459,Technology,Phones,Samsung Galaxy Mega 6.3,4367.896,13,0.2,327.5922
354,CA-2016-129714,9/1/2016,9/3/2016,First Class,AB-10060,Adam Bellavance,Home Office,United States,New York City,New York,10009,East,OFF-BI-10004995,Office Supplies,Binders,GBC DocuBind P400 Electric Binding System,4355.168,4,0.2,1415.4296
9271,US-2017-102183,8/21/2017,8/28/2017,Standard Class,PK-19075,Pete Kriz,Consumer,United States,New York City,New York,10035,East,OFF-BI-10001359,Office Supplies,Binders,GBC DocuBind TL300 Electric Binding System,4305.552,6,0.2,1453.1238
9640,CA-2015-116638,1/28/2015,1/31/2015,Second Class,JH-15985,Joseph Holt,Consumer,United States,Concord,North Carolina,28027,South,FUR-TA-10000198,Furniture,Tables,Chromcraft Bull-Nose Wood Oval Conference Tables & Bases,4297.644,13,0.4,-1862.3124
5918,US-2015-126977,9/17/2015,9/23/2015,Standard Class,PF-19120,Peter Fuller,Consumer,United States,New York City,New York,10035,East,FUR-BO-10004834,Furniture,Bookcases,"Riverside Palais Royal Lawyers Bookcase, Royale Cherry Finish",4228.704,6,0.2,158.5764
3281,CA-2014-102988,4/5/2014,4/9/2014,Second Class,GM-14695,Greg Maxwell,Corporate,United States,Alexandria,Virginia,22304,South,OFF-SU-10002881,Office Supplies,Supplies,Martin Yale Chadless Opener Electric Letter Opener,4164.05,5,0.0,83.281
6621,US-2017-167402,1/13/2017,1/18/2017,Second Class,CP-12085,Cathy Prescott,Corporate,United States,Springfield,Missouri,65807,Central,OFF-SU-10002881,Office Supplies,Supplies,Martin Yale Chadless Opener Electric Letter Opener,4164.05,5,0.0,83.281
6015,CA-2016-159016,3/10/2016,3/11/2016,First Class,KF-16285,Karen Ferguson,Home Office,United States,Los Angeles,California,90008,West,TEC-PH-10002885,Technology,Phones,Apple iPhone 5,4158.912,8,0.2,363.9048
6536,CA-2014-128209,11/17/2014,11/22/2014,Standard Class,GT-14710,Greg Tran,Consumer,United States,Buffalo,New York,14215,East,FUR-BO-10002213,Furniture,Bookcases,DMI Eclipse Executive Suite Bookcases,4007.84,10,0.2,-50.098
2183,CA-2016-128818,5/7/2016,5/11/2016,Standard Class,CJ-12010,Caroline Jumper,Consumer,United States,New York City,New York,10009,East,TEC-MA-10000488,Technology,Machines,Bady BDG101FRU Card Printer,3999.95,5,0.0,1159.9855
319,CA-2014-164973,11/4/2014,11/9/2014,Standard Class,NM-18445,Nathan Mautz,Home Office,United States,New York City,New York,10024,East,TEC-MA-10002927,Technology,Machines,Canon imageCLASS MF7460 Monochrome Digital Laser Multifunction Copier,3991.98,2,0.0,1995.99
5199,CA-2016-103982,3/3/2016,3/8/2016,Standard Class,AA-10315,Alex Avila,Consumer,United States,Round Rock,Texas,78664,Central,OFF-SU-10000151,Office Supplies,Supplies,High Speed Automatic Electric Letter Opener,3930.072,3,0.2,-786.0144
7684,CA-2015-120782,4/28/2015,5/1/2015,First Class,SD-20485,Shirley Daniels,Home Office,United States,Midland,Michigan,48640,Central,OFF-BI-10003527,Office Supplies,Binders,Fellowes PB500 Electric Punch Plastic Comb Binding Machine with Manual Bind,3812.97,3,0.0,1906.485
9426,CA-2014-116246,9/12/2014,9/17/2014,Second Class,LW-17215,Luke Weiss,Consumer,United States,New York City,New York,10035,East,FUR-CH-10002024,Furniture,Chairs,HON 5400 Series Task Chairs for Big and Tall,3785.292,6,0.1,420.588
1247,CA-2014-168494,12/12/2014,12/14/2014,Second Class,NP-18700,Nora Preis,Consumer,United States,Fresno,California,93727,West,FUR-TA-10003473,Furniture,Tables,Bretford Rectangular Conference Table Tops,3610.848,12,0.2,135.4068
5171,CA-2016-122903,5/27/2016,5/29/2016,Second Class,LA-16780,Laura Armstrong,Corporate,United States,Detroit,Michigan,48205,Central,FUR-CH-10002024,Furniture,Chairs,HON 5400 Series Task Chairs for Big and Tall,3504.9,5,0.0,700.98
7584,CA-2014-163223,3/21/2014,3/25/2014,Standard Class,KH-16690,Kristen Hastings,Corporate,United States,Springfield,Virginia,22153,South,TEC-PH-10000730,Technology,Phones,Samsung Galaxy S4 Active,3499.93,7,0.0,909.9818
9650,CA-2016-107104,11/26/2016,11/30/2016,Standard Class,MS-17365,Maribeth Schnelling,Consumer,United States,Los Angeles,California,90045,West,FUR-BO-10002213,Furniture,Bookcases,DMI Eclipse Executive Suite Bookcases,3406.664,8,0.15,160.3136
7915,CA-2017-165323,6/17/2017,6/21/2017,Standard Class,SR-20740,Steven Roelle,Home Office,United States,New York City,New York,10024,East,TEC-MA-10003673,Technology,Machines,Hewlett-Packard Desktjet 6988DT Refurbished Printer,3404.5,5,0.0,1668.205
9858,CA-2015-164301,3/26/2015,3/30/2015,Standard Class,EB-13840,Ellis Ballard,Corporate,United States,Seattle,Washington,98103,West,FUR-TA-10001889,Furniture,Tables,Bush Advantage Collection Racetrack Conference Table,3393.68,8,0.0,610.8624
3274,CA-2017-133865,5/8/2017,5/12/2017,Standard Class,PS-19045,Penelope Sewall,Home Office,United States,Los Angeles,California,90032,West,TEC-CO-10001046,Technology,Copiers,Canon Imageclass D680 Copier / Fax,3359.952,6,0.2,1049.985
8101,CA-2016-169663,3/10/2016,3/13/2016,First Class,RH-19510,Rick Huthwaite,Home Office,United States,Los Angeles,California,90045,West,TEC-MA-10000984,Technology,Machines,Okidata MB760 Printer,3357.6,3,0.2,377.73
252,CA-2016-145625,9/11/2016,9/17/2016,Standard Class,KC-16540,Kelly Collister,Consumer,United States,San Diego,California,92037,West,TEC-AC-10003832,Technology,Accessories,Logitech P710e Mobile Speakerphone,3347.37,13,0.0,636.0003
6818,CA-2014-144414,6/17/2014,6/21/2014,Standard Class,GH-14425,Gary Hwang,Consumer,United States,Seattle,Washington,98105,West,OFF-BI-10004995,Office Supplies,Binders,GBC DocuBind P400 Electric Binding System,3266.376,3,0.2,1061.5722
1645,CA-2015-111829,3/19/2015,3/20/2015,First Class,FH-14365,Fred Hopkins,Corporate,United States,Seattle,Washington,98115,West,TEC-CO-10001766,Technology,Copiers,Canon PC940 Copier,3149.93,7,0.0,1480.4671
28,US-2015-150630,9/17/2015,9/21/2015,Standard Class,TB-21520,Tracy Blumstein,Consumer,United States,Philadelphia,Pennsylvania,19140,East,FUR-BO-10004834,Furniture,Bookcases,"Riverside Palais Royal Lawyers Bookcase, Royale Cherry Finish",3083.43,7,0.5,-1665.0522
4094,CA-2015-102491,8/24/2015,8/28/2015,Standard Class,KW-16435,Katrina Willman,Consumer,United States,Florence,Kentucky,41042,South,TEC-MA-10000864,Technology,Machines,Cisco 9971 IP Video Phone Charcoal,3080.0,7,0.0,1416.8
263,US-2014-106992,9/19/2014,9/21/2014,Second Class,SB-20290,Sean Braxton,Corporate,United States,Houston,Texas,77036,Central,TEC-MA-10000822,Technology,Machines,Lexmark MX611dhe Monochrome Laser Printer,3059.982,3,0.4,-509.997
978,CA-2017-159366,1/7/2017,1/10/2017,First Class,BW-11110,Bart Watters,Corporate,United States,Detroit,Michigan,48205,Central,TEC-MA-10000822,Technology,Machines,Lexmark MX611dhe Monochrome Laser Printer,3059.982,2,0.1,679.996
8750,US-2015-163825,6/16/2015,6/19/2015,First Class,LC-16885,Lena Creighton,Consumer,United States,New York City,New York,10009,East,OFF-BI-10003527,Office Supplies,Binders,Fellowes PB500 Electric Punch Plastic Comb Binding Machine with Manual Bind,3050.376,3,0.2,1143.891
1455,CA-2016-133711,11/26/2016,11/29/2016,First Class,MC-17425,Mark Cousins,Corporate,United States,Mobile,Alabama,36608,South,TEC-MA-10000010,Technology,Machines,Hewlett-Packard Deskjet 3050a All-in-One Color Inkjet Printer,3040.0,8,0.0,1459.2
9661,CA-2016-160717,6/6/2016,6/11/2016,Standard Class,ME-17320,Maria Etezadi,Home Office,United States,Santa Barbara,California,93101,West,TEC-PH-10001459,Technology,Phones,Samsung Galaxy Mega 6.3,3023.928,9,0.2,226.7946
516,CA-2017-127432,1/22/2017,1/27/2017,Standard Class,AD-10180,Alan Dominguez,Home Office,United States,Great Falls,Montana,59405,West,TEC-CO-10003236,Technology,Copiers,Canon Image Class D660 Copier,2999.95,5,0.0,1379.977
5563,CA-2017-133263,3/31/2017,4/2/2017,Second Class,JE-15610,Jim Epp,Corporate,United States,Atlanta,Georgia,30318,South,TEC-CO-10001449,Technology,Copiers,Hewlett Packard LaserJet 3310 Copier,2999.95,5,0.0,1439.976
8103,CA-2015-149846,5/22/2015,5/26/2015,Standard Class,SB-20185,Sarah Brown,Consumer,United States,Los Angeles,California,90045,West,TEC-MA-10004002,Technology,Machines,Zebra GX420t Direct Thermal/Thermal Transfer Printer,2973.32,7,0.2,334.4985
8313,US-2017-105935,1/26/2017,1/31/2017,Standard Class,BD-11500,Bradley Drucker,Consumer,United States,Columbus,Georgia,31907,South,TEC-PH-10001459,Technology,Phones,Samsung Galaxy Mega 6.3,2939.93,7,0.0,764.3818
3071,CA-2014-119375,11/17/2014,11/22/2014,Standard Class,YC-21895,Yoseph Carroll,Corporate,United States,Newark,Delaware,19711,East,OFF-ST-10002011,Office Supplies,Storage,Smead Adjustable Mobile File Trolley with Lockable Top,2934.33,7,0.0,792.2691
6100,CA-2017-100111,9/20/2017,9/26/2017,Standard Class,SV-20365,Seth Vernon,Consumer,United States,New York City,New York,10035,East,FUR-CH-10004086,Furniture,Chairs,Hon 4070 Series Pagoda Armless Upholstered Stacking Chairs,2888.127,11,0.1,609.7157
6869,US-2016-126452,8/21/2016,8/28/2016,Standard Class,SC-20230,Scot Coram,Corporate,United States,Los Angeles,California,90004,West,FUR-TA-10003569,Furniture,Tables,Bretford CR8500 Series Meeting Room Furniture,2887.056,9,0.2,180.441
4620,CA-2017-145219,12/24/2017,12/25/2017,First Class,RM-19675,Robert Marley,Home Office,United States,Los Angeles,California,90049,West,TEC-CO-10001449,Technology,Copiers,Hewlett Packard LaserJet 3310 Copier,2879.952,6,0.2,1007.9832
1792,CA-2014-120474,12/1/2014,12/3/2014,First Class,RP-19390,Resi Pölking,Consumer,United States,Madison,Wisconsin,53711,Central,FUR-CH-10001854,Furniture,Chairs,Office Star - Professional Matrix Back Chair with 2-to-1 Synchro Tilt and Mesh Fabric Seat,2807.84,8,0.0,673.8816
8237,CA-2017-102204,5/1/2017,5/6/2017,Standard Class,CJ-12010,Caroline Jumper,Consumer,United States,Jacksonville,Florida,32216,South,FUR-CH-10002024,Furniture,Chairs,HON 5400 Series Task Chairs for Big and Tall,2803.92,5,0.2,0.0
9413,CA-2015-164777,1/27/2015,1/29/2015,First Class,SC-20305,Sean Christensen,Consumer,United States,Los Angeles,California,90036,West,FUR-CH-10002024,Furniture,Chairs,HON 5400 Series Task Chairs for Big and Tall,2803.92,5,0.2,0.0
3056,US-2015-100377,8/28/2015,9/1/2015,Standard Class,TS-21370,Todd Sumrall,Corporate,United States,Chicago,Illinois,60623,Central,TEC-CO-10001046,Technology,Copiers,Canon Imageclass D680 Copier / Fax,2799.96,5,0.2,874.9875
3984,CA-2016-135265,7/7/2016,7/9/2016,Second Class,CC-12370,Christopher Conant,Consumer,United States,Los Angeles,California,90045,West,TEC-CO-10003763,Technology,Copiers,Canon PC1060 Personal Laser Copier,2799.96,5,0.2,944.9865
5127,CA-2014-160766,9/14/2014,9/14/2014,Same Day,DM-13015,Darrin Martin,Consumer,United States,New York City,New York,10009,East,TEC-MA-10003979,Technology,Machines,Ativa V4110MDD Micro-Cut Shredder,2799.96,4,0.0,1371.9804
9930,CA-2016-129630,9/4/2016,9/4/2016,Same Day,IM-15055,Ionia McGrath,Consumer,United States,San Francisco,California,94122,West,TEC-CO-10003763,Technology,Copiers,Canon PC1060 Personal Laser Copier,2799.96,5,0.2,944.9865
5711,US-2015-160857,5/8/2015,5/15/2015,Standard Class,NW-18400,Natalie Webber,Consumer,United States,New York City,New York,10024,East,TEC-CO-10004115,Technology,Copiers,Sharp AL-1530CS Digital Copier,2799.944,7,0.2,1014.9797
6210,CA-2017-119809,8/18/2017,8/25/2017,Standard Class,YS-21880,Yana Sorensen,Corporate,United States,Seattle,Washington,98103,West,OFF-BI-10003925,Office Supplies,Binders,Fellowes PB300 Plastic Comb Binding Machine,2793.528,9,0.2,942.8157
488,CA-2014-154627,10/29/2014,10/31/2014,First Class,SA-20830,Sue Ann Reed,Consumer,United States,Chicago,Illinois,60610,Central,TEC-PH-10001363,Technology,Phones,Apple iPhone 5S,2735.952,6,0.2,341.994
995,CA-2014-117639,5/21/2014,5/25/2014,Standard Class,MW-18235,Mitch Willingham,Corporate,United States,Virginia Beach,Virginia,23464,South,OFF-BI-10003925,Office Supplies,Binders,Fellowes PB300 Plastic Comb Binding Machine,2715.93,7,0.0,1276.4871
2849,CA-2017-157854,4/8/2017,4/15/2017,Standard Class,DM-13345,Denise Monton,Corporate,United States,Roswell,Georgia,30076,South,OFF-BI-10001359,Office Supplies,Binders,GBC DocuBind TL300 Electric Binding System,2690.97,3,0.0,1264.7559
8469,US-2016-164196,11/11/2016,11/17/2016,Standard Class,AS-10285,Alejandro Savely,Corporate,United States,Noblesville,Indiana,46060,Central,FUR-TA-10001950,Furniture,Tables,Balt Solid Wood Round Tables,2678.94,6,0.0,241.1046
8893,CA-2015-111038,12/1/2015,12/6/2015,Standard Class,LC-16960,Lindsay Castell,Home Office,United States,San Diego,California,92037,West,FUR-CH-10003973,Furniture,Chairs,GuestStacker Chair with Chrome Finish Legs,2676.672,9,0.2,267.6672
2568,CA-2017-123967,11/1/2017,11/3/2017,Second Class,SF-20200,Sarah Foster,Consumer,United States,Bellingham,Washington,98226,West,FUR-TA-10003954,Furniture,Tables,Hon 94000 Series Round Tables,2665.62,9,0.0,239.9058
7580,CA-2015-123113,11/23/2015,11/27/2015,Second Class,AT-10735,Annie Thurman,Consumer,United States,Morristown,New Jersey,7960,East,OFF-AP-10000275,Office Supplies,Appliances,"Sanyo Counter Height Refrigerator with Crisper, 3.6 Cubic Foot, Stainless Steel/Black",2625.12,8,0.0,735.0336
4129,CA-2014-127299,9/19/2014,9/24/2014,Standard Class,JL-15835,John Lee,Consumer,United States,Charlotte,North Carolina,28205,South,TEC-MA-10001127,Technology,Machines,"HP Designjet T520 Inkjet Large Format Printer - 24"" Color",2624.985,3,0.5,-944.9946
9057,CA-2015-160227,11/2/2015,11/4/2015,First Class,ED-13885,Emily Ducich,Home Office,United States,New York City,New York,10011,East,FUR-CH-10002073,Furniture,Chairs,Hon Olson Stacker Chairs,2621.322,11,0.1,553.3902
3987,CA-2017-112333,4/8/2017,4/14/2017,Standard Class,KF-16285,Karen Ferguson,Home Office,United States,Plainfield,New Jersey,7060,East,OFF-ST-10001780,Office Supplies,Storage,Tennsco 16-Compartment Lockers with Coat Rack,2591.56,4,0.0,621.9744
1806,US-2016-116729,12/25/2016,12/28/2016,First Class,GK-14620,Grace Kelly,Corporate,United States,Los Angeles,California,90049,West,TEC-PH-10002200,Technology,Phones,Samsung Galaxy Note 2,2575.944,7,0.2,257.5944
7475,CA-2014-167199,1/6/2014,1/10/2014,Standard Class,ME-17320,Maria Etezadi,Home Office,United States,Henderson,Kentucky,42420,South,FUR-CH-10004063,Furniture,Chairs,Global Deluxe High-Back Manager's Chair,2573.82,9,0.0,746.4078
6885,CA-2015-120677,5/31/2015,6/4/2015,Standard Class,BD-11320,Bill Donatelli,Consumer,United States,Minneapolis,Minnesota,55407,Central,FUR-CH-10002320,Furniture,Chairs,Hon Pagoda Stacking Chairs,2567.84,8,0.0,770.352
8272,CA-2016-169670,12/25/2016,12/31/2016,Standard Class,JE-15715,Joe Elijah,Consumer,United States,New York City,New York,10009,East,FUR-CH-10002331,Furniture,Chairs,Hon 4700 Series Mobuis Mid-Back Task Chairs with Adjustable Arms,2563.056,8,0.1,313.2624
3012,CA-2017-134845,4/17/2017,4/23/2017,Standard Class,SR-20425,Sharelle Roach,Home Office,United States,Louisville,Colorado,80027,West,TEC-MA-10000822,Technology,Machines,Lexmark MX611dhe Monochrome Laser Printer,2549.985,5,0.7,-3399.98
6011,CA-2015-135580,12/30/2015,1/3/2016,Standard Class,CL-12565,Clay Ludtke,Consumer,United States,Los Angeles,California,90049,West,TEC-MA-10004002,Technology,Machines,Zebra GX420t Direct Thermal/Thermal Transfer Printer,2548.56,6,0.2,286.713
7281,CA-2015-162782,2/21/2015,2/27/2015,Standard Class,PW-19240,Pierre Wener,Consumer,United States,Columbia,Maryland,21044,East,OFF-BI-10003527,Office Supplies,Binders,Fellowes PB500 Electric Punch Plastic Comb Binding Machine with Manual Bind,2541.98,2,0.0,1270.99
264,US-2014-106992,9/19/2014,9/21/2014,Second Class,SB-20290,Sean Braxton,Corporate,United States,Houston,Texas,77036,Central,TEC-MA-10003353,Technology,Machines,Xerox WorkCentre 6505DN Laser Multifunction Printer,2519.958,7,0.4,-251.9958
7938,CA-2017-166093,8/17/2017,8/24/2017,Standard Class,RW-19540,Rick Wilson,Corporate,United States,Brentwood,California,94513,West,OFF-AP-10001058,Office Supplies,Appliances,Sanyo 2.5 Cubic Foot Mid-Size Office Refrigerators,2518.29,9,0.0,654.7554
3444,CA-2017-168858,11/19/2017,11/23/2017,Standard Class,JD-16150,Justin Deggeller,Corporate,United States,New York City,New York,10011,East,OFF-AP-10003849,Office Supplies,Appliances,Hoover Shoulder Vac Commercial Portable Vacuum,2504.74,7,0.0,626.185
5531,CA-2017-160885,12/2/2017,12/6/2017,Standard Class,JK-16090,Juliana Krohn,Consumer,United States,Omaha,Nebraska,68104,Central,TEC-PH-10001795,Technology,Phones,ClearOne CHATAttach 160 - speaker phone,2479.96,4,0.0,743.988
1439,CA-2015-139731,10/15/2015,10/15/2015,Same Day,JE-15745,Joel Eaton,Consumer,United States,Amarillo,Texas,79109,Central,FUR-CH-10002024,Furniture,Chairs,HON 5400 Series Task Chairs for Big and Tall,2453.43,5,0.3,-350.49
3581,CA-2016-104157,7/25/2016,7/29/2016,Standard Class,MT-17815,Meg Tillman,Consumer,United States,Jackson,Mississippi,39212,South,FUR-TA-10004915,Furniture,Tables,"Office Impressions End Table, 20-1/2""H x 24""W x 20""D",2430.08,8,0.0,388.8128
9949,CA-2017-121559,6/1/2017,6/3/2017,Second Class,HW-14935,Helen Wasserman,Corporate,United States,Indianapolis,Indiana,46203,Central,OFF-AP-10002945,Office Supplies,Appliances,Honeywell Enviracaire Portable HEPA Air Cleaner for 17' x 22' Room,2405.2,8,0.0,793.716
4866,CA-2017-122490,11/13/2017,11/18/2017,Standard Class,TT-21070,Ted Trevino,Consumer,United States,Seattle,Washington,98103,West,FUR-CH-10001215,Furniture,Chairs,Global Troy Executive Leather Low-Back Tilter,2404.704,6,0.2,150.294
6902,US-2017-135013,7/24/2017,7/24/2017,Same Day,HR-14830,Harold Ryan,Corporate,United States,Huntington Beach,California,92646,West,TEC-CO-10001449,Technology,Copiers,Hewlett Packard LaserJet 3310 Copier,2399.96,5,0.2,839.986
7174,US-2017-141677,3/26/2017,3/30/2017,Standard Class,HK-14890,Heather Kirkland,Corporate,United States,Houston,Texas,77070,Central,TEC-CO-10002313,Technology,Copiers,Canon PC1080F Personal Copier,2399.96,5,0.2,569.9905
2625,CA-2017-127180,10/22/2017,10/24/2017,First Class,TA-21385,Tom Ashbrook,Home Office,United States,New York City,New York,10024,East,TEC-PH-10001494,Technology,Phones,Polycom CX600 IP Phone VoIP phone,2399.6,8,0.0,647.892
2419,CA-2016-107202,5/21/2016,5/28/2016,Standard Class,LC-16930,Linda Cazamias,Corporate,United States,Sparks,Nevada,89431,West,TEC-MA-10000112,Technology,Machines,Panasonic KX MB2061 Multifunction Printer,2396.4,10,0.2,179.73
400,CA-2016-108987,9/8/2016,9/10/2016,Second Class,AG-10675,Anna Gayman,Consumer,United States,Houston,Texas,77036,Central,FUR-BO-10004834,Furniture,Bookcases,"Riverside Palais Royal Lawyers Bookcase, Royale Cherry Finish",2396.2656,4,0.32,-317.1528
3570,CA-2017-168109,7/3/2017,7/3/2017,Same Day,JK-15640,Jim Kriz,Home Office,United States,Seattle,Washington,98105,West,TEC-MA-10001148,Technology,Machines,Okidata MB491 Multifunction Printer,2395.2,6,0.2,209.58
5991,US-2017-163300,9/15/2017,9/21/2017,Standard Class,ES-14020,Erica Smith,Consumer,United States,Los Angeles,California,90049,West,OFF-BI-10004390,Office Supplies,Binders,GBC DocuBind 200 Manual Binding Machine,2357.488,7,0.2,884.058
5627,CA-2014-126683,9/29/2014,10/1/2014,Second Class,PP-18955,Paul Prost,Home Office,United States,Seattle,Washington,98115,West,FUR-TA-10002958,Furniture,Tables,"Bevis Oval Conference Table, Walnut",2348.82,9,0.0,399.2994
5007,CA-2015-169796,11/9/2015,11/14/2015,Standard Class,Dp-13240,Dean percer,Home Office,United States,New York City,New York,10035,East,TEC-MA-10000045,Technology,Machines,Zebra ZM400 Thermal Label Printer,2321.9,2,0.0,1114.512
5321,US-2017-162558,10/2/2017,10/5/2017,First Class,Dp-13240,Dean percer,Home Office,United States,Knoxville,Tennessee,37918,South,FUR-TA-10000198,Furniture,Tables,Chromcraft Bull-Nose Wood Oval Conference Tables & Bases,2314.116,7,0.4,-1002.7836
1002,CA-2015-124891,7/31/2015,7/31/2015,Same Day,RH-19495,Rick Hansen,Consumer,United States,New York City,New York,10024,East,TEC-AC-10003033,Technology,Accessories,Plantronics CS510 - Over-the-Head monaural Wireless Headset System,2309.65,7,0.0,762.1845
6117,US-2016-113677,11/13/2016,11/19/2016,Standard Class,CM-12655,Corinna Mitchell,Home Office,United States,New York City,New York,10011,East,TEC-PH-10002114,Technology,Phones,Xiaomi Mi3,2279.96,4,0.0,592.7896
5301,CA-2016-113831,5/30/2016,6/3/2016,Standard Class,AH-10690,Anna Häberlin,Corporate,United States,Springfield,Virginia,22153,South,FUR-TA-10002645,Furniture,Tables,Hon Rectangular Conference Tables,2275.5,10,0.0,386.835
6102,CA-2017-100111,9/20/2017,9/26/2017,Standard Class,SV-20365,Seth Vernon,Consumer,United States,New York City,New York,10035,East,FUR-CH-10001215,Furniture,Chairs,Global Troy Executive Leather Low-Back Tilter,2254.41,5,0.1,375.735
4882,CA-2017-143567,11/2/2017,11/5/2017,Second Class,TB-21175,Thomas Boland,Corporate,United States,Henderson,Kentucky,42420,South,TEC-AC-10004145,Technology,Accessories,Logitech diNovo Edge Keyboard,2249.91,9,0.0,517.4793
7488,US-2015-134558,12/19/2015,12/24/2015,Second Class,PM-19135,Peter McVee,Home Office,United States,Dover,New Hampshire,3820,East,TEC-AC-10004145,Technology,Accessories,Logitech diNovo Edge Keyboard,2249.91,9,0.0,517.4793
1156,CA-2014-136567,12/20/2014,12/21/2014,First Class,PS-19045,Penelope Sewall,Home Office,United States,Harrisonburg,Virginia,22801,South,FUR-TA-10001932,Furniture,Tables,"Chromcraft 48"" x 96"" Racetrack Double Pedestal Table",2244.48,7,0.0,493.7856
8700,CA-2017-119284,6/15/2017,6/20/2017,Standard Class,TS-21205,Thomas Seio,Corporate,United States,Nashville,Tennessee,37211,South,TEC-PH-10000560,Technology,Phones,Samsung Galaxy S III - 16GB - pebble blue (T-Mobile),2239.936,8,0.2,223.9936
9775,CA-2014-169019,7/26/2014,7/30/2014,Standard Class,LF-17185,Luke Foster,Consumer,United States,San Antonio,Texas,78207,Central,OFF-BI-10004995,Office Supplies,Binders,GBC DocuBind P400 Electric Binding System,2177.584,8,0.8,-3701.8928
8425,CA-2017-150091,10/12/2017,10/16/2017,Standard Class,NP-18670,Nora Paige,Consumer,United States,Lakewood,New Jersey,8701,East,FUR-BO-10003404,Furniture,Bookcases,"Global Adaptabilites Bookcase, Cherry/Storm Gray Finish",2154.9,5,0.0,129.294
6535,CA-2014-128209,11/17/2014,11/22/2014,Standard Class,GT-14710,Greg Tran,Consumer,United States,Buffalo,New York,14215,East,OFF-BI-10001359,Office Supplies,Binders,GBC DocuBind TL300 Electric Binding System,2152.776,3,0.2,726.5619
8681,CA-2016-143805,12/1/2016,12/3/2016,Second Class,JD-15895,Jonathan Doherty,Corporate,United States,Richmond,Virginia,23223,South,OFF-AP-10002945,Office Supplies,Appliances,Honeywell Enviracaire Portable HEPA Air Cleaner for 17' x 22' Room,2104.55,7,0.0,694.5015
6468,CA-2016-163804,12/2/2016,12/8/2016,Standard Class,DB-13270,Deborah Brumfield,Home Office,United States,Providence,Rhode Island,2908,East,OFF-ST-10000142,Office Supplies,Storage,Deluxe Rollaway Locking File with Drawer,2079.4,5,0.0,582.232
950,US-2017-110576,11/28/2017,12/2/2017,Standard Class,RB-19795,Ross Baird,Home Office,United States,Philadelphia,Pennsylvania,19120,East,FUR-TA-10004154,Furniture,Tables,"Riverside Furniture Oval Coffee Table, Oval End Table, End Table with Drawer",2065.32,12,0.4,-619.596
3629,CA-2014-169726,8/9/2014,8/13/2014,Standard Class,JH-15985,Joseph Holt,Consumer,United States,Seattle,Washington,98103,West,OFF-BI-10004600,Office Supplies,Binders,Ibico Ibimaster 300 Manual Binding System,2060.744,7,0.2,643.9825
3044,CA-2017-149559,9/11/2017,9/12/2017,Same Day,KF-16285,Karen Ferguson,Home Office,United States,Long Beach,California,90805,West,FUR-CH-10002320,Furniture,Chairs,Hon Pagoda Stacking Chairs,2054.272,8,0.2,256.784
8169,CA-2017-107174,11/6/2017,11/13/2017,Standard Class,AB-10060,Adam Bellavance,Home Office,United States,Seattle,Washington,98105,West,FUR-TA-10004575,Furniture,Tables,Hon 5100 Series Wood Tables,2036.86,7,0.0,366.6348
9616,CA-2014-128524,11/11/2014,11/13/2014,First Class,MZ-17515,Mary Zewe,Corporate,United States,Seattle,Washington,98115,West,OFF-BI-10003527,Office Supplies,Binders,Fellowes PB500 Electric Punch Plastic Comb Binding Machine with Manual Bind,2033.584,2,0.2,762.594
3151,CA-2015-147830,12/15/2015,12/18/2015,First Class,NF-18385,Natalie Fritzler,Consumer,United States,Newark,Ohio,43055,East,TEC-AC-10002049,Technology,Accessories,Plantronics Savi W720 Multi-Device Wireless Headset System,2025.36,6,0.2,607.608
9491,CA-2017-111738,1/3/2017,1/7/2017,Standard Class,CM-12385,Christopher Martinez,Consumer,United States,San Francisco,California,94110,West,OFF-BI-10004584,Office Supplies,Binders,GBC ProClick 150 Presentation Binding System,2022.272,8,0.2,682.5168
5919,US-2015-126977,9/17/2015,9/23/2015,Standard Class,PF-19120,Peter Fuller,Consumer,United States,New York City,New York,10035,East,FUR-BO-10002213,Furniture,Bookcases,DMI Eclipse Executive Suite Bookcases,2003.92,5,0.2,-25.049
6880,CA-2015-137113,12/1/2015,12/5/2015,Second Class,TW-21025,Tamara Willingham,Home Office,United States,Seattle,Washington,98105,West,FUR-CH-10001215,Furniture,Chairs,Global Troy Executive Leather Low-Back Tilter,2003.92,5,0.2,125.245
3771,CA-2016-155530,12/17/2016,12/21/2016,Standard Class,CM-12160,Charles McCrossin,Consumer,United States,San Francisco,California,94122,West,FUR-TA-10004256,Furniture,Tables,Bretford Just In Time Height-Adjustable Multi-Task Work Tables,2003.52,6,0.2,-325.572
8270,CA-2017-121790,1/30/2017,2/6/2017,Standard Class,LP-17095,Liz Preis,Consumer,United States,Aurora,Illinois,60505,Central,TEC-PH-10002584,Technology,Phones,Samsung Galaxy S4,2003.168,4,0.2,250.396
245,CA-2014-131926,6/1/2014,6/6/2014,Second Class,DW-13480,Dianna Wilson,Home Office,United States,Lakeville,Minnesota,55044,Central,FUR-CH-10004063,Furniture,Chairs,Global Deluxe High-Back Manager's Chair,2001.86,7,0.0,580.5394
5757,CA-2014-163748,10/14/2014,10/18/2014,Standard Class,HG-15025,Hunter Glantz,Consumer,United States,Fort Worth,Texas,76106,Central,TEC-CO-10002095,Technology,Copiers,Hewlett Packard 610 Color Digital Copier / Printer,1999.96,5,0.2,624.9875
6528,CA-2016-157791,12/23/2016,12/28/2016,Second Class,CA-11965,Carol Adams,Corporate,United States,Warwick,Rhode Island,2886,East,TEC-CO-10002095,Technology,Copiers,Hewlett Packard 610 Color Digital Copier / Printer,1999.96,4,0.0,899.982
807,CA-2014-134313,11/1/2014,11/7/2014,Standard Class,RA-19915,Russell Applegate,Consumer,United States,Denver,Colorado,80219,West,TEC-PH-10001795,Technology,Phones,ClearOne CHATAttach 160 - speaker phone,1983.968,4,0.2,247.996
1445,CA-2016-133725,5/23/2016,5/28/2016,Standard Class,KL-16645,Ken Lonsdale,Consumer,United States,Chicago,Illinois,60623,Central,TEC-PH-10004165,Technology,Phones,Mitel MiVoice 5330e IP Phone,1979.928,9,0.2,148.4946
2661,CA-2017-123372,11/28/2017,12/2/2017,Standard Class,DG-13300,Deirdre Greer,Corporate,United States,New York City,New York,10035,East,TEC-PH-10002834,Technology,Phones,Google Nexus 5,1979.89,11,0.0,494.9725
5302,CA-2016-113831,5/30/2016,6/3/2016,Standard Class,AH-10690,Anna Häberlin,Corporate,United States,Springfield,Virginia,22153,South,TEC-AC-10003033,Technology,Accessories,Plantronics CS510 - Over-the-Head monaural Wireless Headset System,1979.7,6,0.0,653.301
150,CA-2016-114489,12/5/2016,12/9/2016,Standard Class,JE-16165,Justin Ellison,Corporate,United States,Franklin,Wisconsin,53132,Central,FUR-CH-10000454,Furniture,Chairs,"Hon Deluxe Fabric Upholstered Stacking Chairs, Rounded Back",1951.84,8,0.0,585.552
1220,US-2017-118087,9/9/2017,9/13/2017,Standard Class,SP-20620,Stefania Perrino,Corporate,United States,Philadelphia,Pennsylvania,19134,East,TEC-PH-10002200,Technology,Phones,Samsung Galaxy Note 2,1931.958,7,0.4,-386.3916
1702,CA-2015-114069,7/13/2015,7/15/2015,Second Class,ND-18370,Natalie DeCherney,Consumer,United States,New York City,New York,10035,East,FUR-CH-10000595,Furniture,Chairs,Safco Contoured Stacking Chairs,1931.04,9,0.1,321.84
911,CA-2017-137596,9/2/2017,9/7/2017,Standard Class,BE-11335,Bill Eplett,Home Office,United States,Jackson,Michigan,49201,Central,TEC-AC-10004666,Technology,Accessories,Maxell iVDR EX 500GB Cartridge,1928.78,7,0.0,829.3754
8891,CA-2016-147256,10/17/2016,10/21/2016,Second Class,FC-14245,Frank Carlisle,Home Office,United States,Columbia,Missouri,65203,Central,OFF-AP-10003057,Office Supplies,Appliances,Honeywell Enviracaire Portable HEPA Air Cleaner for 16' x 20' Room,1927.59,7,0.0,751.7601
9948,CA-2017-121559,6/1/2017,6/3/2017,Second Class,HW-14935,Helen Wasserman,Corporate,United States,Indianapolis,Indiana,46203,Central,FUR-CH-10003746,Furniture,Chairs,Hon 4070 Series Pagoda Round Back Stacking Chairs,1925.88,6,0.0,539.2464
2768,CA-2017-167752,1/15/2017,1/18/2017,First Class,RW-19690,Robert Waldorf,Consumer,United States,Philadelphia,Pennsylvania,19134,East,OFF-AP-10002945,Office Supplies,Appliances,Honeywell Enviracaire Portable HEPA Air Cleaner for 17' x 22' Room,1924.16,8,0.2,312.676
2710,CA-2015-121797,1/30/2015,2/6/2015,Standard Class,CC-12145,Charles Crestani,Consumer,United States,Los Angeles,California,90049,West,TEC-MA-10000488,Technology,Machines,Bady BDG101FRU Card Printer,1919.976,3,0.2,215.9973
3299,CA-2017-136308,11/16/2017,11/16/2017,Same Day,MW-18235,Mitch Willingham,Corporate,United States,San Francisco,California,94122,West,TEC-MA-10000488,Technology,Machines,Bady BDG101FRU Card Printer,1919.976,3,0.2,215.9973
6882,CA-2015-137113,12/1/2015,12/5/2015,Second Class,TW-21025,Tamara Willingham,Home Office,United States,Seattle,Washington,98105,West,FUR-TA-10001705,Furniture,Tables,Bush Advantage Collection Round Conference Table,1913.4,9,0.0,401.814
4992,US-2017-122714,12/7/2017,12/13/2017,Standard Class,HG-14965,Henry Goldwyn,Corporate,United States,Chicago,Illinois,60653,Central,OFF-BI-10001120,Office Supplies,Binders,Ibico EPK-21 Electric Binding System,1889.99,5,0.8,-2929.4845
7510,US-2017-161935,7/14/2017,7/18/2017,Standard Class,JL-15835,John Lee,Consumer,United States,Columbus,Ohio,43229,East,TEC-PH-10000560,Technology,Phones,Samsung Galaxy S III - 16GB - pebble blue (T-Mobile),1889.946,9,0.4,-377.9892
2549,US-2015-128090,8/16/2015,8/22/2015,Standard Class,JM-15865,John Murray,Consumer,United States,Phoenix,Arizona,85023,West,TEC-PH-10002624,Technology,Phones,Samsung Galaxy S4 Mini,1879.96,5,0.2,211.4955
7133,CA-2017-141439,11/26/2017,12/1/2017,Standard Class,TT-21460,Tonja Turnell,Home Office,United States,Richmond,Indiana,47374,Central,TEC-PH-10002624,Technology,Phones,Samsung Galaxy S4 Mini,1879.96,4,0.0,545.1884
8994,CA-2017-159100,10/16/2017,10/21/2017,Standard Class,VP-21760,Victoria Pisteka,Corporate,United States,Columbia,Tennessee,38401,South,FUR-TA-10001950,Furniture,Tables,Balt Solid Wood Round Tables,1875.258,7,0.4,-968.8833
7847,CA-2015-125976,9/27/2015,10/2/2015,Standard Class,JK-15205,Jamie Kunitz,Consumer,United States,Arlington,Virginia,22204,South,TEC-PH-10002496,Technology,Phones,Cisco SPA301,1871.88,12,0.0,561.564
7330,US-2014-131275,3/18/2014,3/24/2014,Standard Class,SC-20050,Sample Company A,Home Office,United States,Burbank,California,91505,West,OFF-ST-10000078,Office Supplies,Storage,Tennsco 6- and 18-Compartment Lockers,1856.19,7,0.0,334.1142
1434,CA-2014-120768,12/19/2014,12/21/2014,Second Class,IM-15070,Irene Maddox,Consumer,United States,Florence,Alabama,35630,South,FUR-CH-10000513,Furniture,Chairs,High-Back Leather Manager's Chair,1819.86,14,0.0,163.7874
4429,CA-2017-119452,3/21/2017,3/27/2017,Standard Class,CL-12565,Clay Ludtke,Consumer,United States,Tulsa,Oklahoma,74133,Central,FUR-CH-10004495,Furniture,Chairs,"Global Leather and Oak Executive Chair, Black",1805.88,6,0.0,523.7052
2535,US-2017-117723,8/15/2017,8/18/2017,Second Class,DL-13495,Dionis Lloyd,Corporate,United States,Philadelphia,Pennsylvania,19120,East,OFF-ST-10004459,Office Supplies,Storage,Tennsco Single-Tier Lockers,1801.632,6,0.2,-337.806
4056,CA-2014-122931,9/29/2014,10/3/2014,Standard Class,SM-20950,Suzanne McNair,Corporate,United States,Philadelphia,Pennsylvania,19134,East,OFF-ST-10004459,Office Supplies,Storage,Tennsco Single-Tier Lockers,1801.632,6,0.2,-337.806
5186,CA-2015-134719,10/10/2015,10/15/2015,Standard Class,JD-15790,John Dryer,Consumer,United States,Jacksonville,Florida,32216,South,OFF-ST-10004459,Office Supplies,Storage,Tennsco Single-Tier Lockers,1801.632,6,0.2,-337.806
3152,CA-2015-147830,12/15/2015,12/18/2015,First Class,NF-18385,Natalie Fritzler,Consumer,United States,Newark,Ohio,43055,East,TEC-MA-10000418,Technology,Machines,Cubify CubeX 3D Printer Double Head Print,1799.994,2,0.7,-2639.9912
393,US-2014-135972,9/21/2014,9/23/2014,Second Class,JG-15115,Jack Garza,Consumer,United States,Des Moines,Washington,98198,West,TEC-CO-10002313,Technology,Copiers,Canon PC1080F Personal Copier,1799.97,3,0.0,701.9883
8800,CA-2014-116666,5/8/2014,5/10/2014,First Class,KT-16480,Kean Thornton,Consumer,United States,Philadelphia,Pennsylvania,19134,East,TEC-CO-10001449,Technology,Copiers,Hewlett Packard LaserJet 3310 Copier,1799.97,5,0.4,239.996
3385,CA-2015-130659,12/4/2015,12/9/2015,Second Class,MS-17365,Maribeth Schnelling,Consumer,United States,New York City,New York,10035,East,TEC-PH-10004586,Technology,Phones,Wilson SignalBoost 841262 DB PRO Amplifier Kit,1799.75,5,0.0,539.925
1897,CA-2017-141789,10/3/2017,10/6/2017,First Class,AC-10450,Amy Cox,Consumer,United States,Minneapolis,Minnesota,55407,Central,OFF-BI-10001359,Office Supplies,Binders,GBC DocuBind TL300 Electric Binding System,1793.98,2,0.0,843.1706
4861,CA-2016-101546,12/18/2016,12/24/2016,Standard Class,GK-14620,Grace Kelly,Corporate,United States,Morristown,New Jersey,7960,East,OFF-BI-10001359,Office Supplies,Binders,GBC DocuBind TL300 Electric Binding System,1793.98,2,0.0,843.1706
9034,CA-2014-152268,9/2/2014,9/7/2014,Standard Class,SC-20095,Sanjit Chand,Consumer,United States,Fayetteville,Arkansas,72701,South,OFF-BI-10001359,Office Supplies,Binders,GBC DocuBind TL300 Electric Binding System,1793.98,2,0.0,843.1706
5067,CA-2017-142090,11/30/2017,12/7/2017,Standard Class,SC-20380,Shahid Collister,Consumer,United States,Burlington,North Carolina,27217,South,FUR-TA-10001889,Furniture,Tables,Bush Advantage Collection Racetrack Conference Table,1781.682,7,0.4,-653.2834
7766,US-2017-118941,8/12/2017,8/12/2017,Same Day,BB-11545,Brenda Bowman,Corporate,United States,Columbia,Maryland,21044,East,FUR-CH-10002331,Furniture,Chairs,Hon 4700 Series Mobuis Mid-Back Task Chairs with Adjustable Arms,1779.9,5,0.0,373.779
6632,CA-2016-105081,12/25/2016,12/30/2016,Standard Class,JE-15715,Joe Elijah,Consumer,United States,Seattle,Washington,98115,West,FUR-TA-10001307,Furniture,Tables,"SAFCO PlanMaster Heigh-Adjustable Drafting Table Base, 43w x 30d x 30-37h, Black",1747.25,5,0.0,629.01
168,CA-2014-139892,9/8/2014,9/12/2014,Standard Class,BM-11140,Becky Martin,Consumer,United States,San Antonio,Texas,78207,Central,FUR-CH-10004287,Furniture,Chairs,SAFCO Arco Folding Chair,1740.06,9,0.3,-24.858
6296,CA-2014-141313,12/28/2014,1/1/2015,Standard Class,AJ-10780,Anthony Jacobs,Corporate,United States,Beverly,Massachusetts,1915,East,OFF-AP-10002651,Office Supplies,Appliances,Hoover Upright Vacuum With Dirt Cup,1737.18,6,0.0,503.7822
1757,CA-2015-135622,12/8/2015,12/11/2015,Second Class,TT-21460,Tonja Turnell,Home Office,United States,Fort Worth,Texas,76106,Central,TEC-PH-10001817,Technology,Phones,Wilson Electronics DB Pro Signal Booster,1718.4,6,0.2,150.36
11,CA-2014-115812,6/9/2014,6/14/2014,Standard Class,BH-11710,Brosina Hoffman,Consumer,United States,Los Angeles,California,90032,West,FUR-TA-10001539,Furniture,Tables,Chromcraft Rectangular Conference Tables,1706.184,9,0.2,85.3092
3296,CA-2017-113418,10/1/2017,10/3/2017,First Class,CM-12655,Corinna Mitchell,Home Office,United States,New York City,New York,10035,East,TEC-MA-10002428,Technology,Machines,Fellowes Powershred HS-440 4-Sheet High Security Shredder,1704.89,11,0.0,767.2005
1251,CA-2017-115602,12/18/2017,12/24/2017,Standard Class,DJ-13630,Doug Jacobs,Consumer,United States,New York City,New York,10009,East,OFF-AP-10000891,Office Supplies,Appliances,Kensington 7 Outlet MasterPiece HOMEOFFICE Power Control Center,1704.56,13,0.0,511.368
1712,CA-2017-123491,10/30/2017,11/5/2017,Standard Class,JK-15205,Jamie Kunitz,Consumer,United States,San Francisco,California,94122,West,OFF-AP-10002684,Office Supplies,Appliances,"Acco 7-Outlet Masterpiece Power Center, Wihtout Fax/Phone Line Protection",1702.12,14,0.0,510.636
6176,CA-2015-158421,9/21/2015,9/26/2015,Standard Class,GB-14575,Giulietta Baptist,Consumer,United States,Columbia,South Carolina,29203,South,FUR-CH-10000309,Furniture,Chairs,Global Comet Stacking Arm Chair,1690.04,4,0.0,422.51
3571,CA-2017-168109,7/3/2017,7/3/2017,Same Day,JK-15640,Jim Kriz,Home Office,United States,Seattle,Washington,98105,West,TEC-AC-10002049,Technology,Accessories,Plantronics Savi W720 Multi-Device Wireless Headset System,1687.8,4,0.0,742.632
7680,CA-2014-133592,12/31/2014,1/7/2015,Standard Class,KM-16375,Katherine Murray,Home Office,United States,Providence,Rhode Island,2908,East,TEC-AC-10002049,Technology,Accessories,Plantronics Savi W720 Multi-Device Wireless Headset System,1687.8,4,0.0,742.632
7115,US-2016-102239,5/5/2016,5/6/2016,First Class,LW-16990,Lindsay Williams,Corporate,United States,Henderson,Nevada,89015,West,FUR-TA-10003392,Furniture,Tables,Global Adaptabilities Conference Tables,1685.88,6,0.0,320.3172
3892,US-2016-163881,11/24/2016,11/30/2016,Standard Class,SP-20860,Sung Pak,Corporate,United States,Los Angeles,California,90036,West,FUR-CH-10001394,Furniture,Chairs,Global Leather Executive Chair,1684.752,6,0.2,210.594
8452,CA-2014-131387,4/28/2014,4/30/2014,First Class,AI-10855,Arianne Irving,Consumer,United States,San Francisco,California,94122,West,TEC-PH-10001459,Technology,Phones,Samsung Galaxy Mega 6.3,1679.96,5,0.2,125.997
9368,CA-2014-108147,6/8/2014,6/13/2014,Standard Class,RD-19480,Rick Duston,Consumer,United States,Long Beach,New York,11561,East,OFF-ST-10003470,Office Supplies,Storage,"Tennsco Snap-Together Open Shelving Units, Starter Sets and Add-On Units",1676.88,6,0.0,83.844
7998,US-2017-105998,11/3/2017,11/5/2017,First Class,CR-12580,Clay Rozendal,Home Office,United States,San Diego,California,92037,West,FUR-TA-10001095,Furniture,Tables,Chromcraft Round Conference Tables,1673.184,12,0.2,20.9148
1517,CA-2017-148446,12/10/2017,12/14/2017,Second Class,MC-17845,Michael Chen,Consumer,United States,North Las Vegas,Nevada,89031,West,FUR-TA-10004256,Furniture,Tables,Bretford Just In Time Height-Adjustable Multi-Task Work Tables,1669.6,4,0.0,116.872
3589,CA-2017-158729,12/19/2017,12/21/2017,First Class,AC-10450,Amy Cox,Consumer,United States,Lafayette,Louisiana,70506,South,OFF-SU-10002881,Office Supplies,Supplies,Martin Yale Chadless Opener Electric Letter Opener,1665.62,2,0.0,33.3124
722,CA-2016-142335,12/15/2016,12/19/2016,Standard Class,MP-17965,Michael Paige,Corporate,United States,Detroit,Michigan,48205,Central,FUR-TA-10000198,Furniture,Tables,Chromcraft Bull-Nose Wood Oval Conference Tables & Bases,1652.94,3,0.0,231.4116
6877,US-2016-121013,9/5/2016,9/10/2016,Standard Class,MM-17920,Michael Moore,Consumer,United States,Chesapeake,Virginia,23320,South,FUR-TA-10003238,Furniture,Tables,"Chromcraft Bull-Nose Wood 48"" x 96"" Rectangular Conference Tables",1652.94,3,0.0,314.0586
5426,CA-2016-153598,12/3/2016,12/6/2016,First Class,NM-18520,Neoma Murray,Consumer,United States,Los Angeles,California,90045,West,TEC-AC-10003870,Technology,Accessories,Logitech Z-906 Speaker sys - home theater - 5.1-CH,1649.95,5,0.0,659.98
8302,US-2017-167318,7/26/2017,8/1/2017,Standard Class,GZ-14545,George Zrebassa,Corporate,United States,Los Angeles,California,90036,West,TEC-AC-10003870,Technology,Accessories,Logitech Z-906 Speaker sys - home theater - 5.1-CH,1649.95,5,0.0,659.98
9514,CA-2016-125220,10/14/2016,10/19/2016,Standard Class,BE-11410,Bobby Elias,Consumer,United States,Appleton,Wisconsin,54915,Central,TEC-AC-10003033,Technology,Accessories,Plantronics CS510 - Over-the-Head monaural Wireless Headset System,1649.75,5,0.0,544.4175
5435,CA-2015-160171,10/19/2015,10/24/2015,Standard Class,RM-19675,Robert Marley,Home Office,United States,Los Angeles,California,90008,West,OFF-AP-10000275,Office Supplies,Appliances,"Sanyo Counter Height Refrigerator with Crisper, 3.6 Cubic Foot, Stainless Steel/Black",1640.7,5,0.0,459.396
6839,CA-2017-107517,2/5/2017,2/9/2017,Standard Class,FC-14335,Fred Chung,Corporate,United States,Torrance,California,90503,West,OFF-AP-10000275,Office Supplies,Appliances,"Sanyo Counter Height Refrigerator with Crisper, 3.6 Cubic Foot, Stainless Steel/Black",1640.7,5,0.0,459.396
2929,US-2017-120390,10/19/2017,10/26/2017,Standard Class,TH-21550,Tracy Hopkins,Home Office,United States,Burlington,North Carolina,27217,South,OFF-BI-10004995,Office Supplies,Binders,GBC DocuBind P400 Electric Binding System,1633.188,4,0.7,-1306.5504
3184,CA-2017-152912,11/9/2017,11/12/2017,Second Class,BM-11650,Brian Moss,Corporate,United States,Columbia,Maryland,21044,East,OFF-ST-10003208,Office Supplies,Storage,Adjustable Depth Letter/Legal Cart,1633.14,9,0.0,473.6106
2861,CA-2017-138975,5/19/2017,5/23/2017,Standard Class,SC-20380,Shahid Collister,Consumer,United States,Atlanta,Georgia,30318,South,FUR-BO-10004695,Furniture,Bookcases,O'Sullivan 2-Door Barrister Bookcase in Odessa Pine,1628.82,9,0.0,374.6286
9636,CA-2014-151330,10/14/2014,10/17/2014,First Class,TC-21295,Toby Carlisle,Consumer,United States,Everett,Massachusetts,2149,East,FUR-CH-10000749,Furniture,Chairs,Office Star - Ergonomic Mid Back Chair with 2-Way Adjustable Arms,1628.82,9,0.0,260.6112
7085,CA-2017-118724,7/21/2017,7/25/2017,Second Class,AR-10825,Anthony Rawles,Corporate,United States,Concord,California,94521,West,TEC-PH-10002549,Technology,Phones,Polycom SoundPoint IP 450 VoIP phone,1626.192,9,0.2,121.9644
2392,US-2015-127040,12/6/2015,12/10/2015,Standard Class,SG-20605,Speros Goranitis,Consumer,United States,New York City,New York,10009,East,TEC-AC-10002637,Technology,Accessories,Logitech VX Revolution Cordless Laser Mouse for Notebooks (Black),1619.91,9,0.0,97.1946
1014,US-2015-126214,12/21/2015,12/24/2015,Second Class,JS-15880,John Stevenson,Consumer,United States,Seattle,Washington,98103,West,FUR-TA-10003748,Furniture,Tables,Bevis 36 x 72 Conference Tables,1618.37,13,0.0,356.0414
7899,CA-2017-128363,8/13/2017,8/18/2017,Standard Class,DC-12850,Dan Campbell,Consumer,United States,Memphis,Tennessee,38109,South,OFF-BI-10001359,Office Supplies,Binders,GBC DocuBind TL300 Electric Binding System,1614.582,6,0.7,-1237.8462
2021,CA-2016-168354,9/19/2016,9/21/2016,First Class,RH-19510,Rick Huthwaite,Home Office,United States,Providence,Rhode Island,2908,East,OFF-ST-10001490,Office Supplies,Storage,"Hot File 7-Pocket, Floor Stand",1606.23,9,0.0,481.869
4209,CA-2014-145387,10/31/2014,11/2/2014,Second Class,AM-10705,Anne McFarland,Consumer,United States,Cranston,Rhode Island,2920,East,FUR-CH-10002320,Furniture,Chairs,Hon Pagoda Stacking Chairs,1604.9,5,0.0,481.47
2857,CA-2016-128594,8/26/2016,8/29/2016,First Class,DJ-13510,Don Jones,Corporate,United States,San Diego,California,92037,West,FUR-CH-10001215,Furniture,Chairs,Global Troy Executive Leather Low-Back Tilter,1603.136,4,0.2,100.196
5870,CA-2016-152247,11/7/2016,11/12/2016,Standard Class,MA-17995,Michelle Arnett,Home Office,United States,Cheyenne,Wyoming,82001,West,FUR-CH-10001215,Furniture,Chairs,Global Troy Executive Leather Low-Back Tilter,1603.136,4,0.2,100.196
4640,CA-2016-102162,9/11/2016,9/16/2016,Standard Class,JF-15565,Jill Fjeld,Consumer,United States,Newport News,Virginia,23602,South,TEC-CO-10001943,Technology,Copiers,Canon PC-428 Personal Copier,1599.92,8,0.0,751.9624
4356,CA-2015-155600,12/4/2015,12/7/2015,Second Class,RO-19780,Rose O'Brian,Consumer,United States,Clarksville,Tennessee,37042,South,OFF-BI-10000545,Office Supplies,Binders,GBC Ibimaster 500 Manual ProClick Binding System,1598.058,7,0.7,-1065.372
9494,CA-2016-105207,1/3/2016,1/8/2016,Standard Class,BO-11350,Bill Overfelt,Corporate,United States,Broken Arrow,Oklahoma,74012,Central,FUR-TA-10000617,Furniture,Tables,"Hon Practical Foundations 30 x 60 Training Table, Light Gray/Charcoal",1592.85,7,0.0,350.427
9404,CA-2016-105459,8/12/2016,8/17/2016,Second Class,NP-18700,Nora Preis,Consumer,United States,New York City,New York,10024,East,OFF-ST-10000078,Office Supplies,Storage,Tennsco 6- and 18-Compartment Lockers,1591.02,6,0.0,286.3836
2057,CA-2017-120376,12/22/2017,12/25/2017,First Class,TP-21130,Theone Pippenger,Consumer,United States,Detroit,Michigan,48227,Central,FUR-CH-10002335,Furniture,Chairs,Hon GuestStacker Chair,1586.69,7,0.0,412.5394
2358,US-2014-148838,3/17/2014,3/21/2014,Standard Class,CP-12340,Christine Phan,Corporate,United States,New York City,New York,10024,East,FUR-TA-10003473,Furniture,Tables,Bretford Rectangular Conference Table Tops,1579.746,7,0.4,-447.5947
3567,CA-2017-103877,9/7/2017,9/14/2017,Standard Class,RD-19660,Robert Dilbeck,Home Office,United States,Independence,Missouri,64055,Central,OFF-BI-10003650,Office Supplies,Binders,GBC DocuBind 300 Electric Binding Machine,1577.94,3,0.0,757.4112
9274,CA-2017-146983,9/2/2017,9/6/2017,Standard Class,AH-10210,Alan Hwang,Consumer,United States,Henderson,Kentucky,42420,South,OFF-BI-10003650,Office Supplies,Binders,GBC DocuBind 300 Electric Binding Machine,1577.94,3,0.0,757.4112
4137,CA-2017-105914,10/2/2017,10/8/2017,Standard Class,PV-18985,Paul Van Hugh,Home Office,United States,Los Angeles,California,90036,West,OFF-ST-10003716,Office Supplies,Storage,Tennsco Double-Tier Lockers,1575.14,7,0.0,204.7682
1546,CA-2014-150245,12/31/2014,1/4/2015,Second Class,PC-18745,Pamela Coakley,Corporate,United States,Watertown,New York,13601,East,FUR-BO-10002613,Furniture,Bookcases,"Atlantic Metals Mobile 4-Shelf Bookcases, Custom Colors",1573.488,7,0.2,196.686
7687,CA-2016-169838,11/25/2016,11/29/2016,Standard Class,BB-11545,Brenda Bowman,Corporate,United States,Jackson,Michigan,49201,Central,FUR-TA-10001095,Furniture,Tables,Chromcraft Round Conference Tables,1568.61,9,0.0,329.4081
6851,US-2016-100461,1/8/2016,1/12/2016,Standard Class,JO-15145,Jack O'Briant,Corporate,United States,Franklin,Wisconsin,53132,Central,FUR-BO-10002545,Furniture,Bookcases,"Atlantic Metals Mobile 3-Shelf Bookcases, Custom Colors",1565.88,6,0.0,407.1288
9149,US-2016-165505,1/23/2016,1/27/2016,Standard Class,CB-12535,Claudia Bergmann,Corporate,United States,Burlington,Vermont,5408,East,OFF-ST-10001526,Office Supplies,Storage,Iceberg Mobile Mega Data/Printer Cart ,1564.29,13,0.0,406.7154
8454,CA-2016-125087,4/18/2016,4/23/2016,Standard Class,TH-21115,Thea Hudgings,Corporate,United States,Houston,Texas,77070,Central,OFF-ST-10001780,Office Supplies,Storage,Tennsco 16-Compartment Lockers with Coat Rack,1554.936,3,0.2,77.7468
2354,CA-2015-111514,8/31/2015,9/2/2015,First Class,SC-20260,Scott Cohen,Corporate,United States,San Francisco,California,94122,West,FUR-BO-10002545,Furniture,Bookcases,"Atlantic Metals Mobile 3-Shelf Bookcases, Custom Colors",1552.831,7,0.15,200.9546
7650,CA-2015-101889,12/27/2015,12/31/2015,Standard Class,DB-13120,David Bremer,Corporate,United States,Marion,Ohio,43302,East,FUR-TA-10004154,Furniture,Tables,"Riverside Furniture Oval Coffee Table, Oval End Table, End Table with Drawer",1548.99,9,0.4,-464.697
6114,CA-2016-124590,11/12/2016,11/16/2016,Standard Class,SP-20920,Susan Pistek,Consumer,United States,Parma,Ohio,44134,East,FUR-CH-10000454,Furniture,Chairs,"Hon Deluxe Fabric Upholstered Stacking Chairs, Rounded Back",1537.074,9,0.3,0.0
2942,CA-2017-155880,3/25/2017,3/31/2017,Standard Class,JD-16150,Justin Deggeller,Corporate,United States,Milwaukee,Wisconsin,53209,Central,FUR-CH-10004675,Furniture,Chairs,"Lifetime Advantage Folding Chairs, 4/Carton",1526.56,7,0.0,427.4368
5311,CA-2017-131254,11/19/2017,11/21/2017,First Class,NC-18415,Nathan Cano,Consumer,United States,Houston,Texas,77095,Central,OFF-BI-10003527,Office Supplies,Binders,Fellowes PB500 Electric Punch Plastic Comb Binding Machine with Manual Bind,1525.188,6,0.8,-2287.782
6559,CA-2015-166947,6/5/2015,6/10/2015,Standard Class,EB-13750,Edward Becker,Corporate,United States,Buffalo,New York,14215,East,FUR-CH-10004997,Furniture,Chairs,Hon Every-Day Series Multi-Task Chairs,1522.638,9,0.1,169.182
5189,CA-2015-115567,9/13/2015,9/18/2015,Standard Class,ZC-21910,Zuschuss Carroll,Consumer,United States,Columbus,Indiana,47201,Central,FUR-CH-10000015,Furniture,Chairs,Hon Multipurpose Stacking Arm Chairs,1516.2,7,0.0,394.212
9222,CA-2017-103212,10/13/2017,10/14/2017,First Class,MH-18025,Michelle Huthwaite,Consumer,United States,Lafayette,Louisiana,70506,South,FUR-TA-10003473,Furniture,Tables,Bretford Rectangular Conference Table Tops,1504.52,4,0.0,346.0396
248,CA-2014-131926,6/1/2014,6/6/2014,Second Class,DW-13480,Dianna Wilson,Home Office,United States,Lakeville,Minnesota,55044,Central,OFF-AP-10002945,Office Supplies,Appliances,Honeywell Enviracaire Portable HEPA Air Cleaner for 17' x 22' Room,1503.25,5,0.0,496.0725
5017,CA-2014-153850,11/24/2014,11/29/2014,Standard Class,TH-21100,Thea Hendricks,Consumer,United States,Toledo,Ohio,43615,East,TEC-PH-10002584,Technology,Phones,Samsung Galaxy S4,1502.376,4,0.4,-250.396
9674,CA-2016-114867,12/23/2016,12/28/2016,Standard Class,FM-14290,Frank Merwin,Home Office,United States,Philadelphia,Pennsylvania,19143,East,TEC-PH-10002645,Technology,Phones,LG G2,1499.97,5,0.4,-374.9925
7473,CA-2016-139997,7/1/2016,7/3/2016,First Class,EM-14140,Eugene Moren,Home Office,United States,Lehi,Utah,84043,West,TEC-CO-10000971,Technology,Copiers,Hewlett Packard 310 Color Digital Copier,1499.95,5,0.0,449.985
7815,US-2017-109316,6/8/2017,6/10/2017,First Class,MG-17680,Maureen Gastineau,Home Office,United States,Los Angeles,California,90049,West,FUR-BO-10004834,Furniture,Bookcases,"Riverside Palais Royal Lawyers Bookcase, Royale Cherry Finish",1497.666,2,0.15,140.9568
5613,CA-2017-121027,8/18/2017,8/22/2017,Standard Class,HW-14935,Helen Wasserman,Corporate,United States,Seattle,Washington,98105,West,TEC-AC-10002253,Technology,Accessories,Imation Bio 8GB USB Flash Drive Imation Corp,1496.16,9,0.0,224.424
378,US-2017-134481,8/27/2017,9/1/2017,Standard Class,AR-10405,Allen Rosenblatt,Corporate,United States,Franklin,Massachusetts,2038,East,FUR-TA-10004915,Furniture,Tables,"Office Impressions End Table, 20-1/2""H x 24""W x 20""D",1488.424,7,0.3,-297.6848
5813,US-2015-163279,3/22/2015,3/26/2015,Standard Class,JD-16150,Justin Deggeller,Corporate,United States,San Diego,California,92037,West,TEC-PH-10001795,Technology,Phones,ClearOne CHATAttach 160 - speaker phone,1487.976,3,0.2,185.997
4378,CA-2014-166954,4/25/2014,4/30/2014,Standard Class,BT-11305,Beth Thompson,Home Office,United States,San Gabriel,California,91776,West,FUR-CH-10003973,Furniture,Chairs,GuestStacker Chair with Chrome Finish Legs,1487.04,5,0.2,148.704
7526,CA-2014-125731,9/10/2014,9/16/2014,Standard Class,CL-12565,Clay Ludtke,Consumer,United States,Gresham,Oregon,97030,West,FUR-CH-10003973,Furniture,Chairs,GuestStacker Chair with Chrome Finish Legs,1487.04,5,0.2,148.704
5460,CA-2017-116680,9/4/2017,9/6/2017,Second Class,PK-19075,Pete Kriz,Consumer,United States,San Francisco,California,94122,West,FUR-TA-10001771,Furniture,Tables,"Bush Cubix Conference Tables, Fully Assembled",1478.272,8,0.2,92.392
6111,CA-2016-124590,11/12/2016,11/16/2016,Standard Class,SP-20920,Susan Pistek,Consumer,United States,Parma,Ohio,44134,East,FUR-CH-10004495,Furniture,Chairs,"Global Leather and Oak Executive Chair, Black",1474.802,7,0.3,-21.0686
9187,CA-2017-156776,8/7/2017,8/11/2017,Standard Class,JL-15505,Jeremy Lonsdale,Consumer,United States,Westminster,California,92683,West,OFF-AP-10002534,Office Supplies,Appliances,3.6 Cubic Foot Counter Height Office Refrigerator,1473.1,5,0.0,412.468
6235,US-2017-142188,9/11/2017,9/11/2017,Same Day,JF-15415,Jennifer Ferguson,Consumer,United States,Seattle,Washington,98105,West,OFF-BI-10004600,Office Supplies,Binders,Ibico Ibimaster 300 Manual Binding System,1471.96,5,0.2,459.9875
3828,CA-2017-141733,5/7/2017,5/11/2017,Standard Class,RW-19540,Rick Wilson,Corporate,United States,Detroit,Michigan,48234,Central,FUR-CH-10004086,Furniture,Chairs,Hon 4070 Series Pagoda Armless Upholstered Stacking Chairs,1458.65,5,0.0,423.0085
8563,CA-2016-123540,4/2/2016,4/6/2016,Second Class,DJ-13420,Denny Joy,Corporate,United States,Milwaukee,Wisconsin,53209,Central,FUR-CH-10000847,Furniture,Chairs,Global Executive Mid-Back Manager's Chair,1454.9,5,0.0,378.274
2190,CA-2017-143063,8/10/2017,8/15/2017,Standard Class,IL-15100,Ivan Liston,Consumer,United States,Columbus,Indiana,47201,Central,TEC-PH-10003645,Technology,Phones,Aastra 57i VoIP phone,1454.49,9,0.0,378.1674
5764,CA-2015-162047,11/3/2015,11/5/2015,First Class,FH-14365,Fred Hopkins,Corporate,United States,Long Beach,New York,11561,East,FUR-CH-10004983,Furniture,Chairs,Office Star - Mid Back Dual function Ergonomic High Back Chair with 2-Way Adjustable Arms,1448.82,10,0.1,209.274
2756,CA-2015-155306,4/17/2015,4/21/2015,Standard Class,GA-14515,George Ashbrook,Consumer,United States,San Francisco,California,94122,West,OFF-AP-10002651,Office Supplies,Appliances,Hoover Upright Vacuum With Dirt Cup,1447.65,5,0.0,419.8185
3591,CA-2017-146535,11/24/2017,11/30/2017,Standard Class,FM-14290,Frank Merwin,Home Office,United States,Richmond,Kentucky,40475,South,OFF-ST-10001526,Office Supplies,Storage,Iceberg Mobile Mega Data/Printer Cart ,1443.96,12,0.0,375.4296
1812,CA-2014-132612,6/9/2014,6/11/2014,Second Class,FO-14305,Frank Olsen,Consumer,United States,Harrisonburg,Virginia,22801,South,FUR-TA-10004534,Furniture,Tables,Bevis 44 x 96 Conference Tables,1441.3,7,0.0,245.021
1834,CA-2017-162691,8/1/2017,8/7/2017,Standard Class,AS-10045,Aaron Smayling,Corporate,United States,Austin,Texas,78745,Central,TEC-MA-10000488,Technology,Machines,Bady BDG101FRU Card Printer,1439.982,3,0.4,-263.9967
1987,CA-2016-147417,7/25/2016,7/27/2016,First Class,CB-12415,Christy Brittain,Consumer,United States,Columbus,Ohio,43229,East,TEC-CO-10001449,Technology,Copiers,Hewlett Packard LaserJet 3310 Copier,1439.976,4,0.4,191.9968
6201,CA-2015-146675,4/16/2015,4/20/2015,Standard Class,SB-20185,Sarah Brown,Consumer,United States,Evanston,Illinois,60201,Central,TEC-CO-10001766,Technology,Copiers,Canon PC940 Copier,1439.968,4,0.2,485.9892
8925,CA-2016-168032,1/30/2016,2/3/2016,Standard Class,DF-13135,David Flashing,Consumer,United States,Rockford,Illinois,61107,Central,TEC-PH-10004241,Technology,Phones,Nokia Lumia 1020,1439.968,4,0.2,143.9968
1831,CA-2017-145884,10/21/2017,10/21/2017,Same Day,SL-20155,Sara Luxemburg,Home Office,United States,Muskogee,Oklahoma,74403,Central,TEC-PH-10000895,Technology,Phones,Polycom VVX 310 VoIP phone,1439.92,8,0.0,374.3792
9198,CA-2014-103310,5/10/2014,5/15/2014,Standard Class,GM-14680,Greg Matthias,Consumer,United States,San Jose,California,95123,West,TEC-PH-10001817,Technology,Phones,Wilson Electronics DB Pro Signal Booster,1432.0,5,0.2,125.3
3940,US-2016-143448,12/10/2016,12/10/2016,Same Day,MH-17455,Mark Hamilton,Consumer,United States,Greenwood,Indiana,46142,Central,FUR-CH-10003379,Furniture,Chairs,Global Commerce Series High-Back Swivel/Tilt Chairs,1424.9,5,0.0,356.225
3481,CA-2016-131289,12/8/2016,12/14/2016,Standard Class,SP-20620,Stefania Perrino,Corporate,United States,San Francisco,California,94110,West,FUR-TA-10003954,Furniture,Tables,Hon 94000 Series Round Tables,1421.664,6,0.2,-195.4788
6640,CA-2014-108609,10/31/2014,11/2/2014,Second Class,AJ-10780,Anthony Jacobs,Corporate,United States,Lorain,Ohio,44052,East,FUR-TA-10003954,Furniture,Tables,Hon 94000 Series Round Tables,1421.664,8,0.4,-734.5264
7453,CA-2017-105669,9/17/2017,9/22/2017,Second Class,SJ-20125,Sanjit Jacobs,Home Office,United States,Houston,Texas,77036,Central,TEC-PH-10002415,Technology,Phones,Polycom VoiceStation 500 Conference phone,1415.76,6,0.2,88.485
3427,CA-2015-153381,9/24/2015,9/28/2015,Standard Class,DE-13255,Deanra Eno,Home Office,United States,Dubuque,Iowa,52001,Central,FUR-CH-10000988,Furniture,Chairs,Hon Olson Stacker Stools,1408.1,10,0.0,394.268
2559,CA-2015-147788,5/31/2015,6/4/2015,Standard Class,TM-21010,Tamara Manning,Consumer,United States,Orem,Utah,84057,West,FUR-BO-10004357,Furniture,Bookcases,O'Sullivan Living Dimensions 3-Shelf Bookcases,1406.86,7,0.0,140.686
6918,CA-2014-124247,12/16/2014,12/21/2014,Standard Class,SH-20635,Stefanie Holloman,Corporate,United States,Sacramento,California,95823,West,FUR-CH-10001854,Furniture,Chairs,Office Star - Professional Matrix Back Chair with 2-to-1 Synchro Tilt and Mesh Fabric Seat,1403.92,5,0.2,70.196
9760,CA-2016-146913,10/31/2016,11/5/2016,Standard Class,SF-20965,Sylvia Foulston,Corporate,United States,San Francisco,California,94109,West,FUR-CH-10001854,Furniture,Chairs,Office Star - Professional Matrix Back Chair with 2-to-1 Synchro Tilt and Mesh Fabric Seat,1403.92,5,0.2,70.196
7521,US-2017-167920,12/9/2017,12/12/2017,Second Class,JL-15835,John Lee,Consumer,United States,Richmond,Kentucky,40475,South,TEC-CO-10001046,Technology,Copiers,Canon Imageclass D680 Copier / Fax,1399.98,2,0.0,629.991
2573,CA-2016-155845,8/12/2016,8/15/2016,Second Class,CM-12235,Chris McAfee,Consumer,United States,Carrollton,Texas,75007,Central,TEC-AC-10004145,Technology,Accessories,Logitech diNovo Edge Keyboard,1399.944,7,0.2,52.4979
815,CA-2017-143686,5/14/2017,5/14/2017,Same Day,PJ-19015,Pauline Johnson,Consumer,United States,Santa Ana,California,92704,West,TEC-AC-10001838,Technology,Accessories,Razer Tiamat Over Ear 7.1 Surround Sound PC Gaming Headset,1399.93,7,0.0,601.9699
2299,CA-2015-113145,11/1/2015,11/5/2015,Standard Class,VD-21670,Valerie Dominguez,Consumer,United States,New York City,New York,10011,East,TEC-AC-10001838,Technology,Accessories,Razer Tiamat Over Ear 7.1 Surround Sound PC Gaming Headset,1399.93,7,0.0,601.9699
5796,CA-2014-124856,9/29/2014,10/3/2014,Second Class,LD-17005,Lisa DeCherney,Consumer,United States,New York City,New York,10011,East,OFF-ST-10002615,Office Supplies,Storage,"Dual Level, Single-Width Filing Carts",1395.54,9,0.0,362.8404
1977,CA-2014-110408,10/18/2014,10/20/2014,Second Class,AS-10225,Alan Schoenberger,Corporate,United States,Montgomery,Alabama,36116,South,TEC-PH-10002352,Technology,Phones,Avaya IP Phone 1140E VoIP phone,1394.95,5,0.0,362.687
1023,CA-2015-124450,4/27/2015,5/3/2015,Standard Class,GT-14710,Greg Tran,Consumer,United States,Washington,District of Columbia,20016,East,TEC-MA-10004212,Technology,Machines,Cisco SPA525G2 5-Line IP Phone,1379.92,8,0.0,648.5624
8209,CA-2015-141565,9/20/2015,9/24/2015,Standard Class,BG-11035,Barry Gonzalez,Consumer,United States,Nashville,Tennessee,37211,South,OFF-BI-10000545,Office Supplies,Binders,GBC Ibimaster 500 Manual ProClick Binding System,1369.764,6,0.7,-913.176
8633,CA-2016-107783,7/28/2016,7/29/2016,First Class,OT-18730,Olvera Toch,Consumer,United States,Bethlehem,Pennsylvania,18018,East,OFF-BI-10000545,Office Supplies,Binders,GBC Ibimaster 500 Manual ProClick Binding System,1369.764,6,0.7,-913.176
5162,CA-2014-111192,7/30/2014,8/5/2014,Standard Class,TS-21430,Tom Stivers,Corporate,United States,Seattle,Washington,98103,West,FUR-BO-10002916,Furniture,Bookcases,"Rush Hierlooms Collection 1"" Thick Stackable Bookcases",1367.84,8,0.0,259.8896
793,CA-2016-105256,5/20/2016,5/20/2016,Same Day,JK-15730,Joe Kamberova,Consumer,United States,Asheville,North Carolina,28806,South,TEC-PH-10001530,Technology,Phones,Cisco Unified IP Phone 7945G VoIP phone,1363.96,5,0.2,85.2475
1047,CA-2016-169103,3/8/2016,3/13/2016,Standard Class,ZC-21910,Zuschuss Carroll,Consumer,United States,Miami,Florida,33142,South,TEC-PH-10001530,Technology,Phones,Cisco Unified IP Phone 7945G VoIP phone,1363.96,5,0.2,85.2475
6765,CA-2016-144764,9/2/2016,9/8/2016,Standard Class,RL-19615,Rob Lucas,Consumer,United States,Chicago,Illinois,60623,Central,TEC-MA-10003230,Technology,Machines,Okidata C610n Printer,1362.9,3,0.3,-19.47
3800,CA-2017-147760,11/4/2017,11/5/2017,First Class,KL-16555,Kelly Lampkin,Corporate,United States,Greensboro,North Carolina,27405,South,TEC-PH-10002483,Technology,Phones,Motorola Moto X,1359.96,5,0.2,118.9965
5056,CA-2015-141243,1/3/2015,1/8/2015,Second Class,AH-10465,Amy Hunt,Consumer,United States,Dallas,Texas,75217,Central,FUR-BO-10003272,Furniture,Bookcases,O'Sullivan Living Dimensions 5-Shelf Bookcases,1352.3976,9,0.32,-437.5404
7649,CA-2016-138968,3/15/2016,3/16/2016,First Class,FC-14335,Fred Chung,Corporate,United States,San Francisco,California,94110,West,FUR-CH-10000309,Furniture,Chairs,Global Comet Stacking Arm Chair,1352.032,4,0.2,84.502
7194,CA-2016-110492,2/12/2016,2/14/2016,First Class,JS-15880,John Stevenson,Consumer,United States,Atlanta,Georgia,30318,South,OFF-ST-10003716,Office Supplies,Storage,Tennsco Double-Tier Lockers,1350.12,6,0.0,175.5156
9399,CA-2014-125997,9/20/2014,9/23/2014,First Class,MW-18220,Mitch Webber,Consumer,United States,New York City,New York,10011,East,TEC-PH-10003072,Technology,Phones,Panasonic KX-TG9541B DECT 6.0 Digital 2-Line Expandable Cordless Phone With Digital Answering System,1349.91,9,0.0,661.4559
2603,CA-2016-165848,6/4/2016,6/4/2016,Same Day,EN-13780,Edward Nazzal,Consumer,United States,New York City,New York,10035,East,TEC-MA-10003356,Technology,Machines,Panasonic KX MC6040 Color Laser Multifunction Printer,1349.85,3,0.0,364.4595
2540,CA-2015-113404,7/16/2015,7/16/2015,Same Day,EM-13810,Eleni McCrary,Corporate,United States,San Francisco,California,94122,West,FUR-CH-10003312,Furniture,Chairs,Hon 2090 Pillow Soft Series Mid Back Swivel/Tilt Chairs,1348.704,6,0.2,-219.1644
4520,CA-2017-107167,6/10/2017,6/14/2017,Standard Class,ND-18460,Neil Ducich,Corporate,United States,Jacksonville,Florida,32216,South,OFF-ST-10003805,Office Supplies,Storage,"24 Capacity Maxi Data Binder Racks, Pearl",1347.52,8,0.2,84.22
6049,CA-2015-105571,11/7/2015,11/11/2015,Standard Class,CP-12340,Christine Phan,Corporate,United States,Miami,Florida,33142,South,OFF-BI-10001359,Office Supplies,Binders,GBC DocuBind TL300 Electric Binding System,1345.485,5,0.7,-1031.5385
413,CA-2017-117457,12/8/2017,12/12/2017,Standard Class,KH-16510,Keith Herrera,Consumer,United States,San Francisco,California,94110,West,FUR-BO-10001972,Furniture,Bookcases,O'Sullivan 4-Shelf Bookcase in Odessa Pine,1336.829,13,0.15,31.4548
7388,CA-2016-105732,9/13/2016,9/18/2016,Standard Class,AG-10270,Alejandro Grove,Consumer,United States,Omaha,Nebraska,68104,Central,FUR-FU-10003664,Furniture,Furnishings,"Electrix Architect's Clamp-On Swing Arm Lamp, Black",1336.44,14,0.0,387.5676
558,CA-2016-113243,6/10/2016,6/15/2016,Standard Class,OT-18730,Olvera Toch,Consumer,United States,Los Angeles,California,90045,West,FUR-TA-10004256,Furniture,Tables,Bretford Just In Time Height-Adjustable Multi-Task Work Tables,1335.68,4,0.2,-217.048
4459,CA-2017-105851,3/13/2017,3/20/2017,Standard Class,SE-20110,Sanjit Engle,Consumer,United States,Denver,Colorado,80219,West,OFF-SU-10002881,Office Supplies,Supplies,Martin Yale Chadless Opener Electric Letter Opener,1332.496,2,0.2,-299.8116
2674,CA-2014-126403,9/9/2014,9/12/2014,Second Class,RR-19525,Rick Reed,Corporate,United States,Lowell,Massachusetts,1852,East,OFF-ST-10000078,Office Supplies,Storage,Tennsco 6- and 18-Compartment Lockers,1325.85,5,0.0,238.653
4938,CA-2014-157147,1/13/2014,1/18/2014,Standard Class,BD-11605,Brian Dahlen,Consumer,United States,San Francisco,California,94109,West,OFF-ST-10000078,Office Supplies,Storage,Tennsco 6- and 18-Compartment Lockers,1325.85,5,0.0,238.653
5560,US-2015-114741,12/6/2015,12/10/2015,Standard Class,IL-15100,Ivan Liston,Consumer,United States,North Las Vegas,Nevada,89031,West,OFF-ST-10000078,Office Supplies,Storage,Tennsco 6- and 18-Compartment Lockers,1325.85,5,0.0,238.653
4988,CA-2016-149279,4/24/2016,4/28/2016,Standard Class,CL-12700,Craig Leslie,Home Office,United States,Colorado Springs,Colorado,80906,West,FUR-CH-10004287,Furniture,Chairs,SAFCO Arco Folding Chair,1325.76,6,0.2,149.148
5639,CA-2014-154893,12/21/2014,12/27/2014,Standard Class,GM-14440,Gary McGarr,Consumer,United States,San Diego,California,92024,West,FUR-CH-10004287,Furniture,Chairs,SAFCO Arco Folding Chair,1325.76,6,0.2,149.148
8010,CA-2015-110863,11/17/2015,11/24/2015,Standard Class,AA-10645,Anna Andreadi,Consumer,United States,Oklahoma City,Oklahoma,73120,Central,FUR-CH-10002073,Furniture,Chairs,Hon Olson Stacker Chairs,1323.9,5,0.0,383.931
1181,CA-2014-128146,6/21/2014,6/25/2014,Standard Class,DB-13060,Dave Brooks,Consumer,United States,Lakewood,New Jersey,8701,East,TEC-PH-10004539,Technology,Phones,Wireless Extenders zBoost YX545 SOHO Signal Booster,1322.93,7,0.0,357.1911
2478,CA-2017-102750,9/4/2017,9/8/2017,Second Class,GM-14695,Greg Maxwell,Corporate,United States,Los Angeles,California,90036,West,FUR-TA-10000198,Furniture,Tables,Chromcraft Bull-Nose Wood Oval Conference Tables & Bases,1322.352,3,0.2,-99.1764
5517,US-2016-138408,11/18/2016,11/21/2016,Second Class,KC-16255,Karen Carlisle,Corporate,United States,Huntsville,Alabama,35810,South,TEC-AC-10003870,Technology,Accessories,Logitech Z-906 Speaker sys - home theater - 5.1-CH,1319.96,4,0.0,527.984
7228,CA-2017-127397,2/24/2017,2/28/2017,Standard Class,ES-14080,Erin Smith,Corporate,United States,Philadelphia,Pennsylvania,19134,East,TEC-AC-10003033,Technology,Accessories,Plantronics CS510 - Over-the-Head monaural Wireless Headset System,1319.8,5,0.2,214.4675
5142,CA-2016-111213,4/1/2016,4/5/2016,Standard Class,FP-14320,Frank Preis,Consumer,United States,New York City,New York,10009,East,FUR-CH-10000454,Furniture,Chairs,"Hon Deluxe Fabric Upholstered Stacking Chairs, Rounded Back",1317.492,6,0.1,292.776
7647,US-2014-115196,9/9/2014,9/13/2014,Standard Class,DL-12925,Daniel Lacy,Consumer,United States,Greenville,North Carolina,27834,South,TEC-MA-10002073,Technology,Machines,"3D Systems Cube Printer, 2nd Generation, White",1299.99,2,0.5,-571.9956
6101,CA-2017-100111,9/20/2017,9/26/2017,Standard Class,SV-20365,Seth Vernon,Consumer,United States,New York City,New York,10035,East,TEC-PH-10002885,Technology,Phones,Apple iPhone 5,1299.66,2,0.0,350.9082
811,CA-2014-151995,10/13/2014,10/15/2014,First Class,ZC-21910,Zuschuss Carroll,Consumer,United States,Edmonds,Washington,98026,West,FUR-TA-10002903,Furniture,Tables,"Bevis Round Bullnose 29"" High Table Top",1298.55,5,0.0,311.652
7607,CA-2016-101791,5/27/2016,5/31/2016,Standard Class,BS-11665,Brian Stugart,Consumer,United States,Chicago,Illinois,60623,Central,OFF-ST-10001496,Office Supplies,Storage,Standard Rollaway File with Lock,1297.368,9,0.2,97.3026
2114,CA-2015-164882,10/31/2015,10/31/2015,Same Day,SG-20080,Sandra Glassco,Consumer,United States,Redlands,California,92374,West,TEC-PH-10001578,Technology,Phones,Polycom SoundStation2 EX Conference phone,1295.84,4,0.2,145.782
555,CA-2017-100650,6/29/2017,7/3/2017,Second Class,DK-13225,Dean Katz,Corporate,United States,Anaheim,California,92804,West,OFF-ST-10001780,Office Supplies,Storage,Tennsco 16-Compartment Lockers with Coat Rack,1295.78,2,0.0,310.9872
8799,US-2016-150140,4/6/2016,4/10/2016,Standard Class,VM-21685,Valerie Mitchum,Home Office,United States,Burlington,Vermont,5408,East,TEC-PH-10002555,Technology,Phones,Nortel Meridian M5316 Digital phone,1294.75,5,0.0,336.635
5871,CA-2016-128223,6/14/2016,6/14/2016,Same Day,EB-13705,Ed Braxton,Corporate,United States,Anaheim,California,92804,West,FUR-TA-10001771,Furniture,Tables,"Bush Cubix Conference Tables, Fully Assembled",1293.488,7,0.2,80.843
2655,CA-2017-112515,9/17/2017,9/21/2017,Second Class,AS-10225,Alan Schoenberger,Corporate,United States,Provo,Utah,84604,West,FUR-BO-10003404,Furniture,Bookcases,"Global Adaptabilites Bookcase, Cherry/Storm Gray Finish",1292.94,3,0.0,77.5764
3371,CA-2016-134887,3/25/2016,3/25/2016,Same Day,TB-21280,Toby Braunhardt,Consumer,United States,Norman,Oklahoma,73071,Central,TEC-AC-10003832,Technology,Accessories,Logitech P710e Mobile Speakerphone,1287.45,5,0.0,244.6155
8587,CA-2017-162015,7/11/2017,7/18/2017,Standard Class,KB-16240,Karen Bern,Corporate,United States,Los Angeles,California,90049,West,TEC-AC-10003832,Technology,Accessories,Logitech P710e Mobile Speakerphone,1287.45,5,0.0,244.6155
8735,CA-2017-116988,6/27/2017,6/29/2017,Second Class,PW-19030,Pauline Webber,Corporate,United States,Seattle,Washington,98105,West,TEC-AC-10003832,Technology,Accessories,Logitech P710e Mobile Speakerphone,1287.45,5,0.0,244.6155
1954,CA-2017-157987,9/2/2017,9/6/2017,Standard Class,AC-10615,Ann Chong,Corporate,United States,New York City,New York,10009,East,FUR-CH-10003379,Furniture,Chairs,Global Commerce Series High-Back Swivel/Tilt Chairs,1282.41,5,0.1,213.735
7329,US-2014-131275,3/18/2014,3/24/2014,Standard Class,SC-20050,Sample Company A,Home Office,United States,Burbank,California,91505,West,TEC-MA-10001148,Technology,Machines,Swingline SM12-08 MicroCut Jam Free Shredder,1279.968,4,0.2,415.9896
4454,CA-2016-147137,7/4/2016,7/6/2016,First Class,AA-10645,Anna Andreadi,Consumer,United States,San Francisco,California,94109,West,FUR-BO-10001811,Furniture,Bookcases,"Atlantic Metals Mobile 5-Shelf Bookcases, Custom Colors",1279.165,5,0.15,225.735
464,CA-2016-109869,4/22/2016,4/29/2016,Standard Class,TN-21040,Tanja Norvell,Home Office,United States,Phoenix,Arizona,85023,West,FUR-TA-10001889,Furniture,Tables,Bush Advantage Collection Racetrack Conference Table,1272.63,6,0.5,-814.4832
8761,CA-2016-159891,1/31/2016,2/6/2016,Standard Class,BF-11170,Ben Ferrer,Home Office,United States,Atlanta,Georgia,30318,South,OFF-BI-10003527,Office Supplies,Binders,Fellowes PB500 Electric Punch Plastic Comb Binding Machine with Manual Bind,1270.99,1,0.0,635.495
4941,CA-2015-156482,2/6/2015,2/13/2015,Standard Class,IL-15100,Ivan Liston,Consumer,United States,Wilmington,Delaware,19805,East,FUR-CH-10001708,Furniture,Chairs,Office Star - Contemporary Swivel Chair with Padded Adjustable Arms and Flex Back,1268.82,9,0.0,266.4522
2988,CA-2016-139269,5/25/2016,5/30/2016,Standard Class,JB-16045,Julia Barnett,Home Office,United States,Columbus,Georgia,31907,South,OFF-ST-10000689,Office Supplies,Storage,"Fellowes Strictly Business Drawer File, Letter/Legal Size",1267.65,9,0.0,152.118
1022,CA-2015-124450,4/27/2015,5/3/2015,Standard Class,GT-14710,Greg Tran,Consumer,United States,Washington,District of Columbia,20016,East,FUR-CH-10000309,Furniture,Chairs,Global Comet Stacking Arm Chair,1267.53,3,0.0,316.8825
8232,CA-2016-162355,6/30/2016,7/2/2016,Second Class,PF-19165,Philip Fox,Consumer,United States,Sandy Springs,Georgia,30328,South,FUR-BO-10004695,Furniture,Bookcases,O'Sullivan 2-Door Barrister Bookcase in Odessa Pine,1266.86,7,0.0,291.3778
1626,CA-2015-157084,12/19/2015,12/24/2015,Standard Class,JG-15160,James Galang,Consumer,United States,Los Angeles,California,90049,West,TEC-AC-10002049,Technology,Accessories,Plantronics Savi W720 Multi-Device Wireless Headset System,1265.85,3,0.0,556.974
4890,CA-2016-163167,11/28/2016,12/1/2016,Second Class,RF-19345,Randy Ferguson,Corporate,United States,Marietta,Georgia,30062,South,OFF-ST-10003805,Office Supplies,Storage,"24 Capacity Maxi Data Binder Racks, Pearl",1263.3,6,0.0,315.825
7066,CA-2014-106726,12/6/2014,12/8/2014,First Class,RS-19765,Roland Schwarz,Corporate,United States,Los Angeles,California,90008,West,OFF-ST-10001496,Office Supplies,Storage,Standard Rollaway File with Lock,1261.33,7,0.0,327.9458
4391,CA-2017-111556,11/20/2017,11/22/2017,First Class,CD-11920,Carlos Daly,Consumer,United States,New York City,New York,10035,East,TEC-PH-10001459,Technology,Phones,Samsung Galaxy Mega 6.3,1259.97,3,0.0,327.5922
3733,CA-2015-109575,9/18/2015,9/23/2015,Standard Class,KH-16630,Ken Heidel,Corporate,United States,Clinton,Maryland,20735,East,TEC-PH-10000895,Technology,Phones,Polycom VVX 310 VoIP phone,1259.93,7,0.0,327.5818
5632,CA-2014-127614,2/11/2014,2/15/2014,Standard Class,NF-18385,Natalie Fritzler,Consumer,United States,Chesapeake,Virginia,23320,South,FUR-TA-10003715,Furniture,Tables,Hon 2111 Invitation Series Corner Table,1256.22,6,0.0,75.3732
8181,CA-2015-119879,11/21/2015,11/25/2015,Standard Class,SS-20410,Shahid Shariari,Consumer,United States,Philadelphia,Pennsylvania,19120,East,FUR-TA-10002958,Furniture,Tables,"Bevis Oval Conference Table, Walnut",1252.704,8,0.4,-480.2032
1644,CA-2015-111829,3/19/2015,3/20/2015,First Class,FH-14365,Fred Hopkins,Corporate,United States,Seattle,Washington,98115,West,OFF-ST-10000142,Office Supplies,Storage,Deluxe Rollaway Locking File with Drawer,1247.64,3,0.0,349.3392
6505,CA-2017-128265,11/17/2017,11/22/2017,Second Class,VW-21775,Victoria Wilson,Corporate,United States,New York City,New York,10011,East,OFF-ST-10000142,Office Supplies,Storage,Deluxe Rollaway Locking File with Drawer,1247.64,3,0.0,349.3392
1837,CA-2017-122693,2/19/2017,2/21/2017,Second Class,NH-18610,Nicole Hansen,Corporate,United States,Roswell,Georgia,30076,South,OFF-AP-10002518,Office Supplies,Appliances,Kensington 7 Outlet MasterPiece Power Center,1245.86,7,0.0,361.2994
881,CA-2017-111689,11/30/2017,12/2/2017,Second Class,HP-14815,Harold Pawlan,Home Office,United States,New York City,New York,10024,East,FUR-CH-10004287,Furniture,Chairs,SAFCO Arco Folding Chair,1242.9,5,0.1,262.39
820,CA-2014-140858,6/28/2014,7/2/2014,Standard Class,CA-12775,Cynthia Arntzen,Consumer,United States,Philadelphia,Pennsylvania,19140,East,FUR-CH-10001394,Furniture,Chairs,Global Leather Executive Chair,1228.465,5,0.3,0.0
8782,CA-2015-133585,3/1/2015,3/4/2015,First Class,CM-12715,Craig Molinari,Corporate,United States,Houston,Texas,77070,Central,FUR-BO-10001811,Furniture,Bookcases,"Atlantic Metals Mobile 5-Shelf Bookcases, Custom Colors",1227.9984,6,0.32,-36.1176
4116,CA-2016-163573,11/24/2016,11/27/2016,First Class,AC-10450,Amy Cox,Consumer,United States,Seattle,Washington,98105,West,OFF-BI-10004632,Office Supplies,Binders,Ibico Hi-Tech Manual Binding System,1219.96,5,0.2,381.2375
2610,CA-2014-127446,11/25/2014,11/30/2014,Standard Class,MC-17590,Matt Collister,Corporate,United States,Arlington,Texas,76017,Central,FUR-TA-10000577,Furniture,Tables,Bretford CR4500 Series Slim Rectangular Table,1218.735,5,0.3,-121.8735
1583,CA-2015-131338,8/9/2015,8/12/2015,First Class,NP-18325,Naresj Patel,Consumer,United States,New York City,New York,10024,East,OFF-BI-10000545,Office Supplies,Binders,GBC Ibimaster 500 Manual ProClick Binding System,1217.568,2,0.2,456.588
8833,CA-2015-153423,6/22/2015,6/27/2015,Standard Class,SW-20455,Shaun Weien,Consumer,United States,Rochester,New York,14609,East,OFF-BI-10000545,Office Supplies,Binders,GBC Ibimaster 500 Manual ProClick Binding System,1217.568,2,0.2,456.588
5927,US-2014-118997,4/8/2014,4/12/2014,Standard Class,RA-19885,Ruben Ausman,Corporate,United States,Decatur,Alabama,35601,South,FUR-TA-10001086,Furniture,Tables,"SAFCO PlanMaster Boards, 60w x 37-1/2d, White Melamine",1215.92,8,0.0,316.1392
5150,CA-2014-141796,6/21/2014,6/21/2014,Same Day,JG-15160,James Galang,Consumer,United States,Long Beach,New York,11561,East,TEC-PH-10001578,Technology,Phones,Polycom SoundStation2 EX Conference phone,1214.85,3,0.0,352.3065
2258,CA-2017-105214,6/16/2017,6/19/2017,First Class,TS-21610,Troy Staebel,Consumer,United States,San Francisco,California,94122,West,FUR-CH-10000015,Furniture,Chairs,Hon Multipurpose Stacking Arm Chairs,1212.96,7,0.2,90.972
9429,CA-2014-152100,5/11/2014,5/16/2014,Standard Class,VW-21775,Victoria Wilson,Corporate,United States,Huntsville,Texas,77340,Central,FUR-CH-10000015,Furniture,Chairs,Hon Multipurpose Stacking Arm Chairs,1212.96,8,0.3,-69.312
1487,CA-2015-140410,11/3/2015,11/7/2015,Standard Class,CM-12655,Corinna Mitchell,Home Office,United States,Los Angeles,California,90008,West,TEC-PH-10003580,Technology,Phones,Cisco IP Phone 7961G-GE VoIP phone,1212.848,7,0.2,106.1242
7633,US-2017-158526,12/29/2017,1/1/2018,Second Class,KH-16360,Katherine Hughes,Consumer,United States,Louisville,Kentucky,40214,South,FUR-CH-10002602,Furniture,Chairs,DMI Arturo Collection Mission-style Design Wood Chair,1207.84,8,0.0,314.0384
3485,CA-2014-124688,8/27/2014,8/29/2014,First Class,CC-12610,Corey Catlett,Corporate,United States,Springfield,Virginia,22153,South,FUR-TA-10003569,Furniture,Tables,Bretford CR8500 Series Meeting Room Furniture,1202.94,3,0.0,300.735
7698,CA-2017-151799,12/14/2017,12/18/2017,Standard Class,BF-11170,Ben Ferrer,Home Office,United States,Lawrence,Massachusetts,1841,East,TEC-CO-10002313,Technology,Copiers,Canon PC1080F Personal Copier,1199.98,2,0.0,467.9922
407,CA-2017-117457,12/8/2017,12/12/2017,Standard Class,KH-16510,Keith Herrera,Consumer,United States,San Francisco,California,94110,West,TEC-CO-10004115,Technology,Copiers,Sharp AL-1530CS Digital Copier,1199.976,3,0.2,434.9913
596,CA-2014-131450,8/8/2014,8/15/2014,Standard Class,LR-16915,Lena Radford,Consumer,United States,San Diego,California,92024,West,TEC-CO-10004115,Technology,Copiers,Sharp AL-1530CS Digital Copier,1199.976,3,0.2,434.9913
754,CA-2016-110499,4/7/2016,4/9/2016,First Class,YC-21895,Yoseph Carroll,Corporate,United States,San Francisco,California,94110,West,TEC-CO-10002095,Technology,Copiers,Hewlett Packard 610 Color Digital Copier / Printer,1199.976,3,0.2,374.9925
4813,CA-2016-121370,11/14/2016,11/19/2016,Second Class,EB-14110,Eugene Barchas,Consumer,United States,Philadelphia,Pennsylvania,19134,East,TEC-CO-10004115,Technology,Copiers,Sharp AL-1530CS Digital Copier,1199.976,4,0.4,179.9964
6063,CA-2015-111780,12/25/2015,12/30/2015,Second Class,RA-19285,Ralph Arnett,Consumer,United States,San Diego,California,92037,West,TEC-CO-10004202,Technology,Copiers,Brother DCP1000 Digital 3 in 1 Multifunction Machine,1199.96,5,0.2,224.9925
910,CA-2017-137596,9/2/2017,9/7/2017,Standard Class,BE-11335,Bill Eplett,Home Office,United States,Jackson,Michigan,49201,Central,TEC-PH-10001494,Technology,Phones,Polycom CX600 IP Phone VoIP phone,1199.8,4,0.0,323.946
6152,CA-2014-111871,3/18/2014,3/21/2014,Second Class,EK-13795,Eileen Kiefer,Home Office,United States,San Francisco,California,94110,West,FUR-BO-10004218,Furniture,Bookcases,"Bush Heritage Pine Collection 5-Shelf Bookcase, Albany Pine Finish, *Special Order",1198.33,10,0.15,70.49
7459,CA-2015-137974,4/16/2015,4/18/2015,First Class,LL-16840,Lauren Leatherbury,Consumer,United States,Waynesboro,Virginia,22980,South,FUR-FU-10001468,Furniture,Furnishings,Tenex Antistatic Computer Chair Mats,1196.86,7,0.0,119.686
5652,CA-2017-142342,7/17/2017,7/19/2017,Second Class,AJ-10795,Anthony Johnson,Corporate,United States,Apple Valley,California,92307,West,FUR-BO-10002613,Furniture,Bookcases,"Atlantic Metals Mobile 4-Shelf Bookcases, Custom Colors",1194.165,5,0.15,210.735
216,CA-2015-146262,1/2/2015,1/9/2015,Standard Class,VW-21775,Victoria Wilson,Corporate,United States,Medina,Ohio,44256,East,TEC-MA-10000864,Technology,Machines,Cisco 9971 IP Video Phone Charcoal,1188.0,9,0.7,-950.4
7841,US-2014-137869,3/28/2014,4/2/2014,Standard Class,CV-12295,Christina VanderZanden,Consumer,United States,Des Moines,Iowa,50315,Central,FUR-TA-10003954,Furniture,Tables,Hon 94000 Series Round Tables,1184.72,4,0.0,106.6248
3588,CA-2017-121839,9/24/2017,9/28/2017,Standard Class,MH-18115,Mick Hernandez,Home Office,United States,Lancaster,Ohio,43130,East,TEC-PH-10002885,Technology,Phones,Apple iPhone 5,1169.694,3,0.4,-253.4337
991,CA-2015-153549,3/29/2015,3/31/2015,Second Class,SL-20155,Sara Luxemburg,Home Office,United States,Jacksonville,Florida,32216,South,FUR-CH-10004086,Furniture,Chairs,Hon 4070 Series Pagoda Armless Upholstered Stacking Chairs,1166.92,5,0.2,131.2785
6271,CA-2017-102379,12/2/2017,12/6/2017,Standard Class,BB-11545,Brenda Bowman,Corporate,United States,Oakland,California,94601,West,FUR-CH-10004983,Furniture,Chairs,Office Star - Mid Back Dual function Ergonomic High Back Chair with 2-Way Adjustable Arms,1159.056,9,0.2,43.4646
5772,CA-2015-103835,9/24/2015,9/28/2015,Standard Class,SC-20440,Shaun Chance,Corporate,United States,Los Angeles,California,90032,West,OFF-AP-10002651,Office Supplies,Appliances,Hoover Upright Vacuum With Dirt Cup,1158.12,4,0.0,335.8548
6989,CA-2017-158561,11/11/2017,11/16/2017,Second Class,BB-11545,Brenda Bowman,Corporate,United States,Fort Lauderdale,Florida,33311,South,OFF-AP-10002651,Office Supplies,Appliances,Hoover Upright Vacuum With Dirt Cup,1158.12,5,0.2,130.2885
2221,CA-2017-130841,7/28/2017,8/1/2017,Standard Class,MH-17620,Matt Hagelstein,Corporate,United States,San Francisco,California,94110,West,TEC-PH-10001817,Technology,Phones,Wilson Electronics DB Pro Signal Booster,1145.6,4,0.2,100.24
1250,CA-2017-115602,12/18/2017,12/24/2017,Standard Class,DJ-13630,Doug Jacobs,Consumer,United States,New York City,New York,10009,East,FUR-CH-10001708,Furniture,Chairs,Office Star - Contemporary Swivel Chair with Padded Adjustable Arms and Flex Back,1141.938,9,0.1,139.5702
870,CA-2016-158099,9/3/2016,9/5/2016,First Class,PK-18910,Paul Knutson,Home Office,United States,Philadelphia,Pennsylvania,19143,East,OFF-BI-10000545,Office Supplies,Binders,GBC Ibimaster 500 Manual ProClick Binding System,1141.47,5,0.7,-760.98
2841,US-2014-125521,3/14/2014,3/19/2014,Standard Class,CK-12325,Christine Kargatis,Home Office,United States,Chesapeake,Virginia,23320,South,FUR-CH-10003379,Furniture,Chairs,Global Commerce Series High-Back Swivel/Tilt Chairs,1139.92,4,0.0,284.98
2484,CA-2017-126067,8/28/2017,9/3/2017,Standard Class,KN-16705,Kristina Nunn,Home Office,United States,Seattle,Washington,98105,West,FUR-TA-10000617,Furniture,Tables,"Hon Practical Foundations 30 x 60 Training Table, Light Gray/Charcoal",1137.75,5,0.0,250.305
5867,US-2014-117968,8/5/2014,8/7/2014,Second Class,RS-19420,Ricardo Sperren,Corporate,United States,Meriden,Connecticut,6450,East,FUR-CH-10002335,Furniture,Chairs,Hon GuestStacker Chair,1133.35,5,0.0,294.671
8784,CA-2016-116911,9/15/2016,9/20/2016,Standard Class,JD-16150,Justin Deggeller,Corporate,United States,Twin Falls,Idaho,83301,West,FUR-TA-10003473,Furniture,Tables,Bretford Rectangular Conference Table Tops,1128.39,3,0.0,259.5297
1828,CA-2016-109344,2/8/2016,2/11/2016,Second Class,CH-12070,Cathy Hwang,Home Office,United States,Raleigh,North Carolina,27604,South,TEC-PH-10002624,Technology,Phones,Samsung Galaxy S4 Mini,1127.976,3,0.2,126.8973
519,CA-2017-127432,1/22/2017,1/27/2017,Standard Class,AD-10180,Alan Dominguez,Home Office,United States,Great Falls,Montana,59405,West,OFF-ST-10004459,Office Supplies,Storage,Tennsco Single-Tier Lockers,1126.02,3,0.0,56.301
4889,CA-2016-163167,11/28/2016,12/1/2016,Second Class,RF-19345,Randy Ferguson,Corporate,United States,Marietta,Georgia,30062,South,OFF-ST-10004459,Office Supplies,Storage,Tennsco Single-Tier Lockers,1126.02,3,0.0,56.301
9566,CA-2014-130428,3/31/2014,3/31/2014,Same Day,TG-21640,Trudy Glocke,Consumer,United States,Tampa,Florida,33614,South,FUR-CH-10002965,Furniture,Chairs,"Global Leather Highback Executive Chair with Pneumatic Height Adjustment, Black",1125.488,7,0.2,98.4802
3119,CA-2015-121720,6/11/2015,6/12/2015,First Class,JE-15610,Jim Epp,Corporate,United States,Lakeland,Florida,33801,South,FUR-CH-10003312,Furniture,Chairs,Hon 2090 Pillow Soft Series Mid Back Swivel/Tilt Chairs,1123.92,5,0.2,-182.637
9144,US-2017-166688,5/20/2017,5/26/2017,Standard Class,RD-19480,Rick Duston,Consumer,United States,Las Vegas,Nevada,89115,West,TEC-PH-10004094,Technology,Phones,Motorola L703CM,1123.128,9,0.2,70.1955
552,CA-2016-136406,4/15/2016,4/17/2016,Second Class,BD-11320,Bill Donatelli,Consumer,United States,San Francisco,California,94110,West,FUR-CH-10002024,Furniture,Chairs,HON 5400 Series Task Chairs for Big and Tall,1121.568,2,0.2,0.0
2274,CA-2015-142944,3/6/2015,3/11/2015,Standard Class,JL-15850,John Lucas,Consumer,United States,San Francisco,California,94122,West,TEC-CO-10003763,Technology,Copiers,Canon PC1060 Personal Laser Copier,1119.984,2,0.2,377.9946
8936,CA-2017-130036,8/27/2017,8/27/2017,Same Day,BP-11185,Ben Peterman,Corporate,United States,Philadelphia,Pennsylvania,19120,East,TEC-AC-10001908,Technology,Accessories,Logitech Wireless Headset h800,1119.888,14,0.2,209.979
2511,CA-2016-136812,11/18/2016,11/23/2016,Standard Class,AW-10930,Arthur Wiediger,Home Office,United States,Oklahoma City,Oklahoma,73120,Central,OFF-ST-10003470,Office Supplies,Storage,"Tennsco Snap-Together Open Shelving Units, Starter Sets and Add-On Units",1117.92,4,0.0,55.896
4727,CA-2014-119151,11/25/2014,11/29/2014,Second Class,MP-18175,Mike Pelletier,Home Office,United States,New York City,New York,10009,East,OFF-ST-10003470,Office Supplies,Storage,"Tennsco Snap-Together Open Shelving Units, Starter Sets and Add-On Units",1117.92,4,0.0,55.896
4897,CA-2016-135776,12/23/2016,12/30/2016,Standard Class,EH-13765,Edward Hooks,Corporate,United States,Seattle,Washington,98103,West,OFF-ST-10003470,Office Supplies,Storage,"Tennsco Snap-Together Open Shelving Units, Starter Sets and Add-On Units",1117.92,4,0.0,55.896
6688,CA-2015-165162,5/14/2015,5/21/2015,Standard Class,HG-15025,Hunter Glantz,Consumer,United States,Los Angeles,California,90032,West,OFF-ST-10003470,Office Supplies,Storage,"Tennsco Snap-Together Open Shelving Units, Starter Sets and Add-On Units",1117.92,4,0.0,55.896
2405,CA-2017-108574,10/7/2017,10/11/2017,Standard Class,MG-18145,Mike Gockenbach,Consumer,United States,Los Angeles,California,90045,West,TEC-AC-10002049,Technology,Accessories,Logitech G19 Programmable Gaming Keyboard,1115.91,9,0.0,200.8638
9060,CA-2016-132304,6/14/2016,6/18/2016,Standard Class,AR-10825,Anthony Rawles,Corporate,United States,Seattle,Washington,98103,West,FUR-TA-10004619,Furniture,Tables,Hon Non-Folding Utility Tables,1115.17,7,0.0,334.551
282,US-2015-161991,9/26/2015,9/28/2015,Second Class,SC-20725,Steven Cartwright,Consumer,United States,Houston,Texas,77070,Central,TEC-PH-10001760,Technology,Phones,Bose SoundLink Bluetooth Speaker,1114.4,7,0.2,376.11
943,CA-2016-142958,12/13/2016,12/20/2016,Standard Class,RW-19630,Rob Williams,Corporate,United States,Torrance,California,90503,West,FUR-TA-10000577,Furniture,Tables,Bretford CR4500 Series Slim Rectangular Table,1114.272,4,0.2,41.7852
1049,CA-2014-139192,5/27/2014,6/1/2014,Second Class,LC-16885,Lena Creighton,Consumer,United States,San Francisco,California,94109,West,TEC-PH-10000486,Technology,Phones,Plantronics HL10 Handset Lifter,1113.504,12,0.2,125.2692
68,CA-2014-106376,12/5/2014,12/10/2014,Standard Class,BS-11590,Brendan Sweed,Corporate,United States,Gilbert,Arizona,85234,West,OFF-AR-10002671,Office Supplies,Art,"Hunt BOSTON Model 1606 High-Volume Electric Pencil Sharpener, Beige",1113.024,8,0.2,111.3024
9173,US-2016-155768,12/1/2016,12/1/2016,Same Day,LB-16795,Laurel Beltran,Home Office,United States,Oxnard,California,93030,West,OFF-ST-10002292,Office Supplies,Storage,"Sauder Facets Collection Locker/File Cabinet, Sky Alder Finish",1112.94,3,0.0,222.588
1082,CA-2015-110016,11/29/2015,12/4/2015,Standard Class,BT-11395,Bill Tyler,Corporate,United States,Detroit,Michigan,48227,Central,FUR-CH-10002880,Furniture,Chairs,"Global High-Back Leather Tilter, Burgundy",1106.91,9,0.0,121.7601
4284,CA-2014-103100,12/20/2014,12/23/2014,First Class,AB-10105,Adrian Barton,Consumer,United States,Indianapolis,Indiana,46203,Central,OFF-BI-10004600,Office Supplies,Binders,Ibico Ibimaster 300 Manual Binding System,1103.97,3,0.0,496.7865
2477,CA-2016-114972,11/3/2016,11/6/2016,First Class,PF-19225,Phillip Flathmann,Consumer,United States,Los Angeles,California,90032,West,OFF-AP-10003057,Office Supplies,Appliances,Honeywell Enviracaire Portable HEPA Air Cleaner for 16' x 20' Room,1101.48,4,0.0,429.5772
1253,CA-2015-154956,7/4/2015,7/9/2015,Standard Class,IM-15070,Irene Maddox,Consumer,United States,Milwaukee,Wisconsin,53209,Central,TEC-PH-10004165,Technology,Phones,Mitel MiVoice 5330e IP Phone,1099.96,4,0.0,285.9896
9430,CA-2015-166219,8/28/2015,9/1/2015,Standard Class,BP-11185,Ben Peterman,Corporate,United States,Dallas,Texas,75081,Central,TEC-PH-10004165,Technology,Phones,Mitel MiVoice 5330e IP Phone,1099.96,5,0.2,82.497
5926,CA-2017-150420,6/3/2017,6/8/2017,Standard Class,GD-14590,Giulietta Dortch,Corporate,United States,Bellingham,Washington,98226,West,TEC-AC-10004975,Technology,Accessories,Plantronics Audio 995 Wireless Stereo Headset,1099.5,10,0.0,362.835
36,CA-2016-117590,12/8/2016,12/10/2016,First Class,GH-14485,Gene Hale,Corporate,United States,Richardson,Texas,75080,Central,TEC-PH-10004977,Technology,Phones,GE 30524EE4,1097.544,7,0.2,123.4737
9505,CA-2016-113607,10/14/2016,10/18/2016,Standard Class,PW-19030,Pauline Webber,Corporate,United States,New York City,New York,10009,East,TEC-PH-10004094,Technology,Phones,Motorola L703CM,1091.93,7,0.0,272.9825
3392,CA-2014-166471,8/9/2014,8/13/2014,Standard Class,MG-17650,Matthew Grinstein,Home Office,United States,Seattle,Washington,98103,West,TEC-PH-10001530,Technology,Phones,Cisco Unified IP Phone 7945G VoIP phone,1091.168,4,0.2,68.198
9235,CA-2016-126732,9/2/2016,9/6/2016,Standard Class,LR-16915,Lena Radford,Consumer,United States,Los Angeles,California,90036,West,TEC-PH-10001530,Technology,Phones,Cisco Unified IP Phone 7945G VoIP phone,1091.168,4,0.2,68.198
1003,CA-2015-124891,7/31/2015,7/31/2015,Same Day,RH-19495,Rick Hansen,Consumer,United States,New York City,New York,10024,East,FUR-TA-10002903,Furniture,Tables,"Bevis Round Bullnose 29"" High Table Top",1090.782,7,0.4,-290.8752
1376,CA-2014-126361,8/4/2014,8/9/2014,Second Class,VD-21670,Valerie Dominguez,Consumer,United States,Pleasant Grove,Utah,84062,West,OFF-AP-10003590,Office Supplies,Appliances,Hoover WindTunnel Plus Canister Vacuum,1089.75,3,0.0,305.13
5729,CA-2017-117324,12/8/2017,12/13/2017,Standard Class,JP-15520,Jeremy Pistek,Consumer,United States,Madison,Wisconsin,53711,Central,OFF-AP-10003590,Office Supplies,Appliances,Hoover WindTunnel Plus Canister Vacuum,1089.75,3,0.0,305.13
1200,CA-2016-130946,4/8/2016,4/12/2016,Standard Class,ZC-21910,Zuschuss Carroll,Consumer,United States,Houston,Texas,77041,Central,OFF-BI-10004995,Office Supplies,Binders,GBC DocuBind P400 Electric Binding System,1088.792,4,0.8,-1850.9464
2819,CA-2015-104626,9/1/2015,9/8/2015,Standard Class,DR-12940,Daniel Raglin,Home Office,United States,Franklin,Massachusetts,2038,East,OFF-ST-10003208,Office Supplies,Storage,Adjustable Depth Letter/Legal Cart,1088.76,6,0.0,315.7404
9926,CA-2015-159534,3/20/2015,3/23/2015,First Class,DH-13075,Dave Hallsten,Corporate,United States,New York City,New York,10035,East,OFF-BI-10003656,Office Supplies,Binders,Fellowes PB200 Plastic Comb Binding Machine,1087.936,8,0.2,353.5792
3787,CA-2016-144218,10/31/2016,11/4/2016,Standard Class,JD-15895,Jonathan Doherty,Corporate,United States,Los Angeles,California,90045,West,OFF-ST-10002615,Office Supplies,Storage,"Dual Level, Single-Width Filing Carts",1085.42,7,0.0,282.2092
8275,CA-2017-164112,6/30/2017,7/4/2017,Standard Class,ND-18460,Neil Ducich,Corporate,United States,Mount Vernon,New York,10550,East,OFF-ST-10002615,Office Supplies,Storage,"Dual Level, Single-Width Filing Carts",1085.42,7,0.0,282.2092
9867,US-2015-116981,3/26/2015,3/28/2015,Second Class,SM-20950,Suzanne McNair,Corporate,United States,New York City,New York,10009,East,OFF-ST-10002615,Office Supplies,Storage,"Dual Level, Single-Width Filing Carts",1085.42,7,0.0,282.2092
300,CA-2016-142545,10/28/2016,11/3/2016,Standard Class,JD-15895,Jonathan Doherty,Corporate,United States,Belleville,New Jersey,7109,East,OFF-ST-10002756,Office Supplies,Storage,"Tennsco Stur-D-Stor Boltless Shelving, 5 Shelves, 24"" Deep, Sand",1082.48,8,0.0,10.8248
9713,CA-2014-114251,11/5/2014,11/10/2014,Standard Class,MD-17350,Maribeth Dona,Consumer,United States,Philadelphia,Pennsylvania,19143,East,OFF-ST-10003716,Office Supplies,Storage,Tennsco Double-Tier Lockers,1080.096,6,0.2,-94.5084
8124,CA-2014-138128,12/9/2014,12/15/2014,Standard Class,FP-14320,Frank Preis,Consumer,United States,Philadelphia,Pennsylvania,19134,East,TEC-CO-10001766,Technology,Copiers,Canon PC940 Copier,1079.976,4,0.4,125.9972
9579,CA-2017-152975,9/14/2017,9/16/2017,First Class,RB-19705,Roger Barcio,Home Office,United States,New York City,New York,10035,East,TEC-PH-10004586,Technology,Phones,Wilson SignalBoost 841262 DB PRO Amplifier Kit,1079.85,3,0.0,323.955
9289,US-2017-165456,11/30/2017,12/3/2017,First Class,TB-21625,Trudy Brown,Consumer,United States,Philadelphia,Pennsylvania,19134,East,FUR-CH-10003981,Furniture,Chairs,Global Commerce Series Low-Back Swivel/Tilt Chairs,1079.316,6,0.3,-15.4188
2794,CA-2014-154599,4/12/2014,4/17/2014,Standard Class,KN-16450,Kean Nguyen,Corporate,United States,Redondo Beach,California,90278,West,TEC-PH-10001557,Technology,Phones,Pyle PMP37LED,1075.088,14,0.2,94.0702
2359,US-2014-148838,3/17/2014,3/21/2014,Standard Class,CP-12340,Christine Phan,Corporate,United States,New York City,New York,10024,East,FUR-TA-10001950,Furniture,Tables,Balt Solid Wood Round Tables,1071.576,4,0.4,-553.6476
9408,CA-2017-162789,9/22/2017,9/24/2017,Second Class,LC-17140,Logan Currie,Consumer,United States,New York City,New York,10035,East,TEC-AC-10002842,Technology,Accessories,WD My Passport Ultra 2TB Portable External Hard Drive,1071.0,9,0.0,171.36
1127,US-2014-147627,1/20/2014,1/26/2014,Standard Class,HL-15040,Hunter Lopez,Consumer,United States,Jonesboro,Arkansas,72401,South,FUR-CH-10002331,Furniture,Chairs,Hon 4700 Series Mobuis Mid-Back Task Chairs with Adjustable Arms,1067.94,3,0.0,224.2674
6845,CA-2016-123946,9/12/2016,9/17/2016,Standard Class,AJ-10795,Anthony Johnson,Corporate,United States,Springfield,Virginia,22153,South,FUR-CH-10002073,Furniture,Chairs,Hon Olson Stacker Chairs,1059.12,4,0.0,307.1448
3819,CA-2015-102582,9/15/2015,9/19/2015,Standard Class,NW-18400,Natalie Webber,Consumer,United States,Mobile,Alabama,36608,South,FUR-CH-10004853,Furniture,Chairs,"Global Manager's Adjustable Task Chair, Storm",1056.86,7,0.0,306.4894
8555,CA-2016-102092,12/9/2016,12/11/2016,First Class,PM-18940,Paul MacIntyre,Consumer,United States,Springfield,Virginia,22153,South,FUR-TA-10002530,Furniture,Tables,"Iceberg OfficeWorks 42"" Round Tables",1056.86,7,0.0,158.529
7489,US-2015-134558,12/19/2015,12/24/2015,Second Class,PM-19135,Peter McVee,Home Office,United States,Dover,New Hampshire,3820,East,FUR-TA-10003473,Furniture,Tables,Bretford Rectangular Conference Table Tops,1053.164,4,0.3,-105.3164
3834,CA-2014-105984,11/24/2014,11/24/2014,Same Day,MY-18295,Muhammed Yedwab,Corporate,United States,Columbus,Ohio,43229,East,TEC-PH-10000560,Technology,Phones,Samsung Galaxy S III - 16GB - pebble blue (T-Mobile),1049.97,5,0.4,-209.994
5684,CA-2014-164315,4/2/2014,4/8/2014,Standard Class,RD-19585,Rob Dowd,Consumer,United States,Athens,Georgia,30605,South,TEC-PH-10001128,Technology,Phones,Motorola Droid Maxx,1049.93,7,0.0,293.9804
6576,CA-2017-123085,3/3/2017,3/8/2017,Standard Class,EJ-13720,Ed Jacobs,Consumer,United States,Los Angeles,California,90008,West,TEC-AC-10000990,Technology,Accessories,Imation Bio 2GB USB Flash Drive Imation Corp,1049.44,8,0.0,440.7648
639,CA-2016-115917,5/20/2016,5/25/2016,Standard Class,RB-19465,Rick Bensley,Home Office,United States,Vallejo,California,94591,West,FUR-FU-10000576,Furniture,Furnishings,Luxo Professional Fluorescent Magnifier Lamp with Clamp-Mount Base,1049.2,5,0.0,272.792
4247,CA-2017-117702,11/28/2017,12/4/2017,Standard Class,LS-16975,Lindsay Shagiari,Home Office,United States,Baltimore,Maryland,21215,East,FUR-FU-10000576,Furniture,Furnishings,Luxo Professional Fluorescent Magnifier Lamp with Clamp-Mount Base,1049.2,5,0.0,272.792
1728,US-2017-164056,4/29/2017,5/4/2017,Second Class,FM-14215,Filia McAdams,Corporate,United States,Dublin,Ohio,43017,East,FUR-TA-10001307,Furniture,Tables,"SAFCO PlanMaster Heigh-Adjustable Drafting Table Base, 43w x 30d x 30-37h, Black",1048.35,5,0.4,-69.89
25,CA-2015-106320,9/25/2015,9/30/2015,Standard Class,EB-13870,Emily Burns,Consumer,United States,Orem,Utah,84057,West,FUR-TA-10000577,Furniture,Tables,Bretford CR4500 Series Slim Rectangular Table,1044.63,3,0.0,240.2649
1563,US-2017-102890,6/30/2017,6/30/2017,Same Day,SG-20470,Sheri Gordon,Consumer,United States,New York City,New York,10011,East,FUR-TA-10000577,Furniture,Tables,Bretford CR4500 Series Slim Rectangular Table,1044.63,5,0.4,-295.9785
370,CA-2016-155516,10/21/2016,10/21/2016,Same Day,MK-17905,Michael Kennedy,Corporate,United States,Manchester,Connecticut,6040,East,FUR-BO-10002545,Furniture,Bookcases,"Atlantic Metals Mobile 3-Shelf Bookcases, Custom Colors",1043.92,4,0.0,271.4192
5616,CA-2016-158001,8/23/2016,8/27/2016,Standard Class,JP-15460,Jennifer Patt,Corporate,United States,New York City,New York,10035,East,OFF-AP-10002118,Office Supplies,Appliances,"1.7 Cubic Foot Compact ""Cube"" Office Refrigerators",1040.8,5,0.0,281.016
6364,CA-2017-110443,11/21/2017,11/25/2017,Standard Class,CK-12205,Chloris Kastensmidt,Consumer,United States,Renton,Washington,98059,West,TEC-MA-10002073,Technology,Machines,"3D Systems Cube Printer, 2nd Generation, White",1039.992,1,0.2,103.9992
7770,CA-2016-155978,8/1/2016,8/1/2016,Same Day,TS-21205,Thomas Seio,Corporate,United States,Riverside,California,92503,West,TEC-PH-10002885,Technology,Phones,Apple iPhone 5,1039.728,2,0.2,90.9762
283,CA-2015-130890,11/2/2015,11/6/2015,Standard Class,JO-15280,Jas O'Carroll,Consumer,United States,Los Angeles,California,90004,West,FUR-TA-10002903,Furniture,Tables,"Bevis Round Bullnose 29"" High Table Top",1038.84,5,0.2,51.942
3125,CA-2015-121720,6/11/2015,6/12/2015,First Class,JE-15610,Jim Epp,Corporate,United States,Lakeland,Florida,33801,South,OFF-ST-10001780,Office Supplies,Storage,Tennsco 16-Compartment Lockers with Coat Rack,1036.624,2,0.2,51.8312
7456,CA-2016-137743,7/30/2016,8/4/2016,Standard Class,KH-16360,Katherine Hughes,Consumer,United States,Chicago,Illinois,60623,Central,OFF-ST-10001780,Office Supplies,Storage,Tennsco 16-Compartment Lockers with Coat Rack,1036.624,2,0.2,51.8312
8478,CA-2015-145758,10/30/2015,10/30/2015,Same Day,BF-11020,Barry Französisch,Corporate,United States,New York City,New York,10024,East,TEC-MA-10004552,Technology,Machines,Star Micronics TSP100 TSP143LAN Receipt Printer,1035.8,4,0.0,269.308
55,CA-2016-105816,12/11/2016,12/17/2016,Standard Class,JM-15265,Janet Molinari,Corporate,United States,New York City,New York,10024,East,TEC-PH-10002447,Technology,Phones,AT&T CL83451 4-Handset Telephone,1029.95,5,0.0,298.6855
5395,US-2014-123183,11/19/2014,11/25/2014,Standard Class,GR-14560,Georgia Rosenberg,Corporate,United States,Wilmington,Delaware,19805,East,FUR-BO-10000362,Furniture,Bookcases,Sauder Inglewood Library Bookcases,1025.88,6,0.0,235.9524
1464,CA-2016-152289,8/26/2016,8/28/2016,First Class,LC-16930,Linda Cazamias,Corporate,United States,Pasadena,Texas,77506,Central,FUR-CH-10002126,Furniture,Chairs,Hon Deluxe Fabric Upholstered Stacking Chairs,1024.716,6,0.3,-29.2776
1989,CA-2015-127509,11/9/2015,11/13/2015,Standard Class,AS-10090,Adam Shillingsburg,Consumer,United States,Springfield,Missouri,65807,Central,FUR-TA-10002855,Furniture,Tables,Bevis Round Conference Table Top & Single Column Base,1024.38,7,0.0,215.1198
374,US-2014-119137,7/23/2014,7/27/2014,Standard Class,AG-10900,Arthur Gainer,Consumer,United States,Tucson,Arizona,85705,West,TEC-AC-10003911,Technology,Accessories,NETGEAR AC1750 Dual Band Gigabit Smart WiFi Router,1023.936,8,0.2,179.1888
9788,CA-2017-144491,3/27/2017,4/1/2017,Standard Class,CJ-12010,Caroline Jumper,Consumer,United States,Houston,Texas,77070,Central,FUR-BO-10001811,Furniture,Bookcases,"Atlantic Metals Mobile 5-Shelf Bookcases, Custom Colors",1023.332,5,0.32,-30.098
3045,CA-2015-135174,4/30/2015,5/2/2015,Second Class,BP-11230,Benjamin Patterson,Consumer,United States,Troy,Ohio,45373,East,TEC-PH-10001530,Technology,Phones,Cisco Unified IP Phone 7945G VoIP phone,1022.97,5,0.4,-255.7425
1670,US-2015-157154,1/10/2015,1/15/2015,Standard Class,MM-17920,Michael Moore,Consumer,United States,New York City,New York,10011,East,FUR-TA-10001889,Furniture,Tables,Bush Advantage Collection Racetrack Conference Table,1018.104,4,0.4,-373.3048
2240,CA-2016-146633,11/15/2016,11/17/2016,Second Class,TG-21310,Toby Gnade,Consumer,United States,Los Angeles,California,90049,West,OFF-BI-10003527,Office Supplies,Binders,Fellowes PB500 Electric Punch Plastic Comb Binding Machine with Manual Bind,1016.792,1,0.2,381.297
3769,CA-2014-153913,12/16/2014,12/20/2014,Second Class,KB-16585,Ken Black,Corporate,United States,Hialeah,Florida,33012,South,FUR-CH-10000988,Furniture,Chairs,Hon Olson Stacker Stools,1013.832,9,0.2,101.3832
2877,US-2016-167339,1/21/2016,1/23/2016,Second Class,TD-20995,Tamara Dahlen,Consumer,United States,San Diego,California,92037,West,FUR-CH-10000785,Furniture,Chairs,Global Ergonomic Managers Chair,1013.488,7,0.2,76.0116
7082,CA-2016-106950,9/2/2016,9/6/2016,Standard Class,JE-15715,Joe Elijah,Consumer,United States,Charlotte,North Carolina,28205,South,TEC-AC-10002049,Technology,Accessories,Plantronics Savi W720 Multi-Device Wireless Headset System,1012.68,3,0.2,303.804
437,CA-2016-147375,6/12/2016,6/14/2016,Second Class,PO-19180,Philisse Overcash,Home Office,United States,Chicago,Illinois,60623,Central,TEC-MA-10002937,Technology,Machines,"Canon Color ImageCLASS MF8580Cdw Wireless Laser All-In-One Printer, Copier, Scanner",1007.979,3,0.3,43.1991
6579,CA-2014-103660,8/25/2014,8/30/2014,Standard Class,MW-18220,Mitch Webber,Consumer,United States,Seattle,Washington,98103,West,TEC-PH-10000895,Technology,Phones,Polycom VVX 310 VoIP phone,1007.944,7,0.2,75.5958
949,US-2017-110576,11/28/2017,12/2/2017,Standard Class,RB-19795,Ross Baird,Home Office,United States,Philadelphia,Pennsylvania,19120,East,FUR-FU-10000576,Furniture,Furnishings,Luxo Professional Fluorescent Magnifier Lamp with Clamp-Mount Base,1007.232,6,0.2,75.5424
1631,CA-2016-106530,5/8/2016,5/8/2016,Same Day,CL-12565,Clay Ludtke,Consumer,United States,Cleveland,Ohio,44105,East,OFF-ST-10002011,Office Supplies,Storage,Smead Adjustable Mobile File Trolley with Lockable Top,1006.056,3,0.2,88.0299
1506,CA-2015-153388,8/1/2015,8/7/2015,Standard Class,PC-19000,Pauline Chand,Home Office,United States,Los Angeles,California,90004,West,FUR-TA-10003715,Furniture,Tables,Hon 2111 Invitation Series Corner Table,1004.976,6,0.2,-175.8708
409,CA-2017-117457,12/8/2017,12/12/2017,Standard Class,KH-16510,Keith Herrera,Consumer,United States,San Francisco,California,94110,West,FUR-TA-10002041,Furniture,Tables,"Bevis Round Conference Table Top, X-Base",1004.024,7,0.2,-112.9527
2482,CA-2017-147956,12/24/2017,12/31/2017,Standard Class,AH-10210,Alan Hwang,Consumer,United States,Seattle,Washington,98105,West,OFF-ST-10001097,Office Supplies,Storage,Office Impressions Heavy Duty Welded Shelving & Multimedia Storage Drawers,1003.62,6,0.0,0.0
5157,CA-2017-163006,6/30/2017,7/4/2017,Second Class,GH-14410,Gary Hansen,Home Office,United States,Chicago,Illinois,60653,Central,TEC-PH-10002584,Technology,Phones,Samsung Galaxy S4,1001.584,2,0.2,125.198
6908,CA-2016-140249,9/27/2016,10/3/2016,Standard Class,SW-20455,Shaun Weien,Consumer,United States,Seattle,Washington,98103,West,TEC-PH-10002584,Technology,Phones,Samsung Galaxy S4,1001.584,2,0.2,125.198
1614,CA-2017-138380,12/21/2017,12/25/2017,Standard Class,YS-21880,Yana Sorensen,Corporate,United States,Oakland,California,94601,West,OFF-ST-10003306,Office Supplies,Storage,Letter Size Cart,1000.02,7,0.0,290.0058
6211,CA-2017-119809,8/18/2017,8/25/2017,Standard Class,YS-21880,Yana Sorensen,Corporate,United States,Seattle,Washington,98103,West,OFF-ST-10003306,Office Supplies,Storage,Letter Size Cart,1000.02,7,0.0,290.0058
4073,CA-2015-156104,12/6/2015,12/8/2015,Second Class,NP-18685,Nora Pelletier,Home Office,United States,Indianapolis,Indiana,46203,Central,TEC-CO-10002095,Technology,Copiers,Hewlett Packard 610 Color Digital Copier / Printer,999.98,2,0.0,449.991
8179,CA-2016-166429,9/2/2016,9/8/2016,Standard Class,TG-21310,Toby Gnade,Consumer,United States,Des Moines,Washington,98198,West,TEC-CO-10002095,Technology,Copiers,Hewlett Packard 610 Color Digital Copier / Printer,999.98,2,0.0,449.991
2814,CA-2015-135685,11/16/2015,11/18/2015,Second Class,MP-18175,Mike Pelletier,Home Office,United States,Milwaukee,Wisconsin,53209,Central,TEC-AC-10004145,Technology,Accessories,Logitech diNovo Edge Keyboard,999.96,4,0.0,229.9908
660,CA-2015-146563,8/24/2015,8/28/2015,Standard Class,CB-12025,Cassandra Brandow,Consumer,United States,Arlington,Texas,76017,Central,OFF-ST-10001490,Office Supplies,Storage,"Hot File 7-Pocket, Floor Stand",999.432,7,0.2,124.929
8573,CA-2014-121629,11/28/2014,12/2/2014,Standard Class,BT-11680,Brian Thompson,Consumer,United States,Houston,Texas,77041,Central,TEC-MA-10004679,Technology,Machines,StarTech.com 10/100 VDSL2 Ethernet Extender Kit,998.85,5,0.4,-199.77
9943,CA-2014-143371,12/28/2014,1/3/2015,Standard Class,MD-17350,Maribeth Dona,Consumer,United States,Anaheim,California,92804,West,OFF-ST-10001128,Office Supplies,Storage,"Carina Mini System Audio Rack, Model AR050B",998.82,9,0.0,29.9646
2142,CA-2014-159520,6/6/2014,6/11/2014,Standard Class,GT-14635,Grant Thornton,Corporate,United States,Long Beach,New York,11561,East,FUR-TA-10003238,Furniture,Tables,"Chromcraft Bull-Nose Wood 48"" x 96"" Rectangular Conference Tables",991.764,3,0.4,-347.1174
3824,CA-2015-140984,9/14/2015,9/18/2015,Standard Class,CC-12685,Craig Carroll,Consumer,United States,New York City,New York,10011,East,OFF-ST-10000585,Office Supplies,Storage,Economy Rollaway Files,991.2,6,0.0,257.712
7251,CA-2015-158491,6/4/2015,6/9/2015,Second Class,BP-11155,Becky Pak,Consumer,United States,Los Angeles,California,90008,West,TEC-AC-10003870,Technology,Accessories,Logitech Z-906 Speaker sys - home theater - 5.1-CH,989.97,3,0.0,395.988
3078,CA-2014-143903,7/20/2014,7/24/2014,Standard Class,KM-16375,Katherine Murray,Home Office,United States,Dallas,Texas,75217,Central,FUR-CH-10002024,Furniture,Chairs,HON 5400 Series Task Chairs for Big and Tall,981.372,2,0.3,-140.196
534,CA-2016-168753,5/29/2016,6/1/2016,Second Class,RL-19615,Rob Lucas,Consumer,United States,Montgomery,Alabama,36116,South,TEC-PH-10000984,Technology,Phones,Panasonic KX-TG9471B,979.95,5,0.0,274.386
1586,CA-2015-131338,8/9/2015,8/12/2015,First Class,NP-18325,Naresj Patel,Consumer,United States,New York City,New York,10024,East,TEC-PH-10000984,Technology,Phones,Panasonic KX-TG9471B,979.95,5,0.0,274.386
7320,CA-2017-100097,11/26/2017,11/29/2017,Second Class,MN-17935,Michael Nguyen,Consumer,United States,New York City,New York,10009,East,TEC-PH-10002310,Technology,Phones,Plantronics Calisto P620-M USB Wireless Speakerphone System,979.95,5,0.0,264.5865
9728,CA-2017-167395,12/2/2017,12/4/2017,First Class,KM-16720,Kunst Miller,Consumer,United States,Lowell,Massachusetts,1852,East,TEC-PH-10004977,Technology,Phones,GE 30524EE4,979.95,5,0.0,284.1855
4069,CA-2014-102673,11/1/2014,11/5/2014,Standard Class,KH-16630,Ken Heidel,Corporate,United States,Charlotte,North Carolina,28205,South,TEC-PH-10004434,Technology,Phones,Cisco IP Phone 7961G VoIP phone - Dark gray,978.84,9,0.2,110.1195
1493,CA-2017-166436,11/24/2017,11/28/2017,Standard Class,TS-21370,Todd Sumrall,Corporate,United States,New York City,New York,10035,East,FUR-CH-10000785,Furniture,Chairs,Global Ergonomic Managers Chair,977.292,6,0.1,173.7408
4851,CA-2014-107818,9/8/2014,9/14/2014,Standard Class,MC-17275,Marc Crier,Consumer,United States,Pasco,Washington,99301,West,FUR-CH-10000454,Furniture,Chairs,"Hon Deluxe Fabric Upholstered Stacking Chairs, Rounded Back",975.92,5,0.2,121.99
4881,CA-2017-143567,11/2/2017,11/5/2017,Second Class,TB-21175,Thomas Boland,Corporate,United States,Henderson,Kentucky,42420,South,FUR-CH-10000454,Furniture,Chairs,"Hon Deluxe Fabric Upholstered Stacking Chairs, Rounded Back",975.92,4,0.0,292.776
6439,US-2017-113992,12/14/2017,12/19/2017,Standard Class,LC-16885,Lena Creighton,Consumer,United States,Plano,Texas,75023,Central,FUR-TA-10000577,Furniture,Tables,Bretford CR4500 Series Slim Rectangular Table,974.988,4,0.3,-97.4988
7150,CA-2015-166583,6/26/2015,6/30/2015,Standard Class,VD-21670,Valerie Dominguez,Consumer,United States,Houston,Texas,77070,Central,TEC-PH-10001578,Technology,Phones,Polycom SoundStation2 EX Conference phone,971.88,3,0.2,109.3365
4402,CA-2016-131737,3/17/2016,3/17/2016,Same Day,GZ-14470,Gary Zandusky,Consumer,United States,Columbia,Maryland,21044,East,FUR-FU-10004306,Furniture,Furnishings,Electrix Halogen Magnifier Lamp,971.5,5,0.0,252.59
8569,CA-2016-162390,12/6/2016,12/12/2016,Standard Class,DP-13105,Dave Poirier,Corporate,United States,Hempstead,New York,11550,East,OFF-BI-10004318,Office Supplies,Binders,Ibico EB-19 Dual Function Manual Binding System,968.744,7,0.2,314.8418
5291,CA-2014-146283,9/8/2014,9/15/2014,Standard Class,KT-16465,Kean Takahito,Consumer,United States,Houston,Texas,77036,Central,FUR-CH-10004287,Furniture,Chairs,SAFCO Arco Folding Chair,966.7,5,0.3,-13.81
4442,US-2016-111290,7/22/2016,7/26/2016,Standard Class,DK-13375,Dennis Kane,Consumer,United States,Westland,Michigan,48185,Central,OFF-ST-10001932,Office Supplies,Storage,Fellowes Staxonsteel Drawer Files,965.85,5,0.0,135.219
3146,CA-2017-131828,2/11/2017,2/13/2017,Second Class,CS-11845,Cari Sayre,Corporate,United States,Seattle,Washington,98105,West,FUR-CH-10004495,Furniture,Chairs,"Global Leather and Oak Executive Chair, Black",963.136,4,0.2,108.3528
6487,CA-2015-120621,3/21/2015,3/26/2015,Standard Class,JW-16075,Julia West,Consumer,United States,Jacksonville,North Carolina,28540,South,OFF-AP-10002945,Office Supplies,Appliances,Honeywell Enviracaire Portable HEPA Air Cleaner for 17' x 22' Room,962.08,4,0.2,156.338
289,CA-2016-112697,12/18/2016,12/20/2016,Second Class,AH-10195,Alan Haines,Corporate,United States,Tamarac,Florida,33319,South,OFF-SU-10000646,Office Supplies,Supplies,Premier Automatic Letter Opener,961.48,5,0.2,-204.3145
336,CA-2015-137946,9/1/2015,9/4/2015,Second Class,DB-13615,Doug Bickford,Consumer,United States,Los Angeles,California,90045,West,TEC-CO-10001449,Technology,Copiers,Hewlett Packard LaserJet 3310 Copier,959.984,2,0.2,335.9944
5569,CA-2017-157966,3/13/2017,3/13/2017,Same Day,SU-20665,Stephanie Ulpright,Home Office,United States,Chicago,Illinois,60610,Central,TEC-CO-10001449,Technology,Copiers,Hewlett Packard LaserJet 3310 Copier,959.984,2,0.2,335.9944
8821,CA-2017-100622,11/3/2017,11/7/2017,Standard Class,DK-13090,Dave Kipp,Consumer,United States,Orlando,Florida,32839,South,TEC-CO-10003236,Technology,Copiers,Canon Image Class D660 Copier,959.984,2,0.2,311.9948
2898,US-2016-164630,1/4/2016,1/9/2016,Standard Class,EB-13975,Erica Bern,Corporate,United States,Charlotte,North Carolina,28205,South,TEC-CO-10000971,Technology,Copiers,Hewlett Packard 310 Color Digital Copier,959.968,4,0.2,119.996
4,US-2015-108966,10/11/2015,10/18/2015,Standard Class,SO-20335,Sean O'Donnell,Consumer,United States,Fort Lauderdale,Florida,33311,South,FUR-TA-10000577,Furniture,Tables,Bretford CR4500 Series Slim Rectangular Table,957.5775,5,0.45,-383.031
2404,US-2016-110170,9/27/2016,10/3/2016,Standard Class,HM-14860,Harry Marie,Corporate,United States,Huntsville,Texas,77340,Central,FUR-BO-10000780,Furniture,Bookcases,O'Sullivan Plantations 2-Door Library in Landvery Oak,956.6648,7,0.32,-225.0976
4267,US-2016-131611,11/5/2016,11/9/2016,Standard Class,EP-13915,Emily Phan,Consumer,United States,Houston,Texas,77036,Central,FUR-BO-10000780,Furniture,Bookcases,O'Sullivan Plantations 2-Door Library in Landvery Oak,956.6648,7,0.32,-225.0976
4720,CA-2015-142601,4/18/2015,4/20/2015,Second Class,DE-13255,Deanra Eno,Home Office,United States,Los Angeles,California,90004,West,OFF-ST-10002756,Office Supplies,Storage,"Tennsco Stur-D-Stor Boltless Shelving, 5 Shelves, 24"" Deep, Sand",947.17,7,0.0,9.4717
9232,CA-2014-148383,12/27/2014,12/31/2014,Standard Class,RP-19390,Resi Pölking,Consumer,United States,Phoenix,Arizona,85023,West,OFF-BI-10003650,Office Supplies,Binders,GBC DocuBind 300 Electric Binding Machine,946.764,6,0.7,-694.2936
1417,CA-2015-126697,9/21/2015,9/24/2015,First Class,SV-20815,Stuart Van,Corporate,United States,Houston,Texas,77041,Central,TEC-PH-10002922,Technology,Phones,ShoreTel ShorePhone IP 230 VoIP phone,946.344,7,0.2,118.293
5727,CA-2015-110548,5/4/2015,5/8/2015,Standard Class,AH-10690,Anna Häberlin,Corporate,United States,Houston,Texas,77095,Central,TEC-PH-10002922,Technology,Phones,ShoreTel ShorePhone IP 230 VoIP phone,946.344,7,0.2,118.293
6431,CA-2014-165764,11/3/2014,11/7/2014,Standard Class,SH-20395,Shahid Hopkins,Consumer,United States,Jacksonville,North Carolina,28540,South,FUR-TA-10001768,Furniture,Tables,Hon Racetrack Conference Tables,945.036,6,0.4,-299.2614
160,CA-2016-114104,11/20/2016,11/24/2016,Standard Class,NP-18670,Nora Paige,Consumer,United States,Edmond,Oklahoma,73034,Central,TEC-PH-10004536,Technology,Phones,Avaya 5420 Digital phone,944.93,7,0.0,236.2325
8772,CA-2017-115882,9/14/2017,9/17/2017,First Class,DB-13555,Dorothy Badders,Corporate,United States,Raleigh,North Carolina,27604,South,OFF-AP-10002534,Office Supplies,Appliances,3.6 Cubic Foot Counter Height Office Refrigerator,942.784,4,0.2,94.2784
8950,CA-2017-150910,12/22/2017,12/28/2017,Standard Class,JL-15130,Jack Lebron,Consumer,United States,Jackson,Tennessee,38301,South,FUR-TA-10002903,Furniture,Tables,"Bevis Round Bullnose 29"" High Table Top",934.956,6,0.4,-249.3216
1980,CA-2016-112669,4/14/2016,4/14/2016,Same Day,KT-16465,Kean Takahito,Consumer,United States,Glendale,Arizona,85301,West,FUR-CH-10004086,Furniture,Chairs,Hon 4070 Series Pagoda Armless Upholstered Stacking Chairs,933.536,4,0.2,105.0228
8413,CA-2017-132290,3/10/2017,3/14/2017,Standard Class,MD-17350,Maribeth Dona,Consumer,United States,Dallas,Texas,75217,Central,FUR-TA-10002228,Furniture,Tables,"Bevis Traditional Conference Table Top, Plinth Base",933.408,4,0.3,-173.3472
8236,CA-2017-102204,5/1/2017,5/6/2017,Standard Class,CJ-12010,Caroline Jumper,Consumer,United States,Jacksonville,Florida,32216,South,FUR-TA-10001889,Furniture,Tables,Bush Advantage Collection Racetrack Conference Table,933.262,4,0.45,-458.1468
3218,CA-2017-104640,11/10/2017,11/16/2017,Standard Class,FH-14275,Frank Hawley,Corporate,United States,New York City,New York,10024,East,OFF-BI-10003925,Office Supplies,Binders,Fellowes PB300 Plastic Comb Binding Machine,931.176,3,0.2,314.2719
7531,US-2017-106145,9/26/2017,9/26/2017,Same Day,RA-19885,Ruben Ausman,Corporate,United States,San Francisco,California,94109,West,OFF-BI-10003925,Office Supplies,Binders,Fellowes PB300 Plastic Comb Binding Machine,931.176,3,0.2,314.2719
662,CA-2015-146563,8/24/2015,8/28/2015,Standard Class,CB-12025,Cassandra Brandow,Consumer,United States,Arlington,Texas,76017,Central,FUR-TA-10001768,Furniture,Tables,Hon Racetrack Conference Tables,918.785,5,0.3,-118.1295
4496,CA-2017-112753,6/18/2017,6/23/2017,Standard Class,CC-12670,Craig Carreira,Consumer,United States,Los Angeles,California,90032,West,FUR-BO-10004015,Furniture,Bookcases,"Bush Andora Bookcase, Maple/Graphite Gray Finish",917.9235,9,0.15,75.5937
6290,US-2015-139675,3/13/2015,3/18/2015,Second Class,NF-18595,Nicole Fjeld,Home Office,United States,Chico,California,95928,West,FUR-CH-10004063,Furniture,Chairs,Global Deluxe High-Back Manager's Chair,915.136,4,0.2,102.9528
7873,CA-2016-101672,10/3/2016,10/7/2016,Standard Class,DB-12910,Daniel Byrd,Home Office,United States,Lake Forest,California,92630,West,FUR-CH-10004063,Furniture,Chairs,Global Deluxe High-Back Manager's Chair,915.136,4,0.2,102.9528
2596,CA-2017-149048,5/13/2017,5/17/2017,Standard Class,BM-11650,Brian Moss,Corporate,United States,Columbus,Indiana,47201,Central,OFF-BI-10004632,Office Supplies,Binders,Ibico Hi-Tech Manual Binding System,914.97,3,0.0,411.7365
4386,US-2015-122784,7/20/2015,7/27/2015,Standard Class,RA-19915,Russell Applegate,Consumer,United States,Highland Park,Illinois,60035,Central,FUR-BO-10002545,Furniture,Bookcases,"Atlantic Metals Mobile 3-Shelf Bookcases, Custom Colors",913.43,5,0.3,-52.196
8363,CA-2017-147207,1/2/2017,1/4/2017,Second Class,TS-21655,Trudy Schmidt,Consumer,United States,El Paso,Texas,79907,Central,FUR-TA-10002958,Furniture,Tables,"Bevis Oval Conference Table, Walnut",913.43,5,0.3,-169.637
1375,CA-2015-120362,9/14/2015,9/19/2015,Standard Class,CA-12265,Christina Anderson,Consumer,United States,Provo,Utah,84604,West,FUR-TA-10003008,Furniture,Tables,"Lesro Round Back Collection Coffee Table, End Table",912.75,5,0.0,118.6575
3838,CA-2014-126760,7/26/2014,8/2/2014,Standard Class,KM-16720,Kunst Miller,Consumer,United States,North Las Vegas,Nevada,89031,West,TEC-PH-10001363,Technology,Phones,Apple iPhone 5S,911.984,2,0.2,113.998
12,CA-2014-115812,6/9/2014,6/14/2014,Standard Class,BH-11710,Brosina Hoffman,Consumer,United States,Los Angeles,California,90032,West,TEC-PH-10002033,Technology,Phones,Konftel 250 Conference phone - Charcoal black,911.424,4,0.2,68.3568
4495,CA-2014-150798,12/1/2014,12/3/2014,Second Class,JK-15730,Joe Kamberova,Consumer,United States,Columbus,Ohio,43229,East,FUR-CH-10000015,Furniture,Chairs,Hon Multipurpose Stacking Arm Chairs,909.72,6,0.3,-51.984
1906,CA-2017-154410,10/21/2017,10/24/2017,First Class,MD-17860,Michael Dominguez,Corporate,United States,Indianapolis,Indiana,46203,Central,OFF-ST-10002743,Office Supplies,Storage,SAFCO Boltless Steel Shelving,909.12,8,0.0,9.0912
7184,CA-2017-128853,4/21/2017,4/23/2017,First Class,JM-15250,Janet Martin,Consumer,United States,Baltimore,Maryland,21215,East,FUR-CH-10004218,Furniture,Chairs,"Global Fabric Manager's Chair, Dark Gray",908.82,9,0.0,227.205
8,CA-2014-115812,6/9/2014,6/14/2014,Standard Class,BH-11710,Brosina Hoffman,Consumer,United States,Los Angeles,California,90032,West,TEC-PH-10002275,Technology,Phones,Mitel 5320 IP Phone VoIP phone,907.152,6,0.2,90.7152
7545,US-2017-112347,12/2/2017,12/6/2017,Standard Class,BS-11380,Bill Stewart,Corporate,United States,Denver,Colorado,80219,West,FUR-CH-10002335,Furniture,Chairs,Hon GuestStacker Chair,906.68,5,0.2,68.001
3007,CA-2017-116519,10/13/2017,10/15/2017,First Class,CR-12730,Craig Reiter,Consumer,United States,New York City,New York,10009,East,OFF-AP-10000828,Office Supplies,Appliances,Avanti 4.4 Cu. Ft. Refrigerator,904.9,5,0.0,253.372
4595,CA-2016-129868,12/26/2016,12/31/2016,Standard Class,MC-18130,Mike Caudle,Corporate,United States,Los Angeles,California,90004,West,FUR-TA-10003473,Furniture,Tables,Bretford Rectangular Conference Table Tops,902.712,3,0.2,33.8517
8370,CA-2016-118745,6/11/2016,6/16/2016,Standard Class,SV-20365,Seth Vernon,Consumer,United States,Los Angeles,California,90049,West,FUR-TA-10003473,Furniture,Tables,Bretford Rectangular Conference Table Tops,902.712,3,0.2,33.8517
4401,CA-2016-131737,3/17/2016,3/17/2016,Same Day,GZ-14470,Gary Zandusky,Consumer,United States,Columbia,Maryland,21044,East,OFF-AP-10002945,Office Supplies,Appliances,Honeywell Enviracaire Portable HEPA Air Cleaner for 17' x 22' Room,901.95,3,0.0,297.6435
8395,CA-2016-142594,12/1/2016,12/6/2016,Second Class,EJ-14155,Eva Jacobs,Consumer,United States,Franklin,Massachusetts,2038,East,OFF-AP-10002945,Office Supplies,Appliances,Honeywell Enviracaire Portable HEPA Air Cleaner for 17' x 22' Room,901.95,3,0.0,297.6435
2016,CA-2016-145905,9/18/2016,9/23/2016,Standard Class,AM-10705,Anne McFarland,Consumer,United States,Auburn,Alabama,36830,South,OFF-ST-10003716,Office Supplies,Storage,Tennsco Double-Tier Lockers,900.08,4,0.0,117.0104
3505,CA-2016-150945,12/18/2016,12/20/2016,Second Class,JK-16120,Julie Kriz,Home Office,United States,New York City,New York,10009,East,OFF-ST-10003716,Office Supplies,Storage,Tennsco Double-Tier Lockers,900.08,4,0.0,117.0104
9618,CA-2017-160633,11/16/2017,11/21/2017,Standard Class,BS-11380,Bill Stewart,Corporate,United States,Bowling Green,Ohio,43402,East,TEC-CO-10002095,Technology,Copiers,Hewlett Packard 610 Color Digital Copier / Printer,899.982,3,0.4,74.9985
3705,CA-2015-104941,6/13/2015,6/19/2015,Standard Class,DH-13075,Dave Hallsten,Corporate,United States,Decatur,Alabama,35601,South,TEC-CO-10004202,Technology,Copiers,Brother DCP1000 Digital 3 in 1 Multifunction Machine,899.97,3,0.0,314.9895
5342,CA-2015-146486,11/9/2015,11/14/2015,Second Class,DV-13465,Dianna Vittorini,Consumer,United States,Oceanside,New York,11572,East,TEC-AC-10002637,Technology,Accessories,Logitech VX Revolution Cordless Laser Mouse for Notebooks (Black),899.95,5,0.0,53.997
461,CA-2015-109638,12/15/2015,12/22/2015,Standard Class,JH-15985,Joseph Holt,Consumer,United States,Seattle,Washington,98115,West,TEC-AC-10004571,Technology,Accessories,Logitech G700s Rechargeable Gaming Mouse,899.91,9,0.0,377.9622
5726,CA-2015-103933,9/25/2015,9/27/2015,First Class,DR-12880,Dan Reichenbach,Corporate,United States,New York City,New York,10011,East,TEC-AC-10004171,Technology,Accessories,Razer Kraken 7.1 Surround Sound Over Ear USB Gaming Headset,899.91,9,0.0,395.9604
6408,CA-2017-161774,5/14/2017,5/15/2017,First Class,GT-14710,Greg Tran,Consumer,United States,Houston,Texas,77041,Central,FUR-CH-10003981,Furniture,Chairs,Global Commerce Series Low-Back Swivel/Tilt Chairs,899.43,5,0.3,-12.849
9348,CA-2017-109085,2/17/2017,2/20/2017,First Class,CK-12325,Christine Kargatis,Home Office,United States,Troy,Ohio,45373,East,FUR-CH-10003981,Furniture,Chairs,Global Commerce Series Low-Back Swivel/Tilt Chairs,899.43,5,0.3,-12.849
190,CA-2015-102281,10/12/2015,10/14/2015,First Class,MP-17470,Mark Packer,Home Office,United States,New York City,New York,10035,East,FUR-BO-10002613,Furniture,Bookcases,"Atlantic Metals Mobile 4-Shelf Bookcases, Custom Colors",899.136,4,0.2,112.392
1368,US-2017-155425,11/10/2017,11/11/2017,First Class,AB-10600,Ann Blume,Corporate,United States,Tucson,Arizona,85705,West,FUR-CH-10003312,Furniture,Chairs,Hon 2090 Pillow Soft Series Mid Back Swivel/Tilt Chairs,899.136,4,0.2,-146.1096
4929,CA-2017-143245,12/1/2017,12/6/2017,Standard Class,AD-10180,Alan Dominguez,Home Office,United States,Fairfield,Connecticut,6824,East,FUR-CH-10000155,Furniture,Chairs,Global Comet Stacking Armless Chair,897.15,3,0.0,251.202
3325,CA-2014-165309,11/11/2014,11/15/2014,Standard Class,KD-16270,Karen Daniels,Consumer,United States,Houston,Texas,77095,Central,OFF-BI-10001359,Office Supplies,Binders,GBC DocuBind TL300 Electric Binding System,896.99,5,0.8,-1480.0335
9735,CA-2014-114321,8/20/2014,8/25/2014,Standard Class,NC-18535,Nick Crebassa,Corporate,United States,Hampton,Virginia,23666,South,OFF-BI-10001359,Office Supplies,Binders,GBC DocuBind TL300 Electric Binding System,896.99,1,0.0,421.5853
4292,CA-2017-102407,12/9/2017,12/13/2017,Second Class,AT-10435,Alyssa Tate,Home Office,United States,Los Angeles,California,90004,West,FUR-TA-10003748,Furniture,Tables,Bevis 36 x 72 Conference Tables,896.328,9,0.2,22.4082
9834,CA-2017-130302,9/14/2017,9/19/2017,Standard Class,CY-12745,Craig Yedwab,Corporate,United States,Springfield,Ohio,45503,East,TEC-AC-10002001,Technology,Accessories,Logitech Wireless Gaming Headset G930,895.944,7,0.2,190.3881
1920,US-2017-111423,8/17/2017,8/19/2017,First Class,EH-13765,Edward Hooks,Corporate,United States,Watertown,New York,13601,East,OFF-BI-10003091,Office Supplies,Binders,GBC DocuBind TL200 Manual Binding Machine,895.92,5,0.2,302.373
2120,CA-2017-155460,4/13/2017,4/15/2017,First Class,RW-19630,Rob Williams,Corporate,United States,Seattle,Washington,98105,West,OFF-BI-10003091,Office Supplies,Binders,GBC DocuBind TL200 Manual Binding Machine,895.92,5,0.2,302.373
2994,CA-2017-147291,3/11/2017,3/17/2017,Standard Class,MJ-17740,Max Jones,Consumer,United States,Detroit,Michigan,48227,Central,OFF-BI-10003091,Office Supplies,Binders,GBC DocuBind TL200 Manual Binding Machine,895.92,4,0.0,421.0824
4708,CA-2017-138149,6/29/2017,6/30/2017,First Class,WB-21850,William Brown,Consumer,United States,Los Angeles,California,90049,West,OFF-BI-10003091,Office Supplies,Binders,GBC DocuBind TL200 Manual Binding Machine,895.92,5,0.2,302.373
2290,CA-2017-115154,1/8/2017,1/11/2017,First Class,RS-19420,Ricardo Sperren,Corporate,United States,Seattle,Washington,98115,West,FUR-TA-10001950,Furniture,Tables,Balt Solid Wood Round Tables,892.98,2,0.0,80.3682
8055,CA-2015-121188,8/28/2015,9/4/2015,Standard Class,CB-12025,Cassandra Brandow,Consumer,United States,Los Angeles,California,90049,West,OFF-ST-10001490,Office Supplies,Storage,"Hot File 7-Pocket, Floor Stand",892.35,5,0.0,267.705
1191,CA-2017-117212,2/26/2017,2/28/2017,Second Class,BT-11530,Bradley Talbott,Home Office,United States,Los Angeles,California,90036,West,FUR-CH-10003973,Furniture,Chairs,GuestStacker Chair with Chrome Finish Legs,892.224,3,0.2,89.2224
7646,CA-2015-161452,4/5/2015,4/11/2015,Standard Class,CA-11965,Carol Adams,Corporate,United States,Los Angeles,California,90036,West,FUR-CH-10003973,Furniture,Chairs,GuestStacker Chair with Chrome Finish Legs,892.224,3,0.2,89.2224
7058,CA-2016-165330,12/11/2016,12/11/2016,Same Day,WB-21850,William Brown,Consumer,United States,Anaheim,California,92804,West,FUR-TA-10004619,Furniture,Tables,Hon Non-Folding Utility Tables,892.136,7,0.2,111.517
7306,CA-2014-137274,3/29/2014,4/2/2014,Standard Class,MG-18145,Mike Gockenbach,Consumer,United States,Plano,Texas,75023,Central,FUR-TA-10001889,Furniture,Tables,Bush Advantage Collection Racetrack Conference Table,890.841,3,0.3,-152.7156
1190,CA-2017-117212,2/26/2017,2/28/2017,Second Class,BT-11530,Bradley Talbott,Home Office,United States,Los Angeles,California,90036,West,TEC-PH-10004447,Technology,Phones,Toshiba IPT2010-SD IP Telephone,889.536,8,0.2,66.7152
6184,CA-2015-158421,9/21/2015,9/26/2015,Standard Class,GB-14575,Giulietta Baptist,Consumer,United States,Columbia,South Carolina,29203,South,OFF-ST-10004186,Office Supplies,Storage,"Stur-D-Stor Shelving, Vertical 5-Shelf: 72""H x 36""W x 18 1/2""D",887.84,8,0.0,17.7568
7594,CA-2016-158778,9/5/2016,9/9/2016,Standard Class,DB-13210,Dean Braden,Consumer,United States,Philadelphia,Pennsylvania,19134,East,FUR-CH-10000309,Furniture,Chairs,Global Comet Stacking Arm Chair,887.271,3,0.3,-63.3765
9118,CA-2017-153045,1/19/2017,1/24/2017,Second Class,NS-18505,Neola Schneider,Consumer,United States,Philadelphia,Pennsylvania,19140,East,FUR-CH-10000309,Furniture,Chairs,Global Comet Stacking Arm Chair,887.271,3,0.3,-63.3765
4251,CA-2014-168130,9/19/2014,9/19/2014,Same Day,BS-11365,Bill Shonely,Corporate,United States,New York City,New York,10011,East,FUR-CH-10000988,Furniture,Chairs,Hon Olson Stacker Stools,887.103,7,0.1,177.4206
5883,CA-2016-133935,9/18/2016,9/22/2016,Standard Class,JW-15220,Jane Waco,Corporate,United States,San Diego,California,92105,West,FUR-CH-10002880,Furniture,Chairs,"Global High-Back Leather Tilter, Burgundy",885.528,9,0.2,-99.6219
709,CA-2014-112158,12/2/2014,12/4/2014,First Class,DP-13165,David Philippe,Consumer,United States,New York City,New York,10035,East,FUR-BO-10003272,Furniture,Bookcases,O'Sullivan Living Dimensions 5-Shelf Bookcases,883.92,5,0.2,-110.49
2660,CA-2015-135538,12/24/2015,12/28/2015,Standard Class,HR-14830,Harold Ryan,Corporate,United States,Gilbert,Arizona,85234,West,FUR-CH-10004287,Furniture,Chairs,SAFCO Arco Folding Chair,883.84,4,0.2,99.432
6709,CA-2015-123141,11/14/2015,11/19/2015,Standard Class,GZ-14470,Gary Zandusky,Consumer,United States,Rio Rancho,New Mexico,87124,West,FUR-CH-10004287,Furniture,Chairs,SAFCO Arco Folding Chair,883.84,4,0.2,99.432
2202,US-2014-165659,6/1/2014,6/6/2014,Standard Class,LT-17110,Liz Thompson,Consumer,United States,Little Rock,Arkansas,72209,South,TEC-PH-10002563,Technology,Phones,Adtran 1202752G1,881.93,7,0.0,229.3018
9250,CA-2016-127761,11/10/2016,11/14/2016,Standard Class,SW-20275,Scott Williamson,Consumer,United States,New York City,New York,10009,East,TEC-PH-10003691,Technology,Phones,BlackBerry Q10,881.93,7,0.0,220.4825
3750,CA-2017-161956,8/27/2017,8/29/2017,Second Class,DR-12880,Dan Reichenbach,Corporate,United States,Inglewood,California,90301,West,TEC-CO-10001571,Technology,Copiers,Sharp 1540cs Digital Laser Copier,879.984,2,0.2,329.994
3825,CA-2015-140984,9/14/2015,9/18/2015,Standard Class,CC-12685,Craig Carroll,Consumer,United States,New York City,New York,10011,East,TEC-CO-10001571,Technology,Copiers,Sharp 1540cs Digital Laser Copier,879.984,2,0.2,329.994
7784,CA-2016-162236,11/4/2016,11/6/2016,Second Class,ER-13855,Elpida Rittenbach,Corporate,United States,Charlotte,North Carolina,28205,South,FUR-TA-10002533,Furniture,Tables,BPI Conference Tables,876.3,10,0.4,-292.1
1469,CA-2017-139199,12/9/2017,12/13/2017,Standard Class,DK-12835,Damala Kotsonis,Corporate,United States,Detroit,Michigan,48234,Central,FUR-CH-10000847,Furniture,Chairs,Global Executive Mid-Back Manager's Chair,872.94,3,0.0,226.9644
7691,US-2017-128951,7/15/2017,7/17/2017,First Class,RS-19420,Ricardo Sperren,Corporate,United States,Suffolk,Virginia,23434,South,FUR-TA-10004575,Furniture,Tables,Hon 5100 Series Wood Tables,872.94,3,0.0,157.1292
2024,CA-2016-168354,9/19/2016,9/21/2016,First Class,RH-19510,Rick Huthwaite,Home Office,United States,Providence,Rhode Island,2908,East,FUR-CH-10004675,Furniture,Chairs,"Lifetime Advantage Folding Chairs, 4/Carton",872.32,4,0.0,244.2496
6566,CA-2014-166086,5/7/2014,5/12/2014,Standard Class,CT-11995,Carol Triggs,Consumer,United States,Lawrence,Massachusetts,1841,East,FUR-CH-10004675,Furniture,Chairs,"Lifetime Advantage Folding Chairs, 4/Carton",872.32,4,0.0,244.2496
6474,CA-2016-113292,3/18/2016,3/20/2016,Second Class,DB-13060,Dave Brooks,Consumer,United States,Columbia,Tennessee,38401,South,OFF-AP-10003590,Office Supplies,Appliances,Hoover WindTunnel Plus Canister Vacuum,871.8,3,0.2,87.18
4270,US-2017-124821,6/25/2017,6/29/2017,Second Class,AM-10705,Anne McFarland,Consumer,United States,Seattle,Washington,98115,West,FUR-TA-10000688,Furniture,Tables,"Chromcraft Bull-Nose Wood Round Conference Table Top, Wood Base",871.4,4,0.0,148.138
2521,CA-2016-124352,10/15/2016,10/21/2016,Standard Class,CD-12790,Cynthia Delaney,Home Office,United States,Oklahoma City,Oklahoma,73120,Central,OFF-AP-10002651,Office Supplies,Appliances,Hoover Upright Vacuum With Dirt Cup,868.59,3,0.0,251.8911
7397,CA-2016-110975,12/25/2016,12/30/2016,Standard Class,DB-12970,Darren Budd,Corporate,United States,New York City,New York,10024,East,FUR-CH-10003746,Furniture,Chairs,Hon 4070 Series Pagoda Round Back Stacking Chairs,866.646,3,0.1,173.3292
425,CA-2017-155705,8/21/2017,8/23/2017,Second Class,NF-18385,Natalie Fritzler,Consumer,United States,Jackson,Mississippi,39212,South,FUR-CH-10000015,Furniture,Chairs,Hon Multipurpose Stacking Arm Chairs,866.4,4,0.0,225.264
5754,CA-2016-118514,2/3/2016,2/10/2016,Standard Class,LC-17050,Liz Carlisle,Consumer,United States,Richmond,Kentucky,40475,South,FUR-CH-10000015,Furniture,Chairs,Hon Multipurpose Stacking Arm Chairs,866.4,4,0.0,225.264
4683,CA-2016-127698,12/1/2016,12/1/2016,Same Day,MV-18190,Mike Vittorini,Consumer,United States,Raleigh,North Carolina,27604,South,TEC-PH-10003811,Technology,Phones,Jabra Supreme Plus Driver Edition Headset,863.928,9,0.2,86.3928
1261,CA-2017-117079,10/23/2017,10/27/2017,Standard Class,JR-15700,Jocasta Rupert,Consumer,United States,Jacksonville,Florida,32216,South,TEC-PH-10004586,Technology,Phones,Wilson SignalBoost 841262 DB PRO Amplifier Kit,863.88,3,0.2,107.985
1923,CA-2016-156685,7/8/2016,7/10/2016,Second Class,SC-20230,Scot Coram,Corporate,United States,Arlington,Texas,76017,Central,TEC-PH-10004345,Technology,Phones,Cisco SPA 502G IP Phone,863.64,9,0.2,107.955
4265,US-2016-131611,11/5/2016,11/9/2016,Standard Class,EP-13915,Emily Phan,Consumer,United States,Houston,Texas,77036,Central,FUR-TA-10002774,Furniture,Tables,Laminate Occasional Tables,863.128,8,0.3,-160.2952
8168,CA-2016-144148,7/31/2016,8/5/2016,Standard Class,AH-10690,Anna Häberlin,Corporate,United States,San Francisco,California,94122,West,FUR-TA-10002774,Furniture,Tables,Laminate Occasional Tables,863.128,7,0.2,-32.3673
6930,CA-2016-140382,6/23/2016,6/25/2016,Second Class,RD-19900,Ruben Dartt,Consumer,United States,San Francisco,California,94109,West,TEC-PH-10003012,Technology,Phones,Nortel Meridian M3904 Professional Digital phone,862.344,7,0.2,97.0137
7953,CA-2015-145814,11/19/2015,11/24/2015,Standard Class,KD-16345,Katherine Ducich,Consumer,United States,New York City,New York,10035,East,TEC-PH-10002200,Technology,Phones,Aastra 6757i CT Wireless VoIP phone,861.76,4,0.0,249.9104
3996,CA-2015-105627,3/8/2015,3/12/2015,Standard Class,DK-12895,Dana Kaydos,Consumer,United States,Kenosha,Wisconsin,53142,Central,FUR-CH-10002084,Furniture,Chairs,Hon Mobius Operator's Chair,860.93,7,0.0,189.4046
5506,CA-2017-127782,11/2/2017,11/6/2017,Standard Class,TH-21115,Thea Hudgings,Corporate,United States,Philadelphia,Pennsylvania,19140,East,TEC-PH-10001817,Technology,Phones,Wilson Electronics DB Pro Signal Booster,859.2,4,0.4,-186.16
6041,CA-2017-122364,9/24/2017,9/29/2017,Standard Class,FA-14230,Frank Atkinson,Corporate,United States,Los Angeles,California,90008,West,TEC-PH-10001817,Technology,Phones,Wilson Electronics DB Pro Signal Booster,859.2,3,0.2,75.18
9332,CA-2016-108056,9/29/2016,10/3/2016,Standard Class,ES-14080,Erin Smith,Corporate,United States,Springfield,Oregon,97477,West,TEC-PH-10001817,Technology,Phones,Wilson Electronics DB Pro Signal Booster,859.2,3,0.2,75.18
2641,CA-2017-108441,6/12/2017,6/18/2017,Standard Class,SB-20170,Sarah Bern,Consumer,United States,New York City,New York,10035,East,FUR-CH-10000595,Furniture,Chairs,Safco Contoured Stacking Chairs,858.24,4,0.1,143.04
8915,US-2016-144057,5/9/2016,5/13/2016,Standard Class,CV-12805,Cynthia Voltz,Corporate,United States,Austin,Texas,78745,Central,OFF-ST-10001490,Office Supplies,Storage,"Hot File 7-Pocket, Floor Stand",856.656,6,0.2,107.082
1031,CA-2014-163552,7/11/2014,7/15/2014,Standard Class,LA-16780,Laura Armstrong,Corporate,United States,Hackensack,New Jersey,7601,East,FUR-CH-10003379,Furniture,Chairs,Global Commerce Series High-Back Swivel/Tilt Chairs,854.94,3,0.0,213.735
1203,CA-2016-114727,7/18/2016,7/24/2016,Standard Class,LS-16945,Linda Southworth,Corporate,United States,Denver,Colorado,80219,West,FUR-CH-10002331,Furniture,Chairs,Hon 4700 Series Mobuis Mid-Back Task Chairs with Adjustable Arms,854.352,3,0.2,10.6794
4023,CA-2014-154963,6/22/2014,6/27/2014,Standard Class,AA-10645,Anna Andreadi,Consumer,United States,Chester,Pennsylvania,19013,East,FUR-CH-10000454,Furniture,Chairs,"Hon Deluxe Fabric Upholstered Stacking Chairs, Rounded Back",853.93,5,0.3,0.0
8961,CA-2017-150266,11/25/2017,11/30/2017,Standard Class,RO-19780,Rose O'Brian,Consumer,United States,Houston,Texas,77070,Central,FUR-CH-10002126,Furniture,Chairs,Hon Deluxe Fabric Upholstered Stacking Chairs,853.93,5,0.3,-24.398
1690,CA-2014-142839,8/16/2014,8/20/2014,Standard Class,TS-21610,Troy Staebel,Consumer,United States,Philadelphia,Pennsylvania,19143,East,FUR-TA-10001539,Furniture,Tables,Chromcraft Rectangular Conference Tables,853.092,6,0.4,-227.4912
7625,CA-2015-136805,5/23/2015,5/27/2015,Second Class,NM-18445,Nathan Mautz,Home Office,United States,Detroit,Michigan,48234,Central,OFF-AP-10001394,Office Supplies,Appliances,Harmony Air Purifier,850.5,5,0.1,245.7
9704,CA-2017-147032,7/31/2017,8/4/2017,Standard Class,LB-16795,Laurel Beltran,Home Office,United States,Wilmington,Delaware,19805,East,OFF-BI-10003656,Office Supplies,Binders,Fellowes PB200 Plastic Comb Binding Machine,849.95,5,0.0,390.977
9877,US-2017-166324,4/20/2017,4/21/2017,First Class,BE-11455,Brad Eason,Home Office,United States,Cleveland,Ohio,44105,East,OFF-ST-10000078,Office Supplies,Storage,Tennsco 6- and 18-Compartment Lockers,848.544,4,0.2,-21.2136
1296,CA-2015-138898,5/25/2015,5/29/2015,Standard Class,JH-16180,Justin Hirsh,Consumer,United States,Pueblo,Colorado,81001,West,OFF-AP-10004487,Office Supplies,Appliances,Kensington 4 Outlet MasterPiece Compact Power Control Center,845.728,13,0.2,84.5728
2845,US-2016-162852,12/27/2016,12/31/2016,Standard Class,BG-11695,Brooke Gillingham,Corporate,United States,Woodstock,Illinois,60098,Central,FUR-CH-10004853,Furniture,Chairs,"Global Manager's Adjustable Task Chair, Storm",845.488,8,0.3,-12.0784
3552,CA-2016-152555,3/29/2016,4/2/2016,Second Class,ME-17320,Maria Etezadi,Home Office,United States,Chicago,Illinois,60653,Central,FUR-CH-10002965,Furniture,Chairs,"Global Leather Highback Executive Chair with Pneumatic Height Adjustment, Black",844.116,6,0.3,-36.1764
4662,CA-2015-112130,5/3/2015,5/7/2015,Standard Class,SV-20785,Stewart Visinsky,Consumer,United States,Philadelphia,Pennsylvania,19140,East,FUR-CH-10002965,Furniture,Chairs,"Global Leather Highback Executive Chair with Pneumatic Height Adjustment, Black",844.116,6,0.3,-36.1764
5612,CA-2017-121027,8/18/2017,8/22/2017,Standard Class,HW-14935,Helen Wasserman,Corporate,United States,Seattle,Washington,98105,West,TEC-AC-10002049,Technology,Accessories,Plantronics Savi W720 Multi-Device Wireless Headset System,843.9,2,0.0,371.316
7336,CA-2015-113152,12/25/2015,12/30/2015,Standard Class,JK-15625,Jim Karlsson,Consumer,United States,New York City,New York,10024,East,TEC-AC-10002049,Technology,Accessories,Plantronics Savi W720 Multi-Device Wireless Headset System,843.9,2,0.0,371.316
4435,CA-2016-168893,11/3/2016,11/8/2016,Second Class,AP-10915,Arthur Prichep,Consumer,United States,Henderson,Kentucky,42420,South,FUR-TA-10003392,Furniture,Tables,Global Adaptabilities Conference Tables,842.94,3,0.0,160.1586
9349,CA-2016-114860,12/22/2016,12/28/2016,Standard Class,DN-13690,Duane Noonan,Consumer,United States,Moreno Valley,California,92553,West,FUR-FU-10000277,Furniture,Furnishings,Deflect-o DuraMat Antistatic Studded Beveled Mat for Medium Pile Carpeting,842.72,8,0.0,202.2528
5149,CA-2017-128734,12/24/2017,12/31/2017,Standard Class,JL-15175,James Lanier,Home Office,United States,Chandler,Arizona,85224,West,FUR-CH-10001394,Furniture,Chairs,Global Leather Executive Chair,842.376,3,0.2,105.297
3873,CA-2015-132486,10/23/2015,10/27/2015,Second Class,JF-15355,Jay Fein,Consumer,United States,San Diego,California,92105,West,FUR-CH-10001854,Furniture,Chairs,Office Star - Professional Matrix Back Chair with 2-to-1 Synchro Tilt and Mesh Fabric Seat,842.352,3,0.2,42.1176
925,CA-2016-149797,9/15/2016,9/20/2016,Standard Class,AH-10075,Adam Hart,Corporate,United States,New York City,New York,10011,East,OFF-BI-10003650,Office Supplies,Binders,GBC DocuBind 300 Electric Binding Machine,841.568,2,0.2,294.5488
3754,CA-2017-161956,8/27/2017,8/29/2017,Second Class,DR-12880,Dan Reichenbach,Corporate,United States,Inglewood,California,90301,West,OFF-BI-10003650,Office Supplies,Binders,GBC DocuBind 300 Electric Binding Machine,841.568,2,0.2,294.5488
1234,CA-2016-153682,5/30/2016,6/1/2016,First Class,BG-11695,Brooke Gillingham,Corporate,United States,Cincinnati,Ohio,45231,East,TEC-CO-10001046,Technology,Copiers,Canon Imageclass D680 Copier / Fax,839.988,2,0.4,69.999
145,CA-2017-155376,12/22/2017,12/27/2017,Standard Class,SG-20080,Sandra Glassco,Consumer,United States,Independence,Missouri,64055,Central,OFF-AP-10001058,Office Supplies,Appliances,Sanyo 2.5 Cubic Foot Mid-Size Office Refrigerators,839.43,3,0.0,218.2518
6175,US-2014-106299,8/2/2014,8/8/2014,Standard Class,NZ-18565,Nick Zandusky,Home Office,United States,Springfield,Missouri,65807,Central,OFF-ST-10002011,Office Supplies,Storage,Smead Adjustable Mobile File Trolley with Lockable Top,838.38,2,0.0,226.3626
3113,CA-2016-150350,8/23/2016,8/30/2016,Standard Class,MS-17770,Maxwell Schwartz,Consumer,United States,Seattle,Washington,98105,West,TEC-MA-10001972,Technology,Machines,Okidata C331dn Printer,837.6,3,0.2,62.82
4751,CA-2016-127649,10/7/2016,10/9/2016,First Class,DL-13495,Dionis Lloyd,Corporate,United States,Spokane,Washington,99207,West,TEC-MA-10001972,Technology,Machines,Okidata C331dn Printer,837.6,3,0.2,62.82
1083,US-2016-143819,3/1/2016,3/5/2016,Standard Class,KD-16270,Karen Daniels,Consumer,United States,Yonkers,New York,10701,East,FUR-TA-10001095,Furniture,Tables,Chromcraft Round Conference Tables,836.592,8,0.4,-264.9208
3944,US-2016-142685,6/23/2016,6/30/2016,Standard Class,MG-17695,Maureen Gnade,Consumer,United States,Buffalo,New York,14215,East,OFF-SU-10000157,Office Supplies,Supplies,Compact Automatic Electric Letter Opener,835.17,7,0.0,16.7034
7552,CA-2014-140396,11/20/2014,11/25/2014,Standard Class,KH-16330,Katharine Harms,Corporate,United States,New York City,New York,10024,East,TEC-PH-10004447,Technology,Phones,Toshiba IPT2010-SD IP Telephone,833.94,6,0.0,216.8244
2210,CA-2014-125556,11/14/2014,11/16/2014,Second Class,ML-17410,Maris LaWare,Consumer,United States,Fairfield,Connecticut,6824,East,TEC-PH-10001079,Technology,Phones,Polycom SoundPoint Pro SE-225 Corded phone,832.93,7,0.0,233.2204
73,US-2015-134026,4/26/2015,5/2/2015,Standard Class,JE-15745,Joel Eaton,Consumer,United States,Memphis,Tennessee,38109,South,FUR-CH-10000513,Furniture,Chairs,High-Back Leather Manager's Chair,831.936,8,0.2,-114.3912
1851,CA-2015-160472,7/20/2015,7/25/2015,Second Class,RK-19300,Ralph Kennedy,Consumer,United States,South Bend,Indiana,46614,Central,TEC-AC-10002253,Technology,Accessories,Imation Bio 8GB USB Flash Drive Imation Corp,831.2,5,0.0,124.68
9075,CA-2014-136336,4/21/2014,4/26/2014,Standard Class,DB-13555,Dorothy Badders,Corporate,United States,Henderson,Kentucky,42420,South,OFF-ST-10002574,Office Supplies,Storage,"SAFCO Commercial Wire Shelving, Black",828.84,6,0.0,0.0
7136,CA-2017-141439,11/26/2017,12/1/2017,Standard Class,TT-21460,Tonja Turnell,Home Office,United States,Richmond,Indiana,47374,Central,FUR-CH-10004287,Furniture,Chairs,SAFCO Arco Folding Chair,828.6,3,0.0,240.294
3183,CA-2017-152912,11/9/2017,11/12/2017,Second Class,BM-11650,Brian Moss,Corporate,United States,Columbia,Maryland,21044,East,TEC-AC-10004666,Technology,Accessories,Maxell iVDR EX 500GB Cartridge,826.62,3,0.0,355.4466
2436,CA-2015-154746,11/14/2015,11/17/2015,First Class,PJ-18835,Patrick Jones,Corporate,United States,Springfield,Virginia,22153,South,OFF-AP-10003057,Office Supplies,Appliances,Honeywell Enviracaire Portable HEPA Air Cleaner for 16' x 20' Room,826.11,3,0.0,322.1829
8637,CA-2014-160094,4/30/2014,5/2/2014,First Class,JM-16195,Justin MacKendrick,Consumer,United States,Louisville,Kentucky,40214,South,OFF-ST-10000585,Office Supplies,Storage,Economy Rollaway Files,826.0,5,0.0,214.76
3513,CA-2017-140326,9/4/2017,9/6/2017,First Class,HW-14935,Helen Wasserman,Corporate,United States,Chicago,Illinois,60653,Central,FUR-BO-10000112,Furniture,Bookcases,"Bush Birmingham Collection Bookcase, Dark Cherry",825.174,9,0.3,-117.882
6969,CA-2015-110765,10/16/2015,10/20/2015,Second Class,MP-17965,Michael Paige,Corporate,United States,New York City,New York,10011,East,TEC-PH-10004165,Technology,Phones,Mitel MiVoice 5330e IP Phone,824.97,3,0.0,214.4922
6399,CA-2017-151981,8/6/2017,8/12/2017,Standard Class,GM-14455,Gary Mitchum,Home Office,United States,Concord,New Hampshire,3301,East,TEC-PH-10003601,Technology,Phones,"Ativa D5772 2-Line 5.8GHz Digital Expandable Corded/Cordless Phone System with Answering & Caller ID/Call Waiting, Black/Silver",824.95,5,0.0,247.485
3815,CA-2016-152471,7/8/2016,7/8/2016,Same Day,ZD-21925,Zuschuss Donatelli,Consumer,United States,Jacksonville,Florida,32216,South,TEC-PH-10002824,Technology,Phones,Jabra SPEAK 410 Multidevice Speakerphone,823.96,5,0.2,51.4975
3857,US-2017-105389,10/23/2017,10/28/2017,Second Class,DM-13015,Darrin Martin,Consumer,United States,San Antonio,Texas,78207,Central,TEC-PH-10002824,Technology,Phones,Jabra SPEAK 410 Multidevice Speakerphone,823.96,5,0.2,51.4975
4074,US-2015-164308,9/24/2015,9/27/2015,First Class,SC-20680,Steve Carroll,Home Office,United States,Broken Arrow,Oklahoma,74012,Central,TEC-PH-10004120,Technology,Phones,AT&T 1080 Phone,821.94,6,0.0,213.7044
2552,CA-2017-101042,11/19/2017,11/23/2017,Standard Class,AB-10105,Adrian Barton,Consumer,United States,Henderson,Kentucky,42420,South,FUR-FU-10004665,Furniture,Furnishings,"3M Polarizing Task Lamp with Clamp Arm, Light Gray",821.88,6,0.0,213.6888
2649,CA-2014-131002,9/7/2014,9/12/2014,Second Class,TB-21400,Tom Boeckenhauer,Consumer,United States,Tulsa,Oklahoma,74133,Central,FUR-FU-10004665,Furniture,Furnishings,"3M Polarizing Task Lamp with Clamp Arm, Light Gray",821.88,6,0.0,213.6888
2697,CA-2014-145317,3/18/2014,3/23/2014,Standard Class,SM-20320,Sean Miller,Home Office,United States,Jacksonville,Florida,32216,South,TEC-MA-10003626,Technology,Machines,Hewlett-Packard Deskjet 6540 Color Inkjet Printer,821.3,4,0.5,-16.426
4507,US-2014-138247,12/24/2014,12/29/2014,Standard Class,BF-11170,Ben Ferrer,Home Office,United States,Los Angeles,California,90045,West,TEC-PH-10001530,Technology,Phones,Cisco Unified IP Phone 7945G VoIP phone,818.376,3,0.2,51.1485
5630,US-2016-146066,8/21/2016,8/23/2016,Second Class,RB-19465,Rick Bensley,Home Office,United States,Philadelphia,Pennsylvania,19143,East,FUR-TA-10002530,Furniture,Tables,"Iceberg OfficeWorks 42"" Round Tables",815.292,9,0.4,-339.705
3553,CA-2016-152555,3/29/2016,4/2/2016,Second Class,ME-17320,Maria Etezadi,Home Office,United States,Chicago,Illinois,60653,Central,TEC-PH-10001254,Technology,Phones,Jabra BIZ 2300 Duo QD Duo Corded Headset,812.736,8,0.2,60.9552
2874,CA-2017-137022,11/16/2017,11/22/2017,Standard Class,SW-20275,Scott Williamson,Consumer,United States,San Diego,California,92105,West,OFF-ST-10001963,Office Supplies,Storage,Tennsco Regal Shelving Units,811.28,8,0.0,24.3384
9731,CA-2014-111962,9/29/2014,10/4/2014,Standard Class,EB-14170,Evan Bailliet,Consumer,United States,Seattle,Washington,98115,West,OFF-ST-10000046,Office Supplies,Storage,Fellowes Super Stor/Drawer Files,807.75,5,0.0,153.4725
8244,CA-2014-109897,8/12/2014,8/16/2014,Standard Class,BW-11200,Ben Wallace,Consumer,United States,San Francisco,California,94122,West,TEC-PH-10003691,Technology,Phones,BlackBerry Q10,806.336,8,0.2,50.396
3584,CA-2015-121650,12/10/2015,12/16/2015,Standard Class,KD-16495,Keith Dawkins,Corporate,United States,Jackson,Michigan,49201,Central,FUR-TA-10003569,Furniture,Tables,Bretford CR8500 Series Meeting Room Furniture,801.96,2,0.0,200.49
3817,CA-2015-102582,9/15/2015,9/19/2015,Standard Class,NW-18400,Natalie Webber,Consumer,United States,Mobile,Alabama,36608,South,FUR-TA-10003569,Furniture,Tables,Bretford CR8500 Series Meeting Room Furniture,801.96,2,0.0,200.49
3915,US-2017-142573,7/18/2017,7/23/2017,Standard Class,ML-17410,Maris LaWare,Consumer,United States,Phoenix,Arizona,85023,West,FUR-TA-10001932,Furniture,Tables,"Chromcraft 48"" x 96"" Racetrack Double Pedestal Table",801.6,5,0.5,-448.896
503,US-2016-105578,5/30/2016,6/4/2016,Standard Class,MY-17380,Maribeth Yedwab,Corporate,United States,Parker,Colorado,80134,West,FUR-CH-10001215,Furniture,Chairs,Global Troy Executive Leather Low-Back Tilter,801.568,2,0.2,50.098
1872,CA-2014-116932,7/21/2014,7/25/2014,Standard Class,ME-18010,Michelle Ellison,Corporate,United States,San Francisco,California,94122,West,FUR-CH-10001215,Furniture,Chairs,Global Troy Executive Leather Low-Back Tilter,801.568,2,0.2,50.098
5881,CA-2016-133935,9/18/2016,9/22/2016,Standard Class,JW-15220,Jane Waco,Corporate,United States,San Diego,California,92105,West,FUR-CH-10001215,Furniture,Chairs,Global Troy Executive Leather Low-Back Tilter,801.568,2,0.2,50.098
9396,CA-2014-125997,9/20/2014,9/23/2014,First Class,MW-18220,Mitch Webber,Consumer,United States,New York City,New York,10011,East,FUR-BO-10002213,Furniture,Bookcases,DMI Eclipse Executive Suite Bookcases,801.568,2,0.2,-10.0196
4201,CA-2015-143105,12/10/2015,12/10/2015,Same Day,MA-17560,Matt Abelman,Home Office,United States,New York City,New York,10024,East,TEC-CO-10002095,Technology,Copiers,Hewlett Packard 610 Color Digital Copier / Printer,799.984,2,0.2,249.995
2731,CA-2017-104801,2/13/2017,2/19/2017,Standard Class,FH-14350,Fred Harton,Consumer,United States,Seattle,Washington,98105,West,TEC-AC-10001838,Technology,Accessories,Razer Tiamat Over Ear 7.1 Surround Sound PC Gaming Headset,799.96,4,0.0,343.9828
7277,CA-2014-120670,11/2/2014,11/6/2014,Standard Class,JK-16120,Julie Kriz,Home Office,United States,Fort Lauderdale,Florida,33311,South,TEC-AC-10004171,Technology,Accessories,Razer Kraken 7.1 Surround Sound Over Ear USB Gaming Headset,799.92,10,0.2,239.976
6191,CA-2016-157259,12/24/2016,12/28/2016,Standard Class,JM-15535,Jessica Myrick,Consumer,United States,New York City,New York,10035,East,FUR-FU-10003192,Furniture,Furnishings,Luxo Adjustable Task Clamp Lamp,799.56,9,0.0,207.8856
917,US-2014-141215,6/15/2014,6/21/2014,Standard Class,KL-16555,Kelly Lampkin,Corporate,United States,San Antonio,Texas,78207,Central,FUR-CH-10003379,Furniture,Chairs,Global Commerce Series High-Back Swivel/Tilt Chairs,797.944,4,0.3,-56.996
9749,US-2014-140914,11/11/2014,11/15/2014,Standard Class,BH-11710,Brosina Hoffman,Consumer,United States,Chicago,Illinois,60653,Central,FUR-CH-10003379,Furniture,Chairs,Global Commerce Series High-Back Swivel/Tilt Chairs,797.944,4,0.3,-56.996
3520,CA-2015-124975,6/22/2015,6/25/2015,First Class,MG-17875,Michael Grace,Home Office,United States,Aurora,Illinois,60505,Central,FUR-TA-10002645,Furniture,Tables,Hon Rectangular Conference Tables,796.425,7,0.5,-525.6405
5850,CA-2015-121783,11/10/2015,11/14/2015,Standard Class,PO-19180,Philisse Overcash,Home Office,United States,Roseville,Minnesota,55113,Central,OFF-ST-10000078,Office Supplies,Storage,Tennsco 6- and 18-Compartment Lockers,795.51,3,0.0,143.1918
5745,US-2017-147886,3/28/2017,3/31/2017,First Class,DH-13075,Dave Hallsten,Corporate,United States,Fairfield,California,94533,West,OFF-ST-10002743,Office Supplies,Storage,SAFCO Boltless Steel Shelving,795.48,7,0.0,7.9548
7398,CA-2014-141649,9/30/2014,9/30/2014,Same Day,DM-12955,Dario Medina,Corporate,United States,Fairfield,Ohio,45014,East,OFF-AP-10003217,Office Supplies,Appliances,Eureka Sanitaire  Commercial Upright,795.408,6,0.2,59.6556
5010,CA-2015-102876,9/7/2015,9/14/2015,Standard Class,LR-17035,Lisa Ryan,Corporate,United States,Philadelphia,Pennsylvania,19134,East,TEC-PH-10002680,Technology,Phones,Samsung Galaxy Note 3,791.964,6,0.4,-131.994
9101,CA-2017-152933,10/12/2017,10/16/2017,Standard Class,MG-17650,Matthew Grinstein,Home Office,United States,Dallas,Texas,75081,Central,TEC-AC-10003033,Technology,Accessories,Plantronics CS510 - Over-the-Head monaural Wireless Headset System,791.88,3,0.2,128.6805
118,CA-2015-110457,3/2/2015,3/6/2015,Standard Class,DK-13090,Dave Kipp,Consumer,United States,Seattle,Washington,98103,West,FUR-TA-10001768,Furniture,Tables,Hon Racetrack Conference Tables,787.53,3,0.0,165.3813
329,US-2016-141544,8/30/2016,9/1/2016,First Class,PO-18850,Patrick O'Brill,Consumer,United States,Philadelphia,Pennsylvania,19143,East,FUR-CH-10003312,Furniture,Chairs,Hon 2090 Pillow Soft Series Mid Back Swivel/Tilt Chairs,786.744,4,0.3,-258.5016
1622,CA-2017-108560,7/8/2017,7/15/2017,Standard Class,JC-15385,Jenna Caffey,Consumer,United States,Kent,Washington,98031,West,OFF-LA-10003930,Office Supplies,Labels,"Dot Matrix Printer Tape Reel Labels, White, 5000/Box",786.48,8,0.0,385.3752
2672,CA-2014-126403,9/9/2014,9/12/2014,Second Class,RR-19525,Rick Reed,Corporate,United States,Lowell,Massachusetts,1852,East,FUR-CH-10003761,Furniture,Chairs,Global Italian Leather Office Chair,785.88,6,0.0,212.1876
2755,CA-2015-155306,4/17/2015,4/21/2015,Standard Class,GA-14515,George Ashbrook,Consumer,United States,San Francisco,California,94122,West,TEC-PH-10002310,Technology,Phones,Plantronics Calisto P620-M USB Wireless Speakerphone System,783.96,5,0.2,68.5965
2801,CA-2016-153318,10/25/2016,10/28/2016,First Class,JS-15595,Jill Stevenson,Corporate,United States,Miami,Florida,33180,South,TEC-PH-10000984,Technology,Phones,Panasonic KX-TG9471B,783.96,5,0.2,78.396
4759,CA-2014-121573,11/3/2014,11/7/2014,Standard Class,SG-20605,Speros Goranitis,Consumer,United States,New York City,New York,10009,East,TEC-PH-10000984,Technology,Phones,Panasonic KX-TG9471B,783.96,4,0.0,219.5088
1540,CA-2017-121888,9/15/2017,9/17/2017,Second Class,CL-11890,Carl Ludwig,Consumer,United States,Everett,Massachusetts,2149,East,FUR-BO-10002545,Furniture,Bookcases,"Atlantic Metals Mobile 3-Shelf Bookcases, Custom Colors",782.94,3,0.0,203.5644
9485,CA-2016-164770,12/2/2016,12/4/2016,Second Class,MY-18295,Muhammed Yedwab,Corporate,United States,Houston,Texas,77036,Central,FUR-BO-10003893,Furniture,Bookcases,Sauder Camden County Collection Library,781.864,10,0.32,-137.976
1830,CA-2014-103373,5/18/2014,5/24/2014,Standard Class,BS-11755,Bruce Stewart,Consumer,United States,Cleveland,Ohio,44105,East,TEC-PH-10002885,Technology,Phones,Apple iPhone 5,779.796,2,0.4,-168.9558
5845,CA-2015-126725,11/17/2015,11/21/2015,Standard Class,BS-11665,Brian Stugart,Consumer,United States,San Diego,California,92105,West,OFF-ST-10000129,Office Supplies,Storage,Fellowes Recycled Storage Drawers,777.21,7,0.0,54.4047
7144,US-2017-141558,3/11/2017,3/16/2017,Standard Class,MH-17290,Marc Harrigan,Home Office,United States,Philadelphia,Pennsylvania,19140,East,TEC-PH-10002555,Technology,Phones,Nortel Meridian M5316 Digital phone,776.85,5,0.4,-181.265
8105,CA-2015-149846,5/22/2015,5/26/2015,Standard Class,SB-20185,Sarah Brown,Consumer,United States,Los Angeles,California,90045,West,TEC-PH-10003645,Technology,Phones,Aastra 57i VoIP phone,775.728,6,0.2,58.1796
4979,CA-2015-165050,12/7/2015,12/9/2015,First Class,AH-10210,Alan Hwang,Consumer,United States,New York City,New York,10024,East,TEC-PH-10001336,Technology,Phones,Digium D40 VoIP phone,773.94,6,0.0,224.4426
4671,US-2017-133200,5/6/2017,5/11/2017,Standard Class,DB-13555,Dorothy Badders,Corporate,United States,Fort Worth,Texas,76106,Central,OFF-ST-10001932,Office Supplies,Storage,Fellowes Staxonsteel Drawer Files,772.68,5,0.2,-57.951
6160,CA-2016-161025,12/3/2016,12/9/2016,Standard Class,GM-14440,Gary McGarr,Consumer,United States,Los Angeles,California,90049,West,OFF-ST-10001932,Office Supplies,Storage,Fellowes Staxonsteel Drawer Files,772.68,4,0.0,108.1752
8029,CA-2015-132465,9/11/2015,9/15/2015,Second Class,DM-13525,Don Miller,Corporate,United States,New York City,New York,10035,East,OFF-ST-10001932,Office Supplies,Storage,Fellowes Staxonsteel Drawer Files,772.68,4,0.0,108.1752
5019,CA-2014-127558,11/15/2014,11/18/2014,First Class,SS-20410,Shahid Shariari,Consumer,United States,Los Angeles,California,90008,West,TEC-AC-10003832,Technology,Accessories,Logitech P710e Mobile Speakerphone,772.47,3,0.0,146.7693
5023,CA-2016-133795,12/18/2016,12/24/2016,Standard Class,JE-15475,Jeremy Ellison,Consumer,United States,San Diego,California,92037,West,TEC-AC-10003832,Technology,Accessories,Logitech P710e Mobile Speakerphone,772.47,3,0.0,146.7693
5960,CA-2016-127138,3/12/2016,3/15/2016,Second Class,DK-13225,Dean Katz,Corporate,United States,San Francisco,California,94109,West,FUR-CH-10003746,Furniture,Chairs,Hon 4070 Series Pagoda Round Back Stacking Chairs,770.352,3,0.2,77.0352
3997,CA-2015-105627,3/8/2015,3/12/2015,Standard Class,DK-12895,Dana Kaydos,Consumer,United States,Kenosha,Wisconsin,53142,Central,TEC-PH-10003012,Technology,Phones,Nortel Meridian M3904 Professional Digital phone,769.95,5,0.0,223.2855
9317,CA-2016-161907,4/5/2016,4/9/2016,Standard Class,JH-16180,Justin Hirsh,Consumer,United States,Philadelphia,Pennsylvania,19140,East,OFF-SU-10000646,Office Supplies,Supplies,Premier Automatic Letter Opener,769.184,4,0.2,-163.4516
4040,CA-2014-110786,12/29/2014,1/2/2015,Standard Class,AJ-10795,Anthony Johnson,Corporate,United States,San Francisco,California,94110,West,TEC-MA-10003183,Technology,Machines,DYMO CardScan Personal V9 Business Card Scanner,767.952,6,0.2,287.982
6132,CA-2014-163447,12/27/2014,12/31/2014,Standard Class,TB-21190,Thomas Brumley,Home Office,United States,New York City,New York,10011,East,FUR-CH-10004477,Furniture,Chairs,"Global Push Button Manager's Chair, Indigo",767.214,14,0.1,161.9674
1714,US-2017-124968,9/8/2017,9/13/2017,Second Class,MM-18055,Michelle Moray,Consumer,United States,Chicago,Illinois,60610,Central,FUR-TA-10004289,Furniture,Tables,BoxOffice By Design Rectangular and Half-Moon Meeting Room Tables,765.625,7,0.5,-566.5625
1246,CA-2014-168494,12/12/2014,12/14/2014,Second Class,NP-18700,Nora Preis,Consumer,United States,Fresno,California,93727,West,FUR-TA-10004619,Furniture,Tables,Hon Non-Folding Utility Tables,764.688,6,0.2,95.586
3633,CA-2017-132178,5/3/2017,5/8/2017,Second Class,DB-12970,Darren Budd,Corporate,United States,Los Angeles,California,90004,West,OFF-ST-10000025,Office Supplies,Storage,Fellowes Stor/Drawer Steel Plus Storage Drawers,763.44,8,0.0,45.8064
1576,CA-2014-101602,12/15/2014,12/18/2014,First Class,MC-18100,Mick Crebagga,Consumer,United States,El Paso,Texas,79907,Central,FUR-CH-10004675,Furniture,Chairs,"Lifetime Advantage Folding Chairs, 4/Carton",763.28,5,0.3,-21.808
2847,CA-2017-152093,9/10/2017,9/15/2017,Standard Class,SN-20560,Skye Norling,Home Office,United States,Chicago,Illinois,60653,Central,OFF-BI-10003527,Office Supplies,Binders,Fellowes PB500 Electric Punch Plastic Comb Binding Machine with Manual Bind,762.594,3,0.8,-1143.891
2075,CA-2017-122504,11/7/2017,11/12/2017,Second Class,DB-13270,Deborah Brumfield,Home Office,United States,Brentwood,California,94513,West,TEC-PH-10002468,Technology,Phones,"Plantronics CS 50-USB - headset - Convertible, Monaural",761.544,7,0.2,66.6351
8641,US-2017-148551,1/12/2017,1/16/2017,Standard Class,DB-13120,David Bremer,Corporate,United States,Dallas,Texas,75217,Central,OFF-BI-10000545,Office Supplies,Binders,GBC Ibimaster 500 Manual ProClick Binding System,760.98,5,0.8,-1141.47
7105,CA-2017-128944,6/19/2017,6/21/2017,Second Class,KH-16330,Katharine Harms,Corporate,United States,Newark,Ohio,43055,East,FUR-CH-10000785,Furniture,Chairs,Global Ergonomic Managers Chair,760.116,6,0.3,-43.4352
4862,CA-2014-138940,4/11/2014,4/16/2014,Second Class,GM-14455,Gary Mitchum,Home Office,United States,Austin,Texas,78745,Central,TEC-PH-10001835,Technology,Phones,Jawbone JAMBOX Wireless Bluetooth Speaker,758.352,6,0.2,265.4232
7203,CA-2016-120369,10/28/2016,10/28/2016,Same Day,VB-21745,Victoria Brennan,Corporate,United States,Rochester,New York,14609,East,FUR-FU-10003806,Furniture,Furnishings,"Tenex Chairmat w/ Average Lip, 45"" x 53""",756.8,5,0.0,75.68
8965,CA-2016-157280,11/5/2016,11/7/2016,First Class,LW-17125,Liz Willingham,Consumer,United States,Virginia Beach,Virginia,23464,South,FUR-FU-10003806,Furniture,Furnishings,"Tenex Chairmat w/ Average Lip, 45"" x 53""",756.8,5,0.0,75.68
7479,CA-2014-167199,1/6/2014,1/10/2014,Standard Class,ME-17320,Maria Etezadi,Home Office,United States,Henderson,Kentucky,42420,South,TEC-PH-10004539,Technology,Phones,Wireless Extenders zBoost YX545 SOHO Signal Booster,755.96,4,0.0,204.1092
7547,CA-2014-103492,10/10/2014,10/15/2014,Standard Class,CM-12715,Craig Molinari,Corporate,United States,Huntsville,Texas,77340,Central,TEC-PH-10004667,Technology,Phones,Cisco 8x8 Inc. 6753i IP Business Phone System,755.944,7,0.2,66.1451
2415,CA-2016-156300,12/29/2016,1/2/2017,Standard Class,TB-21595,Troy Blackwell,Consumer,United States,Milwaukee,Wisconsin,53209,Central,FUR-CH-10001714,Furniture,Chairs,"Global Leather & Oak Executive Chair, Burgundy",754.45,5,0.0,60.356
8365,CA-2017-137631,4/28/2017,5/2/2017,Standard Class,JL-15235,Janet Lee,Consumer,United States,Kissimmee,Florida,34741,South,TEC-PH-10002624,Technology,Phones,Samsung Galaxy S4 Mini,751.984,2,0.2,84.5982
4250,CA-2016-157336,12/1/2016,12/5/2016,Second Class,SJ-20500,Shirley Jackson,Consumer,United States,Fairfield,Connecticut,6824,East,FUR-CH-10004997,Furniture,Chairs,Hon Every-Day Series Multi-Task Chairs,751.92,4,0.0,150.384
5475,CA-2017-121741,12/26/2017,12/26/2017,Same Day,YC-21895,Yoseph Carroll,Corporate,United States,Fremont,Nebraska,68025,Central,OFF-ST-10004459,Office Supplies,Storage,Tennsco Single-Tier Lockers,750.68,2,0.0,37.534
5187,US-2015-154389,11/27/2015,12/3/2015,Standard Class,EH-14125,Eugene Hildebrand,Home Office,United States,Philadelphia,Pennsylvania,19140,East,TEC-PH-10002789,Technology,Phones,LG Exalt,748.752,8,0.4,-162.2296
458,US-2016-157945,9/26/2016,10/1/2016,Standard Class,NF-18385,Natalie Fritzler,Consumer,United States,Decatur,Illinois,62521,Central,FUR-CH-10002331,Furniture,Chairs,Hon 4700 Series Mobuis Mid-Back Task Chairs with Adjustable Arms,747.558,3,0.3,-96.1146
5076,CA-2014-134572,4/20/2014,4/22/2014,Second Class,SV-20365,Seth Vernon,Consumer,United States,Houston,Texas,77070,Central,FUR-TA-10001705,Furniture,Tables,Bush Advantage Collection Round Conference Table,744.1,5,0.3,-95.67
8249,CA-2016-133816,5/10/2016,5/13/2016,Second Class,CS-12400,Christopher Schild,Home Office,United States,Philadelphia,Pennsylvania,19134,East,TEC-PH-10001795,Technology,Phones,ClearOne CHATAttach 160 - speaker phone,743.988,2,0.4,-123.998
4772,US-2014-167262,10/31/2014,11/3/2014,Second Class,AC-10450,Amy Cox,Consumer,United States,Avondale,Arizona,85323,West,TEC-PH-10000486,Technology,Phones,Plantronics HL10 Handset Lifter,742.336,8,0.2,83.5128
3155,CA-2017-150497,7/20/2017,7/24/2017,Standard Class,SM-20950,Suzanne McNair,Corporate,United States,Maple Grove,Minnesota,55369,Central,OFF-BI-10004600,Office Supplies,Binders,Ibico Ibimaster 300 Manual Binding System,735.98,2,0.0,331.191
6828,CA-2016-118689,10/2/2016,10/9/2016,Standard Class,TC-20980,Tamara Chand,Corporate,United States,Lafayette,Indiana,47905,Central,OFF-BI-10004600,Office Supplies,Binders,Ibico Ibimaster 300 Manual Binding System,735.98,2,0.0,331.191
9969,CA-2017-153871,12/11/2017,12/17/2017,Standard Class,RB-19435,Richard Bierner,Consumer,United States,Plainfield,New Jersey,7060,East,OFF-BI-10004600,Office Supplies,Binders,Ibico Ibimaster 300 Manual Binding System,735.98,2,0.0,331.191
3263,CA-2014-140662,11/17/2014,11/19/2014,First Class,TS-21205,Thomas Seio,Corporate,United States,San Francisco,California,94109,West,OFF-PA-10003395,Office Supplies,Paper,Xerox 1941,733.95,7,0.0,352.296
2,CA-2016-152156,11/8/2016,11/11/2016,Second Class,CG-12520,Claire Gute,Consumer,United States,Henderson,Kentucky,42420,South,FUR-CH-10000454,Furniture,Chairs,"Hon Deluxe Fabric Upholstered Stacking Chairs, Rounded Back",731.94,3,0.0,219.582
9638,CA-2014-124702,11/18/2014,11/25/2014,Standard Class,MH-17785,Maya Herman,Corporate,United States,Seattle,Washington,98105,West,FUR-TA-10003008,Furniture,Tables,"Lesro Round Back Collection Coffee Table, End Table",730.2,4,0.0,94.926
614,CA-2016-121223,9/11/2016,9/13/2016,Second Class,GD-14590,Giulietta Dortch,Corporate,United States,Philadelphia,Pennsylvania,19143,East,TEC-PH-10004667,Technology,Phones,Cisco 8x8 Inc. 6753i IP Business Phone System,728.946,9,0.4,-157.9383
8057,CA-2015-121188,8/28/2015,9/4/2015,Standard Class,CB-12025,Cassandra Brandow,Consumer,United States,Los Angeles,California,90049,West,OFF-ST-10000736,Office Supplies,Storage,Carina Double Wide Media Storage Towers in Natural & Black,728.82,9,0.0,29.1528
1864,US-2016-100839,10/13/2016,10/17/2016,Standard Class,NC-18625,Noah Childs,Corporate,United States,Aurora,Colorado,80013,West,FUR-TA-10004575,Furniture,Tables,Hon 5100 Series Wood Tables,727.45,5,0.5,-465.568
3017,US-2016-160528,8/23/2016,8/30/2016,Standard Class,MH-18115,Mick Hernandez,Home Office,United States,Pharr,Texas,78577,Central,OFF-ST-10002743,Office Supplies,Storage,SAFCO Boltless Steel Shelving,727.296,8,0.2,-172.7328
271,CA-2017-163979,12/28/2017,1/2/2018,Second Class,KH-16690,Kristen Hastings,Corporate,United States,San Francisco,California,94110,West,OFF-ST-10003208,Office Supplies,Storage,Adjustable Depth Letter/Legal Cart,725.84,4,0.0,210.4936
5346,CA-2017-108539,3/21/2017,3/23/2017,Second Class,SC-20725,Steven Cartwright,Consumer,United States,Los Angeles,California,90045,West,OFF-ST-10003208,Office Supplies,Storage,Adjustable Depth Letter/Legal Cart,725.84,4,0.0,210.4936
7622,US-2014-144078,11/25/2014,11/29/2014,Standard Class,RB-19435,Richard Bierner,Consumer,United States,Los Angeles,California,90004,West,FUR-CH-10002335,Furniture,Chairs,Hon GuestStacker Chair,725.344,4,0.2,54.4008
661,CA-2015-146563,8/24/2015,8/28/2015,Standard Class,CB-12025,Cassandra Brandow,Consumer,United States,Arlington,Texas,76017,Central,OFF-ST-10001511,Office Supplies,Storage,Space Solutions Commercial Steel Shelving,724.08,14,0.2,-135.765
2304,CA-2017-157931,9/17/2017,9/22/2017,Second Class,MO-17800,Meg O'Connel,Home Office,United States,Roswell,Georgia,30076,South,FUR-CH-10000785,Furniture,Chairs,Global Ergonomic Managers Chair,723.92,4,0.0,188.2192
8661,CA-2017-124765,11/25/2017,11/30/2017,Standard Class,HZ-14950,Henia Zydlo,Consumer,United States,Fort Lauderdale,Florida,33311,South,FUR-BO-10003965,Furniture,Bookcases,O'Sullivan Manor Hill 2-Door Library in Brianna Oak,723.92,5,0.2,-81.441
1043,CA-2016-102981,9/6/2016,9/9/2016,Second Class,MO-17500,Mary O'Rourke,Consumer,United States,New York City,New York,10035,East,FUR-BO-10001811,Furniture,Bookcases,"Atlantic Metals Mobile 5-Shelf Bookcases, Custom Colors",722.352,3,0.2,90.294
7407,CA-2015-100146,5/14/2015,5/19/2015,Standard Class,CB-12535,Claudia Bergmann,Corporate,United States,Camarillo,California,93010,West,FUR-CH-10004495,Furniture,Chairs,"Global Leather and Oak Executive Chair, Black",722.352,3,0.2,81.2646
7345,CA-2017-168389,12/11/2017,12/17/2017,Standard Class,DV-13045,Darrin Van Huff,Corporate,United States,Jacksonville,Florida,32216,South,FUR-TA-10004289,Furniture,Tables,BoxOffice By Design Rectangular and Half-Moon Meeting Room Tables,721.875,6,0.45,-420.0
5046,CA-2016-158694,11/10/2016,11/13/2016,Second Class,AI-10855,Arianne Irving,Consumer,United States,Los Angeles,California,90036,West,OFF-ST-10001496,Office Supplies,Storage,Standard Rollaway File with Lock,720.76,4,0.0,187.3976
5362,CA-2017-100951,6/9/2017,6/10/2017,First Class,NC-18625,Noah Childs,Corporate,United States,Dallas,Texas,75217,Central,OFF-ST-10001496,Office Supplies,Storage,Standard Rollaway File with Lock,720.76,5,0.2,54.057
3784,CA-2017-165204,11/13/2017,11/16/2017,Second Class,MN-17935,Michael Nguyen,Consumer,United States,Memphis,Tennessee,38109,South,OFF-ST-10003716,Office Supplies,Storage,Tennsco Double-Tier Lockers,720.064,4,0.2,-63.0056
7804,CA-2015-102260,9/22/2015,9/26/2015,Standard Class,SJ-20125,Sanjit Jacobs,Home Office,United States,Franklin,Tennessee,37064,South,OFF-ST-10003716,Office Supplies,Storage,Tennsco Double-Tier Lockers,720.064,4,0.2,-63.0056
8553,CA-2014-140473,5/30/2014,6/3/2014,Standard Class,MC-17425,Mark Cousins,Corporate,United States,Chicago,Illinois,60623,Central,TEC-CO-10004202,Technology,Copiers,Brother DCP1000 Digital 3 in 1 Multifunction Machine,719.976,3,0.2,134.9955
2495,CA-2016-146206,9/10/2016,9/14/2016,Second Class,KT-16480,Kean Thornton,Consumer,United States,Houston,Texas,77095,Central,TEC-PH-10000895,Technology,Phones,Polycom VVX 310 VoIP phone,719.96,5,0.2,53.997
7546,CA-2014-103492,10/10/2014,10/15/2014,Standard Class,CM-12715,Craig Molinari,Corporate,United States,Huntsville,Texas,77340,Central,TEC-PH-10001128,Technology,Phones,Motorola Droid Maxx,719.952,6,0.2,71.9952
8085,CA-2015-150714,10/26/2015,11/1/2015,Standard Class,KH-16690,Kristen Hastings,Corporate,United States,Springfield,Oregon,97477,West,OFF-ST-10001809,Office Supplies,Storage,Fellowes Officeware Wire Shelving,718.64,10,0.2,-161.694
3615,CA-2017-112529,11/19/2017,11/21/2017,First Class,SC-20770,Stewart Carmichael,Corporate,United States,San Antonio,Texas,78207,Central,FUR-TA-10002622,Furniture,Tables,"Bush Andora Conference Table, Maple/Graphite Gray Finish",718.116,6,0.3,-71.8116
7168,CA-2014-117464,7/22/2014,7/24/2014,Second Class,NP-18325,Naresj Patel,Consumer,United States,San Francisco,California,94122,West,FUR-CH-10000155,Furniture,Chairs,Global Comet Stacking Armless Chair,717.72,3,0.2,71.772
9908,US-2015-129007,9/13/2015,9/15/2015,First Class,KD-16615,Ken Dana,Corporate,United States,Anaheim,California,92804,West,FUR-CH-10000155,Furniture,Chairs,Global Comet Stacking Armless Chair,717.72,3,0.2,71.772
4976,CA-2015-142202,9/18/2015,9/23/2015,Second Class,JR-16210,Justin Ritter,Corporate,United States,Jacksonville,Florida,32216,South,TEC-AC-10003198,Technology,Accessories,Enermax Acrylux Wireless Keyboard,717.12,9,0.2,152.388
5040,CA-2015-136469,7/11/2015,7/12/2015,First Class,TS-21370,Todd Sumrall,Corporate,United States,Wilmington,Delaware,19805,East,TEC-PH-10001817,Technology,Phones,Wilson Electronics DB Pro Signal Booster,716.0,2,0.0,193.32
5849,CA-2015-121783,11/10/2015,11/14/2015,Standard Class,PO-19180,Philisse Overcash,Home Office,United States,Roseville,Minnesota,55113,Central,OFF-AP-10003849,Office Supplies,Appliances,Hoover Shoulder Vac Commercial Portable Vacuum,715.64,2,0.0,178.91
7908,CA-2016-112585,7/30/2016,8/2/2016,First Class,RW-19630,Rob Williams,Corporate,United States,San Francisco,California,94122,West,OFF-AP-10003849,Office Supplies,Appliances,Hoover Shoulder Vac Commercial Portable Vacuum,715.64,2,0.0,178.91
5275,CA-2015-162887,11/7/2015,11/9/2015,Second Class,SV-20785,Stewart Visinsky,Consumer,United States,Burlington,Vermont,5408,East,FUR-CH-10000595,Furniture,Chairs,Safco Contoured Stacking Chairs,715.2,3,0.0,178.8
434,CA-2016-127369,6/6/2016,6/7/2016,First Class,DB-13060,Dave Brooks,Consumer,United States,Lowell,Massachusetts,1852,East,OFF-ST-10003306,Office Supplies,Storage,Letter Size Cart,714.3,5,0.0,207.147
5006,CA-2015-158659,11/10/2015,11/14/2015,Second Class,SC-20695,Steve Chapman,Corporate,United States,Richmond,Indiana,47374,Central,OFF-ST-10003306,Office Supplies,Storage,Letter Size Cart,714.3,5,0.0,207.147
6942,CA-2017-107132,6/26/2017,6/30/2017,Standard Class,SC-20260,Scott Cohen,Corporate,United States,New York City,New York,10009,East,OFF-ST-10001490,Office Supplies,Storage,"Hot File 7-Pocket, Floor Stand",713.88,4,0.0,214.164
2070,CA-2015-133452,4/13/2015,4/19/2015,Standard Class,ZC-21910,Zuschuss Carroll,Consumer,United States,Pomona,California,91767,West,FUR-TA-10003954,Furniture,Tables,Hon 94000 Series Round Tables,710.832,3,0.2,-97.7394
9180,CA-2017-156776,8/7/2017,8/11/2017,Standard Class,JL-15505,Jeremy Lonsdale,Consumer,United States,Westminster,California,92683,West,TEC-PH-10002415,Technology,Phones,Polycom VoiceStation 500 Conference phone,707.88,3,0.2,44.2425
5222,CA-2017-117401,5/18/2017,5/22/2017,Second Class,PP-18955,Paul Prost,Home Office,United States,Springfield,Missouri,65807,Central,OFF-AP-10000938,Office Supplies,Appliances,Avanti 1.7 Cu. Ft. Refrigerator,706.86,7,0.0,197.9208
8049,CA-2016-168543,7/3/2016,7/7/2016,Standard Class,DK-13225,Dean Katz,Corporate,United States,New York City,New York,10035,East,OFF-AP-10000938,Office Supplies,Appliances,Avanti 1.7 Cu. Ft. Refrigerator,706.86,7,0.0,197.9208
2555,CA-2016-118626,8/15/2016,8/20/2016,Standard Class,JC-15775,John Castell,Consumer,United States,Tallahassee,Florida,32303,South,TEC-PH-10000369,Technology,Phones,HTC One Mini,705.544,7,0.2,70.5544
2809,CA-2015-148635,7/25/2015,7/27/2015,Second Class,MH-18025,Michelle Huthwaite,Consumer,United States,Seattle,Washington,98115,West,FUR-BO-10002213,Furniture,Bookcases,"Sauder Forest Hills Library, Woodland Oak Finish",704.9,5,0.0,56.392
4365,CA-2017-111332,5/20/2017,5/22/2017,Second Class,NC-18340,Nat Carroll,Consumer,United States,Fargo,North Dakota,58103,Central,OFF-ST-10003816,Office Supplies,Storage,Fellowes High-Stak Drawer Files,704.76,4,0.0,162.0948
8649,CA-2016-164574,7/29/2016,8/3/2016,Standard Class,RH-19555,Ritsa Hightower,Consumer,United States,Charlotte,North Carolina,28205,South,OFF-ST-10003816,Office Supplies,Storage,Fellowes High-Stak Drawer Files,704.76,5,0.2,26.4285
481,CA-2016-100790,6/26/2016,7/2/2016,Standard Class,JG-15805,John Grady,Corporate,United States,New York City,New York,10024,East,OFF-ST-10000689,Office Supplies,Storage,"Fellowes Strictly Business Drawer File, Letter/Legal Size",704.25,5,0.0,84.51
6297,CA-2014-141313,12/28/2014,1/1/2015,Standard Class,AJ-10780,Anthony Jacobs,Corporate,United States,Beverly,Massachusetts,1915,East,OFF-ST-10000689,Office Supplies,Storage,"Fellowes Strictly Business Drawer File, Letter/Legal Size",704.25,5,0.0,84.51
474,CA-2014-144666,11/9/2014,11/11/2014,Second Class,JP-15520,Jeremy Pistek,Consumer,United States,San Francisco,California,94110,West,TEC-PH-10002680,Technology,Phones,Samsung Galaxy Note 3,703.968,4,0.2,87.996
7642,US-2016-157490,10/6/2016,10/7/2016,First Class,LB-16795,Laurel Beltran,Home Office,United States,Pueblo,Colorado,81001,West,TEC-MA-10001695,Technology,Machines,Zebra GK420t Direct Thermal/Thermal Transfer Printer,703.71,6,0.7,-938.28
6292,CA-2017-143756,12/2/2017,12/5/2017,First Class,ME-17725,Max Engle,Consumer,United States,Salem,Virginia,24153,South,FUR-CH-10001854,Furniture,Chairs,Office Star - Professional Matrix Back Chair with 2-to-1 Synchro Tilt and Mesh Fabric Seat,701.96,2,0.0,168.4704
9463,US-2017-109610,11/25/2017,11/30/2017,Second Class,BS-11590,Brendan Sweed,Corporate,United States,Louisville,Kentucky,40214,South,FUR-CH-10001854,Furniture,Chairs,Office Star - Professional Matrix Back Chair with 2-to-1 Synchro Tilt and Mesh Fabric Seat,701.96,2,0.0,168.4704
658,US-2016-156097,9/19/2016,9/19/2016,Same Day,EH-14125,Eugene Hildebrand,Home Office,United States,Aurora,Illinois,60505,Central,FUR-CH-10001215,Furniture,Chairs,Global Troy Executive Leather Low-Back Tilter,701.372,2,0.3,-50.098
2541,CA-2015-113404,7/16/2015,7/16/2015,Same Day,EM-13810,Eleni McCrary,Corporate,United States,San Francisco,California,94122,West,FUR-CH-10004086,Furniture,Chairs,Hon 4070 Series Pagoda Armless Upholstered Stacking Chairs,700.152,3,0.2,78.7671
2747,CA-2014-155887,5/12/2014,5/17/2014,Standard Class,KT-16480,Kean Thornton,Consumer,United States,Franklin,Massachusetts,2038,East,FUR-TA-10002228,Furniture,Tables,"Bevis Traditional Conference Table Top, Plinth Base",700.056,3,0.3,-130.0104
1789,CA-2015-154326,2/15/2015,2/19/2015,Standard Class,RP-19855,Roy Phan,Corporate,United States,Kenosha,Wisconsin,53142,Central,TEC-PH-10000560,Technology,Phones,Samsung Galaxy S III - 16GB - pebble blue (T-Mobile),699.98,2,0.0,195.9944
5060,CA-2016-109722,12/5/2016,12/7/2016,Second Class,TP-21130,Theone Pippenger,Consumer,United States,Georgetown,Kentucky,40324,South,TEC-PH-10000560,Technology,Phones,Samsung Galaxy S III - 16GB - pebble blue (T-Mobile),699.98,2,0.0,195.9944
1122,US-2014-147627,1/20/2014,1/26/2014,Standard Class,HL-15040,Hunter Lopez,Consumer,United States,Jonesboro,Arkansas,72401,South,TEC-PH-10001061,Technology,Phones,Apple iPhone 5C,699.93,7,0.0,181.9818
339,CA-2014-129924,7/12/2014,7/17/2014,Standard Class,AC-10420,Alyssa Crouse,Corporate,United States,San Francisco,California,94122,West,FUR-TA-10004575,Furniture,Tables,Hon 5100 Series Wood Tables,698.352,3,0.2,-17.4588
6631,CA-2016-105081,12/25/2016,12/30/2016,Standard Class,JE-15715,Joe Elijah,Consumer,United States,Seattle,Washington,98115,West,FUR-CH-10000847,Furniture,Chairs,Global Executive Mid-Back Manager's Chair,698.352,3,0.2,52.3764
8789,CA-2017-126914,6/15/2017,6/19/2017,Standard Class,JE-15715,Joe Elijah,Consumer,United States,Monroe,North Carolina,28110,South,FUR-CH-10000847,Furniture,Chairs,Global Executive Mid-Back Manager's Chair,698.352,3,0.2,52.3764
1041,CA-2016-127670,3/20/2016,3/24/2016,Standard Class,RD-19660,Robert Dilbeck,Home Office,United States,Saint Peters,Missouri,63376,Central,FUR-TA-10001095,Furniture,Tables,Chromcraft Round Conference Tables,697.16,4,0.0,146.4036
5231,CA-2017-124436,3/19/2017,3/22/2017,Second Class,SA-20830,Sue Ann Reed,Consumer,United States,Fresno,California,93727,West,FUR-TA-10001095,Furniture,Tables,Chromcraft Round Conference Tables,697.16,5,0.2,8.7145
4193,CA-2015-150875,11/16/2015,11/20/2015,Standard Class,HK-14890,Heather Kirkland,Corporate,United States,Boise,Idaho,83704,West,FUR-TA-10000577,Furniture,Tables,Bretford CR4500 Series Slim Rectangular Table,696.42,2,0.0,160.1766
1341,CA-2017-113481,1/2/2017,1/4/2017,First Class,AS-10045,Aaron Smayling,Corporate,United States,Jacksonville,North Carolina,28540,South,TEC-MA-10002178,Technology,Machines,Cisco CP-7937G Unified IP Conference Station Phone,695.7,2,0.5,-27.828
2839,CA-2016-147368,6/9/2016,6/12/2016,First Class,TC-21295,Toby Carlisle,Consumer,United States,Tallahassee,Florida,32303,South,TEC-MA-10002178,Technology,Machines,Cisco CP-7937G Unified IP Conference Station Phone,695.7,2,0.5,-27.828
3102,CA-2017-119578,12/22/2017,12/27/2017,Second Class,JG-15310,Jason Gross,Corporate,United States,Providence,Rhode Island,2908,East,OFF-SU-10003505,Office Supplies,Supplies,Premier Electric Letter Opener,695.16,6,0.0,34.758
6047,CA-2016-154662,6/9/2016,6/16/2016,Standard Class,BF-11215,Benjamin Farhat,Home Office,United States,Minneapolis,Minnesota,55407,Central,FUR-TA-10001771,Furniture,Tables,"Bush Cubix Conference Tables, Fully Assembled",692.94,3,0.0,173.235
4271,CA-2015-166975,11/26/2015,11/30/2015,Standard Class,SH-20635,Stefanie Holloman,Corporate,United States,Jackson,Tennessee,38301,South,FUR-FU-10003930,Furniture,Furnishings,Howard Miller 12-3/4 Diameter Accuwave DS  Wall Clock,692.472,11,0.2,190.4298
3849,CA-2017-161053,9/22/2017,9/23/2017,First Class,JE-15745,Joel Eaton,Consumer,United States,Fayetteville,Arkansas,72701,South,OFF-BI-10004318,Office Supplies,Binders,Ibico EB-19 Dual Function Manual Binding System,691.96,4,0.0,318.3016
9510,CA-2014-149104,4/5/2014,4/7/2014,Second Class,RD-19900,Ruben Dartt,Consumer,United States,Dearborn Heights,Michigan,48127,Central,OFF-ST-10000991,Office Supplies,Storage,Space Solutions HD Industrial Steel Shelving.,689.82,6,0.0,20.6946
4991,CA-2017-107321,8/31/2017,9/4/2017,Standard Class,AW-10930,Arthur Wiediger,Home Office,United States,San Francisco,California,94110,West,TEC-PH-10002200,Technology,Phones,Aastra 6757i CT Wireless VoIP phone,689.408,4,0.2,77.5584
5035,CA-2015-103954,8/9/2015,8/13/2015,Second Class,HR-14770,Hallie Redmond,Home Office,United States,Milwaukee,Wisconsin,53209,Central,FUR-BO-10004690,Furniture,Bookcases,O'Sullivan Cherrywood Estates Traditional Barrister Bookcase,687.4,5,0.0,48.118
8869,CA-2016-158260,11/4/2016,11/8/2016,Standard Class,CC-12475,Cindy Chapman,Consumer,United States,San Diego,California,92037,West,TEC-MA-10003176,Technology,Machines,Okidata B400 Printer,686.4,2,0.2,77.22
1145,CA-2014-146969,9/29/2014,10/3/2014,Standard Class,AP-10915,Arthur Prichep,Consumer,United States,Los Angeles,California,90045,West,TEC-MA-10004241,Technology,Machines,Star Micronics TSP800 TSP847IIU Receipt Printer,686.32,2,0.2,223.054
5932,US-2017-169551,7/7/2017,7/9/2017,First Class,RL-19615,Rob Lucas,Consumer,United States,Philadelphia,Pennsylvania,19120,East,TEC-PH-10001363,Technology,Phones,Apple iPhone 5S,683.988,2,0.4,-113.998
527,CA-2017-113558,10/21/2017,10/26/2017,Standard Class,PH-18790,Patricia Hirasaki,Home Office,United States,Lakeland,Florida,33801,South,FUR-CH-10003379,Furniture,Chairs,Global Commerce Series High-Back Swivel/Tilt Chairs,683.952,3,0.2,42.747
9932,CA-2015-104948,11/13/2015,11/17/2015,Standard Class,KH-16510,Keith Herrera,Consumer,United States,San Bernardino,California,92404,West,FUR-BO-10004357,Furniture,Bookcases,O'Sullivan Living Dimensions 3-Shelf Bookcases,683.332,4,0.15,-40.196
4781,CA-2014-159310,11/7/2014,11/12/2014,Standard Class,SC-20725,Steven Cartwright,Consumer,United States,Houston,Texas,77070,Central,FUR-CH-10002758,Furniture,Chairs,"Hon Deluxe Fabric Upholstered Stacking Chairs, Squared Back",683.144,4,0.3,0.0
3625,CA-2017-113530,5/19/2017,5/21/2017,Second Class,BC-11125,Becky Castell,Home Office,United States,San Francisco,California,94109,West,FUR-CH-10002647,Furniture,Chairs,"Situations Contoured Folding Chairs, 4/Set",681.408,12,0.2,42.588
6926,CA-2015-137925,11/30/2015,12/4/2015,Standard Class,JL-15235,Janet Lee,Consumer,United States,New York City,New York,10035,East,FUR-BO-10001608,Furniture,Bookcases,"Hon Metal Bookcases, Black",681.408,12,0.2,42.588
9163,CA-2016-160108,12/8/2016,12/12/2016,Standard Class,AG-10900,Arthur Gainer,Consumer,United States,Eau Claire,Wisconsin,54703,Central,FUR-CH-10002335,Furniture,Chairs,Hon GuestStacker Chair,680.01,3,0.0,176.8026
7618,CA-2016-144309,12/10/2016,12/16/2016,Standard Class,CM-12235,Chris McAfee,Consumer,United States,Watertown,New York,13601,East,OFF-BI-10003656,Office Supplies,Binders,Fellowes PB200 Plastic Comb Binding Machine,679.96,5,0.2,220.987
1339,CA-2017-100524,3/31/2017,4/2/2017,Second Class,CM-12115,Chad McGuire,Consumer,United States,New York City,New York,10011,East,TEC-PH-10002549,Technology,Phones,Polycom SoundPoint IP 450 VoIP phone,677.58,3,0.0,176.1708
1662,CA-2017-144526,4/30/2017,5/6/2017,Standard Class,QJ-19255,Quincy Jones,Corporate,United States,Philadelphia,Pennsylvania,19143,East,TEC-PH-10002549,Technology,Phones,Polycom SoundPoint IP 450 VoIP phone,677.58,5,0.4,-158.102
5957,CA-2016-127138,3/12/2016,3/15/2016,Second Class,DK-13225,Dean Katz,Corporate,United States,San Francisco,California,94109,West,OFF-ST-10002756,Office Supplies,Storage,"Tennsco Stur-D-Stor Boltless Shelving, 5 Shelves, 24"" Deep, Sand",676.55,5,0.0,6.7655
1625,CA-2015-157084,12/19/2015,12/24/2015,Standard Class,JG-15160,James Galang,Consumer,United States,Los Angeles,California,90049,West,TEC-PH-10002922,Technology,Phones,ShoreTel ShorePhone IP 230 VoIP phone,675.96,5,0.2,84.495
2578,CA-2014-129091,11/22/2014,11/27/2014,Standard Class,RA-19885,Ruben Ausman,Corporate,United States,Columbus,Georgia,31907,South,OFF-AP-10002734,Office Supplies,Appliances,Holmes Harmony HEPA Air Purifier for 17 x 20 Room,675.12,3,0.0,290.3016
8280,CA-2017-146192,4/22/2017,4/26/2017,Standard Class,BD-11725,Bruce Degenhardt,Consumer,United States,Columbus,Georgia,31907,South,OFF-ST-10003716,Office Supplies,Storage,Tennsco Double-Tier Lockers,675.06,3,0.0,87.7578
3839,CA-2014-126760,7/26/2014,8/2/2014,Standard Class,KM-16720,Kunst Miller,Consumer,United States,North Las Vegas,Nevada,89031,West,FUR-CH-10003312,Furniture,Chairs,Hon 2090 Pillow Soft Series Mid Back Swivel/Tilt Chairs,674.352,3,0.2,-109.5822
7191,CA-2016-164399,11/12/2016,11/15/2016,First Class,DW-13480,Dianna Wilson,Home Office,United States,San Diego,California,92024,West,FUR-TA-10003392,Furniture,Tables,Global Adaptabilities Conference Tables,674.352,3,0.2,-8.4294
4905,US-2014-161613,12/1/2014,12/3/2014,Second Class,MC-17605,Matt Connell,Corporate,United States,Houston,Texas,77070,Central,FUR-CH-10003746,Furniture,Chairs,Hon 4070 Series Pagoda Round Back Stacking Chairs,674.058,3,0.3,-19.2588
2230,CA-2014-128055,3/31/2014,4/5/2014,Standard Class,AA-10315,Alex Avila,Consumer,United States,San Francisco,California,94122,West,OFF-BI-10004390,Office Supplies,Binders,GBC DocuBind 200 Manual Binding Machine,673.568,2,0.2,252.588
9782,CA-2016-153178,9/14/2016,9/18/2016,Standard Class,CL-12565,Clay Ludtke,Consumer,United States,Long Beach,New York,11561,East,OFF-BI-10004390,Office Supplies,Binders,GBC DocuBind 200 Manual Binding Machine,673.568,2,0.2,252.588
9487,CA-2017-130505,10/12/2017,10/12/2017,Same Day,NF-18385,Natalie Fritzler,Consumer,United States,Wheeling,West Virginia,26003,East,FUR-TA-10001932,Furniture,Tables,"Chromcraft 48"" x 96"" Racetrack Double Pedestal Table",673.344,3,0.3,-76.9536
2955,CA-2017-134915,11/12/2017,11/12/2017,Same Day,EM-14140,Eugene Moren,Home Office,United States,Glendale,Arizona,85301,West,TEC-PH-10001459,Technology,Phones,Samsung Galaxy Mega 6.3,671.984,2,0.2,50.3988
4164,CA-2015-163587,3/14/2015,3/18/2015,Standard Class,EP-13915,Emily Phan,Consumer,United States,Dover,New Hampshire,3820,East,OFF-BI-10003091,Office Supplies,Binders,GBC DocuBind TL200 Manual Binding Machine,671.94,3,0.0,315.8118
146,CA-2015-110744,9/7/2015,9/12/2015,Standard Class,HA-14920,Helen Andreada,Consumer,United States,Pasadena,California,91104,West,OFF-ST-10003656,Office Supplies,Storage,Safco Industrial Wire Shelving,671.93,7,0.0,20.1579
3090,US-2017-159205,3/31/2017,4/2/2017,Second Class,DB-12910,Daniel Byrd,Home Office,United States,Henderson,Kentucky,42420,South,TEC-PH-10000526,Technology,Phones,Vtech CS6719,671.93,7,0.0,188.1404
4726,CA-2016-131968,11/11/2016,11/15/2016,Standard Class,LB-16795,Laurel Beltran,Home Office,United States,Apopka,Florida,32712,South,OFF-AP-10001058,Office Supplies,Appliances,Sanyo 2.5 Cubic Foot Mid-Size Office Refrigerators,671.544,3,0.2,50.3658
8128,CA-2015-137064,2/6/2015,2/13/2015,Standard Class,TS-21655,Trudy Schmidt,Consumer,United States,Houston,Texas,77070,Central,OFF-ST-10003470,Office Supplies,Storage,"Tennsco Snap-Together Open Shelving Units, Starter Sets and Add-On Units",670.752,3,0.2,-125.766
1637,CA-2014-168984,11/26/2014,12/2/2014,Standard Class,NW-18400,Natalie Webber,Consumer,United States,Tigard,Oregon,97224,West,OFF-ST-10001097,Office Supplies,Storage,Office Impressions Heavy Duty Welded Shelving & Multimedia Storage Drawers,669.08,5,0.2,-167.27
9681,CA-2015-130113,12/27/2015,12/31/2015,Standard Class,AH-10030,Aaron Hawkins,Corporate,United States,San Francisco,California,94122,West,TEC-PH-10003505,Technology,Phones,Geemarc AmpliPOWER60,668.16,9,0.2,75.168
3019,US-2016-160528,8/23/2016,8/30/2016,Standard Class,MH-18115,Mick Hernandez,Home Office,United States,Pharr,Texas,78577,Central,TEC-AC-10002842,Technology,Accessories,WD My Passport Ultra 2TB Portable External Hard Drive,666.4,7,0.2,-33.32
4309,CA-2014-125829,11/4/2014,11/11/2014,Standard Class,WB-21850,William Brown,Consumer,United States,Los Angeles,California,90045,West,TEC-PH-10001079,Technology,Phones,Polycom SoundPoint Pro SE-225 Corded phone,666.344,7,0.2,66.6344
530,US-2015-138303,9/3/2015,9/7/2015,Standard Class,MG-18145,Mike Gockenbach,Consumer,United States,Philadelphia,Pennsylvania,19134,East,OFF-SU-10002881,Office Supplies,Supplies,Martin Yale Chadless Opener Electric Letter Opener,666.248,1,0.2,-149.9058
17,CA-2014-105893,11/11/2014,11/18/2014,Standard Class,PK-19075,Pete Kriz,Consumer,United States,Madison,Wisconsin,53711,Central,OFF-ST-10004186,Office Supplies,Storage,"Stur-D-Stor Shelving, Vertical 5-Shelf: 72""H x 36""W x 18 1/2""D",665.88,6,0.0,13.3176
3778,CA-2015-107937,5/3/2015,5/8/2015,Standard Class,JB-16045,Julia Barnett,Home Office,United States,Chula Vista,California,91911,West,FUR-FU-10002298,Furniture,Furnishings,"Rubbermaid ClusterMat Chairmats, Mat Size- 66"" x 60"", Lip 20"" x 11"" -90 Degree Angle",665.88,6,0.0,106.5408
455,CA-2017-147277,10/20/2017,10/24/2017,Standard Class,EB-13705,Ed Braxton,Corporate,United States,Akron,Ohio,44312,East,OFF-ST-10000142,Office Supplies,Storage,Deluxe Rollaway Locking File with Drawer,665.408,2,0.2,66.5408
5501,CA-2017-164378,7/15/2017,7/18/2017,Second Class,MM-18055,Michelle Moray,Consumer,United States,New York City,New York,10024,East,FUR-CH-10002084,Furniture,Chairs,Hon Mobius Operator's Chair,664.146,6,0.1,88.5528
3070,US-2017-120089,11/30/2017,11/30/2017,Same Day,ML-17755,Max Ludwig,Home Office,United States,Toledo,Ohio,43615,East,OFF-AP-10003779,Office Supplies,Appliances,Kensington 7 Outlet MasterPiece Power Center with Fax/Phone Line Protection,663.936,4,0.2,82.992
8013,CA-2017-120168,5/25/2017,5/25/2017,Same Day,TB-21625,Trudy Brown,Consumer,United States,New York City,New York,10009,East,OFF-BI-10004519,Office Supplies,Binders,GBC DocuBind P100 Manual Binding Machine,663.92,5,0.2,207.475
9190,US-2015-130512,8/21/2015,8/25/2015,Standard Class,SM-20320,Sean Miller,Home Office,United States,Allentown,Pennsylvania,18103,East,OFF-ST-10002574,Office Supplies,Storage,"SAFCO Commercial Wire Shelving, Black",663.072,6,0.2,-165.768
1941,CA-2016-112109,7/8/2016,7/12/2016,Standard Class,JE-15715,Joe Elijah,Consumer,United States,Broomfield,Colorado,80020,West,FUR-CH-10004287,Furniture,Chairs,SAFCO Arco Folding Chair,662.88,3,0.2,74.574
3321,CA-2014-134551,12/20/2014,12/25/2014,Standard Class,TS-21505,Tony Sayre,Consumer,United States,Columbia,Tennessee,38401,South,FUR-CH-10004287,Furniture,Chairs,SAFCO Arco Folding Chair,662.88,3,0.2,74.574
2443,CA-2016-146934,5/22/2016,5/27/2016,Standard Class,AF-10870,Art Ferguson,Consumer,United States,Passaic,New Jersey,7055,East,OFF-AP-10003217,Office Supplies,Appliances,Eureka Sanitaire  Commercial Upright,662.84,4,0.0,172.3384
6286,CA-2016-125080,10/21/2016,10/26/2016,Standard Class,VW-21775,Victoria Wilson,Corporate,United States,Lakewood,Ohio,44107,East,FUR-TA-10003238,Furniture,Tables,"Chromcraft Bull-Nose Wood 48"" x 96"" Rectangular Conference Tables",661.176,2,0.4,-231.4116
4492,CA-2014-150798,12/1/2014,12/3/2014,Second Class,JK-15730,Joe Kamberova,Consumer,United States,Columbus,Ohio,43229,East,TEC-CO-10001571,Technology,Copiers,Sharp 1540cs Digital Laser Copier,659.988,2,0.4,109.998
1931,US-2017-101539,3/16/2017,3/18/2017,Second Class,VM-21685,Valerie Mitchum,Home Office,United States,Seattle,Washington,98105,West,TEC-PH-10004165,Technology,Phones,Mitel MiVoice 5330e IP Phone,659.976,3,0.2,49.4982
2247,CA-2017-103380,11/21/2017,11/25/2017,Standard Class,BF-11005,Barry Franz,Home Office,United States,Pasadena,California,91104,West,TEC-PH-10004165,Technology,Phones,Mitel MiVoice 5330e IP Phone,659.976,3,0.2,49.4982
7978,CA-2014-166051,5/31/2014,6/5/2014,Standard Class,JK-15625,Jim Karlsson,Consumer,United States,Jackson,Mississippi,39212,South,TEC-PH-10002680,Technology,Phones,Samsung Galaxy Note 3,659.97,3,0.0,197.991
3891,US-2016-163881,11/24/2016,11/30/2016,Standard Class,SP-20860,Sung Pak,Corporate,United States,Los Angeles,California,90036,West,TEC-AC-10003033,Technology,Accessories,Plantronics CS510 - Over-the-Head monaural Wireless Headset System,659.9,2,0.0,217.767
5610,CA-2017-117198,8/31/2017,9/5/2017,Standard Class,BG-11035,Barry Gonzalez,Consumer,United States,Monroe,Louisiana,71203,South,TEC-AC-10003033,Technology,Accessories,Plantronics CS510 - Over-the-Head monaural Wireless Headset System,659.9,2,0.0,217.767
5921,US-2015-126977,9/17/2015,9/23/2015,Standard Class,PF-19120,Peter Fuller,Consumer,United States,New York City,New York,10035,East,TEC-AC-10003033,Technology,Accessories,Plantronics CS510 - Over-the-Head monaural Wireless Headset System,659.9,2,0.0,217.767
4550,CA-2015-126557,7/12/2015,7/17/2015,Second Class,RL-19615,Rob Lucas,Consumer,United States,Chicago,Illinois,60610,Central,TEC-PH-10003963,Technology,Phones,GE 2-Jack Phone Line Splitter,659.168,4,0.2,49.4376
4735,CA-2016-120530,4/7/2016,4/12/2016,Standard Class,Dl-13600,Dorris liebe,Corporate,United States,New York City,New York,10035,East,FUR-CH-10000454,Furniture,Chairs,"Hon Deluxe Fabric Upholstered Stacking Chairs, Rounded Back",658.746,3,0.1,146.388
3603,CA-2014-159835,11/17/2014,11/24/2014,Standard Class,RB-19330,Randy Bradley,Consumer,United States,Philadelphia,Pennsylvania,19143,East,FUR-CH-10004997,Furniture,Chairs,Hon Every-Day Series Multi-Task Chairs,657.93,5,0.3,-93.99
4574,CA-2016-139395,12/12/2016,12/18/2016,Standard Class,MG-17650,Matthew Grinstein,Home Office,United States,Jackson,Michigan,49201,Central,TEC-PH-10002103,Technology,Phones,Jabra SPEAK 410,657.93,7,0.0,184.2204
8024,CA-2014-129189,7/21/2014,7/25/2014,Standard Class,HM-14860,Harry Marie,Corporate,United States,Dallas,Texas,75217,Central,FUR-CH-10004997,Furniture,Chairs,Hon Every-Day Series Multi-Task Chairs,657.93,5,0.3,-93.99
3525,CA-2016-132731,11/24/2016,11/28/2016,Standard Class,GA-14515,George Ashbrook,Consumer,United States,Dallas,Texas,75081,Central,TEC-PH-10004120,Technology,Phones,AT&T 1080 Phone,657.552,6,0.2,49.3164
4344,CA-2017-105410,3/19/2017,3/22/2017,First Class,ND-18370,Natalie DeCherney,Consumer,United States,San Francisco,California,94110,West,TEC-PH-10000038,Technology,Phones,Jawbone MINI JAMBOX Wireless Bluetooth Speaker,657.504,6,0.2,-131.5008
3495,CA-2017-142034,9/24/2017,9/28/2017,Standard Class,KB-16240,Karen Bern,Corporate,United States,Saint Cloud,Minnesota,56301,Central,TEC-AC-10000990,Technology,Accessories,Imation Bio 2GB USB Flash Drive Imation Corp,655.9,5,0.0,275.478
2815,CA-2015-135685,11/16/2015,11/18/2015,Second Class,MP-18175,Mike Pelletier,Home Office,United States,Milwaukee,Wisconsin,53209,Central,FUR-TA-10000688,Furniture,Tables,"Chromcraft Bull-Nose Wood Round Conference Table Top, Wood Base",653.55,3,0.0,111.1035
5036,CA-2014-169803,4/6/2014,4/12/2014,Standard Class,SC-20260,Scott Cohen,Corporate,United States,Seattle,Washington,98115,West,FUR-TA-10000688,Furniture,Tables,"Chromcraft Bull-Nose Wood Round Conference Table Top, Wood Base",653.55,3,0.0,111.1035
2629,US-2017-165344,11/13/2017,11/15/2017,First Class,SB-20290,Sean Braxton,Corporate,United States,Springfield,Ohio,45503,East,TEC-MA-10002210,Technology,Machines,Epson TM-T88V Direct Thermal Printer - Monochrome - Desktop,652.995,7,0.7,-935.9595
1395,US-2017-117247,10/9/2017,10/14/2017,Standard Class,CK-12760,Cyma Kinney,Corporate,United States,Aurora,Illinois,60505,Central,FUR-TA-10002958,Furniture,Tables,"Bevis Oval Conference Table, Walnut",652.45,5,0.5,-430.617
6309,CA-2016-163328,11/4/2016,11/6/2016,Second Class,TP-21565,Tracy Poddar,Corporate,United States,Eugene,Oregon,97405,West,FUR-CH-10000229,Furniture,Chairs,Global Enterprise Series Seating High-Back Swivel/Tilt Chairs,650.352,3,0.2,-97.5528
7293,CA-2017-109183,12/4/2017,12/9/2017,Standard Class,LR-16915,Lena Radford,Consumer,United States,Nashville,Tennessee,37211,South,TEC-MA-10001856,Technology,Machines,Okidata C610n Printer,649.0,2,0.5,-272.58
258,US-2015-159982,11/28/2015,12/4/2015,Standard Class,DR-12880,Dan Reichenbach,Corporate,United States,Chicago,Illinois,60623,Central,TEC-PH-10001580,Technology,Phones,Logitech Mobile Speakerphone P710e - speaker phone,647.904,6,0.2,56.6916
360,CA-2017-155698,3/8/2017,3/11/2017,First Class,VB-21745,Victoria Brennan,Corporate,United States,Columbus,Georgia,31907,South,OFF-AP-10001124,Office Supplies,Appliances,Belkin 8 Outlet SurgeMaster II Gold Surge Protector with Phone Protection,647.84,8,0.0,168.4384
2496,CA-2014-136644,6/16/2014,6/22/2014,Standard Class,SC-20575,Sonia Cooley,Consumer,United States,Mishawaka,Indiana,46544,Central,FUR-CH-10000225,Furniture,Chairs,"Global Geo Office Task Chair, Gray",647.84,8,0.0,32.392
543,US-2015-120161,12/18/2015,12/23/2015,Standard Class,LM-17065,Liz MacKendrick,Consumer,United States,Springfield,Ohio,45503,East,OFF-ST-10001809,Office Supplies,Storage,Fellowes Officeware Wire Shelving,646.776,9,0.2,-145.5246
766,CA-2014-162775,1/13/2014,1/15/2014,Second Class,CS-12250,Chris Selesnick,Corporate,United States,Bossier City,Louisiana,71111,South,TEC-AC-10003174,Technology,Accessories,Plantronics S12 Corded Telephone Headset System,646.74,6,0.0,258.696
6025,CA-2017-139717,8/24/2017,8/26/2017,Second Class,DM-13015,Darrin Martin,Consumer,United States,Lancaster,Ohio,43130,East,OFF-AP-10000938,Office Supplies,Appliances,Avanti 1.7 Cu. Ft. Refrigerator,646.272,8,0.2,64.6272
4058,CA-2014-163034,11/24/2014,11/28/2014,Standard Class,DK-12985,Darren Koutras,Consumer,United States,Chicago,Illinois,60610,Central,OFF-ST-10000046,Office Supplies,Storage,Fellowes Super Stor/Drawer Files,646.2,5,0.2,-8.0775
1147,CA-2015-112452,4/4/2015,4/4/2015,Same Day,NC-18340,Nat Carroll,Consumer,United States,Lansing,Michigan,48911,Central,OFF-AP-10003849,Office Supplies,Appliances,Hoover Shoulder Vac Commercial Portable Vacuum,644.076,2,0.1,107.346
6731,CA-2015-156734,6/18/2015,6/20/2015,First Class,BV-11245,Benjamin Venier,Corporate,United States,Smyrna,Tennessee,37167,South,FUR-CH-10002965,Furniture,Chairs,"Global Leather Highback Executive Chair with Pneumatic Height Adjustment, Black",643.136,4,0.2,56.2744
770,CA-2016-157245,5/19/2016,5/24/2016,Standard Class,LE-16810,Laurel Elliston,Consumer,United States,Arlington,Virginia,22204,South,FUR-CH-10003746,Furniture,Chairs,Hon 4070 Series Pagoda Round Back Stacking Chairs,641.96,2,0.0,179.7488
7461,US-2015-136987,4/11/2015,4/14/2015,Second Class,AR-10540,Andy Reiter,Consumer,United States,Los Angeles,California,90004,West,TEC-CO-10001943,Technology,Copiers,Canon PC-428 Personal Copier,639.968,4,0.2,215.9892
4089,US-2014-156559,8/19/2014,8/26/2014,Standard Class,LH-16900,Lena Hernandez,Consumer,United States,Jonesboro,Arkansas,72401,South,FUR-BO-10000711,Furniture,Bookcases,"Hon Metal Bookcases, Gray",638.82,9,0.0,172.4814
5733,CA-2017-143574,6/29/2017,7/2/2017,First Class,DR-12880,Dan Reichenbach,Corporate,United States,Milford,Connecticut,6460,East,FUR-BO-10002598,Furniture,Bookcases,"Hon Metal Bookcases, Putty",638.82,9,0.0,185.2578
3655,CA-2017-133004,8/31/2017,9/5/2017,Standard Class,AJ-10945,Ashley Jarboe,Consumer,United States,Lawrence,Indiana,46226,Central,OFF-AP-10002439,Office Supplies,Appliances,Tripp Lite Isotel 8 Ultra 8 Outlet Metal Surge,638.73,9,0.0,166.0698
5775,CA-2016-142398,4/12/2016,4/16/2016,Standard Class,BP-11290,Beth Paige,Consumer,United States,Los Angeles,California,90036,West,FUR-CH-10001545,Furniture,Chairs,Hon Comfortask Task/Swivel Chairs,638.288,7,0.2,-31.9144
4003,CA-2016-145730,3/3/2016,3/8/2016,Standard Class,CC-12220,Chris Cortes,Consumer,United States,San Antonio,Texas,78207,Central,FUR-TA-10004915,Furniture,Tables,"Office Impressions End Table, 20-1/2""H x 24""W x 20""D",637.896,3,0.3,-127.5792
8449,CA-2017-125451,10/23/2017,10/24/2017,First Class,AH-10075,Adam Hart,Corporate,United States,Cranston,Rhode Island,2920,East,FUR-TA-10004915,Furniture,Tables,"Office Impressions End Table, 20-1/2""H x 24""W x 20""D",637.896,3,0.3,-127.5792
8285,CA-2015-154284,12/21/2015,12/26/2015,Second Class,SZ-20035,Sam Zeldin,Home Office,United States,Saint Charles,Illinois,60174,Central,TEC-AC-10003198,Technology,Accessories,Enermax Acrylux Wireless Keyboard,637.44,8,0.2,135.456
3731,CA-2015-109575,9/18/2015,9/23/2015,Standard Class,KH-16630,Ken Heidel,Corporate,United States,Clinton,Maryland,20735,East,OFF-ST-10004123,Office Supplies,Storage,Safco Industrial Wire Shelving System,636.86,7,0.0,0.0
2101,US-2014-140116,3/10/2014,3/17/2014,Standard Class,KT-16480,Kean Thornton,Consumer,United States,Denver,Colorado,80219,West,OFF-ST-10000078,Office Supplies,Storage,Tennsco 6- and 18-Compartment Lockers,636.408,3,0.2,-15.9102
4673,CA-2016-133550,7/31/2016,8/6/2016,Standard Class,KL-16645,Ken Lonsdale,Consumer,United States,Detroit,Michigan,48205,Central,TEC-PH-10004042,Technology,Phones,ClearOne Communications CHAT 70 OC Speaker Phone,635.96,4,0.0,165.3496
6548,CA-2014-113880,3/1/2014,3/5/2014,Standard Class,VF-21715,Vicky Freymann,Home Office,United States,Elmhurst,Illinois,60126,Central,FUR-CH-10000863,Furniture,Chairs,Novimex Swivel Fabric Task Chair,634.116,6,0.3,-172.1172
2490,CA-2015-141040,10/9/2015,10/13/2015,Second Class,TB-21250,Tim Brockman,Consumer,United States,New York City,New York,10024,East,TEC-PH-10001835,Technology,Phones,Jawbone JAMBOX Wireless Bluetooth Speaker,631.96,4,0.0,303.3408
9273,CA-2016-100510,5/12/2016,5/17/2016,Standard Class,HM-14860,Harry Marie,Corporate,United States,New York City,New York,10024,East,TEC-PH-10001835,Technology,Phones,Jawbone JAMBOX Wireless Bluetooth Speaker,631.96,4,0.0,303.3408
4347,CA-2016-120355,9/18/2016,9/25/2016,Standard Class,MM-17260,Magdelene Morse,Consumer,United States,New Rochelle,New York,10801,East,FUR-CH-10001394,Furniture,Chairs,Global Leather Executive Chair,631.782,2,0.1,140.396
9395,CA-2014-125997,9/20/2014,9/23/2014,First Class,MW-18220,Mitch Webber,Consumer,United States,New York City,New York,10011,East,FUR-CH-10001394,Furniture,Chairs,Global Leather Executive Chair,631.782,2,0.1,140.396
4498,CA-2017-155075,12/2/2017,12/9/2017,Standard Class,GW-14605,Giulietta Weimer,Consumer,United States,Philadelphia,Pennsylvania,19140,East,OFF-BI-10003650,Office Supplies,Binders,GBC DocuBind 300 Electric Binding Machine,631.176,4,0.7,-462.8624
8411,CA-2016-130820,11/15/2016,11/15/2016,Same Day,ON-18715,Odella Nelson,Corporate,United States,Burlington,North Carolina,27217,South,FUR-TA-10001768,Furniture,Tables,Hon Racetrack Conference Tables,630.024,4,0.4,-199.5076
2729,CA-2017-119193,12/22/2017,12/24/2017,First Class,SK-19990,Sally Knutson,Consumer,United States,Toledo,Ohio,43615,East,TEC-PH-10003072,Technology,Phones,Panasonic KX-TG9541B DECT 6.0 Digital 2-Line Expandable Cordless Phone With Digital Answering System,629.958,7,0.4,94.4937
4177,CA-2014-128846,4/7/2014,4/12/2014,Standard Class,RS-19765,Roland Schwarz,Corporate,United States,Columbia,South Carolina,29203,South,TEC-PH-10003273,Technology,Phones,AT&T TR1909W,629.95,5,0.0,163.787
6181,CA-2015-158421,9/21/2015,9/26/2015,Standard Class,GB-14575,Giulietta Baptist,Consumer,United States,Columbia,South Carolina,29203,South,TEC-PH-10000369,Technology,Phones,HTC One Mini,629.95,5,0.0,176.386
6469,CA-2016-163804,12/2/2016,12/8/2016,Standard Class,DB-13270,Deborah Brumfield,Home Office,United States,Providence,Rhode Island,2908,East,TEC-PH-10000441,Technology,Phones,VTech DS6151,629.95,5,0.0,176.386
6747,CA-2017-159156,11/13/2017,11/16/2017,First Class,KB-16600,Ken Brennan,Corporate,United States,New York City,New York,10009,East,TEC-PH-10004389,Technology,Phones,Nokia Lumia 925,629.95,5,0.0,163.787
9394,CA-2014-125997,9/20/2014,9/23/2014,First Class,MW-18220,Mitch Webber,Consumer,United States,New York City,New York,10011,East,TEC-PH-10003484,Technology,Phones,Ooma Telo VoIP Home Phone System,629.95,5,0.0,157.4875
5119,CA-2015-127173,9/26/2015,10/3/2015,Standard Class,GM-14500,Gene McClure,Consumer,United States,Oceanside,New York,11572,East,TEC-MA-10002859,Technology,Machines,Ativa MDM8000 8-Sheet Micro-Cut Shredder,629.93,7,0.0,296.0671
8889,CA-2017-103968,12/1/2017,12/7/2017,Standard Class,ML-17755,Max Ludwig,Home Office,United States,Stockton,California,95207,West,FUR-FU-10003394,Furniture,Furnishings,"Tenex ""The Solids"" Textured Chair Mats",629.64,9,0.0,107.0388
6310,CA-2016-163328,11/4/2016,11/6/2016,Second Class,TP-21565,Tracy Poddar,Corporate,United States,Eugene,Oregon,97405,West,OFF-LA-10003930,Office Supplies,Labels,"Dot Matrix Printer Tape Reel Labels, White, 5000/Box",629.184,8,0.2,228.0792
3400,CA-2014-102274,11/21/2014,11/26/2014,Standard Class,DH-13075,Dave Hallsten,Corporate,United States,Richmond,Kentucky,40475,South,OFF-PA-10004359,Office Supplies,Paper,Multicolor Computer Printout Paper,629.1,6,0.0,301.968
4924,CA-2017-114055,12/25/2017,12/29/2017,Second Class,MH-18115,Mick Hernandez,Home Office,United States,Huntsville,Alabama,35810,South,OFF-PA-10000994,Office Supplies,Paper,Xerox 1915,629.1,6,0.0,301.968
7258,CA-2016-152730,5/30/2016,6/4/2016,Standard Class,EM-14140,Eugene Moren,Home Office,United States,Superior,Wisconsin,54880,Central,OFF-PA-10000994,Office Supplies,Paper,Xerox 1915,629.1,6,0.0,301.968
2414,CA-2014-151295,11/12/2014,11/16/2014,Standard Class,JA-15970,Joseph Airdo,Consumer,United States,Los Angeles,California,90045,West,FUR-TA-10002356,Furniture,Tables,Bevis Boat-Shaped Conference Table,629.064,3,0.2,31.4532
2400,CA-2017-147361,9/9/2017,9/15/2017,Standard Class,SB-20290,Sean Braxton,Corporate,United States,Florence,South Carolina,29501,South,OFF-ST-10001809,Office Supplies,Storage,Fellowes Officeware Wire Shelving,628.81,7,0.0,12.5762
3132,CA-2014-136399,12/16/2014,12/17/2014,First Class,CC-12100,Chad Cunningham,Home Office,United States,Los Angeles,California,90049,West,TEC-PH-10004977,Technology,Phones,GE 30524EE4,627.168,4,0.2,70.5564
6636,CA-2017-144498,5/6/2017,5/6/2017,Same Day,MB-18085,Mick Brown,Consumer,United States,Charlotte,North Carolina,28205,South,TEC-PH-10004977,Technology,Phones,GE 30524EE4,627.168,4,0.2,70.5564
193,CA-2015-102281,10/12/2015,10/14/2015,First Class,MP-17470,Mark Packer,Home Office,United States,New York City,New York,10035,East,FUR-BO-10002545,Furniture,Bookcases,"Atlantic Metals Mobile 3-Shelf Bookcases, Custom Colors",626.352,3,0.2,46.9764
8712,CA-2014-105648,3/3/2014,3/7/2014,Standard Class,EJ-14155,Eva Jacobs,Consumer,United States,San Diego,California,92037,West,FUR-TA-10002958,Furniture,Tables,"Bevis Oval Conference Table, Walnut",626.352,3,0.2,-23.4882
8927,CA-2016-168032,1/30/2016,2/3/2016,Standard Class,DF-13135,David Flashing,Consumer,United States,Rockford,Illinois,61107,Central,FUR-TA-10004256,Furniture,Tables,Bretford Just In Time Height-Adjustable Multi-Task Work Tables,626.1,3,0.5,-538.446
7686,CA-2015-116876,2/14/2015,2/21/2015,Standard Class,TT-21070,Ted Trevino,Consumer,United States,Rochester,New York,14609,East,TEC-PH-10002584,Technology,Phones,Samsung Galaxy S4,625.99,1,0.0,187.797
6944,CA-2015-139248,7/25/2015,7/30/2015,Standard Class,RD-19930,Russell D'Ascenzo,Consumer,United States,Los Angeles,California,90032,West,TEC-PH-10004094,Technology,Phones,Motorola L703CM,623.96,5,0.2,38.9975
9115,CA-2016-135461,2/7/2016,2/10/2016,Second Class,EB-13975,Erica Bern,Corporate,United States,Los Angeles,California,90049,West,TEC-PH-10004094,Technology,Phones,Motorola L703CM,623.96,5,0.2,38.9975
4670,US-2017-133200,5/6/2017,5/11/2017,Standard Class,DB-13555,Dorothy Badders,Corporate,United States,Fort Worth,Texas,76106,Central,FUR-BO-10001601,Furniture,Bookcases,"Sauder Mission Library with Doors, Fruitwood Finish",623.4648,7,0.32,-119.1918
227,CA-2015-163055,8/9/2015,8/16/2015,Standard Class,DS-13180,David Smith,Corporate,United States,Detroit,Michigan,48227,Central,FUR-TA-10003748,Furniture,Tables,Bevis 36 x 72 Conference Tables,622.45,5,0.0,136.939
6977,CA-2015-112144,6/28/2015,7/2/2015,Standard Class,CY-12745,Craig Yedwab,Corporate,United States,Gilbert,Arizona,85234,West,FUR-FU-10004306,Furniture,Furnishings,Electrix Halogen Magnifier Lamp,621.76,4,0.2,46.632
233,US-2017-100930,4/7/2017,4/12/2017,Standard Class,CS-12400,Christopher Schild,Home Office,United States,Tampa,Florida,33614,South,FUR-TA-10003473,Furniture,Tables,Bretford Rectangular Conference Table Tops,620.6145,3,0.45,-248.2458
1119,CA-2015-142755,9/4/2015,9/8/2015,Standard Class,CS-12355,Christine Sundaresam,Consumer,United States,Roswell,Georgia,30076,South,TEC-AC-10002049,Technology,Accessories,Logitech G19 Programmable Gaming Keyboard,619.95,5,0.0,111.591
2681,CA-2017-127026,1/21/2017,1/27/2017,Standard Class,MH-18115,Mick Hernandez,Home Office,United States,Jackson,Michigan,49201,Central,TEC-AC-10002049,Technology,Accessories,Logitech G19 Programmable Gaming Keyboard,619.95,5,0.0,111.591
5716,CA-2015-124107,10/9/2015,10/12/2015,Second Class,BM-11650,Brian Moss,Corporate,United States,Ann Arbor,Michigan,48104,Central,TEC-AC-10002049,Technology,Accessories,Logitech G19 Programmable Gaming Keyboard,619.95,5,0.0,111.591
8663,CA-2015-131856,5/12/2015,5/17/2015,Standard Class,JG-15160,James Galang,Consumer,United States,Houston,Texas,77041,Central,TEC-PH-10001336,Technology,Phones,Digium D40 VoIP phone,619.152,6,0.2,69.6546
236,US-2017-100930,4/7/2017,4/12/2017,Standard Class,CS-12400,Christopher Schild,Home Office,United States,Tampa,Florida,33614,South,TEC-AC-10003832,Technology,Accessories,Logitech P710e Mobile Speakerphone,617.976,3,0.2,-7.7247
8855,US-2015-115343,9/22/2015,9/25/2015,First Class,FO-14305,Frank Olsen,Consumer,United States,Philadelphia,Pennsylvania,19143,East,TEC-AC-10003832,Technology,Accessories,Logitech P710e Mobile Speakerphone,617.976,3,0.2,-7.7247
996,CA-2014-117639,5/21/2014,5/25/2014,Standard Class,MW-18235,Mitch Willingham,Corporate,United States,Virginia Beach,Virginia,23464,South,TEC-PH-10001530,Technology,Phones,Plantronics Voyager Pro Legend,617.97,3,0.0,173.0316
4413,CA-2014-130624,6/21/2014,6/24/2014,First Class,TB-21280,Toby Braunhardt,Consumer,United States,New York City,New York,10024,East,TEC-PH-10003963,Technology,Phones,GE 2-Jack Phone Line Splitter,617.97,3,0.0,160.6722
126,US-2014-134614,9/20/2014,9/25/2014,Standard Class,PF-19165,Philip Fox,Consumer,United States,Bloomington,Illinois,61701,Central,FUR-TA-10004534,Furniture,Tables,Bevis 44 x 96 Conference Tables,617.7,6,0.5,-407.682
3846,CA-2014-101931,10/28/2014,10/31/2014,First Class,TS-21370,Todd Sumrall,Corporate,United States,Los Angeles,California,90049,West,FUR-BO-10001337,Furniture,Bookcases,O'Sullivan Living Dimensions 2-Shelf Bookcases,616.998,6,0.15,-36.294
2281,CA-2017-142622,10/30/2017,11/2/2017,First Class,JK-15625,Jim Karlsson,Consumer,United States,Seattle,Washington,98115,West,FUR-CH-10004289,Furniture,Chairs,Global Super Steno Chair,614.272,8,0.2,-23.0352
9692,CA-2015-130183,11/13/2015,11/17/2015,Standard Class,PO-18850,Patrick O'Brill,Consumer,United States,Houston,Texas,77041,Central,FUR-BO-10001811,Furniture,Bookcases,"Atlantic Metals Mobile 5-Shelf Bookcases, Custom Colors",613.9992,3,0.32,-18.0588
2360,US-2014-148838,3/17/2014,3/21/2014,Standard Class,CP-12340,Christine Phan,Corporate,United States,New York City,New York,10024,East,FUR-TA-10004175,Furniture,Tables,"Hon 30"" x 60"" Table with Locking Drawer",613.908,3,0.4,-122.7816
3835,CA-2014-105984,11/24/2014,11/24/2014,Same Day,MY-18295,Muhammed Yedwab,Corporate,United States,Columbus,Ohio,43229,East,FUR-CH-10000847,Furniture,Chairs,Global Executive Mid-Back Manager's Chair,611.058,3,0.3,-34.9176
7476,CA-2014-167199,1/6/2014,1/10/2014,Standard Class,ME-17320,Maria Etezadi,Home Office,United States,Henderson,Kentucky,42420,South,OFF-BI-10004632,Office Supplies,Binders,Ibico Hi-Tech Manual Binding System,609.98,2,0.0,274.491
8929,US-2015-168704,4/13/2015,4/17/2015,Standard Class,FP-14320,Frank Preis,Consumer,United States,Huntsville,Texas,77340,Central,FUR-TA-10000688,Furniture,Tables,"Chromcraft Bull-Nose Wood Round Conference Table Top, Wood Base",609.98,4,0.3,-113.282
8578,CA-2017-146164,12/22/2017,12/26/2017,Standard Class,CM-12190,Charlotte Melton,Consumer,United States,Rochester,Minnesota,55901,Central,FUR-TA-10004915,Furniture,Tables,"Office Impressions End Table, 20-1/2""H x 24""W x 20""D",607.52,2,0.0,97.2032
7682,CA-2014-133592,12/31/2014,1/7/2015,Standard Class,KM-16375,Katherine Murray,Home Office,United States,Providence,Rhode Island,2908,East,FUR-CH-10004218,Furniture,Chairs,"Global Fabric Manager's Chair, Dark Gray",605.88,6,0.0,151.47
5234,CA-2014-115084,10/18/2014,10/22/2014,Standard Class,LS-17200,Luke Schmidt,Corporate,United States,Texarkana,Arkansas,71854,South,FUR-CH-10004626,Furniture,Chairs,Office Star Flex Back Scooter Chair with Aluminum Finish Frame,605.34,6,0.0,145.2816
8366,CA-2017-157273,1/30/2017,2/2/2017,First Class,SZ-20035,Sam Zeldin,Home Office,United States,Seattle,Washington,98105,West,TEC-PH-10002275,Technology,Phones,Mitel 5320 IP Phone VoIP phone,604.768,4,0.2,60.4768
3556,CA-2014-120838,3/23/2014,3/26/2014,Second Class,PO-18865,Patrick O'Donnell,Consumer,United States,Los Angeles,California,90036,West,TEC-PH-10003484,Technology,Phones,Ooma Telo VoIP Home Phone System,604.752,6,0.2,37.797
9422,CA-2014-145254,7/23/2014,7/27/2014,Standard Class,NC-18535,Nick Crebassa,Corporate,United States,San Francisco,California,94122,West,TEC-PH-10000441,Technology,Phones,VTech DS6151,604.752,6,0.2,60.4752
2517,CA-2014-128888,11/15/2014,11/22/2014,Standard Class,PB-19105,Peter Bühler,Consumer,United States,Houston,Texas,77095,Central,OFF-EN-10003001,Office Supplies,Envelopes,Ames Color-File Green Diamond Border X-ray Mailers,604.656,9,0.2,204.0714
984,CA-2014-163419,11/11/2014,11/14/2014,Second Class,TZ-21580,Tracy Zic,Consumer,United States,Louisville,Colorado,80027,West,FUR-CH-10000665,Furniture,Chairs,"Global Airflow Leather Mesh Back Chair, Black",603.92,5,0.2,75.49
1571,US-2014-157385,11/23/2014,11/25/2014,First Class,SC-20095,Sanjit Chand,Consumer,United States,Los Angeles,California,90004,West,FUR-CH-10000863,Furniture,Chairs,Novimex Swivel Fabric Task Chair,603.92,5,0.2,-67.941
3313,US-2014-133130,9/27/2014,10/1/2014,Standard Class,TH-21100,Thea Hendricks,Consumer,United States,San Diego,California,92037,West,FUR-CH-10002602,Furniture,Chairs,DMI Arturo Collection Mission-style Design Wood Chair,603.92,5,0.2,45.294
3496,CA-2017-142034,9/24/2017,9/28/2017,Standard Class,KB-16240,Karen Bern,Corporate,United States,Saint Cloud,Minnesota,56301,Central,FUR-CH-10000665,Furniture,Chairs,"Global Airflow Leather Mesh Back Chair, Black",603.92,4,0.0,181.176
3716,CA-2014-135608,12/8/2014,12/10/2014,Second Class,JK-15625,Jim Karlsson,Consumer,United States,Olympia,Washington,98502,West,FUR-CH-10002602,Furniture,Chairs,DMI Arturo Collection Mission-style Design Wood Chair,603.92,5,0.2,45.294
6899,US-2015-165512,5/24/2015,5/26/2015,Second Class,VS-21820,Vivek Sundaresam,Consumer,United States,Naperville,Illinois,60540,Central,FUR-CH-10002880,Furniture,Chairs,"Global High-Back Leather Tilter, Burgundy",602.651,7,0.3,-163.5767
1020,CA-2015-108665,7/6/2015,7/10/2015,Standard Class,KM-16225,Kalyca Meade,Corporate,United States,New York City,New York,10011,East,OFF-ST-10001526,Office Supplies,Storage,Iceberg Mobile Mega Data/Printer Cart ,601.65,5,0.0,156.429
2786,CA-2015-149972,9/21/2015,9/23/2015,First Class,CD-12790,Cynthia Delaney,Home Office,United States,Los Angeles,California,90036,West,FUR-CH-10004997,Furniture,Chairs,Hon Every-Day Series Multi-Task Chairs,601.536,4,0.2,0.0
3203,CA-2014-158372,11/10/2014,11/16/2014,Standard Class,RD-19900,Ruben Dartt,Consumer,United States,San Diego,California,92037,West,TEC-PH-10002103,Technology,Phones,Jabra SPEAK 410,601.536,8,0.2,60.1536
2592,US-2016-115455,9/8/2016,9/14/2016,Standard Class,SE-20110,Sanjit Engle,Consumer,United States,Wheeling,Illinois,60090,Central,FUR-TA-10003569,Furniture,Tables,Bretford CR8500 Series Meeting Room Furniture,601.47,3,0.5,-300.735
5128,CA-2014-160766,9/14/2014,9/14/2014,Same Day,DM-13015,Darrin Martin,Consumer,United States,New York City,New York,10009,East,OFF-AP-10002945,Office Supplies,Appliances,Honeywell Enviracaire Portable HEPA Air Cleaner for 17' x 22' Room,601.3,2,0.0,198.429
125,US-2014-152030,12/26/2014,12/28/2014,Second Class,AD-10180,Alan Dominguez,Home Office,United States,Houston,Texas,77041,Central,FUR-CH-10004063,Furniture,Chairs,Global Deluxe High-Back Manager's Chair,600.558,3,0.3,-8.5794
8674,CA-2017-163265,2/16/2017,2/21/2017,Standard Class,JS-16030,Joy Smith,Consumer,United States,Decatur,Illinois,62521,Central,FUR-CH-10004063,Furniture,Chairs,Global Deluxe High-Back Manager's Chair,600.558,3,0.3,-8.5794
9789,CA-2017-144491,3/27/2017,4/1/2017,Standard Class,CJ-12010,Caroline Jumper,Consumer,United States,Houston,Texas,77070,Central,FUR-CH-10004063,Furniture,Chairs,Global Deluxe High-Back Manager's Chair,600.558,3,0.3,-8.5794
8283,CA-2015-154284,12/21/2015,12/26/2015,Second Class,SZ-20035,Sam Zeldin,Home Office,United States,Saint Charles,Illinois,60174,Central,TEC-MA-10004241,Technology,Machines,Star Micronics TSP800 TSP847IIU Receipt Printer,600.53,2,0.3,137.264
5773,CA-2015-158939,11/26/2015,12/1/2015,Standard Class,EA-14035,Erin Ashbrook,Corporate,United States,Springfield,Missouri,65807,Central,TEC-CO-10002313,Technology,Copiers,Canon PC1080F Personal Copier,599.99,1,0.0,233.9961
7282,CA-2017-159282,10/16/2017,10/21/2017,Standard Class,GH-14410,Gary Hansen,Home Office,United States,Yuma,Arizona,85364,West,TEC-MA-10001148,Technology,Machines,Swingline SM12-08 MicroCut Jam Free Shredder,599.985,5,0.7,-479.988
1151,CA-2015-112452,4/4/2015,4/4/2015,Same Day,NC-18340,Nat Carroll,Consumer,United States,Lansing,Michigan,48911,Central,TEC-CO-10004202,Technology,Copiers,Brother DCP1000 Digital 3 in 1 Multifunction Machine,599.98,2,0.0,209.993
3526,CA-2017-148922,12/10/2017,12/15/2017,Second Class,SU-20665,Stephanie Ulpright,Home Office,United States,Jackson,Mississippi,39212,South,TEC-AC-10001838,Technology,Accessories,Razer Tiamat Over Ear 7.1 Surround Sound PC Gaming Headset,599.97,3,0.0,257.9871
7043,US-2017-165358,7/18/2017,7/23/2017,Standard Class,SV-20365,Seth Vernon,Consumer,United States,Philadelphia,Pennsylvania,19134,East,TEC-CO-10001943,Technology,Copiers,Canon PC-428 Personal Copier,599.97,5,0.4,69.9965
4049,US-2015-166520,7/16/2015,7/19/2015,First Class,KE-16420,Katrina Edelman,Corporate,United States,New York City,New York,10035,East,TEC-AC-10001990,Technology,Accessories,Kensington Orbit Wireless Mobile Trackball for PC and Mac,599.9,10,0.0,191.968
981,CA-2016-144939,10/3/2016,10/8/2016,Standard Class,EB-13870,Emily Burns,Consumer,United States,New York City,New York,10035,East,FUR-CH-10003199,Furniture,Chairs,Office Star - Contemporary Task Swivel Chair,599.292,6,0.1,93.2232
5428,US-2016-108497,6/14/2016,6/14/2016,Same Day,MH-17290,Marc Harrigan,Home Office,United States,Los Angeles,California,90036,West,FUR-BO-10004218,Furniture,Bookcases,"Bush Heritage Pine Collection 5-Shelf Bookcase, Albany Pine Finish, *Special Order",599.165,5,0.15,35.245
7009,CA-2015-154823,8/21/2015,8/25/2015,Standard Class,KN-16390,Katherine Nockton,Corporate,United States,Springfield,Ohio,45503,East,FUR-CH-10003379,Furniture,Chairs,Global Commerce Series High-Back Swivel/Tilt Chairs,598.458,3,0.3,-42.747
1913,CA-2017-121503,7/3/2017,7/6/2017,Second Class,FH-14275,Frank Hawley,Corporate,United States,Houston,Texas,77041,Central,TEC-MA-10003674,Technology,Machines,Hewlett-Packard Deskjet 5550 Printer,597.132,3,0.4,49.761
2047,CA-2016-131835,7/17/2016,7/21/2016,Standard Class,MC-17590,Matt Collister,Corporate,United States,Perth Amboy,New Jersey,8861,East,TEC-PH-10001760,Technology,Phones,Bose SoundLink Bluetooth Speaker,597.0,3,0.0,280.59
2292,CA-2015-149342,4/20/2015,4/25/2015,Standard Class,TS-21160,Theresa Swint,Corporate,United States,Columbus,Georgia,31907,South,FUR-FU-10002937,Furniture,Furnishings,"GE 48"" Fluorescent Tube, Cool White Energy Saver, 34 Watts, 30/Box",595.38,6,0.0,297.69
9653,CA-2016-107104,11/26/2016,11/30/2016,Standard Class,MS-17365,Maribeth Schnelling,Consumer,United States,Los Angeles,California,90045,West,FUR-FU-10002937,Furniture,Furnishings,"GE 48"" Fluorescent Tube, Cool White Energy Saver, 34 Watts, 30/Box",595.38,6,0.0,297.69
2417,CA-2017-168655,10/12/2017,10/18/2017,Standard Class,ML-18040,Michelle Lonsdale,Corporate,United States,Albuquerque,New Mexico,87105,West,TEC-AC-10002842,Technology,Accessories,WD My Passport Ultra 2TB Portable External Hard Drive,595.0,5,0.0,95.2
8158,CA-2016-103464,11/18/2016,11/22/2016,Standard Class,PG-18820,Patrick Gardner,Consumer,United States,San Diego,California,92105,West,TEC-AC-10002842,Technology,Accessories,WD My Passport Ultra 2TB Portable External Hard Drive,595.0,5,0.0,95.2
9325,CA-2017-121853,9/23/2017,9/29/2017,Standard Class,DB-13660,Duane Benoit,Consumer,United States,Los Angeles,California,90036,West,FUR-CH-10003973,Furniture,Chairs,GuestStacker Chair with Chrome Finish Legs,594.816,2,0.2,59.4816
1204,CA-2016-114727,7/18/2016,7/24/2016,Standard Class,LS-16945,Linda Southworth,Corporate,United States,Denver,Colorado,80219,West,OFF-ST-10002292,Office Supplies,Storage,"Sauder Facets Collection Locker/File Cabinet, Sky Alder Finish",593.568,2,0.2,0.0
7821,CA-2017-152436,12/8/2017,12/10/2017,Second Class,CW-11905,Carl Weiss,Home Office,United States,Cranston,Rhode Island,2920,East,OFF-ST-10000036,Office Supplies,Storage,"Recycled Data-Pak for Archival Bound Computer Printouts, 12-1/2 x 12-1/2 x 16",592.74,6,0.0,160.0398
7573,CA-2014-100916,10/21/2014,10/26/2014,Standard Class,FH-14275,Frank Hawley,Corporate,United States,Newport News,Virginia,23602,South,FUR-TA-10004607,Furniture,Tables,Hon 2111 Invitation Series Straight Table,591.32,4,0.0,112.3508
4587,US-2017-163790,11/2/2017,11/4/2017,Second Class,NL-18310,Nancy Lomonaco,Home Office,United States,Danville,California,94526,West,OFF-BI-10003718,Office Supplies,Binders,GBC Therma-A-Bind 250T Electric Binding System,590.352,6,0.2,206.6232
5605,CA-2015-142475,12/3/2015,12/7/2015,Standard Class,BS-11380,Bill Stewart,Corporate,United States,New York City,New York,10011,East,OFF-BI-10003718,Office Supplies,Binders,GBC Therma-A-Bind 250T Electric Binding System,590.352,6,0.2,206.6232
1370,US-2015-103471,12/24/2015,12/28/2015,Standard Class,JR-15670,Jim Radford,Consumer,United States,Colorado Springs,Colorado,80906,West,FUR-BO-10002613,Furniture,Bookcases,"Atlantic Metals Mobile 4-Shelf Bookcases, Custom Colors",590.058,7,0.7,-786.744
4618,CA-2015-117800,9/21/2015,9/26/2015,Standard Class,TH-21550,Tracy Hopkins,Home Office,United States,Everett,Massachusetts,2149,East,TEC-PH-10002415,Technology,Phones,Polycom VoiceStation 500 Conference phone,589.9,2,0.0,147.475
6440,CA-2014-166891,10/4/2014,10/6/2014,First Class,CC-12220,Chris Cortes,Consumer,United States,New York City,New York,10024,East,FUR-CH-10003298,Furniture,Chairs,"Office Star - Contemporary Task Swivel chair with Loop Arms, Charcoal",589.41,5,0.1,-6.549
9582,CA-2017-152975,9/14/2017,9/16/2017,First Class,RB-19705,Roger Barcio,Home Office,United States,New York City,New York,10035,East,FUR-CH-10003298,Furniture,Chairs,"Office Star - Contemporary Task Swivel chair with Loop Arms, Charcoal",589.41,5,0.1,-6.549
5440,CA-2016-167115,4/4/2016,4/9/2016,Standard Class,EH-14185,Evan Henry,Consumer,United States,New York City,New York,10035,East,OFF-BI-10004600,Office Supplies,Binders,Ibico Ibimaster 300 Manual Binding System,588.784,2,0.2,183.995
2597,CA-2017-149048,5/13/2017,5/17/2017,Standard Class,BM-11650,Brian Moss,Corporate,United States,Columbus,Indiana,47201,Central,TEC-PH-10002310,Technology,Phones,Plantronics Calisto P620-M USB Wireless Speakerphone System,587.97,3,0.0,158.7519
4096,CA-2015-102491,8/24/2015,8/28/2015,Standard Class,KW-16435,Katrina Willman,Consumer,United States,Florence,Kentucky,41042,South,TEC-PH-10001619,Technology,Phones,LG G3,587.97,3,0.0,170.5113
6346,CA-2015-146255,3/7/2015,3/10/2015,First Class,EM-14140,Eugene Moren,Home Office,United States,Newark,Delaware,19711,East,TEC-PH-10001619,Technology,Phones,LG G3,587.97,3,0.0,170.5113
7017,CA-2014-114790,3/11/2014,3/13/2014,Second Class,FM-14215,Filia McAdams,Corporate,United States,Richmond,Kentucky,40475,South,TEC-PH-10000984,Technology,Phones,Panasonic KX-TG9471B,587.97,3,0.0,164.6316
4634,CA-2015-130456,8/21/2015,8/26/2015,Standard Class,DS-13180,David Smith,Corporate,United States,San Francisco,California,94122,West,FUR-BO-10003893,Furniture,Bookcases,Sauder Camden County Collection Library,586.398,6,0.15,34.494
2750,US-2014-141257,6/8/2014,6/14/2014,Standard Class,CS-11950,Carlos Soltero,Consumer,United States,Seattle,Washington,98115,West,FUR-CH-10002758,Furniture,Chairs,"Hon Deluxe Fabric Upholstered Stacking Chairs, Squared Back",585.552,3,0.2,73.194
5469,CA-2014-132451,9/26/2014,9/27/2014,First Class,KF-16285,Karen Ferguson,Home Office,United States,San Diego,California,92105,West,FUR-CH-10000454,Furniture,Chairs,"Hon Deluxe Fabric Upholstered Stacking Chairs, Rounded Back",585.552,3,0.2,73.194
5061,CA-2016-109722,12/5/2016,12/7/2016,Second Class,TP-21130,Theone Pippenger,Consumer,United States,Georgetown,Kentucky,40324,South,OFF-ST-10000060,Office Supplies,Storage,Fellowes Bankers Box Staxonsteel Drawer File/Stacking System,584.82,9,0.0,70.1784
8795,CA-2014-162992,12/19/2014,12/21/2014,First Class,BP-11095,Bart Pistole,Corporate,United States,Los Angeles,California,90008,West,TEC-PH-10001944,Technology,Phones,Wi-Ex zBoost YX540 Cellular Phone Signal Booster,583.8,5,0.2,72.975
9393,CA-2015-130848,10/25/2015,10/25/2015,Same Day,DG-13300,Deirdre Greer,Corporate,United States,Denver,Colorado,80219,West,FUR-CH-10000422,Furniture,Chairs,Global Highback Leather Tilter in Burgundy,582.336,8,0.2,-29.1168
5830,CA-2016-122063,12/3/2016,12/7/2016,Standard Class,MM-17920,Michael Moore,Consumer,United States,Richmond,Indiana,47374,Central,FUR-TA-10004575,Furniture,Tables,Hon 5100 Series Wood Tables,581.96,2,0.0,104.7528
3386,CA-2017-148404,10/7/2017,10/11/2017,Standard Class,Dp-13240,Dean percer,Home Office,United States,Charlotte,North Carolina,28205,South,OFF-ST-10003208,Office Supplies,Storage,Adjustable Depth Letter/Legal Cart,580.672,4,0.2,65.3256
3483,CA-2014-124688,8/27/2014,8/29/2014,First Class,CC-12610,Corey Catlett,Corporate,United States,Springfield,Virginia,22153,South,TEC-PH-10000455,Technology,Phones,GE 30522EE2,579.95,5,0.0,168.1855
9659,CA-2014-156160,9/22/2014,9/29/2014,Standard Class,AS-10090,Adam Shillingsburg,Consumer,United States,New York City,New York,10035,East,FUR-CH-10004983,Furniture,Chairs,Office Star - Mid Back Dual function Ergonomic High Back Chair with 2-Way Adjustable Arms,579.528,4,0.1,83.7096
6313,CA-2017-120019,2/16/2017,2/21/2017,Standard Class,NG-18355,Nat Gilpin,Corporate,United States,Fairfield,Connecticut,6824,East,OFF-ST-10001932,Office Supplies,Storage,Fellowes Staxonsteel Drawer Files,579.51,3,0.0,81.1314
6737,CA-2016-123358,4/10/2016,4/17/2016,Standard Class,BT-11680,Brian Thompson,Consumer,United States,San Francisco,California,94122,West,OFF-ST-10001932,Office Supplies,Storage,Fellowes Staxonsteel Drawer Files,579.51,3,0.0,81.1314
1317,CA-2016-145919,12/18/2016,12/23/2016,Standard Class,HG-14965,Henry Goldwyn,Corporate,United States,Los Angeles,California,90032,West,OFF-SU-10003505,Office Supplies,Supplies,Premier Electric Letter Opener,579.3,5,0.0,28.965
1212,CA-2016-137050,7/14/2016,7/18/2016,Second Class,SW-20755,Steven Ward,Corporate,United States,New York City,New York,10009,East,FUR-BO-10004695,Furniture,Bookcases,O'Sullivan 2-Door Barrister Bookcase in Odessa Pine,579.136,4,0.2,21.7176
4643,CA-2017-130141,10/22/2017,10/24/2017,Second Class,HA-14905,Helen Abelman,Consumer,United States,Fort Collins,Colorado,80525,West,FUR-CH-10000749,Furniture,Chairs,Office Star - Ergonomic Mid Back Chair with 2-Way Adjustable Arms,579.136,4,0.2,-28.9568
8206,CA-2015-114811,11/8/2015,11/8/2015,Same Day,KD-16495,Keith Dawkins,Corporate,United States,New York City,New York,10024,East,FUR-CH-10003746,Furniture,Chairs,Hon 4070 Series Pagoda Round Back Stacking Chairs,577.764,2,0.1,115.5528
9552,CA-2015-147690,11/10/2015,11/14/2015,Standard Class,SC-20020,Sam Craven,Consumer,United States,Philadelphia,Pennsylvania,19140,East,OFF-ST-10001526,Office Supplies,Storage,Iceberg Mobile Mega Data/Printer Cart ,577.584,6,0.2,43.3188
5801,CA-2014-123225,7/11/2014,7/14/2014,First Class,MN-17935,Michael Nguyen,Consumer,United States,El Paso,Texas,79907,Central,TEC-PH-10000895,Technology,Phones,Polycom VVX 310 VoIP phone,575.968,4,0.2,43.1976
5962,CA-2014-140732,11/11/2014,11/13/2014,Second Class,MA-17560,Matt Abelman,Home Office,United States,Los Angeles,California,90004,West,TEC-PH-10001425,Technology,Phones,Mophie Juice Pack Helium for iPhone,575.928,9,0.2,57.5928
1319,CA-2014-160773,7/1/2014,7/5/2014,Standard Class,LW-16825,Laurel Workman,Corporate,United States,Deltona,Florida,32725,South,TEC-PH-10004586,Technology,Phones,Wilson SignalBoost 841262 DB PRO Amplifier Kit,575.92,2,0.2,71.99
4416,CA-2014-153983,11/29/2014,12/6/2014,Standard Class,AH-10210,Alan Hwang,Consumer,United States,San Francisco,California,94122,West,TEC-PH-10004586,Technology,Phones,Wilson SignalBoost 841262 DB PRO Amplifier Kit,575.92,2,0.2,71.99
9406,CA-2014-152618,3/14/2014,3/17/2014,First Class,RB-19465,Rick Bensley,Home Office,United States,Chicago,Illinois,60653,Central,TEC-MA-10003626,Technology,Machines,Hewlett-Packard Deskjet 6540 Color Inkjet Printer,574.91,2,0.3,156.047
4310,CA-2014-125829,11/4/2014,11/11/2014,Standard Class,WB-21850,William Brown,Consumer,United States,Los Angeles,California,90045,West,FUR-TA-10002041,Furniture,Tables,"Bevis Round Conference Table Top, X-Base",573.728,4,0.2,-64.5444
9880,CA-2016-122581,8/21/2016,8/25/2016,Standard Class,JK-15370,Jay Kimmel,Consumer,United States,New York City,New York,10035,East,FUR-CH-10002961,Furniture,Chairs,"Leather Task Chair, Black",573.174,7,0.1,63.686
9489,CA-2015-156566,10/1/2015,10/4/2015,First Class,EM-13960,Eric Murdock,Consumer,United States,Portland,Oregon,97206,West,TEC-PH-10001817,Technology,Phones,Wilson Electronics DB Pro Signal Booster,572.8,2,0.2,50.12
1301,CA-2016-137043,12/23/2016,12/25/2016,Second Class,LC-17140,Logan Currie,Consumer,United States,Springfield,Virginia,22153,South,FUR-FU-10003664,Furniture,Furnishings,"Electrix Architect's Clamp-On Swing Arm Lamp, Black",572.76,6,0.0,166.1004
768,CA-2014-162775,1/13/2014,1/15/2014,Second Class,CS-12250,Chris Selesnick,Corporate,United States,Bossier City,Louisiana,71111,South,OFF-ST-10000025,Office Supplies,Storage,Fellowes Stor/Drawer Steel Plus Storage Drawers,572.58,6,0.0,34.3548
8041,CA-2017-121489,8/21/2017,8/25/2017,Second Class,CM-11815,Candace McMahon,Corporate,United States,Seattle,Washington,98115,West,OFF-ST-10000025,Office Supplies,Storage,Fellowes Stor/Drawer Steel Plus Storage Drawers,572.58,6,0.0,34.3548
4060,CA-2015-124058,11/20/2015,11/24/2015,Standard Class,LC-16885,Lena Creighton,Consumer,United States,Oakland,California,94601,West,FUR-CH-10000595,Furniture,Chairs,Safco Contoured Stacking Chairs,572.16,3,0.2,35.76
5640,CA-2014-154893,12/21/2014,12/27/2014,Standard Class,GM-14440,Gary McGarr,Consumer,United States,San Diego,California,92024,West,FUR-CH-10000595,Furniture,Chairs,Safco Contoured Stacking Chairs,572.16,3,0.2,35.76
2468,CA-2017-128755,5/4/2017,5/8/2017,Standard Class,MK-18160,Mike Kennedy,Consumer,United States,Newport News,Virginia,23602,South,OFF-ST-10003306,Office Supplies,Storage,Letter Size Cart,571.44,4,0.0,165.7176
7928,CA-2017-120404,11/20/2017,11/24/2017,Second Class,KH-16330,Katharine Harms,Corporate,United States,New York City,New York,10035,East,TEC-PH-10001363,Technology,Phones,Apple iPhone 5S,569.99,1,0.0,170.997
7457,CA-2015-137974,4/16/2015,4/18/2015,First Class,LL-16840,Lauren Leatherbury,Consumer,United States,Waynesboro,Virginia,22980,South,TEC-PH-10002033,Technology,Phones,Konftel 250 Conference phone - Charcoal black,569.64,2,0.0,148.1064
6406,CA-2017-154074,8/31/2017,9/2/2017,Second Class,BW-11110,Bart Watters,Corporate,United States,Spokane,Washington,99207,West,FUR-CH-10002331,Furniture,Chairs,Hon 4700 Series Mobuis Mid-Back Task Chairs with Adjustable Arms,569.568,2,0.2,7.1196
3519,US-2016-113649,8/9/2016,8/12/2016,First Class,HA-14920,Helen Andreada,Consumer,United States,Fayetteville,North Carolina,28314,South,OFF-AP-10002518,Office Supplies,Appliances,Kensington 7 Outlet MasterPiece Power Center,569.536,4,0.2,64.0728
5158,CA-2017-163006,6/30/2017,7/4/2017,Second Class,GH-14410,Gary Hansen,Home Office,United States,Chicago,Illinois,60653,Central,FUR-CH-10000229,Furniture,Chairs,Global Enterprise Series Seating High-Back Swivel/Tilt Chairs,569.058,3,0.3,-178.8468
3338,US-2017-109253,8/21/2017,8/22/2017,First Class,PR-18880,Patrick Ryan,Consumer,United States,Oakland,California,94601,West,FUR-TA-10001539,Furniture,Tables,Chromcraft Rectangular Conference Tables,568.728,3,0.2,28.4364
9237,CA-2016-126732,9/2/2016,9/6/2016,Standard Class,LR-16915,Lena Radford,Consumer,United States,Los Angeles,California,90036,West,FUR-TA-10001539,Furniture,Tables,Chromcraft Rectangular Conference Tables,568.728,3,0.2,28.4364
747,CA-2014-124429,5/27/2014,5/27/2014,Same Day,MH-17785,Maya Herman,Corporate,United States,San Diego,California,92105,West,FUR-TA-10002607,Furniture,Tables,KI Conference Tables,567.12,10,0.2,-28.356
7745,CA-2016-133613,6/17/2016,6/22/2016,Standard Class,CP-12340,Christine Phan,Corporate,United States,Waterbury,Connecticut,6708,East,TEC-PH-10004539,Technology,Phones,Wireless Extenders zBoost YX545 SOHO Signal Booster,566.97,3,0.0,153.0819
6647,US-2016-127334,12/15/2016,12/21/2016,Standard Class,MP-18175,Mike Pelletier,Home Office,United States,Springfield,Oregon,97477,West,FUR-TA-10003473,Furniture,Tables,Bretford Rectangular Conference Table Tops,564.195,3,0.5,-304.6653
5168,CA-2014-121006,11/10/2014,11/16/2014,Standard Class,SC-20020,Sam Craven,Consumer,United States,Midland,Michigan,48640,Central,FUR-CH-10004997,Furniture,Chairs,Hon Every-Day Series Multi-Task Chairs,563.94,3,0.0,112.788
7579,CA-2016-138597,12/18/2016,12/21/2016,First Class,PN-18775,Parhena Norris,Home Office,United States,Omaha,Nebraska,68104,Central,FUR-CH-10004997,Furniture,Chairs,Hon Every-Day Series Multi-Task Chairs,563.94,3,0.0,112.788
6203,CA-2016-118332,12/16/2016,12/23/2016,Standard Class,PK-19075,Pete Kriz,Consumer,United States,Apple Valley,California,92307,West,FUR-CH-10001708,Furniture,Chairs,Office Star - Contemporary Swivel Chair with Padded Adjustable Arms and Flex Back,563.92,5,0.2,7.049
3126,CA-2015-121720,6/11/2015,6/12/2015,First Class,JE-15610,Jim Epp,Corporate,United States,Lakeland,Florida,33801,South,OFF-ST-10003816,Office Supplies,Storage,Fellowes High-Stak Drawer Files,563.808,4,0.2,21.1428
3905,CA-2015-167010,4/5/2015,4/10/2015,Standard Class,VT-21700,Valerie Takahito,Home Office,United States,Philadelphia,Pennsylvania,19143,East,OFF-ST-10003816,Office Supplies,Storage,Fellowes High-Stak Drawer Files,563.808,4,0.2,21.1428
3757,CA-2016-116799,3/3/2016,3/6/2016,First Class,JG-15310,Jason Gross,Corporate,United States,Odessa,Texas,79762,Central,FUR-CH-10004983,Furniture,Chairs,Office Star - Mid Back Dual function Ergonomic High Back Chair with 2-Way Adjustable Arms,563.43,5,0.3,-56.343
1883,CA-2015-109512,3/5/2015,3/5/2015,Same Day,LF-17185,Luke Foster,Consumer,United States,New York City,New York,10011,East,OFF-ST-10000689,Office Supplies,Storage,"Fellowes Strictly Business Drawer File, Letter/Legal Size",563.4,4,0.0,67.608
6574,CA-2016-160535,11/25/2016,11/30/2016,Standard Class,BP-11050,Barry Pond,Corporate,United States,Plainfield,New Jersey,7060,East,OFF-ST-10000689,Office Supplies,Storage,"Fellowes Strictly Business Drawer File, Letter/Legal Size",563.4,4,0.0,67.608
6285,CA-2016-100944,9/24/2016,9/28/2016,Standard Class,EH-13765,Edward Hooks,Corporate,United States,Los Angeles,California,90049,West,FUR-CH-10000988,Furniture,Chairs,Hon Olson Stacker Stools,563.24,5,0.2,56.324
4867,CA-2017-122490,11/13/2017,11/18/2017,Standard Class,TT-21070,Ted Trevino,Consumer,United States,Seattle,Washington,98103,West,OFF-BI-10001718,Office Supplies,Binders,GBC DocuBind P50 Personal Binding Machine,563.024,11,0.2,190.0206
8137,CA-2016-118073,8/12/2016,8/16/2016,Standard Class,CS-12490,Cindy Schnelling,Corporate,United States,Lakeland,Florida,33801,South,FUR-TA-10002533,Furniture,Tables,BPI Conference Tables,562.2925,7,0.45,-255.5875
6375,CA-2014-107811,4/29/2014,5/3/2014,Standard Class,LA-16780,Laura Armstrong,Corporate,United States,Memphis,Tennessee,38109,South,FUR-CH-10001394,Furniture,Chairs,Global Leather Executive Chair,561.584,2,0.2,70.198
2810,CA-2015-148635,7/25/2015,7/27/2015,Second Class,MH-18025,Michelle Huthwaite,Consumer,United States,Seattle,Washington,98115,West,FUR-CH-10001854,Furniture,Chairs,Office Star - Professional Matrix Back Chair with 2-to-1 Synchro Tilt and Mesh Fabric Seat,561.568,2,0.2,28.0784
1550,CA-2014-134278,7/6/2014,7/8/2014,First Class,EP-13915,Emily Phan,Consumer,United States,New York City,New York,10011,East,TEC-CO-10001046,Technology,Copiers,Canon Imageclass D680 Copier / Fax,559.992,1,0.2,174.9975
983,CA-2014-163419,11/11/2014,11/14/2014,Second Class,TZ-21580,Tracy Zic,Consumer,United States,Louisville,Colorado,80027,West,TEC-PH-10000560,Technology,Phones,Samsung Galaxy S III - 16GB - pebble blue (T-Mobile),559.984,2,0.2,55.9984
6901,CA-2015-140557,9/7/2015,9/11/2015,Standard Class,TN-21040,Tanja Norvell,Home Office,United States,New York City,New York,10009,East,TEC-AC-10002402,Technology,Accessories,Razer Kraken PRO Over Ear PC and Music Headset,559.93,7,0.0,167.979
3893,US-2016-163881,11/24/2016,11/30/2016,Standard Class,SP-20860,Sung Pak,Corporate,United States,Los Angeles,California,90036,West,TEC-AC-10000420,Technology,Accessories,Logitech G500s Laser Gaming Mouse with Adjustable Weight Tuning,559.92,8,0.0,190.3728
7289,CA-2014-158281,9/2/2014,9/7/2014,Standard Class,AG-10525,Andy Gerbode,Corporate,United States,Houston,Texas,77095,Central,TEC-MA-10002210,Technology,Machines,Epson TM-T88V Direct Thermal Printer - Monochrome - Desktop,559.71,3,0.4,-121.2705
1753,CA-2017-116715,12/2/2017,12/5/2017,First Class,VW-21775,Victoria Wilson,Corporate,United States,San Francisco,California,94122,West,OFF-ST-10004340,Office Supplies,Storage,"Fellowes Mobile File Cart, Black",559.62,9,0.0,151.0974
3425,CA-2016-134803,5/28/2016,6/3/2016,Standard Class,CL-12565,Clay Ludtke,Consumer,United States,Los Angeles,California,90004,West,TEC-MA-10001972,Technology,Machines,Okidata C331dn Printer,558.4,2,0.2,41.88
4645,CA-2015-147501,8/2/2015,8/6/2015,Standard Class,Co-12640,Corey-Lock,Consumer,United States,Seattle,Washington,98105,West,TEC-MA-10001972,Technology,Machines,Okidata C331dn Printer,558.4,2,0.2,41.88
8144,CA-2016-100993,2/5/2016,2/10/2016,Standard Class,AZ-10750,Annie Zypern,Consumer,United States,San Diego,California,92037,West,FUR-TA-10001095,Furniture,Tables,Chromcraft Round Conference Tables,557.728,4,0.2,6.9716
2348,CA-2016-159373,3/13/2016,3/18/2016,Standard Class,LT-17110,Liz Thompson,Consumer,United States,San Antonio,Texas,78207,Central,FUR-TA-10004619,Furniture,Tables,Hon Non-Folding Utility Tables,557.585,5,0.3,0.0
4024,CA-2017-130764,10/27/2017,10/28/2017,First Class,JO-15145,Jack O'Briant,Corporate,United States,San Francisco,California,94110,West,FUR-BO-10003034,Furniture,Bookcases,"O'Sullivan Elevations Bookcase, Cherry Finish",556.665,5,0.15,6.549
5400,CA-2016-117681,4/9/2016,4/14/2016,Standard Class,HF-14995,Herbert Flentye,Consumer,United States,Los Angeles,California,90004,West,FUR-BO-10001798,Furniture,Bookcases,Bush Somerset Collection Bookcase,556.665,5,0.15,6.549
9134,CA-2015-157805,8/31/2015,9/4/2015,Standard Class,RH-19510,Rick Huthwaite,Home Office,United States,San Diego,California,92037,West,TEC-PH-10004447,Technology,Phones,Toshiba IPT2010-SD IP Telephone,555.96,5,0.2,41.697
624,CA-2015-138009,11/29/2015,12/3/2015,Standard Class,SF-20965,Sylvia Foulston,Corporate,United States,Dearborn,Michigan,48126,Central,OFF-AP-10000179,Office Supplies,Appliances,Honeywell Enviracaire Portable HEPA Air Cleaner for up to 10 x 16 Room,555.21,5,0.1,178.901
1336,CA-2016-122133,5/16/2016,5/23/2016,Standard Class,JR-15670,Jim Radford,Consumer,United States,Middletown,Connecticut,6457,East,OFF-ST-10002574,Office Supplies,Storage,"SAFCO Commercial Wire Shelving, Black",552.56,4,0.0,0.0
7420,US-2016-114013,3/13/2016,3/15/2016,Second Class,SC-20770,Stewart Carmichael,Corporate,United States,Philadelphia,Pennsylvania,19134,East,OFF-ST-10002574,Office Supplies,Storage,"SAFCO Commercial Wire Shelving, Black",552.56,5,0.2,-138.14
5978,CA-2017-116953,4/24/2017,4/25/2017,First Class,SV-20935,Susan Vittorini,Consumer,United States,Mesa,Arizona,85204,West,TEC-PH-10004614,Technology,Phones,AT&T 841000 Phone,552.0,10,0.2,34.5
3724,US-2014-169789,12/30/2014,1/4/2015,Standard Class,MF-17665,Maureen Fritzler,Corporate,United States,Phoenix,Arizona,85023,West,OFF-BI-10004600,Office Supplies,Binders,Ibico Ibimaster 300 Manual Binding System,551.985,5,0.7,-459.9875
7813,CA-2016-134334,2/14/2016,2/15/2016,First Class,DK-13090,Dave Kipp,Consumer,United States,Clinton,Maryland,20735,East,FUR-TA-10002356,Furniture,Tables,Bevis Boat-Shaped Conference Table,550.431,3,0.3,-47.1798
5069,CA-2014-124478,8/8/2014,8/12/2014,Standard Class,MA-17560,Matt Abelman,Home Office,United States,Trenton,Michigan,48183,Central,TEC-CO-10001571,Technology,Copiers,Sharp 1540cs Digital Laser Copier,549.99,1,0.0,274.995
5851,CA-2015-121783,11/10/2015,11/14/2015,Standard Class,PO-19180,Philisse Overcash,Home Office,United States,Roseville,Minnesota,55113,Central,TEC-CO-10001571,Technology,Copiers,Sharp 1540cs Digital Laser Copier,549.99,1,0.0,274.995
8203,CA-2015-114811,11/8/2015,11/8/2015,Same Day,KD-16495,Keith Dawkins,Corporate,United States,New York City,New York,10024,East,TEC-PH-10004165,Technology,Phones,Mitel MiVoice 5330e IP Phone,549.98,2,0.0,142.9948
1597,CA-2017-132234,10/16/2017,10/18/2017,First Class,MY-17380,Maribeth Yedwab,Corporate,United States,New York City,New York,10011,East,FUR-FU-10001290,Furniture,Furnishings,Executive Impressions Supervisor Wall Clock,547.3,13,0.0,175.136
2330,US-2015-147739,12/25/2015,12/29/2015,Standard Class,JD-16150,Justin Deggeller,Corporate,United States,Philadelphia,Pennsylvania,19140,East,FUR-FU-10001468,Furniture,Furnishings,Tenex Antistatic Computer Chair Mats,547.136,4,0.2,-68.392
3907,CA-2015-167010,4/5/2015,4/10/2015,Standard Class,VT-21700,Valerie Takahito,Home Office,United States,Philadelphia,Pennsylvania,19143,East,FUR-FU-10001468,Furniture,Furnishings,Tenex Antistatic Computer Chair Mats,547.136,4,0.2,-68.392
4698,US-2015-138121,12/17/2015,12/17/2015,Same Day,JL-15835,John Lee,Consumer,United States,Detroit,Michigan,48205,Central,FUR-CH-10003817,Furniture,Chairs,"Global Value Steno Chair, Gray",546.66,9,0.0,136.665
5586,CA-2017-105333,11/30/2017,12/4/2017,Standard Class,VP-21730,Victor Preis,Home Office,United States,New York City,New York,10011,East,TEC-PH-10001468,Technology,Phones,Panasonic Business Telephones KX-T7736,546.06,3,0.0,163.818
2979,CA-2014-109232,1/13/2014,1/16/2014,Second Class,ND-18370,Natalie DeCherney,Consumer,United States,Mount Pleasant,South Carolina,29464,South,FUR-CH-10000422,Furniture,Chairs,Global Highback Leather Tilter in Burgundy,545.94,6,0.0,87.3504
5386,CA-2017-161410,6/26/2017,7/3/2017,Standard Class,CC-12220,Chris Cortes,Consumer,United States,Philadelphia,Pennsylvania,19143,East,TEC-PH-10000673,Technology,Phones,Plantronics Voyager Pro HD - Bluetooth Headset,545.916,14,0.4,72.7888
1978,CA-2014-110408,10/18/2014,10/20/2014,Second Class,AS-10225,Alan Schoenberger,Corporate,United States,Montgomery,Alabama,36116,South,FUR-CH-10003774,Furniture,Chairs,"Global Wood Trimmed Manager's Task Chair, Khaki",545.88,6,0.0,70.9644
2437,CA-2017-140053,7/3/2017,7/10/2017,Standard Class,CA-12265,Christina Anderson,Consumer,United States,Farmington,New Mexico,87401,West,FUR-FU-10003708,Furniture,Furnishings,"Tenex Traditional Chairmats for Medium Pile Carpet, Standard Lip, 36"" x 48""",545.85,9,0.0,114.6285
3185,CA-2017-152912,11/9/2017,11/12/2017,Second Class,BM-11650,Brian Moss,Corporate,United States,Columbia,Maryland,21044,East,OFF-ST-10003208,Office Supplies,Storage,Adjustable Depth Letter/Legal Cart,544.38,3,0.0,157.8702
4342,CA-2017-130309,12/17/2017,12/21/2017,Standard Class,GB-14575,Giulietta Baptist,Consumer,United States,Arlington,Virginia,22204,South,OFF-ST-10003208,Office Supplies,Storage,Adjustable Depth Letter/Legal Cart,544.38,3,0.0,157.8702
778,CA-2015-144267,8/21/2015,8/23/2015,First Class,NZ-18565,Nick Zandusky,Home Office,United States,San Francisco,California,94110,West,FUR-CH-10002335,Furniture,Chairs,Hon GuestStacker Chair,544.008,3,0.2,40.8006
1201,CA-2016-114727,7/18/2016,7/24/2016,Standard Class,LS-16945,Linda Southworth,Corporate,United States,Denver,Colorado,80219,West,FUR-CH-10002335,Furniture,Chairs,Hon GuestStacker Chair,544.008,3,0.2,40.8006
894,CA-2017-133256,6/26/2017,6/27/2017,First Class,TH-21550,Tracy Hopkins,Home Office,United States,Detroit,Michigan,48227,Central,TEC-PH-10002660,Technology,Phones,Nortel Networks T7316 E Nt8 B27,543.92,8,0.0,135.98
5298,CA-2017-108791,7/27/2017,7/31/2017,Standard Class,TM-21490,Tony Molinari,Consumer,United States,Yonkers,New York,10701,East,TEC-PH-10002660,Technology,Phones,Nortel Networks T7316 E Nt8 B27,543.92,8,0.0,135.98
4014,CA-2015-165624,8/23/2015,8/28/2015,Standard Class,FH-14350,Fred Harton,Consumer,United States,Atlanta,Georgia,30318,South,OFF-AP-10000828,Office Supplies,Appliances,Avanti 4.4 Cu. Ft. Refrigerator,542.94,3,0.0,152.0232
4619,CA-2015-117800,9/21/2015,9/26/2015,Standard Class,TH-21550,Tracy Hopkins,Home Office,United States,Everett,Massachusetts,2149,East,FUR-CH-10000785,Furniture,Chairs,Global Ergonomic Managers Chair,542.94,3,0.0,141.1644
5695,US-2015-138093,12/10/2015,12/16/2015,Standard Class,KM-16225,Kalyca Meade,Corporate,United States,Baltimore,Maryland,21215,East,FUR-CH-10000785,Furniture,Chairs,Global Ergonomic Managers Chair,542.94,3,0.0,141.1644
5762,CA-2017-158169,8/12/2017,8/15/2017,First Class,JM-16195,Justin MacKendrick,Consumer,United States,Lake Forest,California,92630,West,OFF-AP-10000828,Office Supplies,Appliances,Avanti 4.4 Cu. Ft. Refrigerator,542.94,3,0.0,152.0232
9389,US-2017-127292,1/19/2017,1/23/2017,Standard Class,RM-19375,Raymond Messe,Consumer,United States,Burlington,Vermont,5408,East,OFF-AP-10000828,Office Supplies,Appliances,Avanti 4.4 Cu. Ft. Refrigerator,542.94,3,0.0,152.0232
731,US-2016-150861,12/3/2016,12/6/2016,First Class,EG-13900,Emily Grady,Consumer,United States,Oceanside,New York,11572,East,FUR-CH-10002965,Furniture,Chairs,"Global Leather Highback Executive Chair with Pneumatic Height Adjustment, Black",542.646,3,0.1,102.4998
2251,CA-2015-116092,2/15/2015,2/18/2015,Second Class,JM-16195,Justin MacKendrick,Consumer,United States,Los Angeles,California,90004,West,OFF-AP-10001391,Office Supplies,Appliances,Kensington 6 Outlet MasterPiece HOMEOFFICE Power Control Center,541.44,6,0.0,157.0176
8008,CA-2015-110863,11/17/2015,11/24/2015,Standard Class,AA-10645,Anna Andreadi,Consumer,United States,Oklahoma City,Oklahoma,73120,Central,OFF-ST-10002756,Office Supplies,Storage,"Tennsco Stur-D-Stor Boltless Shelving, 5 Shelves, 24"" Deep, Sand",541.24,4,0.0,5.4124
8872,CA-2017-101805,12/1/2017,12/6/2017,Standard Class,SH-19975,Sally Hughsby,Corporate,United States,Seattle,Washington,98105,West,OFF-ST-10002756,Office Supplies,Storage,"Tennsco Stur-D-Stor Boltless Shelving, 5 Shelves, 24"" Deep, Sand",541.24,4,0.0,5.4124
945,CA-2015-120880,5/29/2015,6/3/2015,Standard Class,JL-15850,John Lucas,Consumer,United States,Seattle,Washington,98105,West,OFF-ST-10001496,Office Supplies,Storage,Standard Rollaway File with Lock,540.57,3,0.0,140.5482
7939,CA-2017-166093,8/17/2017,8/24/2017,Standard Class,RW-19540,Rick Wilson,Corporate,United States,Brentwood,California,94513,West,OFF-ST-10001496,Office Supplies,Storage,Standard Rollaway File with Lock,540.57,3,0.0,140.5482
1259,US-2016-168620,12/24/2016,12/28/2016,Second Class,RB-19795,Ross Baird,Home Office,United States,Charlotte,North Carolina,28205,South,OFF-ST-10003716,Office Supplies,Storage,Tennsco Double-Tier Lockers,540.048,3,0.2,-47.2542
1502,CA-2017-130386,11/12/2017,11/18/2017,Standard Class,NG-18430,Nathan Gelder,Consumer,United States,Austin,Texas,78745,Central,OFF-ST-10003716,Office Supplies,Storage,Tennsco Double-Tier Lockers,540.048,3,0.2,-47.2542
3083,US-2017-132297,5/27/2017,6/2/2017,Standard Class,DW-13480,Dianna Wilson,Home Office,United States,Louisville,Kentucky,40214,South,TEC-PH-10002834,Technology,Phones,Google Nexus 5,539.97,3,0.0,134.9925
4161,CA-2017-115546,5/14/2017,5/18/2017,Standard Class,AH-10465,Amy Hunt,Consumer,United States,New York City,New York,10035,East,TEC-PH-10002834,Technology,Phones,Google Nexus 5,539.97,3,0.0,134.9925
3302,US-2014-159926,11/18/2014,11/22/2014,Standard Class,CS-11950,Carlos Soltero,Consumer,United States,Philadelphia,Pennsylvania,19140,East,TEC-PH-10001128,Technology,Phones,Motorola Droid Maxx,539.964,6,0.4,-107.9928
6502,CA-2014-129147,11/2/2014,11/6/2014,Standard Class,LC-17050,Liz Carlisle,Consumer,United States,Medina,Ohio,44256,East,TEC-PH-10001299,Technology,Phones,Polycom CX300 Desktop Phone USB VoIP phone,539.964,6,0.4,-107.9928
7621,US-2014-144078,11/25/2014,11/29/2014,Standard Class,RB-19435,Richard Bierner,Consumer,United States,Los Angeles,California,90004,West,TEC-PH-10001580,Technology,Phones,Logitech Mobile Speakerphone P710e - speaker phone,539.92,5,0.2,47.243
7417,US-2016-114013,3/13/2016,3/15/2016,Second Class,SC-20770,Stewart Carmichael,Corporate,United States,Philadelphia,Pennsylvania,19134,East,TEC-PH-10001494,Technology,Phones,Polycom CX600 IP Phone VoIP phone,539.91,3,0.4,-116.9805
2905,CA-2016-153577,6/27/2016,7/1/2016,Standard Class,KH-16330,Katharine Harms,Corporate,United States,Highland Park,Illinois,60035,Central,FUR-CH-10003981,Furniture,Chairs,Global Commerce Series Low-Back Swivel/Tilt Chairs,539.658,3,0.3,-7.7094
7463,CA-2015-138485,2/27/2015,3/1/2015,Second Class,NP-18670,Nora Paige,Consumer,United States,Seattle,Washington,98105,West,TEC-AC-10002076,Technology,Accessories,Microsoft Natural Keyboard Elite,538.92,9,0.0,80.838
3460,CA-2017-136448,9/16/2017,9/18/2017,First Class,AS-10090,Adam Shillingsburg,Consumer,United States,Philadelphia,Pennsylvania,19143,East,OFF-BI-10001359,Office Supplies,Binders,GBC DocuBind TL300 Electric Binding System,538.194,2,0.7,-412.6154
4546,CA-2015-126557,7/12/2015,7/17/2015,Second Class,RL-19615,Rob Lucas,Consumer,United States,Chicago,Illinois,60610,Central,TEC-PH-10000526,Technology,Phones,Vtech CS6719,537.544,7,0.2,53.7544
8792,CA-2017-162075,3/18/2017,3/24/2017,Standard Class,TT-21220,Thomas Thornton,Consumer,United States,Houston,Texas,77041,Central,TEC-PH-10001557,Technology,Phones,Pyle PMP37LED,537.544,7,0.2,47.0351
4608,CA-2015-135020,5/28/2015,6/2/2015,Standard Class,MS-17770,Maxwell Schwartz,Consumer,United States,Rochester,New York,14609,East,OFF-ST-10001490,Office Supplies,Storage,"Hot File 7-Pocket, Floor Stand",535.41,3,0.0,160.623
5170,CA-2014-121006,11/10/2014,11/16/2014,Standard Class,SC-20020,Sam Craven,Consumer,United States,Midland,Michigan,48640,Central,OFF-ST-10001490,Office Supplies,Storage,"Hot File 7-Pocket, Floor Stand",535.41,3,0.0,160.623
8133,CA-2014-127866,7/20/2014,7/23/2014,First Class,JD-15895,Jonathan Doherty,Corporate,United States,Riverside,California,92503,West,OFF-ST-10001490,Office Supplies,Storage,"Hot File 7-Pocket, Floor Stand",535.41,3,0.0,160.623
8737,CA-2016-168774,9/4/2016,9/9/2016,Standard Class,RP-19855,Roy Phan,Corporate,United States,Woodbury,Minnesota,55125,Central,OFF-ST-10001490,Office Supplies,Storage,"Hot File 7-Pocket, Floor Stand",535.41,3,0.0,160.623
7559,US-2014-137155,11/1/2014,11/5/2014,Standard Class,DL-12925,Daniel Lacy,Consumer,United States,Long Beach,New York,11561,East,OFF-AP-10002518,Office Supplies,Appliances,Kensington 7 Outlet MasterPiece Power Center,533.94,3,0.0,154.8426
5742,US-2017-147886,3/28/2017,3/31/2017,First Class,DH-13075,Dave Hallsten,Corporate,United States,Fairfield,California,94533,West,TEC-MA-10004679,Technology,Machines,StarTech.com 10/100 VDSL2 Ethernet Extender Kit,532.72,2,0.2,53.272
2369,US-2016-129469,9/23/2016,9/27/2016,Standard Class,KL-16555,Kelly Lampkin,Corporate,United States,Fairfield,Ohio,45014,East,FUR-FU-10002298,Furniture,Furnishings,"Rubbermaid ClusterMat Chairmats, Mat Size- 66"" x 60"", Lip 20"" x 11"" -90 Degree Angle",532.704,6,0.2,-26.6352
3116,CA-2016-150350,8/23/2016,8/30/2016,Standard Class,MS-17770,Maxwell Schwartz,Consumer,United States,Seattle,Washington,98105,West,FUR-CH-10001973,Furniture,Chairs,Office Star Flex Back Scooter Chair with White Frame,532.704,6,0.2,-39.9528
39,CA-2015-117415,12/27/2015,12/31/2015,Standard Class,SN-20710,Steve Nguyen,Home Office,United States,Houston,Texas,77041,Central,FUR-BO-10002545,Furniture,Bookcases,"Atlantic Metals Mobile 3-Shelf Bookcases, Custom Colors",532.3992,3,0.32,-46.9764
2598,CA-2017-149048,5/13/2017,5/17/2017,Standard Class,BM-11650,Brian Moss,Corporate,United States,Columbus,Indiana,47201,Central,OFF-ST-10000078,Office Supplies,Storage,Tennsco 6- and 18-Compartment Lockers,530.34,2,0.0,95.4612
6517,US-2017-116652,9/15/2017,9/19/2017,Standard Class,RD-19480,Rick Duston,Consumer,United States,San Francisco,California,94122,West,FUR-FU-10001488,Furniture,Furnishings,"Tenex 46"" x 60"" Computer Anti-Static Chairmat, Rectangular Shaped",529.9,5,0.0,105.98
3173,US-2016-133879,3/21/2016,3/28/2016,Standard Class,KT-16465,Kean Takahito,Consumer,United States,Chicago,Illinois,60623,Central,FUR-CH-10000665,Furniture,Chairs,"Global Airflow Leather Mesh Back Chair, Black",528.43,5,0.3,0.0
8777,CA-2016-102813,7/2/2016,7/3/2016,First Class,EA-14035,Erin Ashbrook,Corporate,United States,Huntsville,Texas,77340,Central,FUR-CH-10000665,Furniture,Chairs,"Global Airflow Leather Mesh Back Chair, Black",528.43,5,0.3,0.0
9920,CA-2016-149272,3/15/2016,3/19/2016,Standard Class,MY-18295,Muhammed Yedwab,Corporate,United States,Bryan,Texas,77803,Central,FUR-CH-10000863,Furniture,Chairs,Novimex Swivel Fabric Task Chair,528.43,5,0.3,-143.431
5935,US-2017-169551,7/7/2017,7/9/2017,First Class,RL-19615,Rob Lucas,Consumer,United States,Philadelphia,Pennsylvania,19120,East,TEC-AC-10003033,Technology,Accessories,Plantronics CS510 - Over-the-Head monaural Wireless Headset System,527.92,2,0.2,85.787
7702,CA-2017-151799,12/14/2017,12/18/2017,Standard Class,BF-11170,Ben Ferrer,Home Office,United States,Lawrence,Massachusetts,1841,East,FUR-TA-10003473,Furniture,Tables,Bretford Rectangular Conference Table Tops,526.582,2,0.3,-52.6582
2232,CA-2017-157091,6/26/2017,7/1/2017,Standard Class,DB-13405,Denny Blanton,Consumer,United States,La Porte,Indiana,46350,Central,FUR-FU-10000293,Furniture,Furnishings,Eldon Antistatic Chair Mats for Low to Medium Pile Carpets,526.45,5,0.0,31.587
2574,CA-2017-145128,7/9/2017,7/14/2017,Standard Class,SM-20320,Sean Miller,Home Office,United States,Lafayette,Indiana,47905,Central,FUR-FU-10000293,Furniture,Furnishings,Eldon Antistatic Chair Mats for Low to Medium Pile Carpets,526.45,5,0.0,31.587
8119,US-2017-106551,7/22/2017,7/27/2017,Standard Class,EB-13930,Eric Barreto,Consumer,United States,Chicago,Illinois,60653,Central,FUR-CH-10004997,Furniture,Chairs,Hon Every-Day Series Multi-Task Chairs,526.344,4,0.3,-75.192
3810,CA-2015-113628,11/12/2015,11/19/2015,Standard Class,AH-10690,Anna Häberlin,Corporate,United States,Plantation,Florida,33317,South,FUR-CH-10003298,Furniture,Chairs,"Office Star - Contemporary Task Swivel chair with Loop Arms, Charcoal",523.92,5,0.2,-72.039
6946,CA-2016-106243,9/30/2016,10/4/2016,Standard Class,GM-14680,Greg Matthias,Consumer,United States,New York City,New York,10011,East,FUR-BO-10003034,Furniture,Bookcases,"O'Sullivan Elevations Bookcase, Cherry Finish",523.92,5,0.2,-26.196
3799,CA-2017-147760,11/4/2017,11/5/2017,First Class,KL-16555,Kelly Lampkin,Corporate,United States,Greensboro,North Carolina,27405,South,FUR-TA-10004575,Furniture,Tables,Hon 5100 Series Wood Tables,523.764,3,0.4,-192.0468
7360,US-2014-115189,12/30/2014,1/3/2015,Second Class,AR-10345,Alex Russell,Corporate,United States,Philadelphia,Pennsylvania,19143,East,FUR-TA-10004575,Furniture,Tables,Hon 5100 Series Wood Tables,523.764,3,0.4,-192.0468
625,CA-2015-138009,11/29/2015,12/3/2015,Standard Class,SF-20965,Sylvia Foulston,Corporate,United States,Dearborn,Michigan,48126,Central,OFF-ST-10001272,Office Supplies,Storage,"Mini 13-1/2 Capacity Data Binder Rack, Pearl",523.48,4,0.0,130.87
7036,CA-2017-119494,11/9/2017,11/13/2017,Standard Class,JE-15610,Jim Epp,Corporate,United States,San Diego,California,92105,West,FUR-CH-10004675,Furniture,Chairs,"Lifetime Advantage Folding Chairs, 4/Carton",523.392,3,0.2,52.3392
7460,CA-2015-137974,4/16/2015,4/18/2015,First Class,LL-16840,Lauren Leatherbury,Consumer,United States,Waynesboro,Virginia,22980,South,FUR-BO-10001519,Furniture,Bookcases,O'Sullivan 3-Shelf Heavy-Duty Bookcases,523.26,9,0.0,125.5824
1627,CA-2015-164539,11/16/2015,11/22/2015,Standard Class,PO-19180,Philisse Overcash,Home Office,United States,New York City,New York,10011,East,OFF-AP-10002457,Office Supplies,Appliances,"Eureka The Boss Plus 12-Amp Hard Box Upright Vacuum, Red",523.25,5,0.0,141.2775
4717,CA-2017-143126,12/3/2017,12/7/2017,Second Class,CM-12655,Corinna Mitchell,Home Office,United States,Seattle,Washington,98115,West,FUR-TA-10002958,Furniture,Tables,"Bevis Oval Conference Table, Walnut",521.96,2,0.0,88.7332
5956,CA-2014-155796,11/11/2014,11/15/2014,Second Class,TS-21430,Tom Stivers,Corporate,United States,Reading,Pennsylvania,19601,East,FUR-BO-10002545,Furniture,Bookcases,"Atlantic Metals Mobile 3-Shelf Bookcases, Custom Colors",521.96,4,0.5,-250.5408
4360,CA-2017-162565,12/11/2017,12/11/2017,Same Day,RR-19315,Ralph Ritter,Consumer,United States,Aurora,Illinois,60505,Central,FUR-CH-10003973,Furniture,Chairs,GuestStacker Chair with Chrome Finish Legs,520.464,2,0.3,-14.8704
9353,CA-2017-148411,9/24/2017,9/26/2017,First Class,RO-19780,Rose O'Brian,Consumer,United States,Chicago,Illinois,60623,Central,FUR-CH-10003973,Furniture,Chairs,GuestStacker Chair with Chrome Finish Legs,520.464,2,0.3,-14.8704
989,CA-2017-167899,5/21/2017,5/26/2017,Standard Class,JG-15805,John Grady,Corporate,United States,Auburn,New York,13021,East,FUR-FU-10004071,Furniture,Furnishings,Luxo Professional Magnifying Clamp-On Fluorescent Lamps,520.05,5,0.0,72.807
5832,CA-2015-111206,7/18/2015,7/22/2015,Standard Class,RF-19735,Roland Fjeld,Consumer,United States,San Diego,California,92105,West,TEC-AC-10003095,Technology,Accessories,Logitech G35 7.1-Channel Surround Sound Headset,519.96,4,0.0,176.7864
7971,US-2015-126753,8/16/2015,8/20/2015,Standard Class,SP-20860,Sung Pak,Corporate,United States,Philadelphia,Pennsylvania,19134,East,TEC-PH-10003580,Technology,Phones,Cisco IP Phone 7961G-GE VoIP phone,519.792,4,0.4,-112.6216
6707,CA-2016-112277,9/10/2016,9/15/2016,Standard Class,SC-20695,Steve Chapman,Corporate,United States,Fort Lauderdale,Florida,33311,South,TEC-PH-10003505,Technology,Phones,Geemarc AmpliPOWER60,519.68,7,0.2,58.464
6068,CA-2017-166695,5/20/2017,5/24/2017,Standard Class,CC-12430,Chuck Clark,Home Office,United States,Lakewood,California,90712,West,FUR-CH-10000225,Furniture,Chairs,"Global Geo Office Task Chair, Gray",518.272,8,0.2,-97.176
3054,CA-2016-128517,4/9/2016,4/14/2016,Second Class,SW-20350,Sean Wendt,Home Office,United States,Detroit,Michigan,48227,Central,TEC-PH-10002555,Technology,Phones,Nortel Meridian M5316 Digital phone,517.9,2,0.0,134.654
1628,CA-2015-143119,9/24/2015,9/30/2015,Standard Class,MC-17275,Marc Crier,Consumer,United States,Lafayette,Louisiana,70506,South,FUR-CH-10001270,Furniture,Chairs,Harbour Creations Steel Folding Chair,517.5,6,0.0,155.25
8678,CA-2017-141705,10/24/2017,10/26/2017,First Class,PO-18850,Patrick O'Brill,Consumer,United States,Mansfield,Texas,76063,Central,FUR-TA-10004607,Furniture,Tables,Hon 2111 Invitation Series Straight Table,517.405,5,0.3,-81.3065
9817,CA-2015-162201,6/8/2015,6/12/2015,Standard Class,AG-10495,Andrew Gjertsen,Corporate,United States,Saint Petersburg,Florida,33710,South,OFF-ST-10000046,Office Supplies,Storage,Fellowes Super Stor/Drawer Files,516.96,4,0.2,-6.462
948,US-2017-110576,11/28/2017,12/2/2017,Standard Class,RB-19795,Ross Baird,Home Office,United States,Philadelphia,Pennsylvania,19120,East,FUR-FU-10003601,Furniture,Furnishings,"Deflect-o RollaMat Studded, Beveled Mat for Medium Pile Carpeting",516.488,7,0.2,-12.9122
1700,CA-2014-135657,6/3/2014,6/7/2014,Second Class,SC-20725,Steven Cartwright,Consumer,United States,Seattle,Washington,98115,West,FUR-TA-10004086,Furniture,Tables,KI Adjustable-Height Table,515.88,6,0.0,113.4936
486,CA-2017-140963,6/10/2017,6/13/2017,First Class,MT-18070,Michelle Tran,Home Office,United States,Los Angeles,California,90045,West,FUR-BO-10001337,Furniture,Bookcases,O'Sullivan Living Dimensions 2-Shelf Bookcases,514.165,5,0.15,-30.245
3497,CA-2016-107328,8/8/2016,8/15/2016,Standard Class,CA-12055,Cathy Armstrong,Home Office,United States,Los Angeles,California,90036,West,FUR-TA-10001932,Furniture,Tables,"Chromcraft 48"" x 96"" Racetrack Double Pedestal Table",513.024,2,0.2,12.8256
6757,CA-2017-124205,9/15/2017,9/19/2017,Standard Class,TC-21145,Theresa Coyne,Corporate,United States,Lakewood,New Jersey,8701,East,FUR-CH-10003606,Furniture,Chairs,SAFCO Folding Chair Trolley,512.96,4,0.0,143.6288
3995,CA-2015-105627,3/8/2015,3/12/2015,Standard Class,DK-12895,Dana Kaydos,Consumer,United States,Kenosha,Wisconsin,53142,Central,FUR-BO-10002916,Furniture,Bookcases,"Rush Hierlooms Collection 1"" Thick Stackable Bookcases",512.94,3,0.0,97.4586
8167,CA-2015-168207,11/2/2015,11/6/2015,Standard Class,LT-17110,Liz Thompson,Consumer,United States,San Diego,California,92105,West,FUR-BO-10004357,Furniture,Bookcases,O'Sullivan Living Dimensions 3-Shelf Bookcases,512.499,3,0.15,-30.147
8314,CA-2014-161508,7/12/2014,7/16/2014,Standard Class,PV-18985,Paul Van Hugh,Home Office,United States,League City,Texas,77573,Central,FUR-CH-10002126,Furniture,Chairs,Hon Deluxe Fabric Upholstered Stacking Chairs,512.358,3,0.3,-14.6388
7494,US-2017-160836,9/11/2017,9/16/2017,Standard Class,CC-12475,Cindy Chapman,Consumer,United States,Houston,Texas,77070,Central,FUR-TA-10002855,Furniture,Tables,Bevis Round Conference Table Top & Single Column Base,512.19,5,0.3,-65.853
2096,US-2016-146570,5/15/2016,5/20/2016,Standard Class,SN-20710,Steve Nguyen,Home Office,United States,Jackson,Mississippi,39212,South,OFF-BI-10001718,Office Supplies,Binders,GBC DocuBind P50 Personal Binding Machine,511.84,8,0.0,240.5648
9848,CA-2017-169327,9/2/2017,9/4/2017,Second Class,MH-17290,Marc Harrigan,Home Office,United States,Los Angeles,California,90008,West,FUR-FU-10004188,Furniture,Furnishings,Luxo Professional Combination Clamp-On Lamps,511.5,5,0.0,132.99
5663,CA-2016-108875,9/24/2016,10/1/2016,Standard Class,CL-12700,Craig Leslie,Home Office,United States,Aurora,Colorado,80013,West,OFF-ST-10001370,Office Supplies,Storage,Sensible Storage WireTech Storage Systems,511.056,9,0.2,-95.823
3711,CA-2017-113670,10/15/2017,10/17/2017,First Class,RS-19765,Roland Schwarz,Corporate,United States,Los Angeles,California,90045,West,FUR-TA-10001705,Furniture,Tables,Bush Advantage Collection Round Conference Table,510.24,3,0.2,6.378
342,CA-2014-122336,4/13/2014,4/17/2014,Second Class,JD-15895,Jonathan Doherty,Corporate,United States,Philadelphia,Pennsylvania,19140,East,OFF-BI-10003656,Office Supplies,Binders,Fellowes PB200 Plastic Comb Binding Machine,509.97,10,0.7,-407.976
7404,CA-2015-100146,5/14/2015,5/19/2015,Standard Class,CB-12535,Claudia Bergmann,Corporate,United States,Camarillo,California,93010,West,FUR-BO-10004015,Furniture,Bookcases,"Bush Andora Bookcase, Maple/Graphite Gray Finish",509.9575,5,0.15,41.9965
3512,CA-2014-166863,6/20/2014,6/24/2014,Standard Class,SC-20020,Sam Craven,Consumer,United States,Plano,Texas,75023,Central,OFF-ST-10004123,Office Supplies,Storage,Safco Industrial Wire Shelving System,509.488,7,0.2,-127.372
7827,CA-2017-117114,10/31/2017,11/5/2017,Standard Class,CY-12745,Craig Yedwab,Corporate,United States,Chicago,Illinois,60610,Central,TEC-PH-10004042,Technology,Phones,ClearOne Communications CHAT 70 OC Speaker Phone,508.768,4,0.2,38.1576
7543,US-2017-112347,12/2/2017,12/6/2017,Standard Class,BS-11380,Bill Stewart,Corporate,United States,Denver,Colorado,80219,West,FUR-FU-10001488,Furniture,Furnishings,"Tenex 46"" x 60"" Computer Anti-Static Chairmat, Rectangular Shaped",508.704,6,0.2,0.0
6042,CA-2017-122364,9/24/2017,9/29/2017,Standard Class,FA-14230,Frank Atkinson,Corporate,United States,Los Angeles,California,90008,West,TEC-MA-10001031,Technology,Machines,Socket Bluetooth Cordless Hand Scanner (CHS),506.28,3,0.2,177.198
6555,CA-2014-137092,10/20/2014,10/22/2014,Second Class,LS-16975,Lindsay Shagiari,Home Office,United States,Chicago,Illinois,60653,Central,OFF-ST-10003805,Office Supplies,Storage,"24 Capacity Maxi Data Binder Racks, Pearl",505.32,3,0.2,31.5825
1899,CA-2014-169775,8/29/2014,9/2/2014,Second Class,RA-19945,Ryan Akin,Consumer,United States,Miami,Florida,33178,South,OFF-BI-10004390,Office Supplies,Binders,GBC DocuBind 200 Manual Binding Machine,505.176,4,0.7,-336.784
3029,CA-2017-116855,12/17/2017,12/21/2017,Standard Class,AI-10855,Arianne Irving,Consumer,United States,Chesapeake,Virginia,23320,South,FUR-CH-10003846,Furniture,Chairs,Hon Valutask Swivel Chairs,504.9,5,0.0,80.784
5990,CA-2016-163776,7/19/2016,7/25/2016,Standard Class,JS-16030,Joy Smith,Consumer,United States,Hattiesburg,Mississippi,39401,South,FUR-BO-10003546,Furniture,Bookcases,Hon 4-Shelf Metal Bookcases,504.9,5,0.0,126.225
183,CA-2014-158274,11/19/2014,11/24/2014,Second Class,RM-19675,Robert Marley,Home Office,United States,Monroe,Louisiana,71203,South,TEC-PH-10003273,Technology,Phones,AT&T TR1909W,503.96,4,0.0,131.0296
2300,CA-2015-113145,11/1/2015,11/5/2015,Standard Class,VD-21670,Valerie Dominguez,Consumer,United States,New York City,New York,10011,East,TEC-PH-10002597,Technology,Phones,Xblue XB-1670-86 X16 Small Office Telephone - Titanium,503.96,4,0.0,125.99
6480,CA-2017-140872,6/3/2017,6/10/2017,Standard Class,NR-18550,Nick Radford,Consumer,United States,Pembroke Pines,Florida,33024,South,TEC-PH-10000441,Technology,Phones,VTech DS6151,503.96,5,0.2,50.396
6955,CA-2015-129917,10/2/2015,10/3/2015,First Class,HM-14980,Henry MacAllister,Consumer,United States,Los Angeles,California,90008,West,TEC-PH-10000369,Technology,Phones,HTC One Mini,503.96,5,0.2,50.396
9690,US-2017-135986,6/20/2017,6/27/2017,Standard Class,PG-18895,Paul Gonzalez,Consumer,United States,Richmond,Virginia,23223,South,TEC-PH-10003691,Technology,Phones,BlackBerry Q10,503.96,4,0.0,125.99
6288,CA-2014-100090,7/8/2014,7/12/2014,Standard Class,EB-13705,Ed Braxton,Corporate,United States,San Francisco,California,94122,West,FUR-TA-10003715,Furniture,Tables,Hon 2111 Invitation Series Corner Table,502.488,3,0.2,-87.9354
970,CA-2017-135279,4/9/2017,4/11/2017,First Class,BS-11800,Bryan Spruell,Home Office,United States,New York City,New York,10011,East,OFF-ST-10001097,Office Supplies,Storage,Office Impressions Heavy Duty Welded Shelving & Multimedia Storage Drawers,501.81,3,0.0,0.0
2157,CA-2014-124646,6/22/2014,6/24/2014,First Class,DV-13465,Dianna Vittorini,Consumer,United States,Minneapolis,Minnesota,55407,Central,OFF-ST-10001097,Office Supplies,Storage,Office Impressions Heavy Duty Welded Shelving & Multimedia Storage Drawers,501.81,3,0.0,0.0
3848,CA-2017-129000,11/25/2017,11/27/2017,Second Class,SZ-20035,Sam Zeldin,Home Office,United States,Canton,Michigan,48187,Central,OFF-ST-10001097,Office Supplies,Storage,Office Impressions Heavy Duty Welded Shelving & Multimedia Storage Drawers,501.81,3,0.0,0.0
9733,CA-2014-114321,8/20/2014,8/25/2014,Standard Class,NC-18535,Nick Crebassa,Corporate,United States,Hampton,Virginia,23666,South,FUR-CH-10001797,Furniture,Chairs,"Safco Chair Connectors, 6/Carton",500.24,13,0.0,145.0696
3732,CA-2015-109575,9/18/2015,9/23/2015,Standard Class,KH-16630,Ken Heidel,Corporate,United States,Clinton,Maryland,20735,East,TEC-PH-10000730,Technology,Phones,Samsung Galaxy S4 Active,499.99,1,0.0,129.9974
2264,CA-2016-131065,11/14/2016,11/16/2016,Second Class,AA-10375,Allen Armold,Consumer,United States,Atlanta,Georgia,30318,South,TEC-AC-10004145,Technology,Accessories,Logitech diNovo Edge Keyboard,499.98,2,0.0,114.9954
5620,US-2016-124163,9/25/2016,9/30/2016,Standard Class,SC-20695,Steve Chapman,Corporate,United States,La Crosse,Wisconsin,54601,Central,TEC-AC-10001908,Technology,Accessories,Logitech Wireless Headset h800,499.95,5,0.0,174.9825
2969,CA-2017-167941,11/6/2017,11/9/2017,Second Class,JF-15565,Jill Fjeld,Consumer,United States,Fayetteville,North Carolina,28314,South,OFF-AP-10002118,Office Supplies,Appliances,"1.7 Cubic Foot Compact ""Cube"" Office Refrigerators",499.584,3,0.2,43.7136
8595,CA-2017-159667,11/9/2017,11/13/2017,Standard Class,PM-19135,Peter McVee,Home Office,United States,Jacksonville,Florida,32216,South,TEC-PH-10004094,Technology,Phones,Motorola L703CM,499.168,4,0.2,31.198
5220,CA-2017-145653,9/1/2017,9/1/2017,Same Day,CA-12775,Cynthia Arntzen,Consumer,United States,Detroit,Michigan,48205,Central,FUR-CH-10004875,Furniture,Chairs,Harbour Creations 67200 Series Stacking Chairs,498.26,7,0.0,134.5302
8339,CA-2014-153087,12/27/2014,1/3/2015,Standard Class,TC-20980,Tamara Chand,Corporate,United States,Decatur,Alabama,35601,South,TEC-AC-10003198,Technology,Accessories,Enermax Acrylux Wireless Keyboard,498.0,5,0.0,184.26
7558,CA-2017-159506,11/27/2017,12/2/2017,Standard Class,JR-16210,Justin Ritter,Corporate,United States,Columbus,Indiana,47201,Central,OFF-BI-10004519,Office Supplies,Binders,GBC DocuBind P100 Manual Binding Machine,497.94,3,0.0,224.073
1775,CA-2014-118976,4/28/2014,5/3/2014,Standard Class,MY-18295,Muhammed Yedwab,Corporate,United States,Baltimore,Maryland,21215,East,OFF-ST-10000877,Office Supplies,Storage,Recycled Steel Personal File for Standard File Folders,497.61,9,0.0,129.3786
8533,CA-2016-156748,11/30/2016,12/6/2016,Standard Class,BS-11755,Bruce Stewart,Consumer,United States,Detroit,Michigan,48227,Central,OFF-ST-10001370,Office Supplies,Storage,Sensible Storage WireTech Storage Systems,496.86,7,0.0,24.843
2242,US-2016-126893,11/26/2016,12/1/2016,Standard Class,CT-11995,Carol Triggs,Consumer,United States,Philadelphia,Pennsylvania,19134,East,TEC-PH-10004165,Technology,Phones,Mitel MiVoice 5330e IP Phone,494.982,3,0.4,-115.4958
6854,US-2017-162670,12/23/2017,12/28/2017,Second Class,MF-18250,Monica Federle,Corporate,United States,Little Rock,Arkansas,72209,South,TEC-PH-10003601,Technology,Phones,"Ativa D5772 2-Line 5.8GHz Digital Expandable Corded/Cordless Phone System with Answering & Caller ID/Call Waiting, Black/Silver",494.97,3,0.0,148.491
8899,CA-2015-163237,8/7/2015,8/9/2015,Second Class,EM-14095,Eudokia Martin,Corporate,United States,Springfield,Virginia,22153,South,TEC-PH-10003601,Technology,Phones,"Ativa D5772 2-Line 5.8GHz Digital Expandable Corded/Cordless Phone System with Answering & Caller ID/Call Waiting, Black/Silver",494.97,3,0.0,148.491
601,US-2016-100720,7/16/2016,7/21/2016,Standard Class,CK-12205,Chloris Kastensmidt,Consumer,United States,Philadelphia,Pennsylvania,19120,East,TEC-PH-10003963,Technology,Phones,GE 2-Jack Phone Line Splitter,494.376,4,0.4,-115.3544
3288,CA-2015-157770,12/13/2015,12/15/2015,First Class,RD-19585,Rob Dowd,Consumer,United States,Temecula,California,92592,West,TEC-PH-10001530,Technology,Phones,Plantronics Voyager Pro Legend,494.376,3,0.2,49.4376
4541,CA-2015-104129,2/27/2015,3/2/2015,Standard Class,ES-14080,Erin Smith,Corporate,United States,Providence,Rhode Island,2908,East,FUR-TA-10004152,Furniture,Tables,"Barricks 18"" x 48"" Non-Folding Utility Table with Bottom Storage Shelf",493.92,7,0.3,-28.224
8867,CA-2014-120411,9/20/2014,9/23/2014,First Class,SB-20185,Sarah Brown,Consumer,United States,Chicago,Illinois,60653,Central,FUR-BO-10004218,Furniture,Bookcases,"Bush Heritage Pine Collection 5-Shelf Bookcase, Albany Pine Finish, *Special Order",493.43,5,0.3,-70.49
2448,CA-2016-119165,10/31/2016,11/6/2016,Standard Class,BD-11320,Bill Donatelli,Consumer,United States,Philadelphia,Pennsylvania,19143,East,FUR-CH-10000988,Furniture,Chairs,Hon Olson Stacker Stools,492.835,5,0.3,-14.081
3462,CA-2017-114258,11/5/2017,11/10/2017,Second Class,EM-13825,Elizabeth Moffitt,Corporate,United States,Dallas,Texas,75081,Central,TEC-PH-10003012,Technology,Phones,Nortel Meridian M3904 Professional Digital phone,492.768,4,0.2,55.4364
6923,CA-2015-134257,3/16/2015,3/19/2015,Second Class,MS-17710,Maurice Satty,Consumer,United States,Auburn,Alabama,36830,South,OFF-LA-10003930,Office Supplies,Labels,"Dot Matrix Printer Tape Reel Labels, White, 5000/Box",491.55,5,0.0,240.8595
9697,CA-2014-144281,6/10/2014,6/15/2014,Second Class,HK-14890,Heather Kirkland,Corporate,United States,Detroit,Michigan,48234,Central,OFF-LA-10003930,Office Supplies,Labels,"Dot Matrix Printer Tape Reel Labels, White, 5000/Box",491.55,5,0.0,240.8595
2345,CA-2016-119025,2/22/2016,2/28/2016,Standard Class,PV-18985,Paul Van Hugh,Home Office,United States,Milwaukee,Wisconsin,53209,Central,OFF-AP-10001205,Office Supplies,Appliances,Belkin 5 Outlet SurgeMaster Power Centers,490.32,9,0.0,137.2896
2580,US-2014-155502,1/26/2014,1/31/2014,Standard Class,SD-20485,Shirley Daniels,Home Office,United States,Alexandria,Virginia,22304,South,OFF-ST-10004337,Office Supplies,Storage,"SAFCO Commercial Wire Shelving, 72h",489.92,8,0.0,0.0
8894,CA-2014-124723,8/5/2014,8/12/2014,Standard Class,GZ-14470,Gary Zandusky,Consumer,United States,Texas City,Texas,77590,Central,FUR-TA-10001307,Furniture,Tables,"SAFCO PlanMaster Heigh-Adjustable Drafting Table Base, 43w x 30d x 30-37h, Black",489.23,2,0.3,41.934
363,CA-2017-144904,9/25/2017,10/1/2017,Standard Class,KW-16435,Katrina Willman,Consumer,United States,New York City,New York,10009,East,FUR-CH-10000785,Furniture,Chairs,Global Ergonomic Managers Chair,488.646,3,0.1,86.8704
1896,CA-2015-109197,12/31/2015,1/4/2016,Standard Class,JO-15280,Jas O'Carroll,Consumer,United States,Missoula,Montana,59801,West,OFF-BI-10004632,Office Supplies,Binders,Ibico Hi-Tech Manual Binding System,487.984,2,0.2,152.495
3618,CA-2017-141929,9/4/2017,9/8/2017,Standard Class,RA-19285,Ralph Arnett,Consumer,United States,Los Angeles,California,90004,West,OFF-BI-10004632,Office Supplies,Binders,Ibico Hi-Tech Manual Binding System,487.984,2,0.2,152.495
3643,CA-2014-156594,12/20/2014,12/23/2014,Second Class,MC-17845,Michael Chen,Consumer,United States,Los Angeles,California,90008,West,OFF-BI-10004632,Office Supplies,Binders,Ibico Hi-Tech Manual Binding System,487.984,2,0.2,152.495
9033,CA-2017-105823,6/22/2017,6/26/2017,Standard Class,RB-19465,Rick Bensley,Home Office,United States,Detroit,Michigan,48227,Central,FUR-CH-10000454,Furniture,Chairs,"Hon Deluxe Fabric Upholstered Stacking Chairs, Rounded Back",487.96,2,0.0,146.388
3498,CA-2016-107328,8/8/2016,8/15/2016,Standard Class,CA-12055,Cathy Armstrong,Home Office,United States,Los Angeles,California,90036,West,OFF-AP-10004487,Office Supplies,Appliances,Kensington 4 Outlet MasterPiece Compact Power Control Center,487.92,6,0.0,136.6176
8305,CA-2017-135419,11/3/2017,11/9/2017,Standard Class,BG-11740,Bruce Geld,Consumer,United States,Bakersfield,California,93309,West,FUR-TA-10001086,Furniture,Tables,"SAFCO PlanMaster Boards, 60w x 37-1/2d, White Melamine",486.368,4,0.2,36.4776
2222,CA-2015-131884,12/6/2015,12/6/2015,Same Day,DK-13375,Dennis Kane,Consumer,United States,Marion,Ohio,43302,East,TEC-PH-10001578,Technology,Phones,Polycom SoundStation2 EX Conference phone,485.94,2,0.4,-89.089
1186,CA-2014-127131,11/24/2014,11/30/2014,Standard Class,HR-14830,Harold Ryan,Corporate,United States,Seattle,Washington,98103,West,OFF-ST-10002344,Office Supplies,Storage,"Carina 42""Hx23 3/4""W Media Storage Unit",485.88,6,0.0,9.7176
4853,CA-2014-107818,9/8/2014,9/14/2014,Standard Class,MC-17275,Marc Crier,Consumer,United States,Pasco,Washington,99301,West,OFF-ST-10000736,Office Supplies,Storage,Carina Double Wide Media Storage Towers in Natural & Black,485.88,6,0.0,19.4352
1390,US-2016-108504,2/5/2016,2/5/2016,Same Day,PP-18955,Paul Prost,Home Office,United States,Smyrna,Georgia,30080,South,TEC-PH-10003645,Technology,Phones,Aastra 57i VoIP phone,484.83,3,0.0,126.0558
6608,CA-2016-148852,5/26/2016,5/31/2016,Standard Class,SV-20785,Stewart Visinsky,Consumer,United States,Santa Ana,California,92704,West,FUR-CH-10004860,Furniture,Chairs,Global Low Back Tilter Chair,484.704,6,0.2,-84.8232
1005,CA-2015-126445,8/27/2015,8/31/2015,Standard Class,RA-19945,Ryan Akin,Consumer,United States,Murrieta,California,92563,West,OFF-ST-10000046,Office Supplies,Storage,Fellowes Super Stor/Drawer Files,484.65,3,0.0,92.0835
7533,CA-2016-107146,6/17/2016,6/19/2016,First Class,LC-16885,Lena Creighton,Consumer,United States,Longmont,Colorado,80501,West,FUR-CH-10004853,Furniture,Chairs,"Global Manager's Adjustable Task Chair, Storm",483.136,4,0.2,54.3528
9843,US-2016-125402,9/25/2016,10/1/2016,Standard Class,DL-12865,Dan Lawera,Consumer,United States,Long Beach,California,90805,West,FUR-CH-10000665,Furniture,Chairs,"Global Airflow Leather Mesh Back Chair, Black",483.136,4,0.2,60.392
9093,CA-2015-162950,6/28/2015,7/3/2015,Second Class,DW-13585,Dorothy Wardle,Corporate,United States,Troy,Ohio,45373,East,FUR-BO-10001918,Furniture,Bookcases,"Sauder Forest Hills Library with Doors, Woodland Oak Finish",482.94,6,0.5,-376.6932
4218,CA-2017-149881,4/1/2017,4/3/2017,First Class,NC-18535,Nick Crebassa,Corporate,United States,San Francisco,California,94110,West,FUR-BO-10003894,Furniture,Bookcases,"Safco Value Mate Steel Bookcase, Baked Enamel Finish on Steel, Black",482.664,8,0.15,85.176
387,CA-2015-122756,12/3/2015,12/7/2015,Standard Class,DK-13225,Dean Katz,Corporate,United States,Philadelphia,Pennsylvania,19140,East,TEC-MA-10001681,Technology,Machines,Lexmark MarkNet N8150 Wireless Print Server,482.34,4,0.7,-337.638
9644,CA-2014-104563,3/7/2014,3/12/2014,Standard Class,CM-12715,Craig Molinari,Corporate,United States,Seattle,Washington,98103,West,FUR-CH-10004495,Furniture,Chairs,"Global Leather and Oak Executive Chair, Black",481.568,2,0.2,54.1764
2760,CA-2016-146171,3/11/2016,3/15/2016,Standard Class,JP-16135,Julie Prescott,Home Office,United States,Columbus,Georgia,31907,South,OFF-ST-10001526,Office Supplies,Storage,Iceberg Mobile Mega Data/Printer Cart ,481.32,4,0.0,125.1432
4901,CA-2017-120936,12/17/2017,12/21/2017,Standard Class,CA-12310,Christine Abelman,Corporate,United States,Anaheim,California,92804,West,OFF-ST-10001526,Office Supplies,Storage,Iceberg Mobile Mega Data/Printer Cart ,481.32,4,0.0,125.1432
5760,US-2016-111528,12/30/2016,12/30/2016,Same Day,JP-16135,Julie Prescott,Home Office,United States,Los Angeles,California,90032,West,OFF-ST-10001526,Office Supplies,Storage,Iceberg Mobile Mega Data/Printer Cart ,481.32,4,0.0,125.1432
8630,CA-2015-164084,9/7/2015,9/12/2015,Standard Class,AG-10525,Andy Gerbode,Corporate,United States,New York City,New York,10011,East,FUR-TA-10003569,Furniture,Tables,Bretford CR8500 Series Meeting Room Furniture,481.176,2,0.4,-120.294
3860,CA-2017-154039,2/17/2017,2/22/2017,Standard Class,JK-16120,Julie Kriz,Home Office,United States,Chicago,Illinois,60653,Central,FUR-TA-10001932,Furniture,Tables,"Chromcraft 48"" x 96"" Racetrack Double Pedestal Table",480.96,3,0.5,-269.3376
3845,CA-2014-101931,10/28/2014,10/31/2014,First Class,TS-21370,Todd Sumrall,Corporate,United States,Los Angeles,California,90049,West,OFF-SU-10000646,Office Supplies,Supplies,Premier Automatic Letter Opener,480.74,2,0.0,14.4222
8878,CA-2017-126928,9/17/2017,9/23/2017,Standard Class,GZ-14470,Gary Zandusky,Consumer,United States,Morristown,New Jersey,7960,East,TEC-MA-10004626,Technology,Machines,Lexmark 20R1285 X6650 Wireless All-in-One Printer,480.0,4,0.0,225.6
224,CA-2015-169397,12/24/2015,12/27/2015,First Class,JB-15925,Joni Blumstein,Consumer,United States,Dublin,Ohio,43017,East,TEC-MA-10001148,Technology,Machines,Swingline SM12-08 MicroCut Jam Free Shredder,479.988,4,0.7,-383.9904
6952,CA-2015-161767,11/20/2015,11/24/2015,Standard Class,GK-14620,Grace Kelly,Corporate,United States,Dallas,Texas,75217,Central,TEC-MA-10002790,Technology,Machines,NeatDesk Desktop Scanner & Digital Filing System,479.988,2,0.4,55.9986
2387,US-2017-117534,3/25/2017,3/26/2017,First Class,CV-12295,Christina VanderZanden,Consumer,United States,Fresno,California,93727,West,TEC-CO-10000971,Technology,Copiers,Hewlett Packard 310 Color Digital Copier,479.984,2,0.2,59.998
2900,CA-2015-166464,9/12/2015,9/17/2015,Standard Class,PG-18895,Paul Gonzalez,Consumer,United States,New York City,New York,10035,East,TEC-CO-10000971,Technology,Copiers,Hewlett Packard 310 Color Digital Copier,479.984,2,0.2,59.998
4573,CA-2017-126662,7/17/2017,7/21/2017,Standard Class,AB-10255,Alejandro Ballentine,Home Office,United States,Los Angeles,California,90036,West,TEC-CO-10004202,Technology,Copiers,Brother DCP1000 Digital 3 in 1 Multifunction Machine,479.984,2,0.2,89.997
7037,CA-2014-124618,5/2/2014,5/4/2014,Second Class,CS-11860,Cari Schnelling,Consumer,United States,Lakeland,Florida,33801,South,TEC-CO-10004202,Technology,Copiers,Brother DCP1000 Digital 3 in 1 Multifunction Machine,479.984,2,0.2,89.997
8540,CA-2017-147354,3/9/2017,3/13/2017,Standard Class,KB-16315,Karl Braun,Consumer,United States,Los Angeles,California,90008,West,TEC-CO-10000971,Technology,Copiers,Hewlett Packard 310 Color Digital Copier,479.984,2,0.2,59.998
8571,CA-2016-162390,12/6/2016,12/12/2016,Standard Class,DP-13105,Dave Poirier,Corporate,United States,Hempstead,New York,11550,East,TEC-CO-10004202,Technology,Copiers,Brother DCP1000 Digital 3 in 1 Multifunction Machine,479.984,2,0.2,89.997
8494,CA-2015-109190,10/23/2015,10/28/2015,Standard Class,CC-12685,Craig Carroll,Consumer,United States,Lubbock,Texas,79424,Central,TEC-CO-10001943,Technology,Copiers,Canon PC-428 Personal Copier,479.976,3,0.2,161.9919
9840,US-2016-125402,9/25/2016,10/1/2016,Standard Class,DL-12865,Dan Lawera,Consumer,United States,Long Beach,California,90805,West,TEC-CO-10001943,Technology,Copiers,Canon PC-428 Personal Copier,479.976,3,0.2,161.9919
686,CA-2014-157784,7/5/2014,7/8/2014,First Class,MC-17845,Michael Chen,Consumer,United States,Jackson,Mississippi,39212,South,TEC-AC-10003911,Technology,Accessories,NETGEAR AC1750 Dual Band Gigabit Smart WiFi Router,479.97,3,0.0,163.1898
4030,CA-2017-124296,12/24/2017,12/28/2017,Standard Class,CS-12355,Christine Sundaresam,Consumer,United States,Lafayette,Louisiana,70506,South,TEC-MA-10003183,Technology,Machines,DYMO CardScan Personal V9 Business Card Scanner,479.97,3,0.0,239.985
7706,CA-2016-114601,8/26/2016,9/2/2016,Standard Class,AA-10480,Andrew Allen,Consumer,United States,Detroit,Michigan,48234,Central,TEC-AC-10003911,Technology,Accessories,NETGEAR AC1750 Dual Band Gigabit Smart WiFi Router,479.97,3,0.0,163.1898
8498,CA-2014-169061,3/5/2014,3/8/2014,Second Class,AB-10150,Aimee Bixby,Consumer,United States,Yonkers,New York,10701,East,TEC-AC-10002001,Technology,Accessories,Logitech Wireless Gaming Headset G930,479.97,3,0.0,177.5889
8614,CA-2016-138233,11/9/2016,11/14/2016,Standard Class,PF-19165,Philip Fox,Consumer,United States,Oakland,California,94601,West,TEC-AC-10002001,Technology,Accessories,Logitech Wireless Gaming Headset G930,479.97,3,0.0,177.5889
9044,CA-2016-168830,11/7/2016,11/13/2016,Standard Class,ML-17395,Marina Lichtenstein,Corporate,United States,San Francisco,California,94122,West,TEC-AC-10003911,Technology,Accessories,NETGEAR AC1750 Dual Band Gigabit Smart WiFi Router,479.97,3,0.0,163.1898
1983,CA-2014-122749,12/3/2014,12/9/2014,Standard Class,NG-18430,Nathan Gelder,Consumer,United States,Oklahoma City,Oklahoma,73120,Central,TEC-PH-10003811,Technology,Phones,Jabra Supreme Plus Driver Edition Headset,479.96,4,0.0,134.3888
6745,CA-2017-111269,6/16/2017,6/18/2017,Second Class,CS-12355,Christine Sundaresam,Consumer,United States,Dublin,Ohio,43017,East,TEC-AC-10001606,Technology,Accessories,Logitech Wireless Performance Mouse MX for PC and Mac,479.952,6,0.2,107.9892
7095,US-2015-153374,2/9/2015,2/13/2015,Second Class,JF-15565,Jill Fjeld,Consumer,United States,Decatur,Illinois,62521,Central,TEC-AC-10001908,Technology,Accessories,Logitech Wireless Headset h800,479.952,6,0.2,89.991
3092,CA-2016-112123,3/3/2016,3/8/2016,Standard Class,BH-11710,Brosina Hoffman,Consumer,United States,Newark,Delaware,19711,East,TEC-PH-10001557,Technology,Phones,Pyle PMP37LED,479.95,5,0.0,129.5865
2510,CA-2017-163902,3/2/2017,3/8/2017,Standard Class,MY-17380,Maribeth Yedwab,Corporate,United States,Los Angeles,California,90045,West,TEC-AC-10000580,Technology,Accessories,Logitech G13 Programmable Gameboard with LCD Display,479.94,6,0.0,52.7934
7836,CA-2015-106257,4/13/2015,4/17/2015,Second Class,EB-14110,Eugene Barchas,Consumer,United States,Los Angeles,California,90045,West,TEC-PH-10001494,Technology,Phones,Polycom CX600 IP Phone VoIP phone,479.92,2,0.2,41.993
2093,CA-2014-145926,11/17/2014,11/21/2014,Standard Class,MP-17470,Mark Packer,Home Office,United States,Moorhead,Minnesota,56560,Central,FUR-CH-10004289,Furniture,Chairs,Global Super Steno Chair,479.9,5,0.0,81.583
6939,CA-2016-125094,11/5/2016,11/9/2016,Standard Class,NP-18700,Nora Preis,Consumer,United States,Seattle,Washington,98105,West,TEC-AC-10004420,Technology,Accessories,Cherry 142-key Programmable Keyboard,479.72,4,0.0,52.7692
376,US-2014-119137,7/23/2014,7/27/2014,Standard Class,AG-10900,Arthur Gainer,Consumer,United States,Tucson,Arizona,85705,West,TEC-AC-10002076,Technology,Accessories,Microsoft Natural Keyboard Elite,479.04,10,0.2,-29.94
1904,CA-2017-167094,10/21/2017,10/22/2017,First Class,DK-12835,Damala Kotsonis,Corporate,United States,Springfield,Oregon,97477,West,FUR-CH-10000155,Furniture,Chairs,Global Comet Stacking Armless Chair,478.48,2,0.2,47.848
6846,CA-2014-147543,7/6/2014,7/12/2014,Standard Class,BC-11125,Becky Castell,Home Office,United States,El Cajon,California,92020,West,FUR-CH-10000155,Furniture,Chairs,Global Comet Stacking Armless Chair,478.48,2,0.2,47.848
4418,CA-2017-112900,4/9/2017,4/12/2017,Second Class,KL-16645,Ken Lonsdale,Consumer,United States,Detroit,Michigan,48205,Central,OFF-BI-10002867,Office Supplies,Binders,GBC Recycled Regency Composition Covers,478.24,8,0.0,219.9904
2569,CA-2017-148929,9/7/2017,9/11/2017,Standard Class,SP-20620,Stefania Perrino,Corporate,United States,New York City,New York,10011,East,OFF-ST-10003282,Office Supplies,Storage,"Advantus 10-Drawer Portable Organizer, Chrome Metal Frame, Smoke Drawers",478.08,8,0.0,133.8624
9538,CA-2016-148747,9/25/2016,9/27/2016,First Class,AS-10045,Aaron Smayling,Corporate,United States,San Francisco,California,94110,West,FUR-BO-10002613,Furniture,Bookcases,"Atlantic Metals Mobile 4-Shelf Bookcases, Custom Colors",477.666,2,0.15,84.294
9663,CA-2016-160717,6/6/2016,6/11/2016,Standard Class,ME-17320,Maria Etezadi,Home Office,United States,Santa Barbara,California,93101,West,TEC-PH-10001760,Technology,Phones,Bose SoundLink Bluetooth Speaker,477.6,3,0.2,161.19
6693,CA-2017-160899,8/11/2017,8/13/2017,Second Class,DR-12940,Daniel Raglin,Home Office,United States,Lake Charles,Louisiana,70601,South,OFF-BI-10000632,Office Supplies,Binders,Satellite Sectional Post Binders,477.51,11,0.0,219.6546
9448,CA-2017-136882,5/27/2017,6/3/2017,Standard Class,DN-13690,Duane Noonan,Consumer,United States,Tulsa,Oklahoma,74133,Central,FUR-FU-10003664,Furniture,Furnishings,"Electrix Architect's Clamp-On Swing Arm Lamp, Black",477.3,5,0.0,138.417
2740,CA-2017-122707,4/16/2017,4/18/2017,First Class,EB-13750,Edward Becker,Corporate,United States,Hoover,Alabama,35244,South,OFF-SU-10000157,Office Supplies,Supplies,Compact Automatic Electric Letter Opener,477.24,4,0.0,9.5448
6437,US-2017-116897,5/27/2017,5/29/2017,First Class,JG-15160,James Galang,Consumer,United States,Pocatello,Idaho,83201,West,OFF-ST-10000025,Office Supplies,Storage,Fellowes Stor/Drawer Steel Plus Storage Drawers,477.15,5,0.0,28.629
3830,CA-2017-141733,5/7/2017,5/11/2017,Standard Class,RW-19540,Rick Wilson,Corporate,United States,Detroit,Michigan,48234,Central,FUR-CH-10000595,Furniture,Chairs,Safco Contoured Stacking Chairs,476.8,2,0.0,119.2
8603,US-2014-133949,12/31/2014,12/31/2014,Same Day,JL-15175,James Lanier,Home Office,United States,Reno,Nevada,89502,West,TEC-PH-10004908,Technology,Phones,Panasonic KX TS3282W Corded phone,475.944,7,0.2,59.493
9140,CA-2014-106971,9/2/2014,9/8/2014,Standard Class,BM-11785,Bryan Mills,Consumer,United States,Buffalo Grove,Illinois,60089,Central,TEC-AC-10000844,Technology,Accessories,Logitech Gaming G510s - Keyboard,475.944,7,0.2,95.1888
8178,CA-2017-149699,12/22/2017,12/24/2017,First Class,CM-12115,Chad McGuire,Consumer,United States,Los Angeles,California,90008,West,TEC-AC-10000474,Technology,Accessories,Kensington Expert Mouse Optical USB Trackball for PC or Mac,474.95,5,0.0,142.485
4010,CA-2017-144463,1/1/2017,1/5/2017,Standard Class,SC-20725,Steven Cartwright,Consumer,United States,Los Angeles,California,90036,West,FUR-FU-10001215,Furniture,Furnishings,"Howard Miller 11-1/2"" Diameter Brentwood Wall Clock",474.43,11,0.0,199.2606
7081,CA-2016-106950,9/2/2016,9/6/2016,Standard Class,JE-15715,Joe Elijah,Consumer,United States,Charlotte,North Carolina,28205,South,FUR-TA-10001768,Furniture,Tables,Hon Racetrack Conference Tables,472.518,3,0.4,-149.6307
3453,CA-2014-157609,3/16/2014,3/21/2014,Second Class,KN-16705,Kristina Nunn,Home Office,United States,Raleigh,North Carolina,27604,South,TEC-PH-10002415,Technology,Phones,Polycom VoiceStation 500 Conference phone,471.92,2,0.2,29.495
6973,CA-2017-153822,9/19/2017,9/25/2017,Standard Class,AB-10105,Adrian Barton,Consumer,United States,Phoenix,Arizona,85023,West,TEC-PH-10002415,Technology,Phones,Polycom VoiceStation 500 Conference phone,471.92,2,0.2,29.495
8146,US-2014-112949,6/20/2014,6/27/2014,Standard Class,Co-12640,Corey-Lock,Consumer,United States,Lawton,Oklahoma,73505,Central,OFF-AP-10001005,Office Supplies,Appliances,Honeywell Quietcare HEPA Air Cleaner,471.9,6,0.0,155.727
582,CA-2017-145233,12/1/2017,12/5/2017,Standard Class,DV-13465,Dianna Vittorini,Consumer,United States,Denver,Colorado,80219,West,TEC-PH-10004977,Technology,Phones,GE 30524EE4,470.376,3,0.2,52.9173
1877,CA-2017-112039,3/25/2017,3/29/2017,Standard Class,JC-15775,John Castell,Consumer,United States,San Antonio,Texas,78207,Central,TEC-PH-10000984,Technology,Phones,Panasonic KX-TG9471B,470.376,3,0.2,47.0376
3912,CA-2017-126788,6/5/2017,6/6/2017,First Class,AB-10105,Adrian Barton,Consumer,United States,Pearland,Texas,77581,Central,TEC-PH-10001619,Technology,Phones,LG G3,470.376,3,0.2,52.9173
7502,CA-2017-121048,7/14/2017,7/18/2017,Standard Class,TC-21295,Toby Carlisle,Consumer,United States,Westminster,California,92683,West,TEC-PH-10004977,Technology,Phones,GE 30524EE4,470.376,3,0.2,52.9173
9693,CA-2015-107902,8/28/2015,9/2/2015,Standard Class,SM-20950,Suzanne McNair,Corporate,United States,Fairfield,Connecticut,6824,East,OFF-ST-10001837,Office Supplies,Storage,"SAFCO Mobile Desk Side File, Wire Frame",470.36,11,0.0,122.2936
1447,CA-2017-102337,6/13/2017,6/16/2017,First Class,SD-20485,Shirley Daniels,Home Office,United States,Chicago,Illinois,60653,Central,FUR-CH-10004289,Furniture,Chairs,Global Super Steno Chair,470.302,7,0.3,-87.3418
8968,CA-2016-134180,11/3/2016,11/7/2016,Standard Class,JP-16135,Julie Prescott,Home Office,United States,Philadelphia,Pennsylvania,19120,East,FUR-CH-10004886,Furniture,Chairs,Bevis Steel Folding Chairs,470.155,7,0.3,-13.433
7799,CA-2017-166184,3/24/2017,3/27/2017,First Class,HR-14830,Harold Ryan,Corporate,United States,New York City,New York,10035,East,TEC-PH-10002624,Technology,Phones,Samsung Galaxy S4 Mini,469.99,1,0.0,136.2971
6614,CA-2015-107678,4/21/2015,4/28/2015,Standard Class,JK-16090,Juliana Krohn,Consumer,United States,Louisville,Kentucky,40214,South,TEC-PH-10002103,Technology,Phones,Jabra SPEAK 410,469.95,5,0.0,131.586
541,CA-2014-140795,2/1/2014,2/3/2014,First Class,BD-11500,Bradley Drucker,Consumer,United States,Green Bay,Wisconsin,54302,Central,TEC-AC-10001432,Technology,Accessories,Enermax Aurora Lite Keyboard,468.9,6,0.0,206.316
6077,CA-2016-151561,9/1/2016,9/7/2016,Standard Class,PG-18820,Patrick Gardner,Consumer,United States,New York City,New York,10011,East,TEC-AC-10001432,Technology,Accessories,Enermax Aurora Lite Keyboard,468.9,6,0.0,206.316
7752,CA-2015-133242,6/18/2015,6/24/2015,Standard Class,KH-16510,Keith Herrera,Consumer,United States,Arlington,Virginia,22204,South,TEC-PH-10002496,Technology,Phones,Cisco SPA301,467.97,3,0.0,140.391
5044,CA-2016-158694,11/10/2016,11/13/2016,Second Class,AI-10855,Arianne Irving,Consumer,United States,Los Angeles,California,90036,West,FUR-FU-10000965,Furniture,Furnishings,"Howard Miller 11-1/2"" Diameter Ridgewood Wall Clock",467.46,9,0.0,191.6586
4966,CA-2015-109708,5/25/2015,5/28/2015,Second Class,CY-12745,Craig Yedwab,Corporate,United States,Columbia,Tennessee,38401,South,TEC-PH-10001944,Technology,Phones,Wi-Ex zBoost YX540 Cellular Phone Signal Booster,467.04,4,0.2,58.38
311,CA-2016-142902,9/12/2016,9/14/2016,Second Class,BP-11185,Ben Peterman,Corporate,United States,Arvada,Colorado,80004,West,FUR-CH-10004086,Furniture,Chairs,Hon 4070 Series Pagoda Armless Upholstered Stacking Chairs,466.768,2,0.2,52.5114
9898,CA-2016-112830,6/6/2016,6/10/2016,Standard Class,LP-17095,Liz Preis,Consumer,United States,Fairfield,Ohio,45014,East,FUR-FU-10004306,Furniture,Furnishings,Electrix Halogen Magnifier Lamp,466.32,3,0.2,34.974
5087,CA-2015-109001,3/5/2015,3/9/2015,Standard Class,KN-16390,Katherine Nockton,Corporate,United States,Philadelphia,Pennsylvania,19120,East,TEC-PH-10000562,Technology,Phones,Samsung Convoy 3,466.158,7,0.4,-93.2316
3593,CA-2016-108434,12/5/2016,12/7/2016,Second Class,JG-15160,James Galang,Consumer,United States,New York City,New York,10024,East,OFF-ST-10002615,Office Supplies,Storage,"Dual Level, Single-Width Filing Carts",465.18,3,0.0,120.9468
5211,CA-2015-156755,1/12/2015,1/18/2015,Standard Class,YS-21880,Yana Sorensen,Corporate,United States,Newark,Delaware,19711,East,OFF-ST-10002615,Office Supplies,Storage,"Dual Level, Single-Width Filing Carts",465.18,3,0.0,120.9468
6250,CA-2017-121580,5/29/2017,6/4/2017,Standard Class,ML-17410,Maris LaWare,Consumer,United States,Columbus,Indiana,47201,Central,OFF-AP-10001564,Office Supplies,Appliances,Hoover Commercial Lightweight Upright Vacuum with E-Z Empty Dirt Cup,465.16,2,0.0,120.9416
7232,CA-2017-153843,3/13/2017,3/15/2017,First Class,SC-20380,Shahid Collister,Consumer,United States,Fairfield,Connecticut,6824,East,OFF-AP-10001564,Office Supplies,Appliances,Hoover Commercial Lightweight Upright Vacuum with E-Z Empty Dirt Cup,465.16,2,0.0,120.9416
3679,CA-2015-132626,7/9/2015,7/14/2015,Standard Class,BT-11680,Brian Thompson,Consumer,United States,Clinton,Maryland,20735,East,TEC-MA-10002428,Technology,Machines,Fellowes Powershred HS-440 4-Sheet High Security Shredder,464.97,3,0.0,209.2365
4859,CA-2015-137526,1/13/2015,1/17/2015,Standard Class,PB-19150,Philip Brown,Consumer,United States,Los Angeles,California,90004,West,FUR-FU-10004845,Furniture,Furnishings,"Deflect-o EconoMat Nonstudded, No Bevel Mat",464.85,9,0.0,92.97
5125,CA-2014-160766,9/14/2014,9/14/2014,Same Day,DM-13015,Darrin Martin,Consumer,United States,New York City,New York,10009,East,FUR-TA-10001039,Furniture,Tables,KI Adjustable-Height Table,464.292,9,0.4,-108.3348
7858,CA-2014-103429,5/30/2014,6/1/2014,First Class,LW-16825,Laurel Workman,Corporate,United States,New York City,New York,10024,East,TEC-PH-10003505,Technology,Phones,Geemarc AmpliPOWER60,464.0,5,0.0,134.56
4821,CA-2015-140025,4/7/2015,4/11/2015,Standard Class,PF-19120,Peter Fuller,Consumer,United States,San Antonio,Texas,78207,Central,OFF-AP-10002651,Office Supplies,Appliances,Hoover Upright Vacuum With Dirt Cup,463.248,8,0.8,-1181.2824
1921,US-2017-111423,8/17/2017,8/19/2017,First Class,EH-13765,Edward Hooks,Corporate,United States,Watertown,New York,13601,East,FUR-CH-10003981,Furniture,Chairs,Global Commerce Series Low-Back Swivel/Tilt Chairs,462.564,2,0.1,97.6524
5026,US-2017-130953,7/29/2017,8/3/2017,Standard Class,RF-19735,Roland Fjeld,Consumer,United States,Oklahoma City,Oklahoma,73120,Central,TEC-PH-10003012,Technology,Phones,Nortel Meridian M3904 Professional Digital phone,461.97,3,0.0,133.9713
664,CA-2016-123666,3/26/2016,3/30/2016,Standard Class,SP-20545,Sibella Parks,Corporate,United States,New York City,New York,10011,East,OFF-ST-10001522,Office Supplies,Storage,"Gould Plastics 18-Pocket Panel Bin, 34w x 5-1/4d x 20-1/2h",459.95,5,0.0,18.398
5731,CA-2017-117324,12/8/2017,12/13/2017,Standard Class,JP-15520,Jeremy Pistek,Consumer,United States,Madison,Wisconsin,53711,Central,FUR-BO-10003159,Furniture,Bookcases,"Sauder Camden County Collection Libraries, Planked Cherry Finish",459.92,4,0.0,41.3928
7110,CA-2016-109666,4/19/2016,4/26/2016,Standard Class,KM-16720,Kunst Miller,Consumer,United States,New York City,New York,10035,East,OFF-ST-10000991,Office Supplies,Storage,Space Solutions HD Industrial Steel Shelving.,459.88,4,0.0,13.7964
5996,CA-2016-162187,12/11/2016,12/11/2016,Same Day,NS-18640,Noel Staavos,Corporate,United States,Columbus,Ohio,43229,East,FUR-CH-10003298,Furniture,Chairs,"Office Star - Contemporary Task Swivel chair with Loop Arms, Charcoal",458.43,5,0.3,-137.529
9000,CA-2017-137785,5/13/2017,5/17/2017,Standard Class,MH-18115,Mick Hernandez,Home Office,United States,Philadelphia,Pennsylvania,19140,East,FUR-CH-10001482,Furniture,Chairs,Office Star - Mesh Screen back chair with Vinyl seat,458.43,5,0.3,-124.431
158,CA-2014-104269,3/1/2014,3/6/2014,Second Class,DB-13060,Dave Brooks,Consumer,United States,Seattle,Washington,98115,West,FUR-CH-10004063,Furniture,Chairs,Global Deluxe High-Back Manager's Chair,457.568,2,0.2,51.4764
9288,CA-2017-154011,6/19/2017,6/26/2017,Standard Class,DB-13270,Deborah Brumfield,Home Office,United States,Dallas,Texas,75081,Central,FUR-TA-10000688,Furniture,Tables,"Chromcraft Bull-Nose Wood Round Conference Table Top, Wood Base",457.485,3,0.3,-84.9615
7772,CA-2016-108196,11/25/2016,12/2/2016,Standard Class,CS-12505,Cindy Stewart,Consumer,United States,Lancaster,Ohio,43130,East,OFF-BI-10000545,Office Supplies,Binders,GBC Ibimaster 500 Manual ProClick Binding System,456.588,2,0.7,-304.392
5543,CA-2016-134936,12/19/2016,12/25/2016,Standard Class,ES-14080,Erin Smith,Corporate,United States,Tucson,Arizona,85705,West,FUR-TA-10001086,Furniture,Tables,"SAFCO PlanMaster Boards, 60w x 37-1/2d, White Melamine",455.97,6,0.5,-218.8656
9344,CA-2017-109085,2/17/2017,2/20/2017,First Class,CK-12325,Christine Kargatis,Home Office,United States,Troy,Ohio,45373,East,FUR-TA-10001086,Furniture,Tables,"SAFCO PlanMaster Boards, 60w x 37-1/2d, White Melamine",455.97,5,0.4,-106.393
9328,US-2017-130687,9/7/2017,9/10/2017,First Class,PF-19225,Phillip Flathmann,Consumer,United States,Edmonds,Washington,98026,West,TEC-PH-10002033,Technology,Phones,Konftel 250 Conference phone - Charcoal black,455.712,2,0.2,34.1784
1158,CA-2014-136567,12/20/2014,12/21/2014,First Class,PS-19045,Penelope Sewall,Home Office,United States,Harrisonburg,Virginia,22801,South,FUR-TA-10000617,Furniture,Tables,"Hon Practical Foundations 30 x 60 Training Table, Light Gray/Charcoal",455.1,2,0.0,100.122
9088,CA-2016-143406,9/26/2016,9/30/2016,Standard Class,LR-17035,Lisa Ryan,Corporate,United States,Houston,Texas,77041,Central,FUR-CH-10000513,Furniture,Chairs,High-Back Leather Manager's Chair,454.965,5,0.3,-136.4895
1718,CA-2016-169943,5/19/2016,5/24/2016,Standard Class,BN-11515,Bradley Nguyen,Consumer,United States,New York City,New York,10011,East,OFF-ST-10004123,Office Supplies,Storage,Safco Industrial Wire Shelving System,454.9,5,0.0,0.0
4119,CA-2015-153416,11/24/2015,11/29/2015,Standard Class,TS-21340,Toby Swindell,Consumer,United States,Los Angeles,California,90036,West,OFF-ST-10000060,Office Supplies,Storage,Fellowes Bankers Box Staxonsteel Drawer File/Stacking System,454.86,7,0.0,54.5832
8070,CA-2017-151750,1/1/2017,1/5/2017,Standard Class,JM-15250,Janet Martin,Consumer,United States,Huntsville,Texas,77340,Central,OFF-ST-10002743,Office Supplies,Storage,SAFCO Boltless Steel Shelving,454.56,5,0.2,-107.958
6424,CA-2015-149650,10/24/2015,10/27/2015,First Class,RD-19660,Robert Dilbeck,Home Office,United States,Oakland,California,94601,West,FUR-CH-10003956,Furniture,Chairs,Novimex High-Tech Fabric Mesh Task Chair,454.272,8,0.2,-73.8192
9550,CA-2016-131744,6/18/2016,6/20/2016,Second Class,SC-20770,Stewart Carmichael,Corporate,United States,Philadelphia,Pennsylvania,19134,East,OFF-AP-10001394,Office Supplies,Appliances,Harmony Air Purifier,453.6,3,0.2,90.72
1566,CA-2015-132101,3/19/2015,3/25/2015,Standard Class,JO-15550,Jesus Ocampo,Home Office,United States,Seattle,Washington,98105,West,TEC-PH-10004539,Technology,Phones,Wireless Extenders zBoost YX545 SOHO Signal Booster,453.576,3,0.2,39.6879
8558,CA-2016-132829,12/23/2016,12/26/2016,Second Class,LA-16780,Laura Armstrong,Corporate,United States,Houston,Texas,77041,Central,TEC-PH-10004539,Technology,Phones,Wireless Extenders zBoost YX545 SOHO Signal Booster,453.576,3,0.2,39.6879
1457,CA-2017-148474,6/12/2017,6/19/2017,Standard Class,ME-17320,Maria Etezadi,Home Office,United States,Columbus,Georgia,31907,South,FUR-TA-10002530,Furniture,Tables,"Iceberg OfficeWorks 42"" Round Tables",452.94,3,0.0,67.941
4590,US-2017-163790,11/2/2017,11/4/2017,Second Class,NL-18310,Nancy Lomonaco,Home Office,United States,Danville,California,94526,West,OFF-ST-10001511,Office Supplies,Storage,Space Solutions Commercial Steel Shelving,452.55,7,0.0,22.6275
214,CA-2015-146262,1/2/2015,1/9/2015,Standard Class,VW-21775,Victoria Wilson,Corporate,United States,Medina,Ohio,44256,East,FUR-BO-10004695,Furniture,Bookcases,O'Sullivan 2-Door Barrister Bookcase in Odessa Pine,452.45,5,0.5,-244.323
570,CA-2017-156951,10/1/2017,10/8/2017,Standard Class,EB-13840,Ellis Ballard,Corporate,United States,Seattle,Washington,98105,West,FUR-CH-10004997,Furniture,Chairs,Hon Every-Day Series Multi-Task Chairs,451.152,3,0.2,0.0
8121,CA-2016-116722,11/11/2016,11/16/2016,Standard Class,LP-17080,Liz Pelletier,Consumer,United States,San Francisco,California,94110,West,FUR-CH-10004997,Furniture,Chairs,Hon Every-Day Series Multi-Task Chairs,451.152,3,0.2,0.0
2472,US-2016-135923,1/22/2016,1/28/2016,Standard Class,CM-11935,Carlos Meador,Consumer,United States,Fayetteville,North Carolina,28314,South,FUR-BO-10002213,Furniture,Bookcases,"Sauder Forest Hills Library, Woodland Oak Finish",451.136,4,0.2,-67.6704
7750,CA-2015-133242,6/18/2015,6/24/2015,Standard Class,KH-16510,Keith Herrera,Consumer,United States,Arlington,Virginia,22204,South,OFF-ST-10003716,Office Supplies,Storage,Tennsco Double-Tier Lockers,450.04,2,0.0,58.5052
8694,CA-2016-118311,10/24/2016,10/28/2016,Standard Class,ED-13885,Emily Ducich,Home Office,United States,San Francisco,California,94110,West,TEC-AC-10000892,Technology,Accessories,NETGEAR N750 Dual Band Wi-Fi Gigabit Router,450.0,5,0.0,162.0
8890,CA-2016-147256,10/17/2016,10/21/2016,Second Class,FC-14245,Frank Carlisle,Home Office,United States,Columbia,Missouri,65203,Central,TEC-PH-10003072,Technology,Phones,Panasonic KX-TG9541B DECT 6.0 Digital 2-Line Expandable Cordless Phone With Digital Answering System,449.97,3,0.0,220.4853
6778,US-2017-166037,1/28/2017,2/1/2017,Standard Class,CL-12700,Craig Leslie,Home Office,United States,New York City,New York,10009,East,TEC-AC-10002800,Technology,Accessories,Plantronics Audio 478 Stereo USB Headset,449.91,9,0.0,157.4685
7337,CA-2015-113152,12/25/2015,12/30/2015,Standard Class,JK-15625,Jim Karlsson,Consumer,United States,New York City,New York,10024,East,FUR-BO-10002613,Furniture,Bookcases,"Atlantic Metals Mobile 4-Shelf Bookcases, Custom Colors",449.568,2,0.2,56.196
8170,CA-2017-107174,11/6/2017,11/13/2017,Standard Class,AB-10060,Adam Bellavance,Home Office,United States,Seattle,Washington,98105,West,FUR-CH-10003312,Furniture,Chairs,Hon 2090 Pillow Soft Series Mid Back Swivel/Tilt Chairs,449.568,2,0.2,-73.0548
6115,CA-2016-124590,11/12/2016,11/16/2016,Standard Class,SP-20920,Susan Pistek,Consumer,United States,Parma,Ohio,44134,East,FUR-CH-10003746,Furniture,Chairs,Hon 4070 Series Pagoda Round Back Stacking Chairs,449.372,2,0.3,-12.8392
492,CA-2014-113362,9/14/2014,9/19/2014,Standard Class,AJ-10960,Astrea Jones,Consumer,United States,Rochester,New York,14609,East,OFF-ST-10001809,Office Supplies,Storage,Fellowes Officeware Wire Shelving,449.15,5,0.0,8.983
2991,CA-2016-139010,2/21/2016,2/26/2016,Second Class,MC-17635,Matthew Clasen,Corporate,United States,Los Angeles,California,90032,West,OFF-ST-10001809,Office Supplies,Storage,Fellowes Officeware Wire Shelving,449.15,5,0.0,8.983
7423,US-2016-114013,3/13/2016,3/15/2016,Second Class,SC-20770,Stewart Carmichael,Corporate,United States,Philadelphia,Pennsylvania,19134,East,TEC-MA-10001148,Technology,Machines,Okidata MB491 Multifunction Printer,449.1,3,0.7,-643.71
4313,CA-2014-125829,11/4/2014,11/11/2014,Standard Class,WB-21850,William Brown,Consumer,United States,Los Angeles,California,90045,West,TEC-MA-10003246,Technology,Machines,Hewlett-Packard Deskjet D4360 Printer,447.968,4,0.2,139.99
3859,CA-2014-140816,12/20/2014,12/20/2014,Same Day,TC-21295,Toby Carlisle,Consumer,United States,Thornton,Colorado,80229,West,TEC-AC-10001539,Technology,Accessories,Logitech G430 Surround Sound Gaming Headset with Dolby 7.1 Technology,447.944,7,0.2,89.5888
8556,CA-2015-117884,3/22/2015,3/22/2015,Same Day,DC-13285,Debra Catini,Consumer,United States,Plantation,Florida,33317,South,TEC-AC-10002567,Technology,Accessories,Logitech G602 Wireless Gaming Mouse,447.944,7,0.2,89.5888
1167,CA-2015-125416,11/2/2015,11/2/2015,Same Day,KC-16540,Kelly Collister,Consumer,United States,Seattle,Washington,98115,West,TEC-AC-10001552,Technology,Accessories,Logitech K350 2.4Ghz Wireless Keyboard,447.93,9,0.0,49.2723
3091,CA-2016-112123,3/3/2016,3/8/2016,Standard Class,BH-11710,Brosina Hoffman,Consumer,United States,Newark,Delaware,19711,East,OFF-BI-10001071,Office Supplies,Binders,GBC ProClick Punch Binding System,447.86,7,0.0,219.4514
5877,CA-2014-152443,5/21/2014,5/26/2014,Standard Class,FG-14260,Frank Gastineau,Home Office,United States,Lawrence,Massachusetts,1841,East,OFF-BI-10001071,Office Supplies,Binders,GBC ProClick Punch Binding System,447.86,7,0.0,219.4514
6663,CA-2015-129322,8/8/2015,8/10/2015,Second Class,DB-13405,Denny Blanton,Consumer,United States,Lawrence,Massachusetts,1841,East,OFF-BI-10001718,Office Supplies,Binders,GBC DocuBind P50 Personal Binding Machine,447.86,7,0.0,210.4942
1098,CA-2014-159338,6/25/2014,6/28/2014,First Class,NS-18640,Noel Staavos,Corporate,United States,Los Angeles,California,90049,West,FUR-TA-10004147,Furniture,Tables,Hon 4060 Series Tables,447.84,5,0.2,11.196
1377,CA-2014-126361,8/4/2014,8/9/2014,Second Class,VD-21670,Valerie Dominguez,Consumer,United States,Pleasant Grove,Utah,84062,West,OFF-PA-10000806,Office Supplies,Paper,Xerox 1934,447.84,8,0.0,219.4416
7705,CA-2016-114601,8/26/2016,9/2/2016,Standard Class,AA-10480,Andrew Allen,Consumer,United States,Detroit,Michigan,48234,Central,FUR-TA-10004147,Furniture,Tables,Hon 4060 Series Tables,447.84,4,0.0,98.5248
7897,CA-2017-124744,6/21/2017,6/25/2017,Standard Class,EH-14125,Eugene Hildebrand,Home Office,United States,Wheeling,West Virginia,26003,East,OFF-PA-10001970,Office Supplies,Paper,Xerox 1908,447.84,8,0.0,219.4416
937,CA-2016-140081,6/20/2016,6/24/2016,Standard Class,CG-12040,Catherine Glotzbach,Home Office,United States,Philadelphia,Pennsylvania,19120,East,OFF-AP-10001058,Office Supplies,Appliances,Sanyo 2.5 Cubic Foot Mid-Size Office Refrigerators,447.696,2,0.2,33.5772
7675,CA-2015-130974,11/27/2015,11/29/2015,Second Class,MA-17560,Matt Abelman,Home Office,United States,Everett,Massachusetts,2149,East,FUR-TA-10004619,Furniture,Tables,Hon Non-Folding Utility Tables,446.068,4,0.3,0.0
597,CA-2014-131450,8/8/2014,8/15/2014,Standard Class,LR-16915,Lena Radford,Consumer,United States,San Diego,California,92024,West,TEC-PH-10002398,Technology,Phones,AT&T 1070 Corded Phone,445.96,5,0.2,55.745
5405,US-2016-143280,2/22/2016,2/26/2016,Standard Class,TZ-21580,Tracy Zic,Consumer,United States,Los Angeles,California,90045,West,TEC-PH-10002398,Technology,Phones,AT&T 1070 Corded Phone,445.96,5,0.2,55.745
7484,CA-2014-129938,12/15/2014,12/17/2014,Second Class,EB-13705,Ed Braxton,Corporate,United States,Philadelphia,Pennsylvania,19140,East,FUR-CH-10003774,Furniture,Chairs,"Global Wood Trimmed Manager's Task Chair, Khaki",445.802,7,0.3,-108.2662
7353,CA-2017-152135,3/16/2017,3/18/2017,Second Class,MG-17650,Matthew Grinstein,Home Office,United States,Lakewood,Ohio,44107,East,TEC-PH-10003505,Technology,Phones,Geemarc AmpliPOWER60,445.44,8,0.4,-81.664
206,CA-2017-108329,12/9/2017,12/14/2017,Standard Class,LE-16810,Laurel Elliston,Consumer,United States,Whittier,California,90604,West,TEC-PH-10001918,Technology,Phones,Nortel Business Series Terminal T7208 Digital phone,444.768,4,0.2,44.4768
2832,CA-2014-148915,11/1/2014,11/5/2014,Standard Class,ND-18370,Natalie DeCherney,Consumer,United States,Portland,Oregon,97206,West,OFF-ST-10001128,Office Supplies,Storage,"Carina Mini System Audio Rack, Model AR050B",443.92,5,0.2,-94.333
3396,US-2017-148362,7/1/2017,7/8/2017,Standard Class,KF-16285,Karen Ferguson,Home Office,United States,Indianapolis,Indiana,46203,Central,OFF-ST-10001128,Office Supplies,Storage,"Carina Mini System Audio Rack, Model AR050B",443.92,4,0.0,13.3176
5619,CA-2015-101154,9/18/2015,9/21/2015,First Class,CM-12190,Charlotte Melton,Consumer,United States,San Diego,California,92105,West,OFF-ST-10004186,Office Supplies,Storage,"Stur-D-Stor Shelving, Vertical 5-Shelf: 72""H x 36""W x 18 1/2""D",443.92,4,0.0,8.8784
2182,CA-2016-128818,5/7/2016,5/11/2016,Standard Class,CJ-12010,Caroline Jumper,Consumer,United States,New York City,New York,10009,East,FUR-CH-10002084,Furniture,Chairs,Hon Mobius Operator's Chair,442.764,4,0.1,59.0352
1745,CA-2017-152807,10/30/2017,11/3/2017,Standard Class,MC-18100,Mick Crebagga,Consumer,United States,Philadelphia,Pennsylvania,19140,East,TEC-AC-10001142,Technology,Accessories,First Data FD10 PIN Pad,442.4,7,0.2,-55.3
6263,CA-2016-132479,9/24/2016,9/26/2016,First Class,MK-17905,Michael Kennedy,Corporate,United States,Rockford,Illinois,61107,Central,OFF-BI-10004584,Office Supplies,Binders,GBC ProClick 150 Presentation Binding System,442.372,7,0.8,-729.9138
7640,CA-2017-104885,3/2/2017,3/8/2017,Standard Class,DB-13555,Dorothy Badders,Corporate,United States,Newark,Delaware,19711,East,FUR-BO-10003660,Furniture,Bookcases,"Bush Cubix Collection Bookcases, Fully Assembled",441.96,2,0.0,101.6508
7866,CA-2015-143364,7/14/2015,7/19/2015,Second Class,TG-21310,Toby Gnade,Consumer,United States,Mesa,Arizona,85204,West,FUR-CH-10004287,Furniture,Chairs,SAFCO Arco Folding Chair,441.92,2,0.2,49.716
4688,CA-2016-101987,6/24/2016,6/30/2016,Standard Class,HL-15040,Hunter Lopez,Consumer,United States,Richmond,Indiana,47374,Central,TEC-PH-10001305,Technology,Phones,Panasonic KX TS208W Corded phone,440.91,9,0.0,123.4548
4649,CA-2017-129357,5/14/2017,5/19/2017,Standard Class,KB-16585,Ken Black,Corporate,United States,Seattle,Washington,98103,West,OFF-PA-10003228,Office Supplies,Paper,Xerox 1917,440.19,9,0.0,206.8893
3692,US-2015-131359,10/30/2015,11/2/2015,Second Class,FA-14230,Frank Atkinson,Corporate,United States,Denver,Colorado,80219,West,TEC-CO-10001571,Technology,Copiers,Sharp 1540cs Digital Laser Copier,439.992,1,0.2,164.997
4287,CA-2015-105690,11/21/2015,11/26/2015,Second Class,CA-11965,Carol Adams,Corporate,United States,Port Arthur,Texas,77642,Central,TEC-CO-10001571,Technology,Copiers,Sharp 1540cs Digital Laser Copier,439.992,1,0.2,164.997
3560,CA-2017-152737,11/7/2017,11/12/2017,Standard Class,TS-21505,Tony Sayre,Consumer,United States,San Francisco,California,94122,West,TEC-AC-10004975,Technology,Accessories,Plantronics Audio 995 Wireless Stereo Headset,439.8,4,0.0,145.134
2795,CA-2014-154599,4/12/2014,4/17/2014,Standard Class,KN-16450,Kean Nguyen,Corporate,United States,Redondo Beach,California,90278,West,TEC-PH-10000576,Technology,Phones,AT&T 1080 Corded phone,438.368,4,0.2,38.3572
6644,US-2015-156496,8/10/2015,8/16/2015,Standard Class,WB-21850,William Brown,Consumer,United States,Redmond,Oregon,97756,West,TEC-PH-10000576,Technology,Phones,AT&T 1080 Corded phone,438.368,4,0.2,38.3572
1638,CA-2014-168984,11/26/2014,12/2/2014,Standard Class,NW-18400,Natalie Webber,Consumer,United States,Tigard,Oregon,97224,West,TEC-PH-10000038,Technology,Phones,Jawbone MINI JAMBOX Wireless Bluetooth Speaker,438.336,4,0.2,-87.6672
8108,CA-2017-159149,2/17/2017,2/19/2017,First Class,CR-12820,Cyra Reiten,Home Office,United States,Houston,Texas,77041,Central,TEC-PH-10000038,Technology,Phones,Jawbone MINI JAMBOX Wireless Bluetooth Speaker,438.336,4,0.2,-87.6672
2256,CA-2016-164091,9/17/2016,9/22/2016,Standard Class,LA-16780,Laura Armstrong,Corporate,United States,Bangor,Maine,4401,East,TEC-PH-10001944,Technology,Phones,Wi-Ex zBoost YX540 Cellular Phone Signal Booster,437.85,3,0.0,131.355
5596,CA-2017-160325,9/24/2017,9/24/2017,Same Day,BP-11095,Bart Pistole,Corporate,United States,Lawrence,Massachusetts,1841,East,TEC-PH-10001944,Technology,Phones,Wi-Ex zBoost YX540 Cellular Phone Signal Booster,437.85,3,0.0,131.355
9781,CA-2016-153178,9/14/2016,9/18/2016,Standard Class,CL-12565,Clay Ludtke,Consumer,United States,Long Beach,New York,11561,East,TEC-PH-10001944,Technology,Phones,Wi-Ex zBoost YX540 Cellular Phone Signal Booster,437.85,3,0.0,131.355
9980,US-2016-103674,12/6/2016,12/10/2016,Standard Class,AP-10720,Anne Pryor,Home Office,United States,Los Angeles,California,90032,West,OFF-BI-10002026,Office Supplies,Binders,Ibico Recycled Linen-Style Covers,437.472,14,0.2,153.1152
8340,CA-2017-135076,4/13/2017,4/17/2017,Standard Class,YS-21880,Yana Sorensen,Corporate,United States,Hesperia,California,92345,West,FUR-CH-10003774,Furniture,Chairs,"Global Wood Trimmed Manager's Task Chair, Khaki",436.704,6,0.2,-38.2116
9643,CA-2014-104563,3/7/2014,3/12/2014,Standard Class,CM-12715,Craig Molinari,Corporate,United States,Seattle,Washington,98103,West,FUR-CH-10002780,Furniture,Chairs,Office Star - Task Chair with Contemporary Loop Arms,436.704,6,0.2,21.8352
3352,US-2014-134733,9/23/2014,9/28/2014,Standard Class,BM-11650,Brian Moss,Corporate,United States,San Diego,California,92037,West,FUR-BO-10002916,Furniture,Bookcases,"Rush Hierlooms Collection 1"" Thick Stackable Bookcases",435.999,3,0.15,20.5176
8039,CA-2017-109393,6/30/2017,7/2/2017,Second Class,JC-15775,John Castell,Consumer,United States,Los Angeles,California,90032,West,FUR-BO-10003966,Furniture,Bookcases,"Sauder Facets Collection Library, Sky Alder Finish",435.999,3,0.15,5.1294
5941,CA-2017-112431,10/12/2017,10/14/2017,Second Class,RW-19690,Robert Waldorf,Consumer,United States,Los Angeles,California,90049,West,TEC-AC-10001465,Technology,Accessories,SanDisk Cruzer 64 GB USB Flash Drive,435.84,12,0.0,130.752
3492,CA-2015-157322,7/2/2015,7/6/2015,Standard Class,RH-19600,Rob Haberlin,Consumer,United States,Carol Stream,Illinois,60188,Central,OFF-ST-10003208,Office Supplies,Storage,Adjustable Depth Letter/Legal Cart,435.504,3,0.2,48.9942
9519,CA-2015-123939,8/24/2015,8/26/2015,Second Class,MS-17710,Maurice Satty,Consumer,United States,Bowling Green,Ohio,43402,East,OFF-ST-10003208,Office Supplies,Storage,Adjustable Depth Letter/Legal Cart,435.504,3,0.2,48.9942
2273,CA-2015-142944,3/6/2015,3/11/2015,Standard Class,JL-15850,John Lucas,Consumer,United States,San Francisco,California,94122,West,FUR-FU-10000308,Furniture,Furnishings,Deflect-o Glass Clear Studded Chair Mats,435.26,7,0.0,95.7572
7565,US-2016-166660,1/30/2016,2/1/2016,Second Class,TB-21250,Tim Brockman,Consumer,United States,Seattle,Washington,98103,West,FUR-CH-10001190,Furniture,Chairs,Global Deluxe High-Back Office Chair in Storm,435.168,4,0.2,-59.8356
7956,CA-2017-131807,10/5/2017,10/10/2017,Standard Class,GG-14650,Greg Guthrie,Corporate,United States,Chico,California,95928,West,FUR-CH-10001190,Furniture,Chairs,Global Deluxe High-Back Office Chair in Storm,435.168,4,0.2,-59.8356
4648,CA-2016-139556,4/26/2016,5/1/2016,Standard Class,DB-13360,Dennis Bolton,Home Office,United States,New York City,New York,10009,East,FUR-CH-10004983,Furniture,Chairs,Office Star - Mid Back Dual function Ergonomic High Back Chair with 2-Way Adjustable Arms,434.646,3,0.1,62.7822
1725,CA-2015-127453,12/19/2015,12/20/2015,First Class,JK-15370,Jay Kimmel,Consumer,United States,Philadelphia,Pennsylvania,19143,East,OFF-AP-10000828,Office Supplies,Appliances,Avanti 4.4 Cu. Ft. Refrigerator,434.352,3,0.2,43.4352
4169,CA-2014-157924,10/11/2014,10/13/2014,First Class,HA-14920,Helen Andreada,Consumer,United States,Pasadena,California,91104,West,FUR-CH-10000229,Furniture,Chairs,Global Enterprise Series Seating High-Back Swivel/Tilt Chairs,433.568,2,0.2,-65.0352
8279,US-2016-139262,2/21/2016,2/25/2016,Standard Class,LC-16960,Lindsay Castell,Home Office,United States,Tampa,Florida,33614,South,OFF-ST-10001496,Office Supplies,Storage,Standard Rollaway File with Lock,432.456,3,0.2,32.4342
2538,CA-2015-168746,1/27/2015,1/29/2015,Second Class,SV-20365,Seth Vernon,Consumer,United States,Cleveland,Ohio,44105,East,TEC-PH-10000895,Technology,Phones,Polycom VVX 310 VoIP phone,431.976,4,0.4,-100.7944
2935,US-2016-169040,12/6/2016,12/12/2016,Standard Class,GT-14710,Greg Tran,Consumer,United States,Seattle,Washington,98105,West,TEC-PH-10002834,Technology,Phones,Google Nexus 5,431.976,3,0.2,26.9985
5201,CA-2016-103982,3/3/2016,3/8/2016,Standard Class,AA-10315,Alex Avila,Consumer,United States,Round Rock,Texas,78664,Central,TEC-PH-10000895,Technology,Phones,Polycom VVX 310 VoIP phone,431.976,3,0.2,32.3982
7730,US-2016-109260,9/26/2016,10/1/2016,Standard Class,TN-21040,Tanja Norvell,Home Office,United States,Tallahassee,Florida,32303,South,TEC-AC-10002637,Technology,Accessories,Logitech VX Revolution Cordless Laser Mouse for Notebooks (Black),431.976,3,0.2,-75.5958
9562,CA-2016-129280,5/3/2016,5/5/2016,First Class,SM-20905,Susan MacKendrick,Consumer,United States,Newark,Ohio,43055,East,TEC-AC-10002637,Technology,Accessories,Logitech VX Revolution Cordless Laser Mouse for Notebooks (Black),431.976,3,0.2,-75.5958
3336,US-2017-109253,8/21/2017,8/22/2017,First Class,PR-18880,Patrick Ryan,Consumer,United States,Oakland,California,94601,West,TEC-PH-10004667,Technology,Phones,Cisco 8x8 Inc. 6753i IP Business Phone System,431.968,4,0.2,37.7972
8443,US-2016-155173,3/6/2016,3/10/2016,Standard Class,JB-16045,Julia Barnett,Home Office,United States,Philadelphia,Pennsylvania,19120,East,TEC-PH-10004586,Technology,Phones,Wilson SignalBoost 841262 DB PRO Amplifier Kit,431.94,2,0.4,-71.99
1198,CA-2016-130946,4/8/2016,4/12/2016,Standard Class,ZC-21910,Zuschuss Carroll,Consumer,United States,Houston,Texas,77041,Central,TEC-AC-10001990,Technology,Accessories,Kensington Orbit Wireless Mobile Trackball for PC and Mac,431.928,9,0.2,64.7892
3601,CA-2017-138310,6/26/2017,6/30/2017,Standard Class,NP-18700,Nora Preis,Consumer,United States,Denver,Colorado,80219,West,TEC-AC-10001990,Technology,Accessories,Kensington Orbit Wireless Mobile Trackball for PC and Mac,431.928,9,0.2,64.7892
7757,CA-2017-100902,11/17/2017,11/21/2017,Standard Class,CK-12595,Clytie Kelty,Consumer,United States,Charlotte,North Carolina,28205,South,TEC-AC-10003174,Technology,Accessories,Plantronics S12 Corded Telephone Headset System,431.16,5,0.2,107.79
9778,CA-2014-169019,7/26/2014,7/30/2014,Standard Class,LF-17185,Luke Foster,Consumer,United States,San Antonio,Texas,78207,Central,TEC-AC-10002076,Technology,Accessories,Microsoft Natural Keyboard Elite,431.136,9,0.2,-26.946
3219,CA-2017-104640,11/10/2017,11/16/2017,Standard Class,FH-14275,Frank Hawley,Corporate,United States,New York City,New York,10024,East,TEC-PH-10002200,Technology,Phones,Aastra 6757i CT Wireless VoIP phone,430.88,2,0.0,124.9552
5979,CA-2014-117765,9/7/2014,9/13/2014,Standard Class,RB-19465,Rick Bensley,Home Office,United States,Tulsa,Oklahoma,74133,Central,FUR-TA-10001039,Furniture,Tables,KI Adjustable-Height Table,429.9,5,0.0,111.774
9116,CA-2017-153045,1/19/2017,1/24/2017,Second Class,NS-18505,Neola Schneider,Consumer,United States,Philadelphia,Pennsylvania,19140,East,TEC-PH-10001817,Technology,Phones,Wilson Electronics DB Pro Signal Booster,429.6,2,0.4,-93.08
9361,CA-2016-168046,1/25/2016,1/28/2016,Second Class,JD-15895,Jonathan Doherty,Corporate,United States,New York City,New York,10024,East,OFF-ST-10004337,Office Supplies,Storage,"SAFCO Commercial Wire Shelving, 72h",428.68,7,0.0,0.0
6275,US-2016-139087,7/17/2016,7/22/2016,Second Class,DK-13375,Dennis Kane,Consumer,United States,Seattle,Washington,98105,West,TEC-AC-10004595,Technology,Accessories,First Data TMFD35 PIN Pad,428.4,3,0.0,89.964
9533,CA-2016-116596,10/27/2016,10/31/2016,Standard Class,BW-11200,Ben Wallace,Consumer,United States,New York City,New York,10011,East,FUR-CH-10000553,Furniture,Chairs,"Metal Folding Chairs, Beige, 4/Carton",427.644,14,0.1,80.7772
1430,US-2015-164448,10/31/2015,11/4/2015,Second Class,DK-12835,Damala Kotsonis,Corporate,United States,Salinas,California,93905,West,OFF-LA-10003510,Office Supplies,Labels,"Avery 4027 File Folder Labels for Dot Matrix Printers, 5000 Labels per Box, White",427.42,14,0.0,196.6132
2337,CA-2017-152695,12/10/2017,12/10/2017,Same Day,CC-12220,Chris Cortes,Consumer,United States,Fairfield,Connecticut,6824,East,OFF-AP-10000026,Office Supplies,Appliances,Tripp Lite Isotel 6 Outlet Surge Protector with Fax/Modem Protection,426.79,7,0.0,123.7691
2116,CA-2015-164882,10/31/2015,10/31/2015,Same Day,SG-20080,Sandra Glassco,Consumer,United States,Redlands,California,92374,West,FUR-BO-10002213,Furniture,Bookcases,DMI Eclipse Executive Suite Bookcases,425.833,1,0.15,20.0392
2651,US-2016-146794,9/26/2016,10/1/2016,Standard Class,SH-19975,Sally Hughsby,Corporate,United States,Hesperia,California,92345,West,FUR-BO-10004467,Furniture,Bookcases,Bestar Classic Bookcase,424.9575,5,0.15,19.998
9382,CA-2014-154158,12/23/2014,12/27/2014,Second Class,CC-12670,Craig Carreira,Consumer,United States,Tampa,Florida,33614,South,OFF-ST-10000078,Office Supplies,Storage,Tennsco 6- and 18-Compartment Lockers,424.272,2,0.2,-10.6068
7301,CA-2014-163468,11/18/2014,11/21/2014,First Class,JK-15730,Joe Kamberova,Consumer,United States,Des Plaines,Illinois,60016,Central,FUR-BO-10003546,Furniture,Bookcases,Hon 4-Shelf Metal Bookcases,424.116,6,0.3,-30.294
7904,CA-2017-128363,8/13/2017,8/18/2017,Standard Class,DC-12850,Dan Campbell,Consumer,United States,Memphis,Tennessee,38109,South,FUR-CH-10002073,Furniture,Chairs,Hon Olson Stacker Chairs,423.648,2,0.2,47.6604
2751,CA-2014-154669,8/8/2014,8/11/2014,Second Class,TM-21010,Tamara Manning,Consumer,United States,Vacaville,California,95687,West,OFF-ST-10000532,Office Supplies,Storage,Advantus Rolling Drawer Organizers,423.28,11,0.0,110.0528
7582,CA-2015-169656,8/13/2015,8/16/2015,First Class,EJ-13720,Ed Jacobs,Consumer,United States,Philadelphia,Pennsylvania,19143,East,OFF-ST-10003816,Office Supplies,Storage,Fellowes High-Stak Drawer Files,422.856,3,0.2,15.8571
8543,CA-2015-157287,12/22/2015,12/23/2015,First Class,HR-14830,Harold Ryan,Corporate,United States,Philadelphia,Pennsylvania,19140,East,FUR-CH-10001270,Furniture,Chairs,Harbour Creations Steel Folding Chair,422.625,7,0.3,0.0
2146,US-2016-152051,6/25/2016,6/29/2016,Standard Class,TS-21160,Theresa Swint,Corporate,United States,York,Pennsylvania,17403,East,FUR-CH-10002965,Furniture,Chairs,"Global Leather Highback Executive Chair with Pneumatic Height Adjustment, Black",422.058,3,0.3,-18.0882
5800,CA-2014-166716,8/20/2014,8/25/2014,Second Class,CR-12730,Craig Reiter,Consumer,United States,Chicago,Illinois,60610,Central,FUR-CH-10004495,Furniture,Chairs,"Global Leather and Oak Executive Chair, Black",421.372,2,0.3,-6.0196
7104,CA-2017-147410,9/4/2017,9/8/2017,Standard Class,EJ-14155,Eva Jacobs,Consumer,United States,Santa Ana,California,92704,West,OFF-ST-10003805,Office Supplies,Storage,"24 Capacity Maxi Data Binder Racks, Pearl",421.1,2,0.0,105.275
1306,CA-2016-101966,7/14/2016,7/16/2016,Second Class,BM-11785,Bryan Mills,Consumer,United States,Houston,Texas,77036,Central,TEC-PH-10003437,Technology,Phones,Blue Parrot B250XT Professional Grade Wireless Bluetooth Headset with,419.944,7,0.2,52.493
9374,CA-2017-102820,5/7/2017,5/11/2017,Standard Class,CS-11950,Carlos Soltero,Consumer,United States,Pasadena,California,91104,West,TEC-PH-10003437,Technology,Phones,Blue Parrot B250XT Professional Grade Wireless Bluetooth Headset with,419.944,7,0.2,52.493
6560,CA-2016-160941,7/21/2016,7/26/2016,Standard Class,DK-12835,Damala Kotsonis,Corporate,United States,Roseville,California,95661,West,OFF-EN-10003001,Office Supplies,Envelopes,Ames Color-File Green Diamond Border X-ray Mailers,419.9,5,0.0,197.353
239,CA-2016-157749,6/4/2016,6/9/2016,Second Class,KL-16645,Ken Lonsdale,Consumer,United States,Chicago,Illinois,60610,Central,FUR-FU-10000576,Furniture,Furnishings,Luxo Professional Fluorescent Magnifier Lamp with Clamp-Mount Base,419.68,5,0.6,-356.728
1404,US-2016-161396,4/19/2016,4/25/2016,Standard Class,GM-14455,Gary Mitchum,Home Office,United States,Columbus,Ohio,43229,East,OFF-PA-10000418,Office Supplies,Paper,Xerox 189,419.4,5,0.2,146.79
5826,CA-2017-161067,9/3/2017,9/6/2017,Second Class,KB-16405,Katrina Bavinger,Home Office,United States,New York City,New York,10035,East,OFF-PA-10000418,Office Supplies,Paper,Xerox 189,419.4,4,0.0,201.312
6771,CA-2017-139402,12/9/2017,12/13/2017,Standard Class,NC-18535,Nick Crebassa,Corporate,United States,Phoenix,Arizona,85023,West,OFF-PA-10004359,Office Supplies,Paper,Multicolor Computer Printout Paper,419.4,5,0.2,146.79
7448,CA-2017-127474,2/3/2017,2/7/2017,Second Class,RD-19810,Ross DeVincentis,Home Office,United States,Chicago,Illinois,60610,Central,OFF-PA-10000418,Office Supplies,Paper,Xerox 189,419.4,5,0.2,146.79
4564,CA-2017-129490,9/26/2017,9/30/2017,Standard Class,SJ-20125,Sanjit Jacobs,Home Office,United States,Miramar,Florida,33023,South,FUR-CH-10003298,Furniture,Chairs,"Office Star - Contemporary Task Swivel chair with Loop Arms, Charcoal",419.136,4,0.2,-57.6312
5485,CA-2017-148999,1/30/2017,2/4/2017,Standard Class,EB-13870,Emily Burns,Consumer,United States,Miami,Florida,33142,South,FUR-CH-10002044,Furniture,Chairs,"Office Star - Contemporary Task Swivel chair with 2-way adjustable arms, Plum",419.136,4,0.2,-68.1096
3511,CA-2014-166863,6/20/2014,6/24/2014,Standard Class,SC-20020,Sam Craven,Consumer,United States,Plano,Texas,75023,Central,TEC-MA-10001972,Technology,Machines,Okidata C331dn Printer,418.8,2,0.4,-97.72
9314,CA-2015-111948,11/11/2015,11/11/2015,Same Day,AG-10495,Andrew Gjertsen,Corporate,United States,Detroit,Michigan,48234,Central,OFF-ST-10003282,Office Supplies,Storage,"Advantus 10-Drawer Portable Organizer, Chrome Metal Frame, Smoke Drawers",418.32,7,0.0,117.1296
4491,CA-2017-105921,8/14/2017,8/21/2017,Standard Class,JM-15250,Janet Martin,Consumer,United States,Los Angeles,California,90032,West,FUR-TA-10001095,Furniture,Tables,Chromcraft Round Conference Tables,418.296,3,0.2,5.2287
2315,CA-2017-122035,7/20/2017,7/25/2017,Standard Class,EM-13825,Elizabeth Moffitt,Corporate,United States,Sioux Falls,South Dakota,57103,Central,OFF-AP-10002118,Office Supplies,Appliances,"1.7 Cubic Foot Compact ""Cube"" Office Refrigerators",416.32,2,0.0,112.4064
5842,CA-2015-126725,11/17/2015,11/21/2015,Standard Class,BS-11665,Brian Stugart,Consumer,United States,San Diego,California,92105,West,TEC-PH-10003174,Technology,Phones,RCA ViSYS 25825 Wireless digital phone,415.968,4,0.2,51.996
4350,CA-2017-169894,11/24/2017,11/29/2017,Second Class,MV-17485,Mark Van Huff,Consumer,United States,Mesa,Arizona,85204,West,OFF-ST-10000060,Office Supplies,Storage,Fellowes Bankers Box Staxonsteel Drawer File/Stacking System,415.872,8,0.2,-41.5872
6696,US-2016-155103,12/2/2016,12/7/2016,Standard Class,JF-15190,Jamie Frazer,Consumer,United States,New York City,New York,10024,East,OFF-BI-10004318,Office Supplies,Binders,Ibico EB-19 Dual Function Manual Binding System,415.176,3,0.2,134.9322
5974,CA-2015-143980,12/25/2015,12/29/2015,Standard Class,JK-15640,Jim Kriz,Home Office,United States,New York City,New York,10011,East,OFF-AP-10003779,Office Supplies,Appliances,Kensington 7 Outlet MasterPiece Power Center with Fax/Phone Line Protection,414.96,2,0.0,124.488
3975,CA-2016-167556,3/29/2016,4/2/2016,Standard Class,JM-15250,Janet Martin,Consumer,United States,New York City,New York,10009,East,FUR-FU-10004848,Furniture,Furnishings,"Howard Miller 13-3/4"" Diameter Brushed Chrome Round Wall Clock",414.0,8,0.0,124.2
6895,CA-2017-164756,9/18/2017,9/22/2017,Standard Class,SS-20140,Saphhira Shifley,Corporate,United States,Columbus,Georgia,31907,South,TEC-PH-10002447,Technology,Phones,AT&T CL83451 4-Handset Telephone,411.98,2,0.0,119.4742
2059,CA-2017-120376,12/22/2017,12/25/2017,First Class,TP-21130,Theone Pippenger,Consumer,United States,Detroit,Michigan,48227,Central,FUR-TA-10004534,Furniture,Tables,Bevis 44 x 96 Conference Tables,411.8,2,0.0,70.006
3049,CA-2017-121419,4/2/2017,4/4/2017,First Class,TC-21475,Tony Chapman,Home Office,United States,Columbus,Georgia,31907,South,FUR-TA-10004534,Furniture,Tables,Bevis 44 x 96 Conference Tables,411.8,2,0.0,70.006
1761,CA-2015-130785,9/5/2015,9/9/2015,Standard Class,AG-10900,Arthur Gainer,Consumer,United States,San Diego,California,92105,West,FUR-BO-10000330,Furniture,Bookcases,"Sauder Camden County Barrister Bookcase, Planked Cherry Finish",411.332,4,0.15,-4.8392
5495,CA-2014-105249,11/28/2014,11/28/2014,Same Day,DH-13675,Duane Huffman,Home Office,United States,San Francisco,California,94122,West,FUR-BO-10000330,Furniture,Bookcases,"Sauder Camden County Barrister Bookcase, Planked Cherry Finish",411.332,4,0.15,-4.8392
6433,CA-2014-165764,11/3/2014,11/7/2014,Standard Class,SH-20395,Shahid Hopkins,Consumer,United States,Jacksonville,North Carolina,28540,South,FUR-FU-10001468,Furniture,Furnishings,Tenex Antistatic Computer Chair Mats,410.352,3,0.2,-51.294
9626,CA-2017-137449,6/29/2017,6/30/2017,First Class,ME-17725,Max Engle,Consumer,United States,Dallas,Texas,75220,Central,FUR-BO-10000780,Furniture,Bookcases,O'Sullivan Plantations 2-Door Library in Landvery Oak,409.9992,3,0.32,-96.4704
1890,CA-2014-142587,10/21/2014,10/22/2014,First Class,TB-21520,Tracy Blumstein,Consumer,United States,Fairfield,Ohio,45014,East,FUR-TA-10000617,Furniture,Tables,"Hon Practical Foundations 30 x 60 Training Table, Light Gray/Charcoal",409.59,3,0.4,-122.877
4053,CA-2014-122931,9/29/2014,10/3/2014,Standard Class,SM-20950,Suzanne McNair,Corporate,United States,Philadelphia,Pennsylvania,19134,East,FUR-TA-10004175,Furniture,Tables,"Hon 30"" x 60"" Table with Locking Drawer",409.272,2,0.4,-81.8544
6121,CA-2017-143378,9/19/2017,9/25/2017,Standard Class,JR-16210,Justin Ritter,Corporate,United States,Springfield,Oregon,97477,West,FUR-FU-10004864,Furniture,Furnishings,"Howard Miller 14-1/2"" Diameter Chrome Round Wall Clock",409.216,8,0.2,61.3824
182,CA-2014-166191,12/5/2014,12/9/2014,Second Class,DK-13150,David Kendrick,Corporate,United States,Decatur,Illinois,62521,Central,TEC-AC-10004659,Technology,Accessories,Imation Secure+ Hardware Encrypted USB 2.0 Flash Drive; 16GB,408.744,7,0.2,76.6395
431,US-2016-123750,4/15/2016,4/21/2016,Standard Class,RB-19795,Ross Baird,Home Office,United States,Gastonia,North Carolina,28052,South,TEC-AC-10004659,Technology,Accessories,Imation Secure+ Hardware Encrypted USB 2.0 Flash Drive; 16GB,408.744,7,0.2,76.6395
1972,CA-2017-140242,5/6/2017,5/11/2017,Standard Class,ML-17755,Max Ludwig,Home Office,United States,Chicago,Illinois,60623,Central,TEC-AC-10004659,Technology,Accessories,Imation Secure+ Hardware Encrypted USB 2.0 Flash Drive; 16GB,408.744,7,0.2,76.6395
2899,US-2015-114839,4/26/2015,4/30/2015,Standard Class,PW-19240,Pierre Wener,Consumer,United States,Houston,Texas,77036,Central,FUR-CH-10004086,Furniture,Chairs,Hon 4070 Series Pagoda Armless Upholstered Stacking Chairs,408.422,2,0.3,-5.8346
3489,CA-2015-157322,7/2/2015,7/6/2015,Standard Class,RH-19600,Rob Haberlin,Consumer,United States,Carol Stream,Illinois,60188,Central,FUR-CH-10004086,Furniture,Chairs,Hon 4070 Series Pagoda Armless Upholstered Stacking Chairs,408.422,2,0.3,-5.8346
1412,CA-2016-136329,7/9/2016,7/13/2016,Standard Class,JD-15895,Jonathan Doherty,Corporate,United States,New York City,New York,10035,East,FUR-CH-10002335,Furniture,Chairs,Hon GuestStacker Chair,408.006,2,0.1,72.5344
4531,CA-2016-118759,11/14/2016,11/17/2016,First Class,MB-17305,Maria Bertelson,Consumer,United States,New York City,New York,10009,East,FUR-CH-10002335,Furniture,Chairs,Hon GuestStacker Chair,408.006,2,0.1,72.5344
14,CA-2016-161389,12/5/2016,12/10/2016,Standard Class,IM-15070,Irene Maddox,Consumer,United States,Seattle,Washington,98103,West,OFF-BI-10003656,Office Supplies,Binders,Fellowes PB200 Plastic Comb Binding Machine,407.976,3,0.2,132.5922
924,CA-2015-111164,4/11/2015,4/15/2015,Standard Class,SE-20110,Sanjit Engle,Consumer,United States,New York City,New York,10009,East,OFF-AP-10004487,Office Supplies,Appliances,Kensington 4 Outlet MasterPiece Compact Power Control Center,406.6,5,0.0,113.848
5271,CA-2017-144484,9/11/2017,9/11/2017,Same Day,CB-12025,Cassandra Brandow,Consumer,United States,San Francisco,California,94110,West,OFF-AP-10004487,Office Supplies,Appliances,Kensington 4 Outlet MasterPiece Compact Power Control Center,406.6,5,0.0,113.848
586,CA-2017-145233,12/1/2017,12/5/2017,Standard Class,DV-13465,Dianna Vittorini,Consumer,United States,Denver,Colorado,80219,West,TEC-PH-10001254,Technology,Phones,Jabra BIZ 2300 Duo QD Duo Corded Headset,406.368,4,0.2,30.4776
9162,CA-2016-160108,12/8/2016,12/12/2016,Standard Class,AG-10900,Arthur Gainer,Consumer,United States,Eau Claire,Wisconsin,54703,Central,FUR-BO-10003450,Furniture,Bookcases,"Bush Westfield Collection Bookcases, Dark Cherry Finish",405.86,7,0.0,32.4688
2065,CA-2014-106439,10/31/2014,11/4/2014,Standard Class,GG-14650,Greg Guthrie,Corporate,United States,Los Angeles,California,90049,West,OFF-ST-10001963,Office Supplies,Storage,Tennsco Regal Shelving Units,405.64,4,0.0,12.1692
3523,CA-2016-114482,11/21/2016,11/25/2016,Second Class,DM-13345,Denise Monton,Corporate,United States,Des Moines,Iowa,50315,Central,TEC-PH-10001580,Technology,Phones,Logitech Mobile Speakerphone P710e - speaker phone,404.94,3,0.0,109.3338
4098,CA-2014-116904,9/23/2014,9/28/2014,Standard Class,SC-20095,Sanjit Chand,Consumer,United States,Minneapolis,Minnesota,55407,Central,OFF-ST-10000736,Office Supplies,Storage,Carina Double Wide Media Storage Towers in Natural & Black,404.9,5,0.0,16.196
6185,CA-2016-143609,12/11/2016,12/13/2016,First Class,DB-13270,Deborah Brumfield,Home Office,United States,Portland,Oregon,97206,West,FUR-CH-10004218,Furniture,Chairs,"Global Fabric Manager's Chair, Dark Gray",403.92,5,0.2,25.245
9095,US-2015-132836,6/1/2015,6/5/2015,Standard Class,AJ-10945,Ashley Jarboe,Consumer,United States,Detroit,Michigan,48227,Central,OFF-BI-10004224,Office Supplies,Binders,Catalog Binders with Expanding Posts,403.68,6,0.0,181.656
9894,US-2016-115441,7/25/2016,7/28/2016,Second Class,SH-19975,Sally Hughsby,Corporate,United States,Milwaukee,Wisconsin,53209,Central,FUR-CH-10004626,Furniture,Chairs,Office Star Flex Back Scooter Chair with Aluminum Finish Frame,403.56,4,0.0,96.8544
3030,US-2016-164189,3/24/2016,3/28/2016,Standard Class,DR-12880,Dan Reichenbach,Corporate,United States,Gresham,Oregon,97030,West,TEC-PH-10003691,Technology,Phones,BlackBerry Q10,403.168,4,0.2,25.198
5078,CA-2014-134572,4/20/2014,4/22/2014,Second Class,SV-20365,Seth Vernon,Consumer,United States,Houston,Texas,77070,Central,FUR-TA-10004442,Furniture,Tables,Riverside Furniture Stanwyck Manor Table Series,401.59,2,0.3,-131.951
7326,US-2017-128447,11/10/2017,11/17/2017,Standard Class,MC-17845,Michael Chen,Consumer,United States,Pasco,Washington,99301,West,OFF-AP-10004540,Office Supplies,Appliances,"Eureka The Boss Lite 10-Amp Upright Vacuum, Blue",400.8,5,0.0,112.224
9584,CA-2017-116127,6/25/2017,6/27/2017,Second Class,SB-20185,Sarah Brown,Consumer,United States,New York City,New York,10024,East,FUR-BO-10002213,Furniture,Bookcases,DMI Eclipse Executive Suite Bookcases,400.784,1,0.2,-5.0098
729,US-2016-150861,12/3/2016,12/6/2016,First Class,EG-13900,Emily Grady,Consumer,United States,Oceanside,New York,11572,East,FUR-TA-10002228,Furniture,Tables,"Bevis Traditional Conference Table Top, Plinth Base",400.032,2,0.4,-153.3456
7891,CA-2016-148684,12/25/2016,12/29/2016,Standard Class,TS-21655,Trudy Schmidt,Consumer,United States,Fayetteville,Arkansas,72701,South,TEC-AC-10001838,Technology,Accessories,Razer Tiamat Over Ear 7.1 Surround Sound PC Gaming Headset,399.98,2,0.0,171.9914
1379,CA-2014-126361,8/4/2014,8/9/2014,Second Class,VD-21670,Valerie Dominguez,Consumer,United States,Pleasant Grove,Utah,84062,West,TEC-PH-10002310,Technology,Phones,Panasonic KX T7731-B Digital phone,399.96,5,0.2,34.9965
7048,CA-2014-150581,4/8/2014,4/12/2014,Standard Class,NM-18445,Nathan Mautz,Home Office,United States,Concord,California,94521,West,TEC-AC-10001908,Technology,Accessories,Logitech Wireless Headset h800,399.96,4,0.0,139.986
6534,US-2017-107384,12/4/2017,12/8/2017,Standard Class,TP-21130,Theone Pippenger,Consumer,United States,Rochester,Minnesota,55901,Central,TEC-AC-10001539,Technology,Accessories,Logitech G430 Surround Sound Gaming Headset with Dolby 7.1 Technology,399.95,5,0.0,143.982
8639,CA-2017-118346,7/23/2017,7/24/2017,First Class,PO-19180,Philisse Overcash,Home Office,United States,Kenosha,Wisconsin,53142,Central,TEC-AC-10000736,Technology,Accessories,Logitech G600 MMO Gaming Mouse,399.95,5,0.0,143.982
5273,CA-2017-125913,1/16/2017,1/16/2017,Same Day,JO-15145,Jack O'Briant,Corporate,United States,Los Angeles,California,90008,West,FUR-TA-10001520,Furniture,Tables,"Lesro Sheffield Collection Coffee Table, End Table, Center Table, Corner Table",399.672,7,0.2,-14.9877
8619,CA-2017-117513,3/3/2017,3/8/2017,Standard Class,BT-11395,Bill Tyler,Corporate,United States,Los Angeles,California,90004,West,FUR-TA-10001520,Furniture,Tables,"Lesro Sheffield Collection Coffee Table, End Table, Center Table, Corner Table",399.672,7,0.2,-14.9877
1682,CA-2014-122882,9/7/2014,9/13/2014,Standard Class,SB-20290,Sean Braxton,Corporate,United States,Philadelphia,Pennsylvania,19134,East,TEC-MA-10004679,Technology,Machines,StarTech.com 10/100 VDSL2 Ethernet Extender Kit,399.54,4,0.7,-559.356
9577,CA-2015-143147,5/26/2015,5/28/2015,Second Class,PS-18760,Pamela Stobb,Consumer,United States,San Antonio,Texas,78207,Central,TEC-MA-10004679,Technology,Machines,StarTech.com 10/100 VDSL2 Ethernet Extender Kit,399.54,2,0.4,-79.908
9280,CA-2017-122539,12/1/2017,12/5/2017,Standard Class,SC-20305,Sean Christensen,Consumer,United States,Philadelphia,Pennsylvania,19140,East,FUR-CH-10003379,Furniture,Chairs,Global Commerce Series High-Back Swivel/Tilt Chairs,398.972,2,0.3,-28.498
5054,CA-2015-141243,1/3/2015,1/8/2015,Second Class,AH-10465,Amy Hunt,Consumer,United States,Dallas,Texas,75217,Central,TEC-AC-10003198,Technology,Accessories,Enermax Acrylux Wireless Keyboard,398.4,5,0.2,84.66
1243,US-2016-162859,2/15/2016,2/22/2016,Standard Class,PG-18820,Patrick Gardner,Consumer,United States,New York City,New York,10009,East,OFF-BI-10004519,Office Supplies,Binders,GBC DocuBind P100 Manual Binding Machine,398.352,3,0.2,124.485
1888,CA-2014-140165,5/13/2014,5/15/2014,First Class,EH-14005,Erica Hernandez,Home Office,United States,Hialeah,Florida,33012,South,OFF-BI-10004519,Office Supplies,Binders,GBC DocuBind P100 Manual Binding Machine,398.352,8,0.7,-331.96
2109,CA-2015-164882,10/31/2015,10/31/2015,Same Day,SG-20080,Sandra Glassco,Consumer,United States,Redlands,California,92374,West,OFF-BI-10004519,Office Supplies,Binders,GBC DocuBind P100 Manual Binding Machine,398.352,3,0.2,124.485
5193,CA-2014-101560,11/28/2014,12/1/2014,Second Class,CS-12250,Chris Selesnick,Corporate,United States,Columbia,South Carolina,29203,South,FUR-FU-10003773,Furniture,Furnishings,Eldon Cleatmat Plus Chair Mats for High Pile Carpets,397.6,5,0.0,43.736
6395,CA-2016-129126,12/14/2016,12/19/2016,Standard Class,PK-19075,Pete Kriz,Consumer,United States,New York City,New York,10011,East,FUR-FU-10002937,Furniture,Furnishings,"GE 48"" Fluorescent Tube, Cool White Energy Saver, 34 Watts, 30/Box",396.92,4,0.0,198.46
7512,US-2017-161935,7/14/2017,7/18/2017,Standard Class,JL-15835,John Lee,Consumer,United States,Columbus,Ohio,43229,East,FUR-FU-10002937,Furniture,Furnishings,"GE 48"" Fluorescent Tube, Cool White Energy Saver, 34 Watts, 30/Box",396.92,5,0.2,148.845
178,US-2015-101511,11/21/2015,11/23/2015,Second Class,JE-15745,Joel Eaton,Consumer,United States,Newark,Ohio,43055,East,FUR-CH-10004698,Furniture,Chairs,"Padded Folding Chairs, Black, 4/Carton",396.802,7,0.3,-11.3372
1508,CA-2016-134208,9/17/2016,9/23/2016,Standard Class,CS-12505,Cindy Stewart,Consumer,United States,Columbus,Georgia,31907,South,TEC-MA-10004458,Technology,Machines,Lexmark X 9575 Professional All-in-One Color Printer,396.0,4,0.0,190.08
6758,CA-2017-124205,9/15/2017,9/19/2017,Standard Class,TC-21145,Theresa Coyne,Corporate,United States,Lakewood,New Jersey,8701,East,TEC-PH-10002115,Technology,Phones,Plantronics 81402,395.94,6,0.0,102.9444
3131,CA-2014-136399,12/16/2014,12/17/2014,First Class,CC-12100,Chad Cunningham,Home Office,United States,Los Angeles,California,90049,West,TEC-AC-10001142,Technology,Accessories,First Data FD10 PIN Pad,395.0,5,0.0,39.5
4198,US-2016-161683,12/3/2016,12/8/2016,Standard Class,CJ-12010,Caroline Jumper,Consumer,United States,Philadelphia,Pennsylvania,19134,East,OFF-AP-10000179,Office Supplies,Appliances,Honeywell Enviracaire Portable HEPA Air Cleaner for up to 10 x 16 Room,394.816,4,0.2,93.7688
1878,CA-2017-118885,12/29/2017,1/2/2018,Standard Class,JG-15160,James Galang,Consumer,United States,Los Angeles,California,90049,West,FUR-CH-10002880,Furniture,Chairs,"Global High-Back Leather Tilter, Burgundy",393.568,4,0.2,-44.2764
6678,CA-2015-109337,11/21/2015,11/23/2015,Second Class,DL-13330,Denise Leinenbach,Consumer,United States,Lawrence,Indiana,46226,Central,TEC-AC-10000990,Technology,Accessories,Imation Bio 2GB USB Flash Drive Imation Corp,393.54,3,0.0,165.2868
8046,CA-2016-145611,9/20/2016,9/24/2016,Standard Class,HA-14905,Helen Abelman,Consumer,United States,New York City,New York,10035,East,OFF-AP-10001005,Office Supplies,Appliances,Honeywell Quietcare HEPA Air Cleaner,393.25,5,0.0,129.7725
947,US-2015-140200,7/26/2015,7/28/2015,First Class,CA-12775,Cynthia Arntzen,Consumer,United States,Mesa,Arizona,85204,West,FUR-TA-10002356,Furniture,Tables,Bevis Boat-Shaped Conference Table,393.165,3,0.5,-204.4458
1410,US-2016-122245,9/25/2016,9/30/2016,Standard Class,AB-10105,Adrian Barton,Consumer,United States,Phoenix,Arizona,85023,West,FUR-TA-10002356,Furniture,Tables,Bevis Boat-Shaped Conference Table,393.165,3,0.5,-204.4458
636,CA-2015-168004,10/4/2015,10/9/2015,Second Class,DJ-13420,Denny Joy,Corporate,United States,Warner Robins,Georgia,31088,South,FUR-CH-10001482,Furniture,Chairs,Office Star - Mesh Screen back chair with Vinyl seat,392.94,3,0.0,43.2234
9285,CA-2014-161032,11/18/2014,11/23/2014,Standard Class,MK-17905,Michael Kennedy,Corporate,United States,Franklin,Wisconsin,53132,Central,FUR-CH-10001482,Furniture,Chairs,Office Star - Mesh Screen back chair with Vinyl seat,392.94,3,0.0,43.2234
5065,CA-2017-122196,9/22/2017,9/24/2017,First Class,CA-12265,Christina Anderson,Consumer,United States,Wilmington,Delaware,19805,East,TEC-PH-10004977,Technology,Phones,GE 30524EE4,391.98,2,0.0,113.6742
5595,CA-2017-160325,9/24/2017,9/24/2017,Same Day,BP-11095,Bart Pistole,Corporate,United States,Lawrence,Massachusetts,1841,East,TEC-PH-10000984,Technology,Phones,Panasonic KX-TG9471B,391.98,2,0.0,109.7544
7478,CA-2014-167199,1/6/2014,1/10/2014,Standard Class,ME-17320,Maria Etezadi,Home Office,United States,Henderson,Kentucky,42420,South,TEC-PH-10004977,Technology,Phones,GE 30524EE4,391.98,2,0.0,113.6742
2308,CA-2017-116225,11/5/2017,11/9/2017,Standard Class,SV-20935,Susan Vittorini,Consumer,United States,New York City,New York,10009,East,TEC-AC-10001432,Technology,Accessories,Enermax Aurora Lite Keyboard,390.75,5,0.0,171.93
7390,CA-2017-108035,11/29/2017,12/3/2017,Standard Class,TT-21070,Ted Trevino,Consumer,United States,Chattanooga,Tennessee,37421,South,FUR-CH-10000454,Furniture,Chairs,"Hon Deluxe Fabric Upholstered Stacking Chairs, Rounded Back",390.368,2,0.2,48.796
3169,CA-2016-138695,5/28/2016,6/3/2016,Standard Class,KC-16675,Kimberly Carter,Corporate,United States,Tallahassee,Florida,32303,South,FUR-CH-10003833,Furniture,Chairs,Novimex Fabric Task Chair,390.272,8,0.2,-24.392
2319,CA-2017-122035,7/20/2017,7/25/2017,Standard Class,EM-13825,Elizabeth Moffitt,Corporate,United States,Sioux Falls,South Dakota,57103,Central,TEC-AC-10003095,Technology,Accessories,Logitech G35 7.1-Channel Surround Sound Headset,389.97,3,0.0,132.5898
5670,CA-2016-142405,6/11/2016,6/15/2016,Standard Class,SE-20110,Sanjit Engle,Consumer,United States,Seattle,Washington,98103,West,TEC-AC-10003095,Technology,Accessories,Logitech G35 7.1-Channel Surround Sound Headset,389.97,3,0.0,132.5898
7279,CA-2016-157217,7/19/2016,7/21/2016,First Class,TC-21535,Tracy Collins,Home Office,United States,San Francisco,California,94110,West,TEC-AC-10003095,Technology,Accessories,Logitech G35 7.1-Channel Surround Sound Headset,389.97,3,0.0,132.5898
8534,CA-2016-156748,11/30/2016,12/6/2016,Standard Class,BS-11755,Bruce Stewart,Consumer,United States,Detroit,Michigan,48227,Central,FUR-CH-10000513,Furniture,Chairs,High-Back Leather Manager's Chair,389.97,3,0.0,35.0973
9263,CA-2015-124499,10/9/2015,10/13/2015,Standard Class,FM-14380,Fred McMath,Consumer,United States,Detroit,Michigan,48227,Central,FUR-CH-10000513,Furniture,Chairs,High-Back Leather Manager's Chair,389.97,3,0.0,35.0973
230,US-2015-145436,2/28/2015,3/4/2015,Standard Class,VD-21670,Valerie Dominguez,Consumer,United States,Columbia,Tennessee,38401,South,FUR-CH-10004477,Furniture,Chairs,"Global Push Button Manager's Chair, Indigo",389.696,8,0.2,43.8408
7964,CA-2017-104864,11/18/2017,11/23/2017,Second Class,JS-15685,Jim Sink,Corporate,United States,Miramar,Florida,33023,South,OFF-AP-10002684,Office Supplies,Appliances,"Acco 7-Outlet Masterpiece Power Center, Wihtout Fax/Phone Line Protection",389.056,4,0.2,48.632
355,CA-2016-138520,4/8/2016,4/13/2016,Standard Class,JL-15505,Jeremy Lonsdale,Consumer,United States,New York City,New York,10035,East,FUR-BO-10002268,Furniture,Bookcases,Sauder Barrister Bookcases,388.704,6,0.2,-4.8588
8040,CA-2017-121489,8/21/2017,8/25/2017,Second Class,CM-11815,Candace McMahon,Corporate,United States,Seattle,Washington,98115,West,FUR-CH-10004698,Furniture,Chairs,"Padded Folding Chairs, Black, 4/Carton",388.704,6,0.2,38.8704
1275,CA-2016-119186,5/26/2016,5/26/2016,Same Day,MS-17710,Maurice Satty,Consumer,United States,Fort Worth,Texas,76106,Central,FUR-CH-10001973,Furniture,Chairs,Office Star Flex Back Scooter Chair with White Frame,388.43,5,0.3,-88.784
4415,CA-2017-132339,8/19/2017,8/23/2017,Standard Class,JB-15400,Jennifer Braxton,Corporate,United States,Lawrence,Massachusetts,1841,East,OFF-BI-10003925,Office Supplies,Binders,Fellowes PB300 Plastic Comb Binding Machine,387.99,1,0.0,182.3553
5975,CA-2016-135636,10/8/2016,10/13/2016,Standard Class,DB-13615,Doug Bickford,Consumer,United States,Charlotte,North Carolina,28205,South,OFF-ST-10000676,Office Supplies,Storage,Fellowes Econo/Stor Drawers,387.72,5,0.2,-67.851
2911,CA-2015-118444,11/5/2015,11/9/2015,Standard Class,VD-21670,Valerie Dominguez,Consumer,United States,Coral Springs,Florida,33065,South,OFF-AP-10000576,Office Supplies,Appliances,"Belkin 325VA UPS Surge Protector, 6'",387.136,4,0.2,24.196
5997,CA-2016-162187,12/11/2016,12/11/2016,Same Day,NS-18640,Noel Staavos,Corporate,United States,Columbus,Ohio,43229,East,OFF-AP-10000576,Office Supplies,Appliances,"Belkin 325VA UPS Surge Protector, 6'",387.136,4,0.2,24.196
8273,CA-2016-139549,10/20/2016,10/25/2016,Standard Class,MY-18295,Muhammed Yedwab,Corporate,United States,El Cajon,California,92020,West,FUR-CH-10001802,Furniture,Chairs,Hon Every-Day Chair Series Swivel Task Chairs,387.136,4,0.2,4.8392
8470,US-2017-132031,4/23/2017,4/27/2017,Standard Class,PN-18775,Parhena Norris,Home Office,United States,Clarksville,Tennessee,37042,South,FUR-BO-10001972,Furniture,Bookcases,O'Sullivan 4-Shelf Bookcase in Odessa Pine,387.136,4,0.2,-14.5176
6660,CA-2017-135937,2/20/2017,2/27/2017,Standard Class,KM-16375,Katherine Murray,Home Office,United States,Gilbert,Arizona,85234,West,FUR-TA-10001039,Furniture,Tables,KI Adjustable-Height Table,386.91,9,0.5,-185.7168
7415,US-2016-114013,3/13/2016,3/15/2016,Second Class,SC-20770,Stewart Carmichael,Corporate,United States,Philadelphia,Pennsylvania,19134,East,FUR-CH-10004287,Furniture,Chairs,SAFCO Arco Folding Chair,386.68,2,0.3,-5.524
8830,CA-2014-109680,10/6/2014,10/9/2014,First Class,VP-21760,Victoria Pisteka,Corporate,United States,Indianapolis,Indiana,46203,Central,OFF-ST-10001932,Office Supplies,Storage,Fellowes Staxonsteel Drawer Files,386.34,2,0.0,54.0876
4222,CA-2017-134565,6/11/2017,6/13/2017,Second Class,TB-21400,Tom Boeckenhauer,Consumer,United States,Seattle,Washington,98103,West,TEC-MA-10001570,Technology,Machines,Cisco Desktop Collaboration Experience DX650 IP Video Phone,385.8,5,0.2,130.2075
4210,CA-2014-145387,10/31/2014,11/2/2014,Second Class,AM-10705,Anne McFarland,Consumer,United States,Cranston,Rhode Island,2920,East,FUR-TA-10003238,Furniture,Tables,"Chromcraft Bull-Nose Wood 48"" x 96"" Rectangular Conference Tables",385.686,1,0.3,-60.6078
1511,CA-2017-100384,6/24/2017,7/1/2017,Standard Class,NH-18610,Nicole Hansen,Corporate,United States,Pomona,California,91767,West,OFF-AR-10002135,Office Supplies,Art,Boston Heavy-Duty Trimline Electric Pencil Sharpeners,385.6,8,0.0,111.824
4384,US-2015-122784,7/20/2015,7/27/2015,Standard Class,RA-19915,Russell Applegate,Consumer,United States,Highland Park,Illinois,60035,Central,FUR-BO-10004690,Furniture,Bookcases,O'Sullivan Cherrywood Estates Traditional Barrister Bookcase,384.944,4,0.3,-126.4816
6484,CA-2017-113908,6/3/2017,6/9/2017,Standard Class,KN-16390,Katherine Nockton,Corporate,United States,New York City,New York,10011,East,FUR-TA-10001932,Furniture,Tables,"Chromcraft 48"" x 96"" Racetrack Double Pedestal Table",384.768,2,0.4,-115.4304
6258,CA-2017-141425,11/2/2017,11/6/2017,Second Class,AR-10825,Anthony Rawles,Corporate,United States,Columbus,Ohio,43229,East,OFF-SU-10000646,Office Supplies,Supplies,Premier Automatic Letter Opener,384.592,2,0.2,-81.7258
148,CA-2016-114489,12/5/2016,12/9/2016,Standard Class,JE-16165,Justin Ellison,Corporate,United States,Franklin,Wisconsin,53132,Central,TEC-PH-10000215,Technology,Phones,Plantronics Cordless Phone Headset with In-line Volume - M214C,384.45,11,0.0,103.8015
3384,CA-2015-130659,12/4/2015,12/9/2015,Second Class,MS-17365,Maribeth Schnelling,Consumer,United States,New York City,New York,10035,East,FUR-CH-10003535,Furniture,Chairs,"Global Armless Task Chair, Royal Blue",384.174,7,0.1,29.8802
3775,US-2014-102715,4/11/2014,4/13/2014,Second Class,JK-15370,Jay Kimmel,Consumer,United States,Miami,Florida,33180,South,TEC-AC-10002001,Technology,Accessories,Logitech Wireless Gaming Headset G930,383.976,3,0.2,81.5949
5066,CA-2017-142090,11/30/2017,12/7/2017,Standard Class,SC-20380,Shahid Collister,Consumer,United States,Burlington,North Carolina,27217,South,TEC-AC-10002001,Technology,Accessories,Logitech Wireless Gaming Headset G930,383.976,3,0.2,81.5949
4306,CA-2014-162278,10/26/2014,10/30/2014,Second Class,AH-10585,Angele Hood,Consumer,United States,Seattle,Washington,98105,West,TEC-PH-10000526,Technology,Phones,Vtech CS6719,383.96,5,0.2,38.396
7923,CA-2017-134096,9/24/2017,9/29/2017,Standard Class,PP-18955,Paul Prost,Home Office,United States,Hollywood,Florida,33021,South,TEC-PH-10000526,Technology,Phones,Vtech CS6719,383.96,5,0.2,38.396
4036,US-2016-108777,12/12/2016,12/12/2016,Same Day,JM-15655,Jim Mitchum,Corporate,United States,Lorain,Ohio,44052,East,TEC-AC-10002567,Technology,Accessories,Logitech G602 Wireless Gaming Mouse,383.952,6,0.2,76.7904
4822,CA-2015-140025,4/7/2015,4/11/2015,Standard Class,PF-19120,Peter Fuller,Consumer,United States,San Antonio,Texas,78207,Central,TEC-AC-10002402,Technology,Accessories,Razer Kraken PRO Over Ear PC and Music Headset,383.952,6,0.2,47.994
6190,CA-2017-157903,4/4/2017,4/8/2017,Standard Class,AM-10705,Anne McFarland,Consumer,United States,Des Plaines,Illinois,60016,Central,TEC-PH-10004345,Technology,Phones,Cisco SPA 502G IP Phone,383.84,4,0.2,47.98
418,CA-2016-148796,4/14/2016,4/18/2016,Standard Class,PB-19150,Philip Brown,Consumer,United States,Los Angeles,California,90004,West,FUR-CH-10004886,Furniture,Chairs,Bevis Steel Folding Chairs,383.8,5,0.2,38.38
5577,CA-2016-136686,12/12/2016,12/16/2016,Standard Class,RF-19840,Roy Französisch,Consumer,United States,Pasadena,California,91104,West,FUR-FU-10004864,Furniture,Furnishings,"Howard Miller 14-1/2"" Diameter Chrome Round Wall Clock",383.64,6,0.0,122.7648
1882,CA-2015-109512,3/5/2015,3/5/2015,Same Day,LF-17185,Luke Foster,Consumer,United States,New York City,New York,10011,East,FUR-CH-10001146,Furniture,Chairs,"Global Value Mid-Back Manager's Chair, Gray",383.607,7,0.1,63.9345
4544,CA-2015-126557,7/12/2015,7/17/2015,Second Class,RL-19615,Rob Lucas,Consumer,United States,Chicago,Illinois,60610,Central,FUR-CH-10004477,Furniture,Chairs,"Global Push Button Manager's Chair, Indigo",383.607,9,0.3,-5.4801
9963,CA-2015-168088,3/19/2015,3/22/2015,First Class,CM-12655,Corinna Mitchell,Home Office,United States,Houston,Texas,77041,Central,FUR-BO-10004218,Furniture,Bookcases,"Bush Heritage Pine Collection 5-Shelf Bookcase, Albany Pine Finish, *Special Order",383.4656,4,0.32,-67.6704
756,CA-2016-140928,9/18/2016,9/22/2016,Standard Class,NB-18655,Nona Balk,Corporate,United States,Jacksonville,Florida,32216,South,FUR-TA-10001095,Furniture,Tables,Chromcraft Round Conference Tables,383.438,4,0.45,-167.3184
1581,CA-2015-131338,8/9/2015,8/12/2015,First Class,NP-18325,Naresj Patel,Consumer,United States,New York City,New York,10024,East,FUR-TA-10002607,Furniture,Tables,KI Conference Tables,382.806,9,0.4,-153.1224
3490,CA-2015-157322,7/2/2015,7/6/2015,Standard Class,RH-19600,Rob Haberlin,Consumer,United States,Carol Stream,Illinois,60188,Central,FUR-CH-10003774,Furniture,Chairs,"Global Wood Trimmed Manager's Task Chair, Khaki",382.116,6,0.3,-92.7996
7303,CA-2014-163468,11/18/2014,11/21/2014,First Class,JK-15730,Joe Kamberova,Consumer,United States,Des Plaines,Illinois,60016,Central,OFF-ST-10000025,Office Supplies,Storage,Fellowes Stor/Drawer Steel Plus Storage Drawers,381.72,5,0.2,-66.801
668,CA-2017-132682,6/8/2017,6/10/2017,Second Class,TH-21235,Tiffany House,Corporate,United States,Dallas,Texas,75081,Central,TEC-PH-10004042,Technology,Phones,ClearOne Communications CHAT 70 OC Speaker Phone,381.576,3,0.2,28.6182
1574,US-2014-157385,11/23/2014,11/25/2014,First Class,SC-20095,Sanjit Chand,Consumer,United States,Los Angeles,California,90004,West,FUR-CH-10000595,Furniture,Chairs,Safco Contoured Stacking Chairs,381.44,2,0.2,23.84
9228,CA-2017-140515,3/19/2017,3/24/2017,Standard Class,GZ-14545,George Zrebassa,Corporate,United States,Los Angeles,California,90008,West,OFF-AP-10001205,Office Supplies,Appliances,Belkin 5 Outlet SurgeMaster Power Centers,381.36,7,0.0,106.7808
542,CA-2016-136924,7/14/2016,7/17/2016,First Class,ES-14080,Erin Smith,Corporate,United States,Tucson,Arizona,85705,West,TEC-PH-10002262,Technology,Phones,LG Electronics Tone+ HBS-730 Bluetooth Headset,380.864,8,0.2,38.0864
4812,CA-2016-121370,11/14/2016,11/19/2016,Second Class,EB-14110,Eugene Barchas,Consumer,United States,Philadelphia,Pennsylvania,19134,East,FUR-CH-10000785,Furniture,Chairs,Global Ergonomic Managers Chair,380.058,3,0.3,-21.7176
7416,US-2016-114013,3/13/2016,3/15/2016,Second Class,SC-20770,Stewart Carmichael,Corporate,United States,Philadelphia,Pennsylvania,19134,East,TEC-AC-10000474,Technology,Accessories,Kensington Expert Mouse Optical USB Trackball for PC or Mac,379.96,5,0.2,47.495
652,CA-2016-132661,10/23/2016,10/29/2016,Standard Class,SR-20740,Steven Roelle,Home Office,United States,New York City,New York,10024,East,OFF-PA-10000482,Office Supplies,Paper,"Snap-A-Way Black Print Carbonless Ruled Speed Letter, Triplicate",379.4,10,0.0,178.318
8721,CA-2016-120824,6/12/2016,6/16/2016,Second Class,AW-10930,Arthur Wiediger,Home Office,United States,Houston,Texas,77070,Central,FUR-CH-10000229,Furniture,Chairs,Global Enterprise Series Seating High-Back Swivel/Tilt Chairs,379.372,2,0.3,-119.2312
7385,CA-2016-105732,9/13/2016,9/18/2016,Standard Class,AG-10270,Alejandro Grove,Consumer,United States,Omaha,Nebraska,68104,Central,OFF-AP-10001394,Office Supplies,Appliances,Harmony Air Purifier,378.0,2,0.0,136.08
2718,CA-2014-100006,9/7/2014,9/13/2014,Standard Class,DK-13375,Dennis Kane,Consumer,United States,New York City,New York,10024,East,TEC-PH-10002075,Technology,Phones,AT&T EL51110 DECT,377.97,3,0.0,109.6113
2736,CA-2015-115798,11/13/2015,11/19/2015,Standard Class,KL-16645,Ken Lonsdale,Consumer,United States,Newark,Delaware,19711,East,TEC-PH-10003691,Technology,Phones,BlackBerry Q10,377.97,3,0.0,94.4925
2860,CA-2017-138975,5/19/2017,5/23/2017,Standard Class,SC-20380,Shahid Collister,Consumer,United States,Atlanta,Georgia,30318,South,TEC-PH-10004389,Technology,Phones,Nokia Lumia 925,377.97,3,0.0,98.2722
3662,CA-2016-155005,6/13/2016,6/15/2016,Second Class,SC-20050,Sample Company A,Home Office,United States,Jackson,Michigan,49201,Central,TEC-PH-10003484,Technology,Phones,Ooma Telo VoIP Home Phone System,377.97,3,0.0,94.4925
5063,CA-2015-136798,5/8/2015,5/12/2015,Standard Class,DL-12925,Daniel Lacy,Consumer,United States,Minneapolis,Minnesota,55407,Central,TEC-PH-10000441,Technology,Phones,VTech DS6151,377.97,3,0.0,105.8316
3210,CA-2016-108882,1/9/2016,1/15/2016,Standard Class,LA-16780,Laura Armstrong,Corporate,United States,Fresno,California,93727,West,TEC-PH-10002726,Technology,Phones,netTALK DUO VoIP Telephone Service,377.928,9,0.2,141.723
5659,CA-2016-145261,12/18/2016,12/21/2016,First Class,AH-10120,Adrian Hane,Home Office,United States,Salem,Oregon,97301,West,FUR-TA-10002530,Furniture,Tables,"Iceberg OfficeWorks 42"" Round Tables",377.45,5,0.5,-264.215
9604,CA-2016-129861,6/17/2016,6/23/2016,Standard Class,DM-13345,Denise Monton,Corporate,United States,Rochester,New York,14609,East,FUR-TA-10003715,Furniture,Tables,Hon 2111 Invitation Series Corner Table,376.866,3,0.4,-213.5574
6985,CA-2016-116526,9/1/2016,9/5/2016,Standard Class,JA-15970,Joseph Airdo,Consumer,United States,Detroit,Michigan,48227,Central,OFF-AP-10002457,Office Supplies,Appliances,"Eureka The Boss Plus 12-Amp Hard Box Upright Vacuum, Red",376.74,4,0.1,71.162
8311,CA-2014-168312,3/1/2014,3/7/2014,Standard Class,GW-14605,Giulietta Weimer,Consumer,United States,Houston,Texas,77036,Central,FUR-TA-10001866,Furniture,Tables,Bevis Round Conference Room Tables and Bases,376.509,3,0.3,-43.0296
385,US-2015-168935,11/27/2015,12/2/2015,Standard Class,DO-13435,Denny Ordway,Consumer,United States,Pembroke Pines,Florida,33024,South,FUR-TA-10000617,Furniture,Tables,"Hon Practical Foundations 30 x 60 Training Table, Light Gray/Charcoal",375.4575,3,0.45,-157.0095
3230,CA-2014-154641,8/11/2014,8/16/2014,Standard Class,KL-16645,Ken Lonsdale,Consumer,United States,New York City,New York,10035,East,OFF-ST-10004459,Office Supplies,Storage,Tennsco Single-Tier Lockers,375.34,1,0.0,18.767
4944,CA-2017-106782,12/21/2017,12/27/2017,Standard Class,LP-17095,Liz Preis,Consumer,United States,Lafayette,Indiana,47905,Central,OFF-ST-10004459,Office Supplies,Storage,Tennsco Single-Tier Lockers,375.34,1,0.0,18.767
566,CA-2017-137099,12/7/2017,12/10/2017,First Class,FP-14320,Frank Preis,Consumer,United States,Los Angeles,California,90008,West,TEC-PH-10002496,Technology,Phones,Cisco SPA301,374.376,3,0.2,46.797
8354,CA-2017-132199,5/3/2017,5/8/2017,Standard Class,BO-11350,Bill Overfelt,Corporate,United States,Philadelphia,Pennsylvania,19134,East,FUR-TA-10003748,Furniture,Tables,Bevis 36 x 72 Conference Tables,373.47,5,0.4,-112.041
3999,CA-2015-105627,3/8/2015,3/12/2015,Standard Class,DK-12895,Dana Kaydos,Consumer,United States,Kenosha,Wisconsin,53142,Central,FUR-FU-10000308,Furniture,Furnishings,Deflect-o Glass Clear Studded Chair Mats,373.08,6,0.0,82.0776
7387,CA-2016-105732,9/13/2016,9/18/2016,Standard Class,AG-10270,Alejandro Grove,Consumer,United States,Omaha,Nebraska,68104,Central,OFF-ST-10004340,Office Supplies,Storage,"Fellowes Mobile File Cart, Black",373.08,6,0.0,100.7316
8364,CA-2017-147207,1/2/2017,1/4/2017,Second Class,TS-21655,Trudy Schmidt,Consumer,United States,El Paso,Texas,79907,Central,OFF-ST-10002615,Office Supplies,Storage,"Dual Level, Single-Width Filing Carts",372.144,3,0.2,27.9108
6609,CA-2016-148852,5/26/2016,5/31/2016,Standard Class,SV-20785,Stewart Visinsky,Consumer,United States,Santa Ana,California,92704,West,TEC-MA-10002428,Technology,Machines,Fellowes Powershred HS-440 4-Sheet High Security Shredder,371.976,3,0.2,116.2425
878,CA-2016-116736,1/17/2016,1/21/2016,Standard Class,CC-12430,Chuck Clark,Home Office,United States,Concord,New Hampshire,3301,East,TEC-AC-10002049,Technology,Accessories,Logitech G19 Programmable Gaming Keyboard,371.97,3,0.0,66.9546
2261,CA-2015-117611,11/8/2015,11/10/2015,Second Class,MZ-17335,Maria Zettner,Home Office,United States,San Diego,California,92024,West,TEC-AC-10002049,Technology,Accessories,Logitech G19 Programmable Gaming Keyboard,371.97,3,0.0,66.9546
6374,CA-2017-143035,10/3/2017,10/5/2017,Second Class,CC-12430,Chuck Clark,Home Office,United States,New York City,New York,10009,East,TEC-AC-10002049,Technology,Accessories,Logitech G19 Programmable Gaming Keyboard,371.97,3,0.0,66.9546
6840,CA-2017-107517,2/5/2017,2/9/2017,Standard Class,FC-14335,Fred Chung,Corporate,United States,Torrance,California,90503,West,TEC-PH-10003505,Technology,Phones,Geemarc AmpliPOWER60,371.2,5,0.2,41.76
41,CA-2015-117415,12/27/2015,12/31/2015,Standard Class,SN-20710,Steve Nguyen,Home Office,United States,Houston,Texas,77041,Central,TEC-PH-10000486,Technology,Phones,Plantronics HL10 Handset Lifter,371.168,4,0.2,41.7564
1866,US-2017-116659,11/12/2017,11/12/2017,Same Day,NG-18355,Nat Gilpin,Corporate,United States,Newark,Ohio,43055,East,TEC-PH-10002824,Technology,Phones,Jabra SPEAK 410 Multidevice Speakerphone,370.782,3,0.4,-92.6955
2665,CA-2016-164784,5/1/2016,5/4/2016,First Class,HF-14995,Herbert Flentye,Consumer,United States,Memphis,Tennessee,38109,South,FUR-TA-10004534,Furniture,Tables,Bevis 44 x 96 Conference Tables,370.62,3,0.4,-142.071
8467,CA-2015-101000,4/9/2015,4/14/2015,Standard Class,IG-15085,Ivan Gibson,Consumer,United States,Norwich,Connecticut,6360,East,OFF-AP-10000179,Office Supplies,Appliances,Honeywell Enviracaire Portable HEPA Air Cleaner for up to 10 x 16 Room,370.14,3,0.0,144.3546
704,CA-2015-142027,4/9/2015,4/14/2015,Standard Class,JK-15370,Jay Kimmel,Consumer,United States,Long Beach,California,90805,West,FUR-TA-10002774,Furniture,Tables,Laminate Occasional Tables,369.912,3,0.2,-13.8717
611,CA-2016-161816,4/28/2016,5/1/2016,First Class,NB-18655,Nona Balk,Corporate,United States,Dallas,Texas,75217,Central,TEC-PH-10003012,Technology,Phones,Nortel Meridian M3904 Professional Digital phone,369.576,3,0.2,41.5773
5992,US-2017-163300,9/15/2017,9/21/2017,Standard Class,ES-14020,Erica Smith,Consumer,United States,Los Angeles,California,90049,West,TEC-PH-10001700,Technology,Phones,Panasonic KX-TG6844B Expandable Digital Cordless Telephone,369.544,7,0.2,32.3351
9099,CA-2017-152933,10/12/2017,10/16/2017,Standard Class,MG-17650,Matthew Grinstein,Home Office,United States,Dallas,Texas,75081,Central,TEC-PH-10002085,Technology,Phones,Clarity 53712,369.544,7,0.2,27.7158
9545,CA-2015-135251,8/6/2015,8/10/2015,Standard Class,RP-19270,Rachel Payne,Corporate,United States,Houston,Texas,77095,Central,FUR-BO-10003965,Furniture,Bookcases,O'Sullivan Manor Hill 2-Door Library in Brianna Oak,369.1992,3,0.32,-114.0174
7207,CA-2017-137414,10/2/2017,10/6/2017,Standard Class,CM-12115,Chad McGuire,Consumer,United States,San Francisco,California,94109,West,TEC-MA-10002930,Technology,Machines,Ricoh - Ink Collector Unit for GX3000 Series Printers,369.16,11,0.2,32.3015
2943,CA-2017-155880,3/25/2017,3/31/2017,Standard Class,JD-16150,Justin Deggeller,Corporate,United States,Milwaukee,Wisconsin,53209,Central,FUR-CH-10002880,Furniture,Chairs,"Global High-Back Leather Tilter, Burgundy",368.97,3,0.0,40.5867
3747,CA-2016-149979,9/23/2016,9/28/2016,Second Class,RA-19915,Russell Applegate,Consumer,United States,Columbus,Georgia,31907,South,FUR-CH-10002084,Furniture,Chairs,Hon Mobius Operator's Chair,368.97,3,0.0,81.1734
6420,CA-2016-140130,10/31/2016,11/5/2016,Standard Class,HW-14935,Helen Wasserman,Corporate,United States,Tulsa,Oklahoma,74133,Central,FUR-CH-10002084,Furniture,Chairs,Hon Mobius Operator's Chair,368.97,3,0.0,81.1734
1778,CA-2015-105347,11/24/2015,11/28/2015,Standard Class,DP-13000,Darren Powers,Consumer,United States,Los Angeles,California,90004,West,OFF-PA-10000675,Office Supplies,Paper,Xerox 1919,368.91,9,0.0,180.7659
5882,CA-2016-133935,9/18/2016,9/22/2016,Standard Class,JW-15220,Jane Waco,Corporate,United States,San Diego,California,92105,West,OFF-PA-10000100,Office Supplies,Paper,Xerox 1945,368.91,9,0.0,180.7659
8260,CA-2016-118101,6/26/2016,6/26/2016,Same Day,SN-20560,Skye Norling,Home Office,United States,Roseville,Michigan,48066,Central,OFF-PA-10000357,Office Supplies,Paper,"White Dual Perf Computer Printout Paper, 2700 Sheets, 1 Part, Heavyweight, 20 lbs., 14 7/8 x 11",368.91,9,0.0,180.7659
6855,US-2017-162670,12/23/2017,12/28/2017,Second Class,MF-18250,Monica Federle,Corporate,United States,Little Rock,Arkansas,72209,South,OFF-ST-10001522,Office Supplies,Storage,"Gould Plastics 18-Pocket Panel Bin, 34w x 5-1/4d x 20-1/2h",367.96,4,0.0,14.7184
2433,CA-2014-148586,3/25/2014,4/1/2014,Standard Class,AZ-10750,Annie Zypern,Consumer,United States,New York City,New York,10009,East,FUR-CH-10002439,Furniture,Chairs,"Iceberg Nesting Folding Chair, 19w x 6d x 43h",366.786,7,0.1,65.2064
7002,CA-2015-104871,3/30/2015,4/3/2015,Standard Class,DR-12940,Daniel Raglin,Home Office,United States,Normal,Illinois,61761,Central,FUR-CH-10003298,Furniture,Chairs,"Office Star - Contemporary Task Swivel chair with Loop Arms, Charcoal",366.744,4,0.3,-110.0232
8505,CA-2016-109400,5/2/2016,5/6/2016,Standard Class,NR-18550,Nick Radford,Consumer,United States,Amarillo,Texas,79109,Central,FUR-CH-10003298,Furniture,Chairs,"Office Star - Contemporary Task Swivel chair with Loop Arms, Charcoal",366.744,4,0.3,-110.0232
8396,CA-2016-142594,12/1/2016,12/6/2016,Second Class,EJ-14155,Eva Jacobs,Consumer,United States,Franklin,Massachusetts,2038,East,FUR-TA-10001095,Furniture,Tables,Chromcraft Round Conference Tables,366.009,3,0.3,-47.0583
4791,CA-2015-104346,12/11/2015,12/16/2015,Standard Class,IM-15070,Irene Maddox,Consumer,United States,Colorado Springs,Colorado,80906,West,FUR-TA-10000849,Furniture,Tables,Bevis Rectangular Conference Tables,364.95,5,0.5,-248.166
2325,CA-2015-109470,12/31/2015,1/3/2016,Second Class,KC-16255,Karen Carlisle,Corporate,United States,Henderson,Kentucky,42420,South,OFF-BI-10000977,Office Supplies,Binders,Ibico Plastic Spiral Binding Combs,364.8,12,0.0,167.808
9059,CA-2015-149097,10/20/2015,10/24/2015,Standard Class,SV-20785,Stewart Visinsky,Consumer,United States,Los Angeles,California,90045,West,FUR-TA-10001086,Furniture,Tables,"SAFCO PlanMaster Boards, 60w x 37-1/2d, White Melamine",364.776,3,0.2,27.3582
7254,CA-2016-152730,5/30/2016,6/4/2016,Standard Class,EM-14140,Eugene Moren,Home Office,United States,Superior,Wisconsin,54880,Central,OFF-AP-10002684,Office Supplies,Appliances,"Acco 7-Outlet Masterpiece Power Center, Wihtout Fax/Phone Line Protection",364.74,3,0.0,109.422
3883,CA-2015-129896,6/15/2015,6/20/2015,Standard Class,PF-19120,Peter Fuller,Consumer,United States,Gilbert,Arizona,85234,West,FUR-FU-10004904,Furniture,Furnishings,"Eldon ""L"" Workstation Diamond Chairmat",364.704,6,0.2,-36.4704
3375,CA-2015-161718,12/4/2015,12/10/2015,Standard Class,SO-20335,Sean O'Donnell,Consumer,United States,Hempstead,New York,11550,East,FUR-CH-10002372,Furniture,Chairs,Office Star - Ergonomically Designed Knee Chair,364.41,5,0.1,8.098
9746,CA-2017-137505,11/24/2017,11/24/2017,Same Day,BP-11290,Beth Paige,Consumer,United States,Los Angeles,California,90008,West,FUR-TA-10000617,Furniture,Tables,"Hon Practical Foundations 30 x 60 Training Table, Light Gray/Charcoal",364.08,2,0.2,9.102
5834,CA-2016-142895,7/21/2016,7/26/2016,Standard Class,BP-11290,Beth Paige,Consumer,United States,Concord,North Carolina,28027,South,FUR-CH-10002961,Furniture,Chairs,"Leather Task Chair, Black",363.92,5,0.2,0.0
7055,CA-2016-165330,12/11/2016,12/11/2016,Same Day,WB-21850,William Brown,Consumer,United States,Anaheim,California,92804,West,FUR-CH-10003774,Furniture,Chairs,"Global Wood Trimmed Manager's Task Chair, Khaki",363.92,5,0.2,-31.843
1426,CA-2015-124800,9/26/2015,9/30/2015,Standard Class,RW-19540,Rick Wilson,Corporate,United States,Mesa,Arizona,85204,West,OFF-ST-10002743,Office Supplies,Storage,SAFCO Boltless Steel Shelving,363.648,4,0.2,-86.3664
1160,CA-2017-147039,6/29/2017,7/4/2017,Standard Class,AA-10315,Alex Avila,Consumer,United States,Minneapolis,Minnesota,55407,Central,OFF-AP-10000576,Office Supplies,Appliances,"Belkin 325VA UPS Surge Protector, 6'",362.94,3,0.0,90.735
5238,CA-2014-166744,9/20/2014,9/24/2014,Standard Class,DN-13690,Duane Noonan,Consumer,United States,Columbia,Maryland,21044,East,FUR-BO-10001337,Furniture,Bookcases,O'Sullivan Living Dimensions 2-Shelf Bookcases,362.94,3,0.0,36.294
1085,US-2016-143819,3/1/2016,3/5/2016,Standard Class,KD-16270,Karen Daniels,Consumer,United States,Yonkers,New York,10701,East,OFF-ST-10003208,Office Supplies,Storage,Adjustable Depth Letter/Legal Cart,362.92,2,0.0,105.2468
7508,CA-2014-115889,11/2/2014,11/6/2014,Standard Class,SH-20395,Shahid Hopkins,Consumer,United States,San Francisco,California,94122,West,OFF-ST-10003208,Office Supplies,Storage,Adjustable Depth Letter/Legal Cart,362.92,2,0.0,105.2468
1848,CA-2017-128370,9/10/2017,9/10/2017,Same Day,FH-14275,Frank Hawley,Corporate,United States,Los Angeles,California,90004,West,FUR-CH-10002602,Furniture,Chairs,DMI Arturo Collection Mission-style Design Wood Chair,362.352,3,0.2,27.1764
8303,US-2017-167318,7/26/2017,8/1/2017,Standard Class,GZ-14545,George Zrebassa,Corporate,United States,Los Angeles,California,90036,West,FUR-CH-10000665,Furniture,Chairs,"Global Airflow Leather Mesh Back Chair, Black",362.352,3,0.2,45.294
7949,CA-2014-131009,3/1/2014,3/5/2014,Standard Class,SC-20380,Shahid Collister,Consumer,United States,El Paso,Texas,79907,Central,FUR-CH-10001270,Furniture,Chairs,Harbour Creations Steel Folding Chair,362.25,6,0.3,0.0
9913,CA-2015-132388,10/10/2015,10/12/2015,First Class,KN-16390,Katherine Nockton,Corporate,United States,Santa Barbara,California,93101,West,FUR-CH-10001714,Furniture,Chairs,"Global Leather & Oak Executive Chair, Burgundy",362.136,3,0.2,-54.3204
3467,US-2015-147242,9/10/2015,9/14/2015,Standard Class,EH-13765,Edward Hooks,Corporate,United States,Revere,Massachusetts,2151,East,FUR-BO-10004695,Furniture,Bookcases,O'Sullivan 2-Door Barrister Bookcase in Odessa Pine,361.96,2,0.0,83.2508
4505,US-2014-138247,12/24/2014,12/29/2014,Standard Class,BF-11170,Ben Ferrer,Home Office,United States,Los Angeles,California,90045,West,OFF-AP-10000828,Office Supplies,Appliances,Avanti 4.4 Cu. Ft. Refrigerator,361.96,2,0.0,101.3488
254,CA-2016-146941,12/10/2016,12/13/2016,First Class,DL-13315,Delfina Latchford,Consumer,United States,New York City,New York,10024,East,OFF-EN-10003296,Office Supplies,Envelopes,Tyvek Side-Opening Peel & Seel Expanding Envelopes,361.92,4,0.0,162.864
3377,CA-2015-161718,12/4/2015,12/10/2015,Standard Class,SO-20335,Sean O'Donnell,Consumer,United States,Hempstead,New York,11550,East,FUR-CH-10002965,Furniture,Chairs,"Global Leather Highback Executive Chair with Pneumatic Height Adjustment, Black",361.764,2,0.1,68.3332
4397,CA-2016-148740,11/15/2016,11/19/2016,Standard Class,AH-10690,Anna Häberlin,Corporate,United States,San Diego,California,92024,West,TEC-PH-10002549,Technology,Phones,Polycom SoundPoint IP 450 VoIP phone,361.376,2,0.2,27.1032
6352,CA-2017-161130,11/3/2017,11/8/2017,Standard Class,BF-11275,Beth Fritzler,Corporate,United States,Miami,Florida,33178,South,TEC-PH-10002549,Technology,Phones,Polycom SoundPoint IP 450 VoIP phone,361.376,2,0.2,27.1032
1756,CA-2015-135622,12/8/2015,12/11/2015,Second Class,TT-21460,Tonja Turnell,Home Office,United States,Fort Worth,Texas,76106,Central,OFF-PA-10000100,Office Supplies,Paper,Xerox 1945,360.712,11,0.2,130.7581
3727,CA-2016-165169,6/5/2016,6/11/2016,Standard Class,JL-15235,Janet Lee,Consumer,United States,Newark,Delaware,19711,East,OFF-ST-10001496,Office Supplies,Storage,Standard Rollaway File with Lock,360.38,2,0.0,93.6988
5976,CA-2017-102155,7/13/2017,7/17/2017,Standard Class,RR-19525,Rick Reed,Corporate,United States,Overland Park,Kansas,66212,Central,OFF-ST-10001496,Office Supplies,Storage,Standard Rollaway File with Lock,360.38,2,0.0,93.6988
6240,CA-2015-134075,12/12/2015,12/16/2015,Standard Class,HA-14905,Helen Abelman,Consumer,United States,San Jose,California,95123,West,OFF-ST-10001496,Office Supplies,Storage,Standard Rollaway File with Lock,360.38,2,0.0,93.6988
321,CA-2014-164973,11/4/2014,11/9/2014,Standard Class,NM-18445,Nathan Mautz,Home Office,United States,New York City,New York,10024,East,TEC-AC-10000892,Technology,Accessories,NETGEAR N750 Dual Band Wi-Fi Gigabit Router,360.0,4,0.0,129.6
3050,CA-2017-121419,4/2/2017,4/4/2017,First Class,TC-21475,Tony Chapman,Home Office,United States,Columbus,Georgia,31907,South,TEC-AC-10000892,Technology,Accessories,NETGEAR N750 Dual Band Wi-Fi Gigabit Router,360.0,4,0.0,129.6
3354,US-2014-150434,7/19/2014,7/24/2014,Standard Class,CA-12310,Christine Abelman,Corporate,United States,Bristol,Connecticut,6010,East,TEC-PH-10000895,Technology,Phones,Polycom VVX 310 VoIP phone,359.98,2,0.0,93.5948
5625,CA-2016-121748,10/24/2016,10/28/2016,Second Class,VW-21775,Victoria Wilson,Corporate,United States,Los Angeles,California,90032,West,TEC-AC-10002637,Technology,Accessories,Logitech VX Revolution Cordless Laser Mouse for Notebooks (Black),359.98,2,0.0,21.5988
2409,CA-2017-144589,1/20/2017,1/25/2017,Standard Class,TM-21010,Tamara Manning,Consumer,United States,San Francisco,California,94122,West,TEC-PH-10003072,Technology,Phones,Panasonic KX-TG9541B DECT 6.0 Digital 2-Line Expandable Cordless Phone With Digital Answering System,359.976,3,0.2,130.4913
3922,CA-2016-110044,6/28/2016,7/2/2016,Second Class,RF-19735,Roland Fjeld,Consumer,United States,Chicago,Illinois,60610,Central,TEC-PH-10001299,Technology,Phones,Polycom CX300 Desktop Phone USB VoIP phone,359.976,3,0.2,35.9976
2263,CA-2017-122994,2/6/2017,2/9/2017,First Class,MV-17485,Mark Van Huff,Consumer,United States,Arlington,Virginia,22204,South,FUR-BO-10004015,Furniture,Bookcases,"Bush Andora Bookcase, Maple/Graphite Gray Finish",359.97,3,0.0,79.1934
2726,CA-2017-149888,11/7/2017,11/13/2017,Standard Class,EP-13915,Emily Phan,Consumer,United States,Philadelphia,Pennsylvania,19120,East,TEC-PH-10003811,Technology,Phones,Jabra Supreme Plus Driver Edition Headset,359.97,5,0.4,-71.994
8064,CA-2016-132997,11/7/2016,11/9/2016,First Class,LW-17215,Luke Weiss,Consumer,United States,Rochester,New York,14609,East,TEC-PH-10003811,Technology,Phones,Jabra Supreme Plus Driver Edition Headset,359.97,3,0.0,100.7916
4768,CA-2015-123155,3/9/2015,3/12/2015,First Class,NS-18640,Noel Staavos,Corporate,United States,San Antonio,Texas,78207,Central,TEC-PH-10001809,Technology,Phones,Panasonic KX T7736-B Digital phone,359.88,3,0.2,22.4925
6741,CA-2014-144029,5/26/2014,5/31/2014,Standard Class,MM-18055,Michelle Moray,Consumer,United States,Chicago,Illinois,60623,Central,FUR-CH-10003981,Furniture,Chairs,Global Commerce Series Low-Back Swivel/Tilt Chairs,359.772,2,0.3,-5.1396
5080,US-2017-133312,11/25/2017,11/29/2017,Standard Class,BD-11500,Bradley Drucker,Consumer,United States,San Francisco,California,94122,West,FUR-BO-10002213,Furniture,Bookcases,"Sauder Forest Hills Library, Woodland Oak Finish",359.499,3,0.15,-29.6058
8713,US-2015-145422,12/3/2015,12/7/2015,Standard Class,PW-19240,Pierre Wener,Consumer,United States,San Francisco,California,94110,West,FUR-BO-10002213,Furniture,Bookcases,"Sauder Forest Hills Library, Woodland Oak Finish",359.499,3,0.15,-29.6058
748,CA-2014-124429,5/27/2014,5/27/2014,Same Day,MH-17785,Maya Herman,Corporate,United States,San Diego,California,92105,West,OFF-ST-10001809,Office Supplies,Storage,Fellowes Officeware Wire Shelving,359.32,4,0.0,7.1864
9365,CA-2017-111591,3/21/2017,3/25/2017,Standard Class,PS-18970,Paul Stevenson,Home Office,United States,Seattle,Washington,98105,West,OFF-ST-10001809,Office Supplies,Storage,Fellowes Officeware Wire Shelving,359.32,4,0.0,7.1864
1595,CA-2015-118423,3/24/2015,3/27/2015,First Class,DP-13390,Dennis Pardue,Home Office,United States,Peoria,Illinois,61604,Central,FUR-BO-10000362,Furniture,Bookcases,Sauder Inglewood Library Bookcases,359.058,3,0.3,-35.9058
1724,US-2015-123218,12/20/2015,12/25/2015,Standard Class,KD-16345,Katherine Ducich,Consumer,United States,Chicago,Illinois,60623,Central,FUR-BO-10003966,Furniture,Bookcases,"Sauder Facets Collection Library, Sky Alder Finish",359.058,3,0.3,-71.8116
6825,CA-2015-154291,7/25/2015,7/29/2015,Standard Class,YS-21880,Yana Sorensen,Corporate,United States,Montgomery,Alabama,36116,South,FUR-TA-10002041,Furniture,Tables,"Bevis Round Conference Table Top, X-Base",358.58,2,0.0,39.4438
5385,CA-2017-161410,6/26/2017,7/3/2017,Standard Class,CC-12220,Chris Cortes,Consumer,United States,Philadelphia,Pennsylvania,19143,East,TEC-PH-10001760,Technology,Phones,Bose SoundLink Bluetooth Speaker,358.2,3,0.4,41.79
5449,US-2014-119081,9/12/2014,9/19/2014,Standard Class,TA-21385,Tom Ashbrook,Home Office,United States,Olathe,Kansas,66062,Central,OFF-SU-10000157,Office Supplies,Supplies,Compact Automatic Electric Letter Opener,357.93,3,0.0,7.1586
5709,US-2015-160857,5/8/2015,5/15/2015,Standard Class,NW-18400,Natalie Webber,Consumer,United States,New York City,New York,10024,East,OFF-SU-10000157,Office Supplies,Supplies,Compact Automatic Electric Letter Opener,357.93,3,0.0,7.1586
8243,CA-2014-109855,9/1/2014,9/5/2014,Standard Class,LH-16900,Lena Hernandez,Consumer,United States,New York City,New York,10009,East,TEC-AC-10002842,Technology,Accessories,WD My Passport Ultra 2TB Portable External Hard Drive,357.0,3,0.0,57.12
3890,CA-2014-100895,6/2/2014,6/6/2014,Standard Class,SV-20785,Stewart Visinsky,Consumer,United States,Roswell,Georgia,30076,South,OFF-ST-10001490,Office Supplies,Storage,"Hot File 7-Pocket, Floor Stand",356.94,2,0.0,107.082
6664,CA-2017-162173,10/26/2017,11/1/2017,Standard Class,OT-18730,Olvera Toch,Consumer,United States,Virginia Beach,Virginia,23464,South,FUR-TA-10001520,Furniture,Tables,"Lesro Sheffield Collection Coffee Table, End Table, Center Table, Corner Table",356.85,5,0.0,60.6645
6921,CA-2017-121706,2/26/2017,3/2/2017,Standard Class,BM-11140,Becky Martin,Consumer,United States,Santa Barbara,California,93101,West,OFF-AP-10003287,Office Supplies,Appliances,Tripp Lite TLP810NET Broadband Surge for Modem/Fax,356.79,7,0.0,99.9012
1095,CA-2015-165085,12/27/2015,12/31/2015,Standard Class,BT-11485,Brad Thomas,Home Office,United States,Clinton,Maryland,20735,East,OFF-AP-10002518,Office Supplies,Appliances,Kensington 7 Outlet MasterPiece Power Center,355.96,2,0.0,103.2284
5751,CA-2014-145800,5/30/2014,6/5/2014,Standard Class,SS-20410,Shahid Shariari,Consumer,United States,Buffalo Grove,Illinois,60089,Central,FUR-TA-10001539,Furniture,Tables,Chromcraft Rectangular Conference Tables,355.455,3,0.5,-184.8366
5671,CA-2015-141012,6/9/2015,6/11/2015,Second Class,TG-21640,Trudy Glocke,Consumer,United States,Pocatello,Idaho,83201,West,FUR-FU-10003192,Furniture,Furnishings,Luxo Adjustable Task Clamp Lamp,355.36,4,0.0,92.3936
803,CA-2016-136133,8/18/2016,8/23/2016,Second Class,HW-14935,Helen Wasserman,Corporate,United States,New York City,New York,10024,East,OFF-AP-10000576,Office Supplies,Appliances,Belkin 7 Outlet SurgeMaster II,355.32,9,0.0,99.4896
1565,CA-2014-116239,3/4/2014,3/4/2014,Same Day,CL-12565,Clay Ludtke,Consumer,United States,Columbia,South Carolina,29203,South,OFF-ST-10001370,Office Supplies,Storage,Sensible Storage WireTech Storage Systems,354.9,5,0.0,17.745
3755,CA-2017-161956,8/27/2017,8/29/2017,Second Class,DR-12880,Dan Reichenbach,Corporate,United States,Inglewood,California,90301,West,OFF-ST-10001370,Office Supplies,Storage,Sensible Storage WireTech Storage Systems,354.9,5,0.0,17.745
6151,US-2016-106600,4/8/2016,4/11/2016,First Class,RM-19375,Raymond Messe,Consumer,United States,Columbus,Georgia,31907,South,FUR-BO-10001608,Furniture,Bookcases,"Hon Metal Bookcases, Black",354.9,5,0.0,88.725
7246,CA-2017-145807,2/9/2017,2/13/2017,Standard Class,SB-20170,Sarah Bern,Consumer,United States,Los Angeles,California,90032,West,OFF-ST-10001370,Office Supplies,Storage,Sensible Storage WireTech Storage Systems,354.9,5,0.0,17.745
8333,CA-2016-153269,3/9/2016,3/12/2016,First Class,PS-18760,Pamela Stobb,Consumer,United States,Andover,Massachusetts,1810,East,FUR-CH-10002647,Furniture,Chairs,"Situations Contoured Folding Chairs, 4/Set",354.9,5,0.0,88.725
5765,CA-2015-117772,9/10/2015,9/12/2015,Second Class,MC-17575,Matt Collins,Consumer,United States,Seattle,Washington,98103,West,OFF-ST-10003994,Office Supplies,Storage,"Belkin 19"" Center-Weighted Shelf, Gray",353.88,6,0.0,17.694
5228,CA-2016-119865,6/21/2016,6/26/2016,Standard Class,AS-10090,Adam Shillingsburg,Consumer,United States,New York City,New York,10011,East,FUR-BO-10003272,Furniture,Bookcases,O'Sullivan Living Dimensions 5-Shelf Bookcases,353.568,2,0.2,-44.196
8610,CA-2014-151946,6/4/2014,6/9/2014,Standard Class,BT-11440,Bobby Trafton,Consumer,United States,New York City,New York,10035,East,FUR-BO-10003272,Furniture,Bookcases,O'Sullivan Living Dimensions 5-Shelf Bookcases,353.568,2,0.2,-44.196
3911,CA-2015-167010,4/5/2015,4/10/2015,Standard Class,VT-21700,Valerie Takahito,Home Office,United States,Philadelphia,Pennsylvania,19143,East,FUR-BO-10004218,Furniture,Bookcases,"Bush Heritage Pine Collection 5-Shelf Bookcase, Albany Pine Finish, *Special Order",352.45,5,0.5,-211.47
912,CA-2017-137596,9/2/2017,9/7/2017,Standard Class,BE-11335,Bill Eplett,Home Office,United States,Jackson,Michigan,49201,Central,OFF-ST-10003816,Office Supplies,Storage,Fellowes High-Stak Drawer Files,352.38,2,0.0,81.0474
5591,CA-2016-115224,12/8/2016,12/11/2016,Second Class,DB-13615,Doug Bickford,Consumer,United States,San Francisco,California,94110,West,OFF-ST-10003816,Office Supplies,Storage,Fellowes High-Stak Drawer Files,352.38,2,0.0,81.0474
4552,US-2014-165862,7/13/2014,7/17/2014,Standard Class,GK-14620,Grace Kelly,Corporate,United States,Los Angeles,California,90049,West,FUR-TA-10002855,Furniture,Tables,Bevis Round Conference Table Top & Single Column Base,351.216,3,0.2,4.3902
2014,CA-2016-145905,9/18/2016,9/23/2016,Standard Class,AM-10705,Anne McFarland,Consumer,United States,Auburn,Alabama,36830,South,FUR-CH-10001854,Furniture,Chairs,Office Star - Professional Matrix Back Chair with 2-to-1 Synchro Tilt and Mesh Fabric Seat,350.98,1,0.0,84.2352
2683,CA-2017-127026,1/21/2017,1/27/2017,Standard Class,MH-18115,Mick Hernandez,Home Office,United States,Jackson,Michigan,49201,Central,TEC-MA-10002981,Technology,Machines,I.R.I.S IRISCard Anywhere 5 Card Scanner,350.973,3,0.1,152.0883
2727,CA-2017-149888,11/7/2017,11/13/2017,Standard Class,EP-13915,Emily Phan,Consumer,United States,Philadelphia,Pennsylvania,19120,East,FUR-TA-10000849,Furniture,Tables,Bevis Rectangular Conference Tables,350.352,4,0.4,-140.1408
7555,CA-2014-114181,5/10/2014,5/14/2014,Second Class,AF-10885,Art Foster,Consumer,United States,Philadelphia,Pennsylvania,19134,East,FUR-BO-10004467,Furniture,Bookcases,Bestar Classic Bookcase,349.965,7,0.5,-216.9783
3209,CA-2016-108882,1/9/2016,1/15/2016,Standard Class,LA-16780,Laura Armstrong,Corporate,United States,Fresno,California,93727,West,TEC-AC-10000420,Technology,Accessories,Logitech G500s Laser Gaming Mouse with Adjustable Weight Tuning,349.95,5,0.0,118.983
788,CA-2015-154620,12/12/2015,12/16/2015,Standard Class,LT-17110,Liz Thompson,Consumer,United States,Lancaster,California,93534,West,FUR-CH-10004675,Furniture,Chairs,"Lifetime Advantage Folding Chairs, 4/Carton",348.928,2,0.2,34.8928
1384,US-2016-108504,2/5/2016,2/5/2016,Same Day,PP-18955,Paul Prost,Home Office,United States,Smyrna,Georgia,30080,South,OFF-PA-10001289,Office Supplies,Paper,White Computer Printout Paper by Universal,348.84,9,0.0,170.9316
9091,US-2017-148831,10/13/2017,10/15/2017,First Class,AH-10210,Alan Hwang,Consumer,United States,Louisville,Kentucky,40214,South,OFF-ST-10002974,Office Supplies,Storage,"Trav-L-File Heavy-Duty Shuttle II, Black",348.56,8,0.0,104.568
5378,CA-2014-125542,12/5/2014,12/7/2014,First Class,NB-18655,Nona Balk,Corporate,United States,Philadelphia,Pennsylvania,19134,East,OFF-EN-10000056,Office Supplies,Envelopes,Cameo Buff Policy Envelopes,348.488,7,0.2,117.6147
1096,CA-2017-160423,1/21/2017,1/26/2017,Standard Class,PS-19045,Penelope Sewall,Home Office,United States,Charlotte,North Carolina,28205,South,OFF-ST-10004340,Office Supplies,Storage,"Fellowes Mobile File Cart, Black",348.208,7,0.2,30.4682
1797,US-2017-139465,8/27/2017,8/30/2017,First Class,MR-17545,Mathew Reese,Home Office,United States,New York City,New York,10024,East,TEC-PH-10000455,Technology,Phones,GE 30522EE2,347.97,3,0.0,100.9113
3145,US-2016-148110,9/5/2016,9/11/2016,Standard Class,AR-10825,Anthony Rawles,Corporate,United States,Austin,Texas,78745,Central,FUR-CH-10002647,Furniture,Chairs,"Situations Contoured Folding Chairs, 4/Set",347.802,7,0.3,-24.843
7368,CA-2016-127243,11/28/2016,12/4/2016,Standard Class,DS-13180,David Smith,Corporate,United States,Philadelphia,Pennsylvania,19140,East,FUR-CH-10002647,Furniture,Chairs,"Situations Contoured Folding Chairs, 4/Set",347.802,7,0.3,-24.843
5021,CA-2017-136511,3/23/2017,3/25/2017,Second Class,MZ-17515,Mary Zewe,Corporate,United States,New York City,New York,10011,East,OFF-SU-10003505,Office Supplies,Supplies,Premier Electric Letter Opener,347.58,3,0.0,17.379
5374,CA-2015-118738,10/24/2015,10/30/2015,Standard Class,AG-10495,Andrew Gjertsen,Corporate,United States,Houston,Texas,77041,Central,FUR-TA-10002607,Furniture,Tables,KI Conference Tables,347.361,7,0.3,-69.4722
2441,CA-2016-146934,5/22/2016,5/27/2016,Standard Class,AF-10870,Art Ferguson,Consumer,United States,Passaic,New Jersey,7055,East,TEC-PH-10004614,Technology,Phones,AT&T 841000 Phone,345.0,5,0.0,86.25
4002,CA-2014-116834,10/11/2014,10/16/2014,Standard Class,Dp-13240,Dean percer,Home Office,United States,Seattle,Washington,98115,West,TEC-AC-10002942,Technology,Accessories,WD My Passport Ultra 1TB Portable External Hard Drive,345.0,5,0.0,58.65
8974,CA-2017-159226,4/25/2017,4/27/2017,Second Class,RL-19615,Rob Lucas,Consumer,United States,Los Angeles,California,90008,West,FUR-BO-10004709,Furniture,Bookcases,"Bush Westfield Collection Bookcases, Medium Cherry Finish",344.981,7,0.15,28.4102
6779,US-2016-147711,9/3/2016,9/8/2016,Second Class,HF-14995,Herbert Flentye,Consumer,United States,Baltimore,Maryland,21215,East,FUR-BO-10003159,Furniture,Bookcases,"Sauder Camden County Collection Libraries, Planked Cherry Finish",344.94,3,0.0,31.0446
4184,US-2017-136868,10/6/2017,10/12/2017,Standard Class,CR-12820,Cyra Reiten,Home Office,United States,New York City,New York,10035,East,OFF-ST-10000991,Office Supplies,Storage,Space Solutions HD Industrial Steel Shelving.,344.91,3,0.0,10.3473
4868,CA-2017-122490,11/13/2017,11/18/2017,Standard Class,TT-21070,Ted Trevino,Consumer,United States,Seattle,Washington,98103,West,OFF-ST-10000991,Office Supplies,Storage,Space Solutions HD Industrial Steel Shelving.,344.91,3,0.0,10.3473
8246,US-2014-143581,8/19/2014,8/23/2014,Standard Class,BS-11365,Bill Shonely,Corporate,United States,Columbus,Georgia,31907,South,OFF-ST-10000991,Office Supplies,Storage,Space Solutions HD Industrial Steel Shelving.,344.91,3,0.0,10.3473
8711,CA-2014-119144,11/16/2014,11/18/2014,First Class,JD-16150,Justin Deggeller,Corporate,United States,Los Angeles,California,90008,West,OFF-ST-10000991,Office Supplies,Storage,Space Solutions HD Industrial Steel Shelving.,344.91,3,0.0,10.3473
4715,CA-2017-121643,5/18/2017,5/20/2017,First Class,AB-10105,Adrian Barton,Consumer,United States,Portland,Oregon,97206,West,TEC-PH-10002200,Technology,Phones,Aastra 6757i CT Wireless VoIP phone,344.704,2,0.2,38.7792
9194,CA-2015-141810,11/2/2015,11/7/2015,Standard Class,BB-10990,Barry Blumstein,Corporate,United States,San Antonio,Texas,78207,Central,TEC-PH-10002200,Technology,Phones,Aastra 6757i CT Wireless VoIP phone,344.704,2,0.2,38.7792
7917,CA-2015-110891,11/20/2015,11/24/2015,Standard Class,PO-19195,Phillina Ober,Home Office,United States,Philadelphia,Pennsylvania,19140,East,FUR-CH-10002880,Furniture,Chairs,"Global High-Back Leather Tilter, Burgundy",344.372,4,0.3,-93.4724
8453,CA-2016-125087,4/18/2016,4/23/2016,Standard Class,TH-21115,Thea Hudgings,Corporate,United States,Houston,Texas,77070,Central,FUR-CH-10002880,Furniture,Chairs,"Global High-Back Leather Tilter, Burgundy",344.372,4,0.3,-93.4724
3016,US-2015-138919,9/17/2015,9/21/2015,Standard Class,LS-16975,Lindsay Shagiari,Home Office,United States,New York City,New York,10035,East,FUR-TA-10004154,Furniture,Tables,"Riverside Furniture Oval Coffee Table, Oval End Table, End Table with Drawer",344.22,2,0.4,-103.266
4474,CA-2017-121300,9/29/2017,9/29/2017,Same Day,MG-17680,Maureen Gastineau,Home Office,United States,Mentor,Ohio,44060,East,FUR-TA-10004442,Furniture,Tables,Riverside Furniture Stanwyck Manor Table Series,344.22,2,0.4,-189.321
1130,CA-2016-112102,4/12/2016,4/16/2016,Standard Class,BD-11605,Brian Dahlen,Consumer,United States,Springfield,Virginia,22153,South,FUR-TA-10004086,Furniture,Tables,KI Adjustable-Height Table,343.92,4,0.0,75.6624
7892,CA-2016-148684,12/25/2016,12/29/2016,Standard Class,TS-21655,Trudy Schmidt,Consumer,United States,Fayetteville,Arkansas,72701,South,FUR-FU-10003553,Furniture,Furnishings,"Howard Miller 13-1/2"" Diameter Rosebrook Wall Clock",343.85,5,0.0,137.54
6070,CA-2017-166695,5/20/2017,5/24/2017,Standard Class,CC-12430,Chuck Clark,Home Office,United States,Lakewood,California,90712,West,TEC-MA-10003176,Technology,Machines,Okidata B400 Printer,343.2,1,0.2,38.61
3076,CA-2014-143903,7/20/2014,7/24/2014,Standard Class,KM-16375,Katherine Murray,Home Office,United States,Dallas,Texas,75217,Central,OFF-ST-10003306,Office Supplies,Storage,Letter Size Cart,342.864,3,0.2,38.5722
1393,US-2016-108504,2/5/2016,2/5/2016,Same Day,PP-18955,Paul Prost,Home Office,United States,Smyrna,Georgia,30080,South,OFF-PA-10003892,Office Supplies,Paper,Xerox 1943,342.37,7,0.0,160.9139
7238,CA-2016-164924,7/10/2016,7/10/2016,Same Day,EA-14035,Erin Ashbrook,Corporate,United States,Philadelphia,Pennsylvania,19143,East,TEC-MA-10000904,Technology,Machines,"Brother MFC-9340CDW LED All-In-One Printer, Copier Scanner",341.991,3,0.7,-319.1916
3317,CA-2017-161739,11/10/2017,11/15/2017,Second Class,EB-13750,Edward Becker,Corporate,United States,Round Rock,Texas,78664,Central,FUR-FU-10001468,Furniture,Furnishings,Tenex Antistatic Computer Chair Mats,341.96,5,0.6,-427.45
7681,CA-2014-133592,12/31/2014,1/7/2015,Standard Class,KM-16375,Katherine Murray,Home Office,United States,Providence,Rhode Island,2908,East,FUR-BO-10000362,Furniture,Bookcases,Sauder Inglewood Library Bookcases,341.96,2,0.0,78.6508
8803,CA-2016-140935,11/10/2016,11/12/2016,First Class,AB-10015,Aaron Bergman,Consumer,United States,Oklahoma City,Oklahoma,73120,Central,FUR-BO-10003966,Furniture,Bookcases,"Sauder Facets Collection Library, Sky Alder Finish",341.96,2,0.0,54.7136
2052,CA-2015-142237,7/11/2015,7/13/2015,First Class,CK-12595,Clytie Kelty,Consumer,United States,Philadelphia,Pennsylvania,19134,East,FUR-CH-10003833,Furniture,Chairs,Novimex Fabric Task Chair,341.488,8,0.3,-73.176
472,CA-2014-144666,11/9/2014,11/11/2014,Second Class,JP-15520,Jeremy Pistek,Consumer,United States,San Francisco,California,94110,West,OFF-ST-10002743,Office Supplies,Storage,SAFCO Boltless Steel Shelving,340.92,3,0.0,3.4092
9710,CA-2016-161746,10/21/2016,10/27/2016,Standard Class,CS-11950,Carlos Soltero,Consumer,United States,Los Angeles,California,90045,West,OFF-ST-10002743,Office Supplies,Storage,SAFCO Boltless Steel Shelving,340.92,3,0.0,3.4092
6150,CA-2017-101322,12/28/2017,12/31/2017,First Class,JG-15310,Jason Gross,Corporate,United States,Long Beach,California,90805,West,FUR-CH-10003968,Furniture,Chairs,Novimex Turbo Task Chair,340.704,6,0.2,-34.0704
7364,CA-2016-127243,11/28/2016,12/4/2016,Standard Class,DS-13180,David Smith,Corporate,United States,Philadelphia,Pennsylvania,19140,East,TEC-PH-10004539,Technology,Phones,Wireless Extenders zBoost YX545 SOHO Signal Booster,340.182,3,0.4,-73.7061
174,CA-2014-118962,8/5/2014,8/9/2014,Standard Class,CS-12130,Chad Sievert,Consumer,United States,Los Angeles,California,90004,West,FUR-CH-10003817,Furniture,Chairs,"Global Value Steno Chair, Gray",340.144,7,0.2,21.259
5278,CA-2014-113859,9/13/2014,9/17/2014,Standard Class,BC-11125,Becky Castell,Home Office,United States,Odessa,Texas,79762,Central,FUR-CH-10004698,Furniture,Chairs,"Padded Folding Chairs, Black, 4/Carton",340.116,6,0.3,-9.7176
110,CA-2015-129476,10/15/2015,10/20/2015,Standard Class,PA-19060,Pete Armstrong,Home Office,United States,Orland Park,Illinois,60462,Central,TEC-AC-10000844,Technology,Accessories,Logitech Gaming G510s - Keyboard,339.96,5,0.2,67.992
2534,CA-2014-111500,8/17/2014,8/21/2014,Standard Class,DJ-13510,Don Jones,Corporate,United States,Little Rock,Arkansas,72209,South,TEC-AC-10000844,Technology,Accessories,Logitech Gaming G510s - Keyboard,339.96,4,0.0,122.3856
6338,CA-2016-165995,8/30/2016,9/6/2016,Standard Class,BG-11740,Bruce Geld,Consumer,United States,Los Angeles,California,90008,West,TEC-PH-10004908,Technology,Phones,Panasonic KX TS3282W Corded phone,339.96,5,0.2,42.495
7219,CA-2015-150770,5/3/2015,5/6/2015,First Class,LC-16870,Lena Cacioppo,Consumer,United States,San Francisco,California,94109,West,TEC-AC-10000844,Technology,Accessories,Logitech Gaming G510s - Keyboard,339.96,4,0.0,122.3856
7275,CA-2015-144519,11/13/2015,11/17/2015,Standard Class,AW-10930,Arthur Wiediger,Home Office,United States,Helena,Montana,59601,West,TEC-PH-10004908,Technology,Phones,Panasonic KX TS3282W Corded phone,339.96,5,0.2,42.495
9770,CA-2016-123533,11/24/2016,11/30/2016,Standard Class,SC-20050,Sample Company A,Home Office,United States,Hialeah,Florida,33012,South,FUR-BO-10001619,Furniture,Bookcases,O'Sullivan Cherrywood Estates Traditional Bookcase,339.92,5,0.2,8.498
4076,CA-2017-108112,11/15/2017,11/20/2017,Standard Class,DK-12895,Dana Kaydos,Consumer,United States,Miramar,Florida,33023,South,FUR-FU-10001488,Furniture,Furnishings,"Tenex 46"" x 60"" Computer Anti-Static Chairmat, Rectangular Shaped",339.136,4,0.2,0.0
5999,US-2014-112991,12/10/2014,12/14/2014,Standard Class,SH-19975,Sally Hughsby,Corporate,United States,Caldwell,Idaho,83605,West,FUR-CH-10001708,Furniture,Chairs,Office Star - Contemporary Swivel Chair with Padded Adjustable Arms and Flex Back,338.352,3,0.2,4.2294
1205,CA-2016-114727,7/18/2016,7/24/2016,Standard Class,LS-16945,Linda Southworth,Corporate,United States,Denver,Colorado,80219,West,OFF-ST-10000689,Office Supplies,Storage,"Fellowes Strictly Business Drawer File, Letter/Legal Size",338.04,3,0.2,-33.804
1733,US-2016-131149,7/10/2016,7/14/2016,Standard Class,LH-17155,Logan Haushalter,Consumer,United States,Dallas,Texas,75081,Central,OFF-ST-10000689,Office Supplies,Storage,"Fellowes Strictly Business Drawer File, Letter/Legal Size",338.04,3,0.2,-33.804
6355,US-2015-109015,9/6/2015,9/12/2015,Standard Class,BS-11590,Brendan Sweed,Corporate,United States,New York City,New York,10011,East,TEC-PH-10002922,Technology,Phones,ShoreTel ShorePhone IP 230 VoIP phone,337.98,2,0.0,101.394
7880,CA-2016-155747,6/14/2016,6/21/2016,Standard Class,JS-15685,Jim Sink,Corporate,United States,Philadelphia,Pennsylvania,19140,East,FUR-TA-10003392,Furniture,Tables,Global Adaptabilities Conference Tables,337.176,2,0.4,-118.0116
9042,CA-2014-114335,9/28/2014,10/3/2014,Standard Class,XP-21865,Xylona Preis,Consumer,United States,Hollywood,Florida,33021,South,FUR-FU-10000277,Furniture,Furnishings,Deflect-o DuraMat Antistatic Studded Beveled Mat for Medium Pile Carpeting,337.088,4,0.2,16.8544
987,CA-2017-100314,9/29/2017,10/5/2017,Standard Class,AS-10630,Ann Steele,Home Office,United States,Pasadena,Texas,77506,Central,TEC-MA-10003066,Technology,Machines,Wasp CCD Handheld Bar Code Reader,336.51,3,0.4,44.868
3777,US-2014-102715,4/11/2014,4/13/2014,Second Class,JK-15370,Jay Kimmel,Consumer,United States,Miami,Florida,33180,South,TEC-AC-10001874,Technology,Accessories,Logitech Wireless Anywhere Mouse MX for PC and Mac,335.944,7,0.2,41.993
8195,CA-2015-141327,11/30/2015,12/3/2015,First Class,LR-16915,Lena Radford,Consumer,United States,Durham,North Carolina,27707,South,FUR-FU-10000576,Furniture,Furnishings,Luxo Professional Fluorescent Magnifier Lamp with Clamp-Mount Base,335.744,2,0.2,25.1808
7630,CA-2014-162089,3/30/2014,4/1/2014,First Class,MP-17470,Mark Packer,Home Office,United States,Brownsville,Texas,78521,Central,OFF-EN-10002230,Office Supplies,Envelopes,Airmail Envelopes,335.72,5,0.2,113.3055
822,CA-2014-140858,6/28/2014,7/2/2014,Standard Class,CA-12775,Cynthia Arntzen,Consumer,United States,Philadelphia,Pennsylvania,19140,East,OFF-PA-10003395,Office Supplies,Paper,Xerox 1941,335.52,4,0.2,117.432
1547,CA-2015-111395,11/23/2015,11/27/2015,Standard Class,VB-21745,Victoria Brennan,Corporate,United States,San Antonio,Texas,78207,Central,OFF-PA-10000994,Office Supplies,Paper,Xerox 1915,335.52,4,0.2,117.432
8820,CA-2015-142930,11/28/2015,12/2/2015,Standard Class,EB-14170,Evan Bailliet,Consumer,United States,Austin,Texas,78745,Central,OFF-PA-10003395,Office Supplies,Paper,Xerox 1941,335.52,4,0.2,117.432
3638,CA-2016-145177,11/10/2016,11/14/2016,Standard Class,PP-18955,Paul Prost,Home Office,United States,Springfield,Ohio,45503,East,OFF-AP-10002457,Office Supplies,Appliances,"Eureka The Boss Plus 12-Amp Hard Box Upright Vacuum, Red",334.88,4,0.2,29.302
1414,CA-2014-146640,6/30/2014,7/5/2014,Standard Class,HA-14905,Helen Abelman,Consumer,United States,New York City,New York,10024,East,OFF-BI-10002867,Office Supplies,Binders,GBC Recycled Regency Composition Covers,334.768,7,0.2,108.7996
4939,CA-2014-157147,1/13/2014,1/18/2014,Standard Class,BD-11605,Brian Dahlen,Consumer,United States,San Francisco,California,94109,West,FUR-BO-10003034,Furniture,Bookcases,"O'Sullivan Elevations Bookcase, Cherry Finish",333.999,3,0.15,3.9294
5246,CA-2016-156265,8/2/2016,8/4/2016,Second Class,BF-11020,Barry Französisch,Corporate,United States,Los Angeles,California,90032,West,TEC-PH-10001918,Technology,Phones,Nortel Business Series Terminal T7208 Digital phone,333.576,3,0.2,33.3576
5766,US-2014-126340,11/8/2014,11/14/2014,Standard Class,EB-13870,Emily Burns,Consumer,United States,Redding,California,96003,West,TEC-PH-10004447,Technology,Phones,Toshiba IPT2010-SD IP Telephone,333.576,3,0.2,25.0182
6655,CA-2017-135937,2/20/2017,2/27/2017,Standard Class,KM-16375,Katherine Murray,Home Office,United States,Gilbert,Arizona,85234,West,TEC-PH-10004447,Technology,Phones,Toshiba IPT2010-SD IP Telephone,333.576,3,0.2,25.0182
4478,CA-2017-130211,10/22/2017,10/22/2017,Same Day,BD-11620,Brian DeCherney,Consumer,United States,Lawton,Oklahoma,73505,Central,OFF-ST-10000129,Office Supplies,Storage,Fellowes Recycled Storage Drawers,333.09,3,0.0,23.3163
2010,CA-2014-116407,11/15/2014,11/21/2014,Standard Class,JF-15190,Jamie Frazer,Consumer,United States,Johnson City,Tennessee,37604,South,OFF-AP-10002118,Office Supplies,Appliances,"1.7 Cubic Foot Compact ""Cube"" Office Refrigerators",333.056,2,0.2,29.1424
3796,US-2014-117163,1/27/2014,2/2/2014,Standard Class,EJ-13720,Ed Jacobs,Consumer,United States,San Diego,California,92037,West,FUR-TA-10003469,Furniture,Tables,Balt Split Level Computer Training Table,333.0,3,0.2,-16.65
792,CA-2015-115938,6/26/2015,6/30/2015,Standard Class,SA-20830,Sue Ann Reed,Consumer,United States,Richmond,Virginia,23223,South,FUR-CH-10003199,Furniture,Chairs,Office Star - Contemporary Task Swivel Chair,332.94,3,0.0,79.9056
5240,CA-2016-116561,9/11/2016,9/17/2016,Standard Class,EB-14110,Eugene Barchas,Consumer,United States,San Jose,California,95123,West,OFF-ST-10004186,Office Supplies,Storage,"Stur-D-Stor Shelving, Vertical 5-Shelf: 72""H x 36""W x 18 1/2""D",332.94,3,0.0,6.6588
6422,CA-2016-140130,10/31/2016,11/5/2016,Standard Class,HW-14935,Helen Wasserman,Corporate,United States,Tulsa,Oklahoma,74133,Central,OFF-ST-10001128,Office Supplies,Storage,"Carina Mini System Audio Rack, Model AR050B",332.94,3,0.0,9.9882
9258,CA-2014-168368,2/11/2014,2/15/2014,Second Class,GA-14725,Guy Armstrong,Consumer,United States,Columbia,Missouri,65203,Central,FUR-FU-10002298,Furniture,Furnishings,"Rubbermaid ClusterMat Chairmats, Mat Size- 66"" x 60"", Lip 20"" x 11"" -90 Degree Angle",332.94,3,0.0,53.2704
9756,CA-2017-113705,3/27/2017,3/29/2017,Second Class,LC-16870,Lena Cacioppo,Consumer,United States,Richmond,Virginia,23223,South,OFF-ST-10001128,Office Supplies,Storage,"Carina Mini System Audio Rack, Model AR050B",332.94,3,0.0,9.9882
6508,US-2016-128909,10/9/2016,10/11/2016,Second Class,SP-20545,Sibella Parks,Corporate,United States,Philadelphia,Pennsylvania,19143,East,FUR-FU-10004071,Furniture,Furnishings,Luxo Professional Magnifying Clamp-On Fluorescent Lamps,332.832,4,0.2,-24.9624
6156,CA-2017-151484,4/20/2017,4/23/2017,First Class,CV-12805,Cynthia Voltz,Corporate,United States,Philadelphia,Pennsylvania,19120,East,OFF-ST-10000142,Office Supplies,Storage,Deluxe Rollaway Locking File with Drawer,332.704,1,0.2,33.2704
4230,CA-2017-100223,7/5/2017,7/10/2017,Standard Class,LS-16945,Linda Southworth,Corporate,United States,Dallas,Texas,75220,Central,FUR-FU-10003601,Furniture,Furnishings,"Deflect-o RollaMat Studded, Beveled Mat for Medium Pile Carpeting",332.028,9,0.6,-348.6294
5451,US-2014-119081,9/12/2014,9/19/2014,Standard Class,TA-21385,Tom Ashbrook,Home Office,United States,Olathe,Kansas,66062,Central,OFF-BI-10004519,Office Supplies,Binders,GBC DocuBind P100 Manual Binding Machine,331.96,2,0.0,149.382
5725,CA-2014-103191,9/22/2014,9/27/2014,Standard Class,VG-21805,Vivek Grady,Corporate,United States,Chicago,Illinois,60653,Central,OFF-ST-10002574,Office Supplies,Storage,"SAFCO Commercial Wire Shelving, Black",331.536,3,0.2,-82.884
7727,CA-2016-113978,9/25/2016,9/29/2016,Standard Class,TS-21505,Tony Sayre,Consumer,United States,Cleveland,Ohio,44105,East,OFF-ST-10002574,Office Supplies,Storage,"SAFCO Commercial Wire Shelving, Black",331.536,3,0.2,-82.884
7202,CA-2016-104276,11/27/2016,12/3/2016,Standard Class,HF-14995,Herbert Flentye,Consumer,United States,Fort Lauderdale,Florida,33311,South,FUR-TA-10001039,Furniture,Tables,KI Adjustable-Height Table,331.023,7,0.45,-114.3534
2229,CA-2016-139157,10/1/2016,10/5/2016,Standard Class,GM-14680,Greg Matthias,Consumer,United States,New York City,New York,10024,East,FUR-TA-10003238,Furniture,Tables,"Chromcraft Bull-Nose Wood 48"" x 96"" Rectangular Conference Tables",330.588,1,0.4,-115.7058
9900,US-2014-117380,3/28/2014,4/3/2014,Standard Class,MP-18175,Mike Pelletier,Home Office,United States,Springfield,Ohio,45503,East,FUR-TA-10000198,Furniture,Tables,Chromcraft Bull-Nose Wood Oval Conference Tables & Bases,330.588,1,0.4,-143.2548
642,CA-2017-167913,7/30/2017,8/3/2017,Second Class,JL-15835,John Lee,Consumer,United States,Mission Viejo,California,92691,West,OFF-ST-10000585,Office Supplies,Storage,Economy Rollaway Files,330.4,2,0.0,85.904
3555,CA-2014-120838,3/23/2014,3/26/2014,Second Class,PO-18865,Patrick O'Donnell,Consumer,United States,Los Angeles,California,90036,West,OFF-ST-10000585,Office Supplies,Storage,Economy Rollaway Files,330.4,2,0.0,85.904
6196,CA-2017-113453,10/21/2017,10/28/2017,Standard Class,CM-12160,Charles McCrossin,Consumer,United States,Philadelphia,Pennsylvania,19143,East,TEC-PH-10004165,Technology,Phones,Mitel MiVoice 5330e IP Phone,329.988,2,0.4,-76.9972
5353,CA-2016-123932,9/6/2016,9/12/2016,Standard Class,YC-21895,Yoseph Carroll,Corporate,United States,Dallas,Texas,75217,Central,TEC-PH-10002447,Technology,Phones,AT&T CL83451 4-Handset Telephone,329.584,2,0.2,37.0782
3307,CA-2014-104738,12/30/2014,1/1/2015,Second Class,SP-20620,Stefania Perrino,Corporate,United States,Laredo,Texas,78041,Central,TEC-PH-10000576,Technology,Phones,AT&T 1080 Corded phone,328.776,3,0.2,28.7679
5998,CA-2016-162187,12/11/2016,12/11/2016,Same Day,NS-18640,Noel Staavos,Corporate,United States,Columbus,Ohio,43229,East,FUR-TA-10003008,Furniture,Tables,"Lesro Round Back Collection Coffee Table, End Table",328.59,3,0.4,-147.8655
6537,CA-2014-169684,10/20/2014,10/23/2014,First Class,FH-14365,Fred Hopkins,Corporate,United States,Knoxville,Tennessee,37918,South,FUR-TA-10003008,Furniture,Tables,"Lesro Round Back Collection Coffee Table, End Table",328.59,3,0.4,-147.8655
5176,CA-2017-106432,10/19/2017,10/24/2017,Standard Class,CA-12265,Christina Anderson,Consumer,United States,Waco,Texas,76706,Central,FUR-BO-10004360,Furniture,Bookcases,Rush Hierlooms Collection Rich Wood Bookcases,328.3992,3,0.32,-91.7586
265,CA-2016-125318,6/6/2016,6/13/2016,Standard Class,RC-19825,Roy Collins,Consumer,United States,Chicago,Illinois,60610,Central,TEC-PH-10001433,Technology,Phones,Cisco Small Business SPA 502G VoIP phone,328.224,4,0.2,28.7196
6128,CA-2016-124100,3/31/2016,4/6/2016,Standard Class,EH-13990,Erica Hackney,Consumer,United States,New York City,New York,10009,East,FUR-CH-10003817,Furniture,Chairs,"Global Value Steno Chair, Gray",327.996,6,0.1,54.666
2594,CA-2017-128300,11/24/2017,11/26/2017,Second Class,RS-19765,Roland Schwarz,Corporate,United States,Summerville,South Carolina,29483,South,OFF-BI-10001597,Office Supplies,Binders,"Wilson Jones Ledger-Size, Piano-Hinge Binder, 2"", Blue",327.84,8,0.0,157.3632
598,CA-2014-131450,8/8/2014,8/15/2014,Standard Class,LR-16915,Lena Radford,Consumer,United States,San Diego,California,92024,West,FUR-FU-10001979,Furniture,Furnishings,Dana Halogen Swing-Arm Architect Lamp,327.76,8,0.0,91.7728
6291,US-2015-139675,3/13/2015,3/18/2015,Second Class,NF-18595,Nicole Fjeld,Home Office,United States,Chico,California,95928,West,FUR-FU-10001979,Furniture,Furnishings,Dana Halogen Swing-Arm Architect Lamp,327.76,8,0.0,91.7728
3024,CA-2017-124674,11/17/2017,11/23/2017,Standard Class,JB-16000,Joy Bell-,Consumer,United States,Brownsville,Texas,78521,Central,FUR-BO-10002202,Furniture,Bookcases,"Atlantic Metals Mobile 2-Shelf Bookcases, Custom Colors",327.7328,2,0.32,-14.4588
6551,CA-2015-126739,11/1/2015,11/3/2015,Second Class,JH-16180,Justin Hirsh,Consumer,United States,New York City,New York,10035,East,FUR-CH-10000422,Furniture,Chairs,Global Highback Leather Tilter in Burgundy,327.564,4,0.1,21.8376
9722,CA-2016-105781,2/16/2016,2/20/2016,Standard Class,JF-15565,Jill Fjeld,Consumer,United States,New York City,New York,10024,East,FUR-CH-10001802,Furniture,Chairs,Hon Every-Day Chair Series Swivel Task Chairs,326.646,3,0.1,39.9234
4543,CA-2017-113474,3/30/2017,3/31/2017,First Class,TM-21490,Tony Molinari,Consumer,United States,Oklahoma City,Oklahoma,73120,Central,OFF-EN-10004206,Office Supplies,Envelopes,Multimedia Mailers,325.86,2,0.0,149.8956
7627,US-2015-159499,11/21/2015,11/23/2015,Second Class,EM-14095,Eudokia Martin,Corporate,United States,Phoenix,Arizona,85023,West,OFF-AP-10002867,Office Supplies,Appliances,Fellowes Command Center 5-outlet power strip,325.632,6,0.2,28.4928
2087,CA-2016-140501,6/23/2016,6/28/2016,Standard Class,IM-15070,Irene Maddox,Consumer,United States,New York City,New York,10009,East,OFF-ST-10000060,Office Supplies,Storage,Fellowes Bankers Box Staxonsteel Drawer File/Stacking System,324.9,5,0.0,38.988
3247,US-2017-140907,12/10/2017,12/12/2017,Second Class,BP-11185,Ben Peterman,Corporate,United States,Seattle,Washington,98103,West,OFF-ST-10000060,Office Supplies,Storage,Fellowes Bankers Box Staxonsteel Drawer File/Stacking System,324.9,5,0.0,38.988
7801,CA-2017-157413,6/1/2017,6/6/2017,Standard Class,BW-11065,Barry Weirich,Consumer,United States,Philadelphia,Pennsylvania,19120,East,OFF-ST-10002756,Office Supplies,Storage,"Tennsco Stur-D-Stor Boltless Shelving, 5 Shelves, 24"" Deep, Sand",324.744,3,0.2,-77.1267
4323,US-2015-147662,2/14/2015,2/19/2015,Standard Class,KB-16315,Karl Braun,Consumer,United States,Akron,Ohio,44312,East,TEC-PH-10002834,Technology,Phones,Google Nexus 5,323.982,3,0.4,-80.9955
903,CA-2017-132353,9/15/2017,9/17/2017,First Class,DB-13060,Dave Brooks,Consumer,United States,Chicago,Illinois,60653,Central,TEC-PH-10004536,Technology,Phones,Avaya 5420 Digital phone,323.976,3,0.2,20.2485
6161,CA-2014-103989,3/19/2014,3/21/2014,First Class,MC-17605,Matt Connell,Corporate,United States,Lakeland,Florida,33801,South,TEC-PH-10004667,Technology,Phones,Cisco 8x8 Inc. 6753i IP Business Phone System,323.976,3,0.2,28.3479
9522,CA-2014-169446,12/19/2014,12/25/2014,Standard Class,SG-20605,Speros Goranitis,Consumer,United States,Chicago,Illinois,60623,Central,TEC-PH-10002817,Technology,Phones,RCA ViSYS 25425RE1 Corded phone,323.976,3,0.2,36.4473
2754,CA-2015-155306,4/17/2015,4/21/2015,Standard Class,GA-14515,George Ashbrook,Consumer,United States,San Francisco,California,94122,West,TEC-AC-10003174,Technology,Accessories,Plantronics S12 Corded Telephone Headset System,323.37,3,0.0,129.348
5534,US-2016-167472,6/6/2016,6/7/2016,First Class,CK-12595,Clytie Kelty,Consumer,United States,Little Rock,Arkansas,72209,South,TEC-AC-10003174,Technology,Accessories,Plantronics S12 Corded Telephone Headset System,323.37,3,0.0,129.348
907,CA-2017-143259,12/30/2017,1/3/2018,Standard Class,PO-18865,Patrick O'Donnell,Consumer,United States,New York City,New York,10009,East,FUR-BO-10003441,Furniture,Bookcases,"Bush Westfield Collection Bookcases, Fully Assembled",323.136,4,0.2,12.1176
2112,CA-2015-164882,10/31/2015,10/31/2015,Same Day,SG-20080,Sandra Glassco,Consumer,United States,Redlands,California,92374,West,FUR-CH-10004218,Furniture,Chairs,"Global Fabric Manager's Chair, Dark Gray",323.136,4,0.2,20.196
2561,CA-2015-147788,5/31/2015,6/4/2015,Standard Class,TM-21010,Tamara Manning,Consumer,United States,Orem,Utah,84057,West,OFF-ST-10000046,Office Supplies,Storage,Fellowes Super Stor/Drawer Files,323.1,2,0.0,61.389
2637,CA-2015-162369,8/15/2015,8/19/2015,Standard Class,TT-21265,Tim Taslimi,Corporate,United States,Los Angeles,California,90045,West,OFF-ST-10000046,Office Supplies,Storage,Fellowes Super Stor/Drawer Files,323.1,2,0.0,61.389
4277,CA-2017-151358,8/18/2017,8/22/2017,Standard Class,NF-18595,Nicole Fjeld,Home Office,United States,Seattle,Washington,98105,West,OFF-ST-10000046,Office Supplies,Storage,Fellowes Super Stor/Drawer Files,323.1,2,0.0,61.389
9680,CA-2015-130113,12/27/2015,12/31/2015,Standard Class,AH-10030,Aaron Hawkins,Corporate,United States,San Francisco,California,94122,West,OFF-ST-10000046,Office Supplies,Storage,Fellowes Super Stor/Drawer Files,323.1,2,0.0,61.389
876,CA-2016-116736,1/17/2016,1/21/2016,Standard Class,CC-12430,Chuck Clark,Home Office,United States,Concord,New Hampshire,3301,East,FUR-FU-10004017,Furniture,Furnishings,"Tenex Contemporary Contur Chairmats for Low and Medium Pile Carpet, Computer, 39"" x 49""",322.59,3,0.0,64.518
4147,CA-2015-136196,11/28/2015,12/4/2015,Standard Class,TP-21415,Tom Prescott,Consumer,United States,Freeport,New York,11520,East,FUR-FU-10004017,Furniture,Furnishings,"Tenex Contemporary Contur Chairmats for Low and Medium Pile Carpet, Computer, 39"" x 49""",322.59,3,0.0,64.518
9064,US-2014-151015,10/14/2014,10/20/2014,Standard Class,BD-11500,Bradley Drucker,Consumer,United States,Chicago,Illinois,60653,Central,OFF-PA-10002581,Office Supplies,Paper,Xerox 1951,322.192,13,0.2,100.685
3749,CA-2017-161956,8/27/2017,8/29/2017,Second Class,DR-12880,Dan Reichenbach,Corporate,United States,Inglewood,California,90301,West,OFF-AP-10001242,Office Supplies,Appliances,APC 7 Outlet Network SurgeArrest Surge Protector,321.92,4,0.0,96.576
250,CA-2016-154739,12/10/2016,12/15/2016,Second Class,LH-17155,Logan Haushalter,Consumer,United States,San Francisco,California,94109,West,FUR-CH-10002965,Furniture,Chairs,"Global Leather Highback Executive Chair with Pneumatic Height Adjustment, Black",321.568,2,0.2,28.1372
961,CA-2017-152142,11/14/2017,11/19/2017,Standard Class,LW-16990,Lindsay Williams,Corporate,United States,San Francisco,California,94110,West,FUR-CH-10002965,Furniture,Chairs,"Global Leather Highback Executive Chair with Pneumatic Height Adjustment, Black",321.568,2,0.2,28.1372
4469,CA-2017-168641,11/24/2017,12/1/2017,Standard Class,KA-16525,Kelly Andreada,Consumer,United States,New York City,New York,10035,East,FUR-BO-10000780,Furniture,Bookcases,O'Sullivan Plantations 2-Door Library in Landvery Oak,321.568,2,0.2,-16.0784
9462,CA-2014-100867,10/19/2014,10/24/2014,Standard Class,EH-14125,Eugene Hildebrand,Home Office,United States,Lakewood,California,90712,West,TEC-PH-10004922,Technology,Phones,RCA Visys Integrated PBX 8-Line Router,321.552,6,0.2,20.097
1984,CA-2014-164721,11/25/2014,11/27/2014,Second Class,LW-16825,Laurel Workman,Corporate,United States,Brentwood,California,94513,West,OFF-AP-10000240,Office Supplies,Appliances,Belkin F9G930V10-GRY 9 Outlet Surge,320.88,6,0.0,93.0552
7855,CA-2017-135587,12/7/2017,12/12/2017,Standard Class,BH-11710,Brosina Hoffman,Consumer,United States,Hattiesburg,Mississippi,39401,South,OFF-AP-10004540,Office Supplies,Appliances,"Eureka The Boss Lite 10-Amp Upright Vacuum, Blue",320.64,4,0.0,89.7792
6650,US-2017-124779,9/8/2017,9/11/2017,First Class,BF-11020,Barry Französisch,Corporate,United States,Arlington,Texas,76017,Central,TEC-CO-10001943,Technology,Copiers,Canon PC-428 Personal Copier,319.984,2,0.2,107.9946
9483,CA-2015-158351,6/20/2015,6/24/2015,Second Class,BC-11125,Becky Castell,Home Office,United States,Philadelphia,Pennsylvania,19134,East,TEC-AC-10001838,Technology,Accessories,Razer Tiamat Over Ear 7.1 Surround Sound PC Gaming Headset,319.984,2,0.2,91.9954
2234,CA-2015-123232,12/14/2015,12/16/2015,Second Class,DJ-13630,Doug Jacobs,Consumer,United States,Portland,Oregon,97206,West,TEC-PH-10001051,Technology,Phones,HTC One,319.968,4,0.2,35.9964
6554,CA-2014-137092,10/20/2014,10/22/2014,Second Class,LS-16975,Lindsay Shagiari,Home Office,United States,Chicago,Illinois,60653,Central,TEC-AC-10001606,Technology,Accessories,Logitech Wireless Performance Mouse MX for PC and Mac,319.968,4,0.2,71.9928
7694,CA-2014-102330,12/29/2014,1/3/2015,Standard Class,AI-10855,Arianne Irving,Consumer,United States,Brentwood,California,94513,West,TEC-PH-10001051,Technology,Phones,HTC One,319.968,4,0.2,35.9964
9831,CA-2014-113257,12/16/2014,12/18/2014,Second Class,SC-20305,Sean Christensen,Consumer,United States,Beaumont,Texas,77705,Central,TEC-AC-10004171,Technology,Accessories,Razer Kraken 7.1 Surround Sound Over Ear USB Gaming Headset,319.968,4,0.2,95.9904
4182,US-2017-136868,10/6/2017,10/12/2017,Standard Class,CR-12820,Cyra Reiten,Home Office,United States,New York City,New York,10035,East,TEC-AC-10001539,Technology,Accessories,Logitech G430 Surround Sound Gaming Headset with Dolby 7.1 Technology,319.96,4,0.0,115.1856
6575,CA-2016-160535,11/25/2016,11/30/2016,Standard Class,BP-11050,Barry Pond,Corporate,United States,Plainfield,New Jersey,7060,East,TEC-MA-10004255,Technology,Machines,Konica Minolta magicolor 1690MF Multifunction Printer,319.92,8,0.0,118.3704
2576,CA-2014-129091,11/22/2014,11/27/2014,Standard Class,RA-19885,Ruben Ausman,Corporate,United States,Columbus,Georgia,31907,South,OFF-BI-10001071,Office Supplies,Binders,GBC ProClick Punch Binding System,319.9,5,0.0,156.751
9169,CA-2016-140571,3/15/2016,3/19/2016,Standard Class,SJ-20125,Sanjit Jacobs,Home Office,United States,Jackson,Mississippi,39212,South,OFF-PA-10001954,Office Supplies,Paper,Xerox 1964,319.76,14,0.0,147.0896
58,CA-2016-111682,6/17/2016,6/18/2016,First Class,TB-21055,Ted Butterfield,Consumer,United States,Troy,New York,12180,East,FUR-CH-10003968,Furniture,Chairs,Novimex Turbo Task Chair,319.41,5,0.1,7.098
7099,CA-2017-144596,11/6/2017,11/10/2017,Standard Class,CD-11980,Carol Darley,Consumer,United States,New York City,New York,10011,East,OFF-PA-10003302,Office Supplies,Paper,Xerox 1906,318.96,9,0.0,149.9112
3239,US-2016-127971,11/20/2016,11/27/2016,Standard Class,DW-13195,David Wiener,Corporate,United States,Houston,Texas,77095,Central,FUR-CH-10003774,Furniture,Chairs,"Global Wood Trimmed Manager's Task Chair, Khaki",318.43,5,0.3,-77.333
7451,CA-2017-105669,9/17/2017,9/22/2017,Second Class,SJ-20125,Sanjit Jacobs,Home Office,United States,Houston,Texas,77036,Central,FUR-CH-10003774,Furniture,Chairs,"Global Wood Trimmed Manager's Task Chair, Khaki",318.43,5,0.3,-77.333
3225,CA-2014-108189,10/2/2014,10/5/2014,First Class,ES-14080,Erin Smith,Corporate,United States,Tempe,Arizona,85281,West,TEC-PH-10001760,Technology,Phones,Bose SoundLink Bluetooth Speaker,318.4,2,0.2,107.46
9079,CA-2016-108105,2/16/2016,2/23/2016,Standard Class,GW-14605,Giulietta Weimer,Consumer,United States,Henderson,Kentucky,42420,South,FUR-FU-10003773,Furniture,Furnishings,Eldon Cleatmat Plus Chair Mats for High Pile Carpets,318.08,4,0.0,34.9888
3245,CA-2017-113355,12/1/2017,12/5/2017,Standard Class,SJ-20215,Sarah Jordon,Consumer,United States,Grand Prairie,Texas,75051,Central,FUR-CH-10002602,Furniture,Chairs,DMI Arturo Collection Mission-style Design Wood Chair,317.058,3,0.3,-18.1176
6570,CA-2014-100678,4/18/2014,4/22/2014,Standard Class,KM-16720,Kunst Miller,Consumer,United States,Houston,Texas,77095,Central,FUR-CH-10002602,Furniture,Chairs,DMI Arturo Collection Mission-style Design Wood Chair,317.058,3,0.3,-18.1176
6766,CA-2017-100615,4/20/2017,4/24/2017,Standard Class,SJ-20215,Sarah Jordon,Consumer,United States,Chicago,Illinois,60653,Central,FUR-CH-10002602,Furniture,Chairs,DMI Arturo Collection Mission-style Design Wood Chair,317.058,3,0.3,-18.1176
9372,CA-2015-111339,5/29/2015,5/31/2015,First Class,VP-21760,Victoria Pisteka,Corporate,United States,Columbus,Ohio,43229,East,FUR-CH-10000863,Furniture,Chairs,Novimex Swivel Fabric Task Chair,317.058,3,0.3,-86.0586
651,CA-2016-160745,12/11/2016,12/16/2016,Second Class,AR-10825,Anthony Rawles,Corporate,United States,Vancouver,Washington,98661,West,TEC-AC-10001142,Technology,Accessories,First Data FD10 PIN Pad,316.0,4,0.0,31.6
2303,CA-2016-106558,1/17/2016,1/21/2016,Standard Class,DL-13495,Dionis Lloyd,Corporate,United States,Columbus,Georgia,31907,South,TEC-AC-10001142,Technology,Accessories,First Data FD10 PIN Pad,316.0,4,0.0,31.6
9202,CA-2016-152688,10/17/2016,10/20/2016,First Class,NR-18550,Nick Radford,Consumer,United States,Perth Amboy,New Jersey,8861,East,OFF-BI-10004584,Office Supplies,Binders,GBC ProClick 150 Presentation Binding System,315.98,1,0.0,148.5106
7270,CA-2016-133368,1/14/2016,1/20/2016,Standard Class,AG-10675,Anna Gayman,Consumer,United States,Concord,North Carolina,28027,South,FUR-FU-10003374,Furniture,Furnishings,Electrix Fluorescent Magnifier Lamps & Weighted Base,315.776,8,0.2,31.5776
9113,CA-2014-132010,10/13/2014,10/15/2014,First Class,MA-17995,Michelle Arnett,Home Office,United States,Richmond,Virginia,23223,South,OFF-ST-10003641,Office Supplies,Storage,Space Solutions Industrial Galvanized Steel Shelving.,315.2,4,0.0,6.304
9031,CA-2017-128041,9/1/2017,9/1/2017,Same Day,RW-19540,Rick Wilson,Corporate,United States,Seattle,Washington,98103,West,OFF-AP-10001005,Office Supplies,Appliances,Honeywell Quietcare HEPA Air Cleaner,314.6,4,0.0,103.818
2163,CA-2017-166296,3/13/2017,3/19/2017,Standard Class,KF-16285,Karen Ferguson,Home Office,United States,Manteca,California,95336,West,OFF-PA-10004359,Office Supplies,Paper,Multicolor Computer Printout Paper,314.55,3,0.0,150.984
4408,CA-2016-100041,11/20/2016,11/25/2016,Standard Class,BF-10975,Barbara Fisher,Corporate,United States,Columbus,Indiana,47201,Central,OFF-PA-10000418,Office Supplies,Paper,Xerox 189,314.55,3,0.0,150.984
4487,CA-2016-109365,11/3/2016,11/8/2016,Standard Class,XP-21865,Xylona Preis,Consumer,United States,Los Angeles,California,90049,West,OFF-PA-10004359,Office Supplies,Paper,Multicolor Computer Printout Paper,314.55,3,0.0,150.984
5173,CA-2016-122903,5/27/2016,5/29/2016,Second Class,LA-16780,Laura Armstrong,Corporate,United States,Detroit,Michigan,48205,Central,OFF-PA-10000994,Office Supplies,Paper,Xerox 1915,314.55,3,0.0,150.984
6105,US-2017-132381,8/22/2017,8/24/2017,First Class,Dp-13240,Dean percer,Home Office,United States,Philadelphia,Pennsylvania,19143,East,FUR-TA-10002356,Furniture,Tables,Bevis Boat-Shaped Conference Table,314.532,2,0.4,-83.8752
2872,CA-2014-148040,3/22/2014,3/26/2014,Standard Class,BF-11275,Beth Fritzler,Corporate,United States,Tucson,Arizona,85705,West,FUR-CH-10001482,Furniture,Chairs,Office Star - Mesh Screen back chair with Vinyl seat,314.352,3,0.2,-35.3646
3821,CA-2017-141873,10/9/2017,10/14/2017,Standard Class,HG-14845,Harry Greene,Consumer,United States,New York City,New York,10024,East,FUR-BO-10003034,Furniture,Bookcases,"O'Sullivan Elevations Bookcase, Cherry Finish",314.352,3,0.2,-15.7176
6044,CA-2017-145702,5/19/2017,5/24/2017,Second Class,AH-10075,Adam Hart,Corporate,United States,Knoxville,Tennessee,37918,South,FUR-CH-10001482,Furniture,Chairs,Office Star - Mesh Screen back chair with Vinyl seat,314.352,3,0.2,-35.3646
9335,CA-2017-110198,5/1/2017,5/2/2017,First Class,AG-10900,Arthur Gainer,Consumer,United States,Coral Springs,Florida,33065,South,FUR-BO-10001798,Furniture,Bookcases,Bush Somerset Collection Bookcase,314.352,3,0.2,-15.7176
8213,CA-2016-116337,11/7/2016,11/12/2016,Standard Class,MC-17845,Michael Chen,Consumer,United States,Dallas,Texas,75220,Central,OFF-ST-10001272,Office Supplies,Storage,"Mini 13-1/2 Capacity Data Binder Rack, Pearl",314.088,3,0.2,19.6305
9359,CA-2016-168046,1/25/2016,1/28/2016,Second Class,JD-15895,Jonathan Doherty,Corporate,United States,New York City,New York,10024,East,FUR-TA-10001095,Furniture,Tables,Chromcraft Round Conference Tables,313.722,3,0.4,-99.3453
438,CA-2016-147375,6/12/2016,6/14/2016,Second Class,PO-19180,Philisse Overcash,Home Office,United States,Chicago,Illinois,60623,Central,OFF-PA-10001970,Office Supplies,Paper,Xerox 1908,313.488,7,0.2,113.6394
5924,CA-2016-130288,11/26/2016,11/30/2016,Second Class,DK-13225,Dean Katz,Corporate,United States,New York City,New York,10011,East,FUR-TA-10002958,Furniture,Tables,"Bevis Oval Conference Table, Walnut",313.176,2,0.4,-120.0508
7396,CA-2016-110975,12/25/2016,12/30/2016,Standard Class,DB-12970,Darren Budd,Corporate,United States,New York City,New York,10024,East,FUR-TA-10002958,Furniture,Tables,"Bevis Oval Conference Table, Walnut",313.176,2,0.4,-120.0508
2550,US-2015-128090,8/16/2015,8/22/2015,Standard Class,JM-15865,John Murray,Consumer,United States,Phoenix,Arizona,85023,West,OFF-PA-10001878,Office Supplies,Paper,Xerox 1891,313.024,8,0.2,105.6456
2685,CA-2017-137085,6/29/2017,7/6/2017,Standard Class,CT-11995,Carol Triggs,Consumer,United States,Los Angeles,California,90004,West,OFF-BI-10000632,Office Supplies,Binders,Satellite Sectional Post Binders,312.552,9,0.2,101.5794
8895,CA-2016-167241,8/15/2016,8/22/2016,Standard Class,BD-11320,Bill Donatelli,Consumer,United States,Los Angeles,California,90004,West,FUR-FU-10004071,Furniture,Furnishings,Luxo Professional Magnifying Clamp-On Fluorescent Lamps,312.03,3,0.0,43.6842
6268,CA-2015-115392,10/1/2015,10/4/2015,Second Class,RM-19675,Robert Marley,Home Office,United States,Cambridge,Massachusetts,2138,East,TEC-PH-10002496,Technology,Phones,Cisco SPA301,311.98,2,0.0,93.594
3919,US-2017-142573,7/18/2017,7/23/2017,Standard Class,ML-17410,Maris LaWare,Consumer,United States,Phoenix,Arizona,85023,West,FUR-CH-10000513,Furniture,Chairs,High-Back Leather Manager's Chair,311.976,3,0.2,-42.8967
7831,CA-2015-137302,4/26/2015,5/1/2015,Standard Class,BW-11110,Bart Watters,Corporate,United States,San Diego,California,92105,West,TEC-PH-10003174,Technology,Phones,RCA ViSYS 25825 Wireless digital phone,311.976,3,0.2,38.997
6390,CA-2015-147529,2/7/2015,2/11/2015,Standard Class,DK-12835,Damala Kotsonis,Corporate,United States,Springfield,Virginia,22153,South,OFF-EN-10000056,Office Supplies,Envelopes,Cameo Buff Policy Envelopes,311.15,5,0.0,146.2405
769,CA-2014-106810,5/14/2014,5/20/2014,Standard Class,AJ-10795,Anthony Johnson,Corporate,United States,Saint Petersburg,Florida,33710,South,FUR-FU-10004306,Furniture,Furnishings,Electrix Halogen Magnifier Lamp,310.88,2,0.2,23.316
1689,CA-2017-143798,12/10/2017,12/12/2017,First Class,AW-10840,Anthony Witt,Consumer,United States,Philadelphia,Pennsylvania,19140,East,FUR-FU-10004306,Furniture,Furnishings,Electrix Halogen Magnifier Lamp,310.88,2,0.2,23.316
8072,CA-2017-151750,1/1/2017,1/5/2017,Standard Class,JM-15250,Janet Martin,Consumer,United States,Huntsville,Texas,77340,Central,FUR-CH-10003199,Furniture,Chairs,Office Star - Contemporary Task Swivel Chair,310.744,4,0.3,-26.6352
8397,CA-2014-152254,6/30/2014,6/30/2014,Same Day,BD-11620,Brian DeCherney,Consumer,United States,Wilmington,North Carolina,28403,South,OFF-PA-10001144,Office Supplies,Paper,Xerox 1913,310.688,7,0.2,108.7408
2092,CA-2017-166142,7/15/2017,7/19/2017,Standard Class,MM-17260,Magdelene Morse,Consumer,United States,Wilmington,Delaware,19805,East,FUR-TA-10004607,Furniture,Tables,Hon 2111 Invitation Series Straight Table,310.443,3,0.3,-48.7839
6036,US-2015-155369,4/19/2015,4/25/2015,Standard Class,PG-18820,Patrick Gardner,Consumer,United States,Carrollton,Texas,75007,Central,OFF-BI-10003925,Office Supplies,Binders,Fellowes PB300 Plastic Comb Binding Machine,310.392,4,0.8,-512.1468
2906,CA-2014-127586,9/26/2014,9/30/2014,Standard Class,CS-12400,Christopher Schild,Home Office,United States,Seattle,Washington,98115,West,OFF-ST-10002615,Office Supplies,Storage,"Dual Level, Single-Width Filing Carts",310.12,2,0.0,80.6312
9738,CA-2017-129294,3/16/2017,3/21/2017,Standard Class,KD-16615,Ken Dana,Corporate,United States,Los Angeles,California,90032,West,OFF-ST-10002615,Office Supplies,Storage,"Dual Level, Single-Width Filing Carts",310.12,2,0.0,80.6312
1363,CA-2017-125199,10/19/2017,10/25/2017,Standard Class,HM-14860,Harry Marie,Corporate,United States,Philadelphia,Pennsylvania,19120,East,TEC-PH-10001336,Technology,Phones,Digium D40 VoIP phone,309.576,4,0.4,-56.7556
7079,CA-2016-106950,9/2/2016,9/6/2016,Standard Class,JE-15715,Joe Elijah,Consumer,United States,Charlotte,North Carolina,28205,South,OFF-AP-10000159,Office Supplies,Appliances,Belkin F9M820V08 8 Outlet Surge,309.456,9,0.2,34.8138
2797,CA-2014-154599,4/12/2014,4/17/2014,Standard Class,KN-16450,Kean Nguyen,Corporate,United States,Redondo Beach,California,90278,West,FUR-BO-10001337,Furniture,Bookcases,O'Sullivan Living Dimensions 2-Shelf Bookcases,308.499,3,0.15,-18.147
714,US-2017-100048,5/19/2017,5/24/2017,Standard Class,RS-19765,Roland Schwarz,Corporate,United States,Mount Vernon,New York,10550,East,TEC-PH-10003012,Technology,Phones,Nortel Meridian M3904 Professional Digital phone,307.98,2,0.0,89.3142
1580,CA-2015-131338,8/9/2015,8/12/2015,First Class,NP-18325,Naresj Patel,Consumer,United States,New York City,New York,10024,East,TEC-PH-10003012,Technology,Phones,Nortel Meridian M3904 Professional Digital phone,307.98,2,0.0,89.3142
8163,CA-2015-120915,9/28/2015,10/3/2015,Second Class,JJ-15445,Jennifer Jackson,Consumer,United States,New York City,New York,10035,East,TEC-PH-10003012,Technology,Phones,Nortel Meridian M3904 Professional Digital phone,307.98,2,0.0,89.3142
8815,CA-2015-144274,11/23/2015,11/25/2015,Second Class,PW-19240,Pierre Wener,Consumer,United States,Wilmington,Delaware,19805,East,TEC-PH-10003012,Technology,Phones,Nortel Meridian M3904 Professional Digital phone,307.98,2,0.0,89.3142
2886,US-2016-159856,10/18/2016,10/22/2016,Standard Class,EP-13915,Emily Phan,Consumer,United States,Tempe,Arizona,85281,West,FUR-CH-10003396,Furniture,Chairs,Global Deluxe Steno Chair,307.92,5,0.2,-34.641
5338,CA-2017-111577,10/16/2017,10/21/2017,Standard Class,AJ-10780,Anthony Jacobs,Corporate,United States,Scottsdale,Arizona,85254,West,OFF-PA-10000062,Office Supplies,Paper,Green Bar Computer Printout Paper,307.776,7,0.2,111.5688
1715,CA-2017-104003,10/7/2017,10/13/2017,Standard Class,DC-13285,Debra Catini,Consumer,United States,San Francisco,California,94110,West,FUR-BO-10003965,Furniture,Bookcases,O'Sullivan Manor Hill 2-Door Library in Brianna Oak,307.666,2,0.15,-14.4784
8056,CA-2015-121188,8/28/2015,9/4/2015,Standard Class,CB-12025,Cassandra Brandow,Consumer,United States,Los Angeles,California,90049,West,FUR-BO-10004695,Furniture,Bookcases,O'Sullivan 2-Door Barrister Bookcase in Odessa Pine,307.666,2,0.15,28.9568
9625,CA-2017-137449,6/29/2017,6/30/2017,First Class,ME-17725,Max Engle,Consumer,United States,Dallas,Texas,75220,Central,FUR-TA-10002855,Furniture,Tables,Bevis Round Conference Table Top & Single Column Base,307.314,3,0.3,-39.5118
7796,CA-2015-112711,7/12/2015,7/18/2015,Standard Class,FM-14380,Fred McMath,Consumer,United States,Amarillo,Texas,79109,Central,TEC-PH-10000526,Technology,Phones,Vtech CS6719,307.168,4,0.2,30.7168
416,CA-2017-142636,11/3/2017,11/7/2017,Standard Class,KC-16675,Kimberly Carter,Corporate,United States,Seattle,Washington,98105,West,FUR-CH-10001891,Furniture,Chairs,Global Deluxe Office Fabric Chairs,307.136,4,0.2,26.8744
7837,CA-2015-149083,9/25/2015,9/30/2015,Standard Class,SH-19975,Sally Hughsby,Corporate,United States,Seattle,Washington,98103,West,FUR-CH-10004289,Furniture,Chairs,Global Super Steno Chair,307.136,4,0.2,-11.5176
5372,US-2017-136721,4/8/2017,4/12/2017,Standard Class,NH-18610,Nicole Hansen,Corporate,United States,Oak Park,Michigan,48237,Central,FUR-FU-10004188,Furniture,Furnishings,Luxo Professional Combination Clamp-On Lamps,306.9,3,0.0,79.794
2277,CA-2014-104283,6/27/2014,7/1/2014,Standard Class,LM-17065,Liz MacKendrick,Consumer,United States,Southaven,Mississippi,38671,South,OFF-ST-10004337,Office Supplies,Storage,"SAFCO Commercial Wire Shelving, 72h",306.2,5,0.0,0.0
8710,CA-2014-119144,11/16/2014,11/18/2014,First Class,JD-16150,Justin Deggeller,Corporate,United States,Los Angeles,California,90008,West,FUR-BO-10004015,Furniture,Bookcases,"Bush Andora Bookcase, Maple/Graphite Gray Finish",305.9745,3,0.15,25.1979
2172,US-2017-137491,11/19/2017,11/25/2017,Standard Class,LC-16930,Linda Cazamias,Corporate,United States,San Angelo,Texas,76903,Central,FUR-CH-10004675,Furniture,Chairs,"Lifetime Advantage Folding Chairs, 4/Carton",305.312,2,0.3,-8.7232
2944,CA-2017-126242,11/19/2017,11/24/2017,Standard Class,MC-18100,Mick Crebagga,Consumer,United States,Los Angeles,California,90049,West,OFF-ST-10000675,Office Supplies,Storage,"File Shuttle II and Handi-File, Black",305.01,9,0.0,76.2525
7290,CA-2016-153661,1/30/2016,1/31/2016,First Class,SC-20725,Steven Cartwright,Consumer,United States,San Francisco,California,94122,West,OFF-ST-10000675,Office Supplies,Storage,"File Shuttle II and Handi-File, Black",305.01,9,0.0,76.2525
9481,CA-2014-126193,9/7/2014,9/14/2014,Standard Class,SS-20410,Shahid Shariari,Consumer,United States,Oswego,Illinois,60543,Central,OFF-BI-10004632,Office Supplies,Binders,Ibico Hi-Tech Manual Binding System,304.99,5,0.8,-533.7325
5843,CA-2015-126725,11/17/2015,11/21/2015,Standard Class,BS-11665,Brian Stugart,Consumer,United States,San Diego,California,92105,West,OFF-ST-10001418,Office Supplies,Storage,Carina Media Storage Towers in Natural & Black,304.9,5,0.0,6.098
6284,CA-2016-100944,9/24/2016,9/28/2016,Standard Class,EH-13765,Edward Hooks,Corporate,United States,Los Angeles,California,90049,West,OFF-EN-10001453,Office Supplies,Envelopes,"Tyvek Interoffice Envelopes, 9 1/2"" x 12 1/2"", 100/Box",304.9,5,0.0,143.303
4194,CA-2015-150875,11/16/2015,11/20/2015,Standard Class,HK-14890,Heather Kirkland,Corporate,United States,Boise,Idaho,83704,West,TEC-PH-10001254,Technology,Phones,Jabra BIZ 2300 Duo QD Duo Corded Headset,304.776,3,0.2,22.8582
2004,CA-2017-163510,12/25/2017,12/28/2017,Second Class,JW-15955,Joni Wasserman,Consumer,United States,Louisville,Kentucky,40214,South,FUR-CH-10001146,Furniture,Chairs,"Global Value Mid-Back Manager's Chair, Gray",304.45,5,0.0,76.1125
4317,CA-2015-115945,6/25/2015,7/1/2015,Standard Class,AB-10165,Alan Barnes,Consumer,United States,Los Angeles,California,90045,West,OFF-ST-10001963,Office Supplies,Storage,Tennsco Regal Shelving Units,304.23,3,0.0,9.1269
8430,CA-2016-118129,12/19/2016,12/21/2016,Second Class,CL-12565,Clay Ludtke,Consumer,United States,Reading,Pennsylvania,19601,East,FUR-FU-10004904,Furniture,Furnishings,"Eldon ""L"" Workstation Diamond Chairmat",303.92,5,0.2,-30.392
4852,CA-2014-107818,9/8/2014,9/14/2014,Standard Class,MC-17275,Marc Crier,Consumer,United States,Pasco,Washington,99301,West,OFF-AR-10000380,Office Supplies,Art,"Hunt PowerHouse Electric Pencil Sharpener, Blue",303.84,8,0.0,91.152
4376,CA-2014-166954,4/25/2014,4/30/2014,Standard Class,BT-11305,Beth Thompson,Home Office,United States,San Gabriel,California,91776,West,FUR-FU-10003708,Furniture,Furnishings,"Tenex Traditional Chairmats for Medium Pile Carpet, Standard Lip, 36"" x 48""",303.25,5,0.0,63.6825
4424,CA-2017-159464,5/18/2017,5/19/2017,First Class,TB-21355,Todd Boyes,Corporate,United States,Sandy Springs,Georgia,30328,South,FUR-BO-10003546,Furniture,Bookcases,Hon 4-Shelf Metal Bookcases,302.94,3,0.0,75.735
4696,US-2015-138121,12/17/2015,12/17/2015,Same Day,JL-15835,John Lee,Consumer,United States,Detroit,Michigan,48205,Central,FUR-CH-10003846,Furniture,Chairs,Hon Valutask Swivel Chairs,302.94,3,0.0,48.4704
6588,CA-2017-104731,7/21/2017,7/27/2017,Standard Class,AM-10705,Anne McFarland,Consumer,United States,Salem,Virginia,24153,South,FUR-BO-10003441,Furniture,Bookcases,"Bush Westfield Collection Bookcases, Fully Assembled",302.94,3,0.0,69.6762
8521,CA-2017-118003,12/4/2017,12/10/2017,Standard Class,DO-13645,Doug O'Connell,Consumer,United States,Paterson,New Jersey,7501,East,FUR-CH-10004860,Furniture,Chairs,Global Low Back Tilter Chair,302.94,3,0.0,18.1764
9593,US-2016-105452,7/28/2016,8/1/2016,Standard Class,BF-11005,Barry Franz,Home Office,United States,Pasadena,Texas,77506,Central,FUR-FU-10003806,Furniture,Furnishings,"Tenex Chairmat w/ Average Lip, 45"" x 53""",302.72,5,0.6,-378.4
5028,US-2017-130953,7/29/2017,8/3/2017,Standard Class,RF-19735,Roland Fjeld,Consumer,United States,Oklahoma City,Oklahoma,73120,Central,FUR-CH-10004626,Furniture,Chairs,Office Star Flex Back Scooter Chair with Aluminum Finish Frame,302.67,3,0.0,72.6408
6522,CA-2017-138289,1/16/2017,1/18/2017,Second Class,AR-10540,Andy Reiter,Consumer,United States,Jackson,Michigan,49201,Central,FUR-CH-10004626,Furniture,Chairs,Office Star Flex Back Scooter Chair with Aluminum Finish Frame,302.67,3,0.0,72.6408
7248,US-2014-127978,3/3/2014,3/8/2014,Standard Class,JS-15595,Jill Stevenson,Corporate,United States,Columbus,Ohio,43229,East,FUR-BO-10001972,Furniture,Bookcases,O'Sullivan 4-Shelf Bookcase in Odessa Pine,302.45,5,0.5,-199.617
4086,CA-2016-111913,8/4/2016,8/6/2016,Second Class,LC-16930,Linda Cazamias,Corporate,United States,Sacramento,California,95823,West,TEC-PH-10002275,Technology,Phones,Mitel 5320 IP Phone VoIP phone,302.384,2,0.2,30.2384
4592,CA-2016-129868,12/26/2016,12/31/2016,Standard Class,MC-18130,Mike Caudle,Corporate,United States,Los Angeles,California,90004,West,TEC-PH-10002275,Technology,Phones,Mitel 5320 IP Phone VoIP phone,302.384,2,0.2,30.2384
219,CA-2016-130162,10/28/2016,11/1/2016,Standard Class,JH-15910,Jonathan Howell,Consumer,United States,Los Angeles,California,90032,West,TEC-PH-10002563,Technology,Phones,Adtran 1202752G1,302.376,3,0.2,22.6782
650,CA-2016-160745,12/11/2016,12/16/2016,Second Class,AR-10825,Anthony Rawles,Corporate,United States,Vancouver,Washington,98661,West,TEC-PH-10003273,Technology,Phones,AT&T TR1909W,302.376,3,0.2,22.6782
1879,CA-2017-118885,12/29/2017,1/2/2018,Standard Class,JG-15160,James Galang,Consumer,United States,Los Angeles,California,90049,West,TEC-PH-10002563,Technology,Phones,Adtran 1202752G1,302.376,3,0.2,22.6782
2714,CA-2014-110100,4/25/2014,4/29/2014,Standard Class,LC-16885,Lena Creighton,Consumer,United States,Wilmington,North Carolina,28403,South,TEC-PH-10004531,Technology,Phones,AT&T CL2909,302.376,3,0.2,37.797
2822,CA-2017-100202,12/31/2016,1/5/2017,Standard Class,BD-11620,Brian DeCherney,Consumer,United States,Anaheim,California,92804,West,TEC-PH-10002563,Technology,Phones,Adtran 1202752G1,302.376,3,0.2,22.6782
6438,US-2017-116897,5/27/2017,5/29/2017,First Class,JG-15160,James Galang,Consumer,United States,Pocatello,Idaho,83201,West,TEC-PH-10004389,Technology,Phones,Nokia Lumia 925,302.376,3,0.2,22.6782
8464,CA-2014-100881,3/28/2014,4/1/2014,Standard Class,DR-12940,Daniel Raglin,Home Office,United States,Albuquerque,New Mexico,87105,West,TEC-PH-10003273,Technology,Phones,AT&T TR1909W,302.376,3,0.2,22.6782
9424,CA-2014-145254,7/23/2014,7/27/2014,Standard Class,NC-18535,Nick Crebassa,Corporate,United States,San Francisco,California,94122,West,TEC-PH-10004531,Technology,Phones,AT&T CL2909,302.376,3,0.2,37.797
86,CA-2017-140088,5/28/2017,5/30/2017,Second Class,PO-18865,Patrick O'Donnell,Consumer,United States,Columbia,South Carolina,29203,South,FUR-CH-10000863,Furniture,Chairs,Novimex Swivel Fabric Task Chair,301.96,2,0.0,33.2156
623,CA-2015-138009,11/29/2015,12/3/2015,Standard Class,SF-20965,Sylvia Foulston,Corporate,United States,Dearborn,Michigan,48126,Central,FUR-CH-10004853,Furniture,Chairs,"Global Manager's Adjustable Task Chair, Storm",301.96,2,0.0,87.5684
830,CA-2017-129462,6/16/2017,6/21/2017,Second Class,JE-15745,Joel Eaton,Consumer,United States,Florence,Kentucky,41042,South,FUR-CH-10000665,Furniture,Chairs,"Global Airflow Leather Mesh Back Chair, Black",301.96,2,0.0,90.588
2416,CA-2015-146087,7/6/2015,7/11/2015,Standard Class,PP-18955,Paul Prost,Home Office,United States,Holyoke,Massachusetts,1040,East,FUR-BO-10002824,Furniture,Bookcases,Bush Mission Pointe Library,301.96,2,0.0,60.392
5163,CA-2016-115378,11/18/2016,11/23/2016,Second Class,AJ-10945,Ashley Jarboe,Consumer,United States,Taylor,Michigan,48180,Central,FUR-CH-10000863,Furniture,Chairs,Novimex Swivel Fabric Task Chair,301.96,2,0.0,33.2156
5860,CA-2015-108119,11/1/2015,11/8/2015,Standard Class,MS-17530,MaryBeth Skach,Consumer,United States,Conway,Arkansas,72032,South,FUR-TA-10002530,Furniture,Tables,"Iceberg OfficeWorks 42"" Round Tables",301.96,2,0.0,45.294
9130,CA-2016-130911,3/24/2016,3/26/2016,Second Class,DC-12850,Dan Campbell,Consumer,United States,Cleveland,Ohio,44105,East,FUR-BO-10004357,Furniture,Bookcases,O'Sullivan Living Dimensions 3-Shelf Bookcases,301.47,3,0.5,-241.176
9220,US-2015-164238,8/16/2015,8/20/2015,Standard Class,JW-15955,Joni Wasserman,Consumer,United States,Philadelphia,Pennsylvania,19120,East,FUR-BO-10000780,Furniture,Bookcases,O'Sullivan Plantations 2-Door Library in Landvery Oak,301.47,3,0.5,-204.9996
7636,US-2017-158526,12/29/2017,1/1/2018,Second Class,KH-16360,Katherine Hughes,Consumer,United States,Louisville,Kentucky,40214,South,FUR-CH-10004495,Furniture,Chairs,"Global Leather and Oak Executive Chair, Black",300.98,1,0.0,87.2842
2494,CA-2016-146206,9/10/2016,9/14/2016,Second Class,KT-16480,Kean Thornton,Consumer,United States,Houston,Texas,77095,Central,FUR-TA-10004086,Furniture,Tables,KI Adjustable-Height Table,300.93,5,0.3,-34.392
1355,CA-2017-162978,5/4/2017,5/9/2017,Standard Class,LW-16990,Lindsay Williams,Corporate,United States,San Francisco,California,94109,West,FUR-TA-10003473,Furniture,Tables,Bretford Rectangular Conference Table Tops,300.904,1,0.2,11.2839
8696,CA-2017-127096,9/15/2017,9/17/2017,Second Class,CS-12400,Christopher Schild,Home Office,United States,San Francisco,California,94109,West,FUR-TA-10003473,Furniture,Tables,Bretford Rectangular Conference Table Tops,300.904,1,0.2,11.2839
633,US-2016-135720,12/11/2016,12/13/2016,Second Class,FM-14380,Fred McMath,Consumer,United States,Aurora,Colorado,80013,West,TEC-PH-10002103,Technology,Phones,Jabra SPEAK 410,300.768,4,0.2,30.0768
2826,US-2014-112914,9/25/2014,9/30/2014,Standard Class,MT-18070,Michelle Tran,Home Office,United States,Houston,Texas,77041,Central,FUR-BO-10003272,Furniture,Bookcases,O'Sullivan Living Dimensions 5-Shelf Bookcases,300.5328,2,0.32,-97.2312
294,CA-2014-111451,12/26/2014,12/28/2014,First Class,KL-16555,Kelly Lampkin,Corporate,United States,Colorado Springs,Colorado,80906,West,FUR-FU-10004091,Furniture,Furnishings,"Howard Miller 13"" Diameter Goldtone Round Wall Clock",300.416,8,0.2,78.8592
8254,CA-2017-152310,8/12/2017,8/19/2017,Standard Class,DK-12895,Dana Kaydos,Consumer,United States,Seattle,Washington,98103,West,TEC-CO-10000971,Technology,Copiers,Hewlett Packard 310 Color Digital Copier,299.99,1,0.0,89.997
5073,CA-2014-124478,8/8/2014,8/12/2014,Standard Class,MA-17560,Matt Abelman,Home Office,United States,Trenton,Michigan,48183,Central,TEC-PH-10001128,Technology,Phones,Motorola Droid Maxx,299.98,2,0.0,83.9944
9094,US-2015-132836,6/1/2015,6/5/2015,Standard Class,AJ-10945,Ashley Jarboe,Consumer,United States,Detroit,Michigan,48227,Central,TEC-PH-10001299,Technology,Phones,Polycom CX300 Desktop Phone USB VoIP phone,299.98,2,0.0,83.9944
6382,CA-2016-127236,3/29/2016,4/2/2016,Standard Class,TB-21595,Troy Blackwell,Consumer,United States,Springfield,Ohio,45503,East,FUR-BO-10004015,Furniture,Bookcases,"Bush Andora Bookcase, Maple/Graphite Gray Finish",299.975,5,0.5,-167.986
715,US-2017-100048,5/19/2017,5/24/2017,Standard Class,RS-19765,Roland Schwarz,Corporate,United States,Mount Vernon,New York,10550,East,TEC-AC-10001606,Technology,Accessories,Logitech Wireless Performance Mouse MX for PC and Mac,299.97,3,0.0,113.9886
2738,CA-2015-115798,11/13/2015,11/19/2015,Standard Class,KL-16645,Ken Lonsdale,Consumer,United States,Newark,Delaware,19711,East,FUR-BO-10004467,Furniture,Bookcases,Bestar Classic Bookcase,299.97,3,0.0,56.9943
5950,CA-2017-161046,3/5/2017,3/5/2017,Same Day,CB-12535,Claudia Bergmann,Corporate,United States,Southaven,Mississippi,38671,South,TEC-AC-10004571,Technology,Accessories,Logitech G700s Rechargeable Gaming Mouse,299.97,3,0.0,125.9874
8841,CA-2014-153808,4/6/2014,4/10/2014,Second Class,FH-14275,Frank Hawley,Corporate,United States,Los Angeles,California,90004,West,TEC-AC-10004171,Technology,Accessories,Razer Kraken 7.1 Surround Sound Over Ear USB Gaming Headset,299.97,3,0.0,131.9868
8959,CA-2017-150266,11/25/2017,11/30/2017,Standard Class,RO-19780,Rose O'Brian,Consumer,United States,Houston,Texas,77070,Central,TEC-PH-10003437,Technology,Phones,Blue Parrot B250XT Professional Grade Wireless Bluetooth Headset with,299.96,5,0.2,37.495
8002,CA-2015-110870,12/12/2015,12/15/2015,First Class,KD-16270,Karen Daniels,Consumer,United States,Los Angeles,California,90032,West,TEC-AC-10002926,Technology,Accessories,Logitech Wireless Marathon Mouse M705,299.94,6,0.0,128.9742
1919,CA-2015-123673,10/30/2015,11/1/2015,Second Class,CH-12070,Cathy Hwang,Home Office,United States,Detroit,Michigan,48227,Central,TEC-PH-10001809,Technology,Phones,Panasonic KX T7736-B Digital phone,299.9,2,0.0,74.975
8295,US-2017-146906,3/13/2017,3/17/2017,Standard Class,MT-17815,Meg Tillman,Consumer,United States,New York City,New York,10011,East,TEC-PH-10001809,Technology,Phones,Panasonic KX T7736-B Digital phone,299.9,2,0.0,74.975
8336,CA-2017-161655,5/13/2017,5/18/2017,Second Class,CW-11905,Carl Weiss,Home Office,United States,Newark,Delaware,19711,East,OFF-BI-10002082,Office Supplies,Binders,GBC Twin Loop Wire Binding Elements,299.52,9,0.0,149.76
2821,CA-2016-160500,5/5/2016,5/8/2016,First Class,DM-13015,Darrin Martin,Consumer,United States,Encinitas,California,92024,West,FUR-TA-10003748,Furniture,Tables,Bevis 36 x 72 Conference Tables,298.776,3,0.2,7.4694
3107,CA-2017-127460,7/10/2017,7/14/2017,Standard Class,FG-14260,Frank Gastineau,Home Office,United States,Aurora,Illinois,60505,Central,OFF-ST-10004340,Office Supplies,Storage,"Fellowes Mobile File Cart, Black",298.464,6,0.2,26.1156
7930,CA-2017-167549,7/25/2017,7/27/2017,First Class,EM-14200,Evan Minnotte,Home Office,United States,Dallas,Texas,75217,Central,FUR-TA-10004767,Furniture,Tables,Safco Drafting Table,298.116,6,0.3,-4.2588
1665,CA-2016-128531,11/24/2016,11/26/2016,Second Class,NS-18505,Neola Schneider,Consumer,United States,Dallas,Texas,75217,Central,TEC-AC-10002049,Technology,Accessories,Logitech G19 Programmable Gaming Keyboard,297.576,3,0.2,-7.4394
9893,US-2016-115441,7/25/2016,7/28/2016,Second Class,SH-19975,Sally Hughsby,Corporate,United States,Milwaukee,Wisconsin,53209,Central,TEC-PH-10002262,Technology,Phones,LG Electronics Tone+ HBS-730 Bluetooth Headset,297.55,5,0.0,83.314
1961,CA-2017-110905,9/10/2017,9/15/2017,Second Class,RW-19690,Robert Waldorf,Consumer,United States,Springfield,Missouri,65807,Central,TEC-AC-10003023,Technology,Accessories,Logitech G105 Gaming Keyboard,296.85,5,0.0,53.433
9724,CA-2014-101364,12/22/2014,12/26/2014,Standard Class,TW-21025,Tamara Willingham,Home Office,United States,New York City,New York,10011,East,OFF-BI-10003984,Office Supplies,Binders,Lock-Up Easel 'Spel-Binder',296.712,13,0.2,100.1403
723,CA-2016-142335,12/15/2016,12/19/2016,Standard Class,MP-17965,Michael Paige,Corporate,United States,Detroit,Michigan,48205,Central,OFF-ST-10000036,Office Supplies,Storage,"Recycled Data-Pak for Archival Bound Computer Printouts, 12-1/2 x 12-1/2 x 16",296.37,3,0.0,80.0199
5307,US-2016-168410,2/21/2016,2/26/2016,Standard Class,BV-11245,Benjamin Venier,Corporate,United States,Oceanside,New York,11572,East,OFF-ST-10000036,Office Supplies,Storage,"Recycled Data-Pak for Archival Bound Computer Printouts, 12-1/2 x 12-1/2 x 16",296.37,3,0.0,80.0199
6489,CA-2015-120621,3/21/2015,3/26/2015,Standard Class,JW-16075,Julia West,Consumer,United States,Jacksonville,North Carolina,28540,South,OFF-PA-10002254,Office Supplies,Paper,Xerox 1883,295.456,14,0.2,96.0232
9090,CA-2016-131093,9/17/2016,9/20/2016,Second Class,TS-21610,Troy Staebel,Consumer,United States,Springfield,Ohio,45503,East,OFF-ST-10002790,Office Supplies,Storage,Safco Industrial Shelving,295.4,5,0.2,-62.7725
8045,CA-2017-165008,9/15/2017,9/17/2017,Second Class,DO-13645,Doug O'Connell,Consumer,United States,Salt Lake City,Utah,84106,West,OFF-BI-10002794,Office Supplies,Binders,"Avery Trapezoid Ring Binder, 3"" Capacity, Black, 1040 sheets",295.056,9,0.2,106.9578
588,CA-2015-128139,7/3/2015,7/9/2015,Standard Class,BD-11725,Bruce Degenhardt,Consumer,United States,Richmond,Kentucky,40475,South,OFF-LA-10003930,Office Supplies,Labels,"Dot Matrix Printer Tape Reel Labels, White, 5000/Box",294.93,3,0.0,144.5157
1996,US-2017-147221,12/2/2017,12/4/2017,Second Class,JS-16030,Joy Smith,Consumer,United States,Houston,Texas,77036,Central,OFF-AP-10002534,Office Supplies,Appliances,3.6 Cubic Foot Counter Height Office Refrigerator,294.62,5,0.8,-766.012
8210,CA-2015-141565,9/20/2015,9/24/2015,Standard Class,BG-11035,Barry Gonzalez,Consumer,United States,Nashville,Tennessee,37211,South,OFF-ST-10001522,Office Supplies,Storage,"Gould Plastics 18-Pocket Panel Bin, 34w x 5-1/4d x 20-1/2h",294.368,4,0.2,-58.8736
8162,CA-2015-120915,9/28/2015,10/3/2015,Second Class,JJ-15445,Jennifer Jackson,Consumer,United States,New York City,New York,10035,East,OFF-AP-10002578,Office Supplies,Appliances,"Fellowes Premier Superior Surge Suppressor, 10-Outlet, With Phone and Remote",293.52,6,0.0,76.3152
1763,CA-2015-130785,9/5/2015,9/9/2015,Standard Class,AG-10900,Arthur Gainer,Consumer,United States,San Diego,California,92105,West,FUR-BO-10003159,Furniture,Bookcases,"Sauder Camden County Collection Libraries, Planked Cherry Finish",293.199,3,0.15,-20.6964
1268,US-2014-167738,12/24/2014,12/29/2014,Standard Class,JC-16105,Julie Creighton,Corporate,United States,Los Angeles,California,90045,West,FUR-CH-10001146,Furniture,Chairs,"Global Value Mid-Back Manager's Chair, Gray",292.272,6,0.2,18.267
7299,CA-2014-163468,11/18/2014,11/21/2014,First Class,JK-15730,Joe Kamberova,Consumer,United States,Des Plaines,Illinois,60016,Central,FUR-TA-10002533,Furniture,Tables,BPI Conference Tables,292.1,4,0.5,-175.26
9757,CA-2017-113705,3/27/2017,3/29/2017,Second Class,LC-16870,Lena Cacioppo,Consumer,United States,Richmond,Virginia,23223,South,FUR-TA-10002533,Furniture,Tables,BPI Conference Tables,292.1,2,0.0,58.42
432,US-2016-123750,4/15/2016,4/21/2016,Standard Class,RB-19795,Ross Baird,Home Office,United States,Gastonia,North Carolina,28052,South,TEC-AC-10004659,Technology,Accessories,Imation Secure+ Hardware Encrypted USB 2.0 Flash Drive; 16GB,291.96,5,0.2,54.7425
1970,CA-2017-117485,9/23/2017,9/29/2017,Standard Class,BD-11320,Bill Donatelli,Consumer,United States,Tulsa,Oklahoma,74133,Central,TEC-AC-10004659,Technology,Accessories,Imation Secure+ Hardware Encrypted USB 2.0 Flash Drive; 16GB,291.96,4,0.0,102.186
6227,CA-2015-133445,10/5/2015,10/9/2015,Standard Class,JF-15490,Jeremy Farry,Consumer,United States,Portland,Oregon,97206,West,FUR-CH-10000422,Furniture,Chairs,Global Highback Leather Tilter in Burgundy,291.168,4,0.2,-14.5584
7731,CA-2017-104850,6/13/2017,6/19/2017,Standard Class,TW-21025,Tamara Willingham,Home Office,United States,Seattle,Washington,98103,West,FUR-CH-10003774,Furniture,Chairs,"Global Wood Trimmed Manager's Task Chair, Khaki",291.136,4,0.2,-25.4744
6540,CA-2015-109862,10/25/2015,10/30/2015,Standard Class,HK-14890,Heather Kirkland,Corporate,United States,Newark,Delaware,19711,East,FUR-CH-10002439,Furniture,Chairs,"Iceberg Nesting Folding Chair, 19w x 6d x 43h",291.1,5,0.0,75.686
4515,CA-2016-120873,10/27/2016,11/1/2016,Second Class,BW-11200,Ben Wallace,Consumer,United States,Hampton,Virginia,23666,South,FUR-CH-10000847,Furniture,Chairs,Global Executive Mid-Back Manager's Chair,290.98,1,0.0,75.6548
327,US-2016-141544,8/30/2016,9/1/2016,First Class,PO-18850,Patrick O'Brill,Consumer,United States,Philadelphia,Pennsylvania,19143,East,TEC-PH-10003645,Technology,Phones,Aastra 57i VoIP phone,290.898,3,0.4,-67.8762
1611,CA-2014-156349,5/26/2014,5/30/2014,Standard Class,ML-17395,Marina Lichtenstein,Corporate,United States,Los Angeles,California,90008,West,FUR-BO-10000362,Furniture,Bookcases,Sauder Inglewood Library Bookcases,290.666,2,0.15,27.3568
3366,CA-2014-115161,1/31/2014,2/2/2014,First Class,LC-17050,Liz Carlisle,Consumer,United States,Mission Viejo,California,92691,West,FUR-BO-10003966,Furniture,Bookcases,"Sauder Facets Collection Library, Sky Alder Finish",290.666,2,0.15,3.4196
7140,CA-2015-163965,11/20/2015,11/27/2015,Standard Class,SS-20875,Sung Shariari,Consumer,United States,Miami,Florida,33180,South,FUR-BO-10001337,Furniture,Bookcases,O'Sullivan Living Dimensions 2-Shelf Bookcases,290.352,3,0.2,-36.294
9872,CA-2017-146269,10/6/2017,10/6/2017,Same Day,MH-17455,Mark Hamilton,Consumer,United States,Chicago,Illinois,60623,Central,OFF-ST-10003208,Office Supplies,Storage,Adjustable Depth Letter/Legal Cart,290.336,2,0.2,32.6628
2049,CA-2015-142237,7/11/2015,7/13/2015,First Class,CK-12595,Clytie Kelty,Consumer,United States,Philadelphia,Pennsylvania,19134,East,FUR-FU-10004848,Furniture,Furnishings,"Howard Miller 13-3/4"" Diameter Brushed Chrome Round Wall Clock",289.8,7,0.2,36.225
6492,CA-2016-113845,11/20/2016,11/25/2016,Standard Class,FA-14230,Frank Atkinson,Corporate,United States,Orlando,Florida,32839,South,FUR-BO-10004695,Furniture,Bookcases,O'Sullivan 2-Door Barrister Bookcase in Odessa Pine,289.568,2,0.2,10.8588
7003,CA-2014-133158,8/19/2014,8/21/2014,Second Class,DW-13195,David Wiener,Corporate,United States,Los Angeles,California,90045,West,FUR-FU-10000723,Furniture,Furnishings,"Deflect-o EconoMat Studded, No Bevel Mat for Low Pile Carpeting",289.24,7,0.0,26.0316
308,CA-2014-111003,6/1/2014,6/6/2014,Standard Class,CR-12625,Corey Roper,Home Office,United States,Lakewood,New Jersey,8701,East,OFF-AR-10002135,Office Supplies,Art,Boston Heavy-Duty Trimline Electric Pencil Sharpeners,289.2,6,0.0,83.868
3069,CA-2017-106859,3/13/2017,3/18/2017,Second Class,BF-11215,Benjamin Farhat,Home Office,United States,Albuquerque,New Mexico,87105,West,OFF-PA-10001815,Office Supplies,Paper,Xerox 1885,288.24,6,0.0,138.3552
8769,CA-2015-151722,10/5/2015,10/9/2015,Standard Class,IL-15100,Ivan Liston,Consumer,United States,Columbus,Ohio,43229,East,TEC-AC-10000892,Technology,Accessories,NETGEAR N750 Dual Band Wi-Fi Gigabit Router,288.0,4,0.2,57.6
8779,CA-2017-135377,12/13/2017,12/18/2017,Standard Class,BP-11095,Bart Pistole,Corporate,United States,New York City,New York,10024,East,FUR-BO-10004015,Furniture,Bookcases,"Bush Andora Bookcase, Maple/Graphite Gray Finish",287.976,3,0.2,7.1994
1305,US-2017-126179,7/3/2017,7/7/2017,Standard Class,CS-12460,Chuck Sachs,Consumer,United States,Columbus,Georgia,31907,South,TEC-PH-10001557,Technology,Phones,Pyle PMP37LED,287.97,3,0.0,77.7519
2291,CA-2015-149342,4/20/2015,4/25/2015,Standard Class,TS-21160,Theresa Swint,Corporate,United States,Columbus,Georgia,31907,South,TEC-PH-10001557,Technology,Phones,Pyle PMP37LED,287.97,3,0.0,77.7519
5130,CA-2014-160766,9/14/2014,9/14/2014,Same Day,DM-13015,Darrin Martin,Consumer,United States,New York City,New York,10009,East,TEC-PH-10000526,Technology,Phones,Vtech CS6719,287.97,3,0.0,80.6316
3533,CA-2014-110849,4/18/2014,4/23/2014,Standard Class,JL-15835,John Lee,Consumer,United States,Los Angeles,California,90049,West,TEC-MA-10002859,Technology,Machines,Ativa MDM8000 8-Sheet Micro-Cut Shredder,287.968,4,0.2,97.1892
3983,CA-2016-135265,7/7/2016,7/9/2016,Second Class,CC-12370,Christopher Conant,Consumer,United States,Los Angeles,California,90045,West,FUR-CH-10003061,Furniture,Chairs,"Global Leather Task Chair, Black",287.968,4,0.2,-3.5996
848,CA-2015-114300,10/13/2015,10/17/2015,Standard Class,AF-10885,Art Foster,Consumer,United States,Louisville,Kentucky,40214,South,FUR-CH-10001891,Furniture,Chairs,Global Deluxe Office Fabric Chairs,287.94,3,0.0,77.7438
427,CA-2017-149160,11/23/2017,11/26/2017,Second Class,JM-15265,Janet Molinari,Corporate,United States,Canton,Michigan,48187,Central,OFF-BI-10001543,Office Supplies,Binders,GBC VeloBinder Manual Binding System,287.92,8,0.0,138.2016
4004,CA-2016-145730,3/3/2016,3/8/2016,Standard Class,CC-12220,Chris Cortes,Consumer,United States,San Antonio,Texas,78207,Central,TEC-MA-10001016,Technology,Machines,Canon PC170 Desktop Personal Copier,287.91,3,0.4,33.5895
9107,CA-2015-163181,11/7/2015,11/12/2015,Standard Class,AB-10105,Adrian Barton,Consumer,United States,Houston,Texas,77041,Central,TEC-MA-10001016,Technology,Machines,Canon PC170 Desktop Personal Copier,287.91,3,0.4,33.5895
6013,CA-2015-135580,12/30/2015,1/3/2016,Standard Class,CL-12565,Clay Ludtke,Consumer,United States,Los Angeles,California,90049,West,TEC-PH-10004345,Technology,Phones,Cisco SPA 502G IP Phone,287.88,3,0.2,35.985
8560,CA-2016-132829,12/23/2016,12/26/2016,Second Class,LA-16780,Laura Armstrong,Corporate,United States,Houston,Texas,77041,Central,TEC-PH-10004345,Technology,Phones,Cisco SPA 502G IP Phone,287.88,3,0.2,35.985
1137,CA-2016-152170,11/12/2016,11/15/2016,Second Class,FH-14275,Frank Hawley,Corporate,United States,La Porte,Indiana,46350,Central,OFF-EN-10002831,Office Supplies,Envelopes,"Tyvek  Top-Opening Peel & Seel  Envelopes, Gray",287.52,8,0.0,129.384
2862,CA-2017-138975,5/19/2017,5/23/2017,Standard Class,SC-20380,Shahid Collister,Consumer,United States,Atlanta,Georgia,30318,South,OFF-PA-10000100,Office Supplies,Paper,Xerox 1945,286.93,7,0.0,140.5957
6514,CA-2017-167640,3/6/2017,3/10/2017,Standard Class,FC-14245,Frank Carlisle,Home Office,United States,San Francisco,California,94109,West,OFF-PA-10001033,Office Supplies,Paper,Xerox 1893,286.93,7,0.0,140.5957
9727,CA-2017-167395,12/2/2017,12/4/2017,First Class,KM-16720,Kunst Miller,Consumer,United States,Lowell,Massachusetts,1852,East,OFF-AP-10001293,Office Supplies,Appliances,Belkin 8 Outlet Surge Protector,286.86,7,0.0,80.3208
8419,CA-2017-118199,5/9/2017,5/11/2017,First Class,LB-16795,Laurel Beltran,Home Office,United States,Seattle,Washington,98105,West,FUR-TA-10004154,Furniture,Tables,"Riverside Furniture Oval Coffee Table, Oval End Table, End Table with Drawer",286.85,1,0.0,63.107
3463,CA-2015-152611,2/20/2015,2/23/2015,Second Class,KA-16525,Kelly Andreada,Consumer,United States,Perth Amboy,New Jersey,8861,East,OFF-AR-10003903,Office Supplies,Art,Sanford 52201 APSCO Electric Pencil Sharpener,286.79,7,0.0,74.5654
7315,CA-2016-121377,5/28/2016,6/2/2016,Standard Class,TN-21040,Tanja Norvell,Home Office,United States,Park Ridge,Illinois,60068,Central,TEC-PH-10001817,Technology,Phones,Wilson Electronics DB Pro Signal Booster,286.4,1,0.2,25.06
1302,CA-2016-137043,12/23/2016,12/25/2016,Second Class,LC-17140,Logan Currie,Consumer,United States,Springfield,Virginia,22153,South,FUR-FU-10003664,Furniture,Furnishings,"Electrix Architect's Clamp-On Swing Arm Lamp, Black",286.38,3,0.0,83.0502
3991,CA-2014-137589,11/3/2014,11/8/2014,Standard Class,MS-17770,Maxwell Schwartz,Consumer,United States,Lancaster,Pennsylvania,17602,East,OFF-SU-10000157,Office Supplies,Supplies,Compact Automatic Electric Letter Opener,286.344,3,0.2,-64.4274
1965,CA-2017-110905,9/10/2017,9/15/2017,Second Class,RW-19690,Robert Waldorf,Consumer,United States,Springfield,Missouri,65807,Central,OFF-ST-10000025,Office Supplies,Storage,Fellowes Stor/Drawer Steel Plus Storage Drawers,286.29,3,0.0,17.1774
7725,CA-2016-113978,9/25/2016,9/29/2016,Standard Class,TS-21505,Tony Sayre,Consumer,United States,Cleveland,Ohio,44105,East,OFF-AP-10003849,Office Supplies,Appliances,Hoover Shoulder Vac Commercial Portable Vacuum,286.256,1,0.2,17.891
6380,CA-2017-150623,4/10/2017,4/14/2017,Standard Class,DB-13360,Dennis Bolton,Home Office,United States,Waterbury,Connecticut,6708,East,OFF-ST-10003692,Office Supplies,Storage,Recycled Steel Personal File for Hanging File Folders,286.15,5,0.0,71.5375
9439,CA-2017-126144,7/31/2017,8/5/2017,Standard Class,GM-14680,Greg Matthias,Consumer,United States,Philadelphia,Pennsylvania,19134,East,TEC-PH-10001079,Technology,Phones,Polycom SoundPoint Pro SE-225 Corded phone,285.576,4,0.4,-57.1152
1322,CA-2017-167703,2/3/2017,2/8/2017,Standard Class,MC-17575,Matt Collins,Consumer,United States,Cincinnati,Ohio,45231,East,OFF-ST-10001490,Office Supplies,Storage,"Hot File 7-Pocket, Floor Stand",285.552,2,0.2,35.694
5823,CA-2017-117632,5/12/2017,5/18/2017,Standard Class,CS-12175,Charles Sheldon,Corporate,United States,San Francisco,California,94122,West,FUR-TA-10001520,Furniture,Tables,"Lesro Sheffield Collection Coffee Table, End Table, Center Table, Corner Table",285.48,5,0.2,-10.7055
5637,CA-2017-123022,9/3/2017,9/8/2017,Standard Class,SC-20050,Sample Company A,Home Office,United States,La Mesa,California,91941,West,TEC-AC-10000474,Technology,Accessories,Kensington Expert Mouse Optical USB Trackball for PC or Mac,284.97,3,0.0,85.491
691,US-2014-117135,6/21/2014,6/23/2014,Second Class,NP-18325,Naresj Patel,Consumer,United States,Waynesboro,Virginia,22980,South,TEC-PH-10002033,Technology,Phones,Konftel 250 Conference phone - Charcoal black,284.82,1,0.0,74.0532
454,CA-2017-147277,10/20/2017,10/24/2017,Standard Class,EB-13705,Ed Braxton,Corporate,United States,Akron,Ohio,44312,East,FUR-TA-10001539,Furniture,Tables,Chromcraft Rectangular Conference Tables,284.364,2,0.4,-75.8304
3157,CA-2015-139584,8/24/2015,8/28/2015,Standard Class,EM-13810,Eleni McCrary,Corporate,United States,New York City,New York,10009,East,FUR-TA-10001539,Furniture,Tables,Chromcraft Rectangular Conference Tables,284.364,2,0.4,-75.8304
8140,CA-2016-102561,7/18/2016,7/22/2016,Standard Class,NK-18490,Neil Knudson,Home Office,United States,Philadelphia,Pennsylvania,19140,East,OFF-ST-10001476,Office Supplies,Storage,Steel Personal Filing/Posting Tote,284.08,10,0.2,24.857
540,CA-2015-134894,12/7/2015,12/11/2015,Standard Class,DK-12985,Darren Koutras,Consumer,United States,Henderson,Kentucky,42420,South,FUR-CH-10002647,Furniture,Chairs,"Situations Contoured Folding Chairs, 4/Set",283.92,4,0.0,70.98
800,CA-2015-101910,11/27/2015,12/3/2015,Standard Class,CD-11920,Carlos Daly,Consumer,United States,Lake Elsinore,California,92530,West,FUR-CH-10002647,Furniture,Chairs,"Situations Contoured Folding Chairs, 4/Set",283.92,5,0.2,17.745
2072,US-2017-110996,11/20/2017,11/25/2017,Standard Class,KA-16525,Kelly Andreada,Consumer,United States,Ontario,California,91761,West,FUR-CH-10003956,Furniture,Chairs,Novimex High-Tech Fabric Mesh Task Chair,283.92,5,0.2,-46.137
4942,CA-2015-156482,2/6/2015,2/13/2015,Standard Class,IL-15100,Ivan Liston,Consumer,United States,Wilmington,Delaware,19805,East,FUR-BO-10002598,Furniture,Bookcases,"Hon Metal Bookcases, Putty",283.92,4,0.0,82.3368
9032,CA-2017-128041,9/1/2017,9/1/2017,Same Day,RW-19540,Rick Wilson,Corporate,United States,Seattle,Washington,98103,West,FUR-TA-10002607,Furniture,Tables,KI Conference Tables,283.56,4,0.0,45.3696
4672,CA-2016-133550,7/31/2016,8/6/2016,Standard Class,KL-16645,Ken Lonsdale,Consumer,United States,Detroit,Michigan,48205,Central,OFF-AP-10001005,Office Supplies,Appliances,Honeywell Quietcare HEPA Air Cleaner,283.14,4,0.1,72.358
1053,US-2015-153500,7/3/2015,7/5/2015,First Class,DG-13300,Deirdre Greer,Corporate,United States,Philadelphia,Pennsylvania,19134,East,FUR-FU-10004460,Furniture,Furnishings,"Howard Miller 12"" Round Wall Clock",282.888,9,0.2,56.5776
9610,CA-2016-130638,5/16/2016,5/19/2016,Second Class,SC-20095,Sanjit Chand,Consumer,United States,Los Angeles,California,90045,West,FUR-FU-10002116,Furniture,Furnishings,"Tenex Carpeted, Granite-Look or Clear Contemporary Contour Shape Chair Mats",282.84,4,0.0,19.7988
1967,CA-2017-165841,12/21/2017,12/28/2017,Standard Class,DB-13210,Dean Braden,Consumer,United States,Paterson,New Jersey,7501,East,TEC-PH-10002103,Technology,Phones,Jabra SPEAK 410,281.97,3,0.0,78.9516
9649,CA-2014-150518,11/19/2014,11/24/2014,Standard Class,MW-18220,Mitch Webber,Consumer,United States,Coon Rapids,Minnesota,55433,Central,TEC-PH-10002103,Technology,Phones,Jabra SPEAK 410,281.97,3,0.0,78.9516
3266,US-2014-126571,10/11/2014,10/15/2014,Standard Class,JF-15565,Jill Fjeld,Consumer,United States,Philadelphia,Pennsylvania,19120,East,OFF-ST-10003816,Office Supplies,Storage,Fellowes High-Stak Drawer Files,281.904,2,0.2,10.5714
1357,US-2014-160444,7/5/2014,7/5/2014,Same Day,DC-12850,Dan Campbell,Consumer,United States,Houston,Texas,77036,Central,OFF-ST-10000563,Office Supplies,Storage,Fellowes Bankers Box Stor/Drawer Steel Plus,281.424,11,0.2,-35.178
3406,US-2014-150119,4/23/2014,4/27/2014,Standard Class,LB-16795,Laurel Beltran,Home Office,United States,Columbus,Ohio,43229,East,FUR-CH-10002965,Furniture,Chairs,"Global Leather Highback Executive Chair with Pneumatic Height Adjustment, Black",281.372,2,0.3,-12.0588
3407,US-2014-150119,4/23/2014,4/27/2014,Standard Class,LB-16795,Laurel Beltran,Home Office,United States,Columbus,Ohio,43229,East,FUR-CH-10002965,Furniture,Chairs,"Global Leather Highback Executive Chair with Pneumatic Height Adjustment, Black",281.372,2,0.3,-12.0588
713,US-2017-100048,5/19/2017,5/24/2017,Standard Class,RS-19765,Roland Schwarz,Corporate,United States,Mount Vernon,New York,10550,East,OFF-AP-10001154,Office Supplies,Appliances,Bionaire Personal Warm Mist Humidifier/Vaporizer,281.34,6,0.0,109.7226
2309,US-2017-120418,6/11/2017,6/12/2017,First Class,BC-11125,Becky Castell,Home Office,United States,Peoria,Arizona,85345,West,FUR-CH-10001394,Furniture,Chairs,Global Leather Executive Chair,280.792,1,0.2,35.099
871,CA-2016-158099,9/3/2016,9/5/2016,First Class,PK-18910,Paul Knutson,Home Office,United States,Philadelphia,Pennsylvania,19143,East,TEC-PH-10002496,Technology,Phones,Cisco SPA301,280.782,3,0.4,-46.797
5421,US-2016-151827,3/31/2016,4/2/2016,Second Class,CS-11950,Carlos Soltero,Consumer,United States,Philadelphia,Pennsylvania,19134,East,TEC-PH-10002789,Technology,Phones,LG Exalt,280.782,3,0.4,-60.8361
487,CA-2017-140963,6/10/2017,6/13/2017,First Class,MT-18070,Michelle Tran,Home Office,United States,Los Angeles,California,90045,West,TEC-PH-10001924,Technology,Phones,iHome FM Clock Radio with Lightning Dock,279.96,5,0.2,17.4975
5816,CA-2014-124730,11/26/2014,11/26/2014,Same Day,LS-17245,Lynn Smith,Consumer,United States,Utica,New York,13501,East,TEC-PH-10002170,Technology,Phones,ClearSounds CSC500 Amplified Spirit Phone Corded phone,279.96,4,0.0,78.3888
8693,CA-2016-136770,8/14/2016,8/18/2016,Standard Class,SP-20650,Stephanie Phelps,Corporate,United States,Akron,Ohio,44312,East,TEC-AC-10000420,Technology,Accessories,Logitech G500s Laser Gaming Mouse with Adjustable Weight Tuning,279.96,5,0.2,48.993
9074,CA-2016-142524,9/4/2016,9/8/2016,Standard Class,MB-18085,Mick Brown,Consumer,United States,Springfield,Missouri,65807,Central,TEC-AC-10000109,Technology,Accessories,Sony Micro Vault Click 16 GB USB 2.0 Flash Drive,279.95,5,0.0,67.188
2100,CA-2017-124401,9/7/2017,9/12/2017,Standard Class,RD-19900,Ruben Dartt,Consumer,United States,Portland,Oregon,97206,West,TEC-AC-10002926,Technology,Accessories,Logitech Wireless Marathon Mouse M705,279.944,7,0.2,80.4839
3894,US-2016-144547,11/10/2016,11/14/2016,Standard Class,MS-17770,Maxwell Schwartz,Consumer,United States,Houston,Texas,77036,Central,TEC-AC-10004901,Technology,Accessories,Kensington SlimBlade Notebook Wireless Mouse with Nano Receiver ,279.944,7,0.2,48.9902
1118,CA-2015-142755,9/4/2015,9/8/2015,Standard Class,CS-12355,Christine Sundaresam,Consumer,United States,Roswell,Georgia,30076,South,OFF-PA-10001970,Office Supplies,Paper,Xerox 1908,279.9,5,0.0,137.151
4784,US-2017-147984,1/28/2017,2/1/2017,Standard Class,GB-14575,Giulietta Baptist,Consumer,United States,Wichita,Kansas,67212,Central,OFF-PA-10000806,Office Supplies,Paper,Xerox 1934,279.9,5,0.0,137.151
6509,CA-2017-102197,12/20/2017,12/26/2017,Standard Class,DK-13150,David Kendrick,Corporate,United States,New York City,New York,10009,East,OFF-PA-10001970,Office Supplies,Paper,Xerox 1908,279.9,5,0.0,137.151
6500,CA-2015-103135,7/24/2015,7/28/2015,Standard Class,SS-20515,Shirley Schmidt,Home Office,United States,Louisville,Kentucky,40214,South,TEC-AC-10003289,Technology,Accessories,Anker Ultra-Slim Mini Bluetooth 3.0 Wireless Keyboard,279.86,14,0.0,64.3678
6629,CA-2015-135489,9/19/2015,9/22/2015,Second Class,GW-14605,Giulietta Weimer,Consumer,United States,New York City,New York,10024,East,TEC-PH-10000011,Technology,Phones,PureGear Roll-On Screen Protector,279.86,14,0.0,134.3328
5355,CA-2014-113768,5/13/2014,5/19/2014,Standard Class,AH-10030,Aaron Hawkins,Corporate,United States,Los Angeles,California,90004,West,FUR-CH-10002439,Furniture,Chairs,"Iceberg Nesting Folding Chair, 19w x 6d x 43h",279.456,6,0.2,20.9592
3468,US-2015-147242,9/10/2015,9/14/2015,Standard Class,EH-13765,Edward Hooks,Corporate,United States,Revere,Massachusetts,2151,East,OFF-PA-10003039,Office Supplies,Paper,Xerox 1960,278.82,9,0.0,125.469
1281,CA-2016-160815,9/5/2016,9/6/2016,First Class,TR-21325,Toby Ritter,Consumer,United States,Cedar Rapids,Iowa,52402,Central,TEC-PH-10003505,Technology,Phones,Geemarc AmpliPOWER60,278.4,3,0.0,80.736
8180,CA-2015-112767,8/2/2015,8/6/2015,Standard Class,DK-12985,Darren Koutras,Consumer,United States,Springfield,Oregon,97477,West,FUR-TA-10003469,Furniture,Tables,Balt Split Level Computer Training Table,277.5,4,0.5,-188.7
2333,CA-2017-169285,3/21/2017,3/25/2017,Standard Class,RW-19690,Robert Waldorf,Consumer,United States,Lafayette,Indiana,47905,Central,OFF-PA-10004071,Office Supplies,Paper,"Eaton Premium Continuous-Feed Paper, 25% Cotton, Letter Size, White, 1000 Shts/Box",277.4,5,0.0,133.152
3604,CA-2017-112956,8/21/2017,8/27/2017,Standard Class,TH-21550,Tracy Hopkins,Home Office,United States,Columbia,Maryland,21044,East,OFF-PA-10000357,Office Supplies,Paper,Xerox 1888,277.4,5,0.0,133.152
7097,CA-2016-101980,8/19/2016,8/20/2016,First Class,RP-19390,Resi Pölking,Consumer,United States,New York City,New York,10009,East,OFF-BI-10004318,Office Supplies,Binders,Ibico EB-19 Dual Function Manual Binding System,276.784,2,0.2,89.9548
8067,CA-2016-132997,11/7/2016,11/9/2016,First Class,LW-17215,Luke Weiss,Consumer,United States,Rochester,New York,14609,East,OFF-BI-10004318,Office Supplies,Binders,Ibico EB-19 Dual Function Manual Binding System,276.784,2,0.2,89.9548
9086,CA-2016-126102,9/10/2016,9/12/2016,Second Class,DV-13465,Dianna Vittorini,Consumer,United States,Los Angeles,California,90049,West,OFF-BI-10004318,Office Supplies,Binders,Ibico EB-19 Dual Function Manual Binding System,276.784,2,0.2,89.9548
9597,CA-2017-104619,1/24/2017,1/29/2017,Standard Class,KD-16495,Keith Dawkins,Corporate,United States,San Jose,California,95123,West,OFF-BI-10004318,Office Supplies,Binders,Ibico EB-19 Dual Function Manual Binding System,276.784,2,0.2,89.9548
4050,CA-2017-136350,6/24/2017,6/26/2017,Second Class,GA-14515,George Ashbrook,Consumer,United States,New York City,New York,10011,East,FUR-FU-10003601,Furniture,Furnishings,"Deflect-o RollaMat Studded, Beveled Mat for Medium Pile Carpeting",276.69,3,0.0,49.8042
7497,CA-2017-121048,7/14/2017,7/18/2017,Standard Class,TC-21295,Toby Carlisle,Consumer,United States,Westminster,California,92683,West,FUR-FU-10003601,Furniture,Furnishings,"Deflect-o RollaMat Studded, Beveled Mat for Medium Pile Carpeting",276.69,3,0.0,49.8042
8888,CA-2014-169642,7/27/2014,7/30/2014,Second Class,BB-10990,Barry Blumstein,Corporate,United States,Los Angeles,California,90036,West,OFF-ST-10002574,Office Supplies,Storage,"SAFCO Commercial Wire Shelving, Black",276.28,2,0.0,0.0
1976,CA-2014-110408,10/18/2014,10/20/2014,Second Class,AS-10225,Alan Schoenberger,Corporate,United States,Montgomery,Alabama,36116,South,OFF-ST-10001522,Office Supplies,Storage,"Gould Plastics 18-Pocket Panel Bin, 34w x 5-1/4d x 20-1/2h",275.97,3,0.0,11.0388
4728,CA-2014-119151,11/25/2014,11/29/2014,Second Class,MP-18175,Mike Pelletier,Home Office,United States,New York City,New York,10009,East,FUR-BO-10003159,Furniture,Bookcases,"Sauder Camden County Collection Libraries, Planked Cherry Finish",275.952,3,0.2,-37.9434
320,CA-2014-164973,11/4/2014,11/9/2014,Standard Class,NM-18445,Nathan Mautz,Home Office,United States,New York City,New York,10024,East,TEC-PH-10004093,Technology,Phones,Panasonic Kx-TS550,275.94,6,0.0,80.0226
167,CA-2014-139892,9/8/2014,9/12/2014,Standard Class,BM-11140,Becky Martin,Consumer,United States,San Antonio,Texas,78207,Central,OFF-ST-10000991,Office Supplies,Storage,Space Solutions HD Industrial Steel Shelving.,275.928,3,0.2,-58.6347
7155,US-2015-136749,12/25/2015,12/27/2015,Second Class,LH-16900,Lena Hernandez,Consumer,United States,Columbus,Georgia,31907,South,FUR-FU-10000747,Furniture,Furnishings,Tenex B1-RE Series Chair Mats for Low Pile Carpets,275.88,6,0.0,46.8996
2985,US-2014-112872,12/6/2014,12/11/2014,Second Class,RC-19960,Ryan Crowe,Consumer,United States,Springfield,Oregon,97477,West,FUR-TA-10003238,Furniture,Tables,"Chromcraft Bull-Nose Wood 48"" x 96"" Rectangular Conference Tables",275.49,1,0.5,-170.8038
6755,CA-2016-154767,6/28/2016,6/30/2016,Second Class,BP-11155,Becky Pak,Consumer,United States,Paterson,New Jersey,7501,East,OFF-AP-10002311,Office Supplies,Appliances,"Holmes Replacement Filter for HEPA Air Cleaner, Very Large Room, HEPA Filter",275.24,4,0.0,121.1056
5690,CA-2015-119550,12/26/2015,12/31/2015,Standard Class,RB-19705,Roger Barcio,Home Office,United States,Houston,Texas,77070,Central,FUR-CH-10002044,Furniture,Chairs,"Office Star - Contemporary Task Swivel chair with 2-way adjustable arms, Plum",275.058,3,0.3,-90.3762
6861,CA-2017-128965,4/17/2017,4/22/2017,Standard Class,PS-18760,Pamela Stobb,Consumer,United States,Los Angeles,California,90008,West,TEC-AC-10001383,Technology,Accessories,Logitech Wireless Touch Keyboard K400,274.89,11,0.0,46.7313
6141,CA-2017-121083,7/9/2017,7/15/2017,Standard Class,JF-15190,Jamie Frazer,Consumer,United States,Manchester,Connecticut,6040,East,OFF-PA-10001497,Office Supplies,Paper,Xerox 1914,274.8,5,0.0,134.652
9783,CA-2015-149748,5/31/2015,6/2/2015,Second Class,EM-13825,Elizabeth Moffitt,Corporate,United States,Paterson,New Jersey,7501,East,OFF-PA-10002120,Office Supplies,Paper,Xerox 1889,274.8,5,0.0,134.652
4043,CA-2014-110786,12/29/2014,1/2/2015,Standard Class,AJ-10795,Anthony Johnson,Corporate,United States,San Francisco,California,94110,West,OFF-LA-10001474,Office Supplies,Labels,Avery 477,274.77,9,0.0,126.3942
7221,CA-2017-154760,1/9/2017,1/13/2017,Standard Class,BP-11290,Beth Paige,Consumer,United States,Philadelphia,Pennsylvania,19140,East,OFF-BI-10004632,Office Supplies,Binders,Ibico Hi-Tech Manual Binding System,274.491,3,0.7,-228.7425
8432,CA-2017-155621,11/8/2017,11/13/2017,Standard Class,KN-16450,Kean Nguyen,Corporate,United States,Baltimore,Maryland,21215,East,FUR-FU-10003535,Furniture,Furnishings,Howard Miller Distant Time Traveler Alarm Clock,274.2,10,0.0,112.422
8999,CA-2017-122763,3/20/2017,3/20/2017,Same Day,HG-14845,Harry Greene,Consumer,United States,Houston,Texas,77041,Central,OFF-PA-10002377,Office Supplies,Paper,Xerox 1916,274.064,7,0.2,102.774
3781,CA-2014-149643,11/16/2014,11/20/2014,Standard Class,RH-19510,Rick Huthwaite,Home Office,United States,Manhattan,Kansas,66502,Central,TEC-PH-10000038,Technology,Phones,Jawbone MINI JAMBOX Wireless Bluetooth Speaker,273.96,2,0.0,10.9584
5371,US-2017-136721,4/8/2017,4/12/2017,Standard Class,NH-18610,Nicole Hansen,Corporate,United States,Oak Park,Michigan,48237,Central,FUR-FU-10004665,Furniture,Furnishings,"3M Polarizing Task Lamp with Clamp Arm, Light Gray",273.96,2,0.0,71.2296
8963,CA-2016-157280,11/5/2016,11/7/2016,First Class,LW-17125,Liz Willingham,Consumer,United States,Virginia Beach,Virginia,23464,South,FUR-FU-10004665,Furniture,Furnishings,"3M Polarizing Task Lamp with Clamp Arm, Light Gray",273.96,2,0.0,71.2296
6711,CA-2016-149503,12/9/2016,12/12/2016,First Class,SP-20650,Stephanie Phelps,Corporate,United States,Stockton,California,95207,West,OFF-BI-10002133,Office Supplies,Binders,"Wilson Jones Elliptical Ring 3 1/2"" Capacity Binders, 800 sheets",273.92,8,0.2,99.296
1912,CA-2017-121503,7/3/2017,7/6/2017,Second Class,FH-14275,Frank Hawley,Corporate,United States,Houston,Texas,77041,Central,OFF-PA-10001878,Office Supplies,Paper,Xerox 1891,273.896,7,0.2,92.4399
7271,CA-2016-123337,9/16/2016,9/22/2016,Standard Class,KD-16495,Keith Dawkins,Corporate,United States,San Jose,California,95123,West,FUR-BO-10001918,Furniture,Bookcases,"Sauder Forest Hills Library with Doors, Woodland Oak Finish",273.666,2,0.15,-12.8784
9711,CA-2014-114251,11/5/2014,11/10/2014,Standard Class,MD-17350,Maribeth Dona,Consumer,United States,Philadelphia,Pennsylvania,19143,East,FUR-FU-10001468,Furniture,Furnishings,Tenex Antistatic Computer Chair Mats,273.568,2,0.2,-34.196
9956,CA-2015-141593,12/14/2015,12/16/2015,Second Class,DB-12970,Darren Budd,Corporate,United States,Los Angeles,California,90045,West,FUR-TA-10002622,Furniture,Tables,"Bush Andora Conference Table, Maple/Graphite Gray Finish",273.568,2,0.2,10.2588
5629,CA-2017-148810,6/26/2017,7/1/2017,Standard Class,DR-12880,Dan Reichenbach,Corporate,United States,Miami,Florida,33180,South,FUR-CH-10001545,Furniture,Chairs,Hon Comfortask Task/Swivel Chairs,273.552,3,0.2,-13.6776
2426,US-2017-147669,12/25/2017,12/30/2017,Standard Class,SV-20935,Susan Vittorini,Consumer,United States,Fairfield,Ohio,45014,East,FUR-TA-10002645,Furniture,Tables,Hon Rectangular Conference Tables,273.06,2,0.4,-104.673
9370,CA-2017-113460,11/7/2017,11/9/2017,Second Class,KN-16390,Katherine Nockton,Corporate,United States,Clinton,Maryland,20735,East,FUR-CH-10000422,Furniture,Chairs,Global Highback Leather Tilter in Burgundy,272.97,3,0.0,43.6752
1169,CA-2017-145226,12/8/2017,12/10/2017,Second Class,DL-13315,Delfina Latchford,Consumer,United States,New York City,New York,10035,East,OFF-ST-10004123,Office Supplies,Storage,Safco Industrial Wire Shelving System,272.94,3,0.0,0.0
4675,CA-2016-133550,7/31/2016,8/6/2016,Standard Class,KL-16645,Ken Lonsdale,Consumer,United States,Detroit,Michigan,48205,Central,FUR-FU-10002918,Furniture,Furnishings,Eldon ClusterMat Chair Mat with Cordless Antistatic Protection,272.94,3,0.0,30.0234
6328,CA-2014-167927,1/20/2014,1/26/2014,Standard Class,XP-21865,Xylona Preis,Consumer,United States,Westland,Michigan,48185,Central,FUR-FU-10002918,Furniture,Furnishings,Eldon ClusterMat Chair Mat with Cordless Antistatic Protection,272.94,3,0.0,30.0234
6761,CA-2017-100636,6/26/2017,6/30/2017,Standard Class,DO-13435,Denny Ordway,Consumer,United States,New York City,New York,10035,East,OFF-ST-10004123,Office Supplies,Storage,Safco Industrial Wire Shelving System,272.94,3,0.0,0.0
1873,CA-2014-116932,7/21/2014,7/25/2014,Standard Class,ME-18010,Michelle Ellison,Corporate,United States,San Francisco,California,94122,West,FUR-TA-10004175,Furniture,Tables,"Hon 30"" x 60"" Table with Locking Drawer",272.848,1,0.2,27.2848
741,CA-2014-112326,1/4/2014,1/8/2014,Standard Class,PO-19195,Phillina Ober,Home Office,United States,Naperville,Illinois,60540,Central,OFF-ST-10002743,Office Supplies,Storage,SAFCO Boltless Steel Shelving,272.736,3,0.2,-64.7748
7864,CA-2015-143364,7/14/2015,7/19/2015,Second Class,TG-21310,Toby Gnade,Consumer,United States,Mesa,Arizona,85204,West,OFF-ST-10002743,Office Supplies,Storage,SAFCO Boltless Steel Shelving,272.736,3,0.2,-64.7748
6091,CA-2017-100111,9/20/2017,9/26/2017,Standard Class,SV-20365,Seth Vernon,Consumer,United States,New York City,New York,10035,East,FUR-CH-10003846,Furniture,Chairs,Hon Valutask Swivel Chairs,272.646,3,0.1,18.1764
9883,CA-2014-153927,8/12/2014,8/13/2014,First Class,LL-16840,Lauren Leatherbury,Consumer,United States,Woodstock,Georgia,30188,South,TEC-AC-10000023,Technology,Accessories,"Maxell 74 Minute CD-R Spindle, 50/Pack",272.61,13,0.0,98.1396
6052,CA-2015-153878,4/25/2015,4/30/2015,Standard Class,TS-21655,Trudy Schmidt,Consumer,United States,Milwaukee,Wisconsin,53209,Central,OFF-AP-10001205,Office Supplies,Appliances,Belkin 5 Outlet SurgeMaster Power Centers,272.4,5,0.0,76.272
7898,CA-2017-128363,8/13/2017,8/18/2017,Standard Class,DC-12850,Dan Campbell,Consumer,United States,Memphis,Tennessee,38109,South,OFF-AP-10001563,Office Supplies,Appliances,Belkin Premiere Surge Master II 8-outlet surge protector,272.048,7,0.2,30.6054
1932,CA-2016-152121,11/27/2016,11/29/2016,Second Class,CC-12670,Craig Carreira,Consumer,United States,Scottsdale,Arizona,85254,West,TEC-PH-10002483,Technology,Phones,Motorola Moto X,271.992,1,0.2,23.7993
3412,CA-2016-100244,9/20/2016,9/24/2016,Standard Class,GM-14695,Greg Maxwell,Corporate,United States,San Francisco,California,94122,West,OFF-BI-10003656,Office Supplies,Binders,Fellowes PB200 Plastic Comb Binding Machine,271.984,2,0.2,88.3948
8788,CA-2017-145765,5/28/2017,6/2/2017,Standard Class,CM-11815,Candace McMahon,Corporate,United States,Phoenix,Arizona,85023,West,TEC-AC-10000844,Technology,Accessories,Logitech Gaming G510s - Keyboard,271.968,4,0.2,54.3936
1206,CA-2017-133235,8/1/2017,8/4/2017,First Class,LH-16750,Larry Hughes,Consumer,United States,Charlotte,North Carolina,28205,South,TEC-PH-10002660,Technology,Phones,Nortel Networks T7316 E Nt8 B27,271.96,5,0.2,16.9975
6585,CA-2017-104731,7/21/2017,7/27/2017,Standard Class,AM-10705,Anne McFarland,Consumer,United States,Salem,Virginia,24153,South,TEC-PH-10002660,Technology,Phones,Nortel Networks T7316 E Nt8 B27,271.96,4,0.0,67.99
9974,US-2016-103674,12/6/2016,12/10/2016,Standard Class,AP-10720,Anne Pryor,Home Office,United States,Los Angeles,California,90032,West,TEC-PH-10004080,Technology,Phones,Avaya 5410 Digital phone,271.96,5,0.2,27.196
8004,CA-2014-143210,12/1/2014,12/3/2014,First Class,AA-10645,Anna Andreadi,Consumer,United States,Lowell,Massachusetts,1852,East,TEC-PH-10004434,Technology,Phones,Cisco IP Phone 7961G VoIP phone - Dark gray,271.9,2,0.0,78.851
3315,CA-2017-169978,12/24/2017,12/28/2017,Standard Class,HG-15025,Hunter Glantz,Consumer,United States,Oceanside,New York,11572,East,FUR-CH-10002602,Furniture,Chairs,DMI Arturo Collection Mission-style Design Wood Chair,271.764,2,0.1,48.3136
3420,CA-2015-150791,9/6/2015,9/13/2015,Standard Class,CC-12430,Chuck Clark,Home Office,United States,New York City,New York,10024,East,FUR-CH-10000665,Furniture,Chairs,"Global Airflow Leather Mesh Back Chair, Black",271.764,2,0.1,60.392
8972,CA-2017-122308,3/24/2017,3/28/2017,Standard Class,MV-17485,Mark Van Huff,Consumer,United States,New York City,New York,10011,East,FUR-CH-10000665,Furniture,Chairs,"Global Airflow Leather Mesh Back Chair, Black",271.764,2,0.1,60.392
4561,CA-2015-118871,12/4/2015,12/9/2015,Second Class,HM-14860,Harry Marie,Corporate,United States,Los Angeles,California,90049,West,OFF-EN-10003296,Office Supplies,Envelopes,Tyvek Side-Opening Peel & Seel Expanding Envelopes,271.44,3,0.0,122.148
6012,CA-2015-135580,12/30/2015,1/3/2016,Standard Class,CL-12565,Clay Ludtke,Consumer,United States,Los Angeles,California,90049,West,OFF-EN-10003296,Office Supplies,Envelopes,Tyvek Side-Opening Peel & Seel Expanding Envelopes,271.44,3,0.0,122.148
4377,CA-2014-166954,4/25/2014,4/30/2014,Standard Class,BT-11305,Beth Thompson,Home Office,United States,San Gabriel,California,91776,West,OFF-AP-10001391,Office Supplies,Appliances,Kensington 6 Outlet MasterPiece HOMEOFFICE Power Control Center,270.72,3,0.0,78.5088
6076,CA-2017-121398,12/25/2017,12/29/2017,Standard Class,FH-14365,Fred Hopkins,Corporate,United States,Los Angeles,California,90008,West,OFF-ST-10002756,Office Supplies,Storage,"Tennsco Stur-D-Stor Boltless Shelving, 5 Shelves, 24"" Deep, Sand",270.62,2,0.0,2.7062
3903,US-2015-119312,10/2/2015,10/7/2015,Second Class,CS-12400,Christopher Schild,Home Office,United States,Los Angeles,California,90045,West,OFF-ST-10000943,Office Supplies,Storage,Eldon ProFile File 'N Store Portable File Tub Letter/Legal Size Black,270.34,14,0.0,75.6952
5436,CA-2015-160171,10/19/2015,10/24/2015,Standard Class,RM-19675,Robert Marley,Home Office,United States,Los Angeles,California,90008,West,TEC-AC-10000892,Technology,Accessories,NETGEAR N750 Dual Band Wi-Fi Gigabit Router,270.0,3,0.0,97.2
3782,CA-2015-135314,7/9/2015,7/14/2015,Second Class,MC-17575,Matt Collins,Consumer,United States,Philadelphia,Pennsylvania,19120,East,TEC-PH-10003072,Technology,Phones,Panasonic KX-TG9541B DECT 6.0 Digital 2-Line Expandable Cordless Phone With Digital Answering System,269.982,3,0.4,40.4973
4526,US-2017-105046,7/17/2017,7/23/2017,Standard Class,BE-11335,Bill Eplett,Home Office,United States,Rome,New York,13440,East,TEC-PH-10004536,Technology,Phones,Avaya 5420 Digital phone,269.98,2,0.0,67.495
9737,US-2015-100069,6/29/2015,7/3/2015,Standard Class,NF-18475,Neil Französisch,Home Office,United States,Omaha,Nebraska,68104,Central,TEC-PH-10004667,Technology,Phones,Cisco 8x8 Inc. 6753i IP Business Phone System,269.98,2,0.0,72.8946
2036,CA-2017-162481,9/25/2017,9/29/2017,Standard Class,CT-11995,Carol Triggs,Consumer,United States,Rochester,Minnesota,55901,Central,FUR-CH-10003061,Furniture,Chairs,"Global Leather Task Chair, Black",269.97,3,0.0,51.2943
6801,CA-2016-109827,12/25/2016,1/1/2017,Standard Class,LW-16825,Laurel Workman,Corporate,United States,Phoenix,Arizona,85023,West,TEC-MA-10003356,Technology,Machines,Panasonic KX MC6040 Color Laser Multifunction Printer,269.97,2,0.7,-386.957
9264,CA-2015-124499,10/9/2015,10/13/2015,Standard Class,FM-14380,Fred McMath,Consumer,United States,Detroit,Michigan,48227,Central,OFF-AP-10002191,Office Supplies,Appliances,Belkin 8 Outlet SurgeMaster II Gold Surge Protector,269.91,5,0.1,53.982
4907,US-2014-146353,10/14/2014,10/16/2014,Second Class,JE-15610,Jim Epp,Corporate,United States,Concord,New Hampshire,3301,East,OFF-ST-10001469,Office Supplies,Storage,Fellowes Bankers Box Recycled Super Stor/Drawer,269.9,5,0.0,16.194
2449,CA-2015-128027,9/14/2015,9/17/2015,Second Class,CM-12385,Christopher Martinez,Consumer,United States,North Charleston,South Carolina,29406,South,OFF-ST-10001809,Office Supplies,Storage,Fellowes Officeware Wire Shelving,269.49,3,0.0,5.3898
5587,CA-2017-105333,11/30/2017,12/4/2017,Standard Class,VP-21730,Victor Preis,Home Office,United States,New York City,New York,10011,East,OFF-ST-10001809,Office Supplies,Storage,Fellowes Officeware Wire Shelving,269.49,3,0.0,5.3898
8091,CA-2014-101392,12/7/2014,12/13/2014,Standard Class,AS-10630,Ann Steele,Home Office,United States,Seattle,Washington,98103,West,OFF-ST-10000532,Office Supplies,Storage,Advantus Rolling Drawer Organizers,269.36,7,0.0,70.0336
4722,CA-2014-106229,6/7/2014,6/11/2014,Second Class,NR-18550,Nick Radford,Consumer,United States,Aurora,Illinois,60505,Central,FUR-TA-10002041,Furniture,Tables,"Bevis Round Conference Table Top, X-Base",268.935,3,0.5,-209.7693
7909,CA-2016-149762,12/3/2016,12/7/2016,Standard Class,RD-19720,Roger Demir,Consumer,United States,Morgan Hill,California,95037,West,FUR-TA-10004147,Furniture,Tables,Hon 4060 Series Tables,268.704,3,0.2,6.7176
9745,CA-2017-141782,1/21/2017,1/25/2017,Standard Class,BE-11410,Bobby Elias,Consumer,United States,Aurora,Illinois,60505,Central,OFF-EN-10002230,Office Supplies,Envelopes,Airmail Envelopes,268.576,4,0.2,90.6444
7756,CA-2017-100902,11/17/2017,11/21/2017,Standard Class,CK-12595,Clytie Kelty,Consumer,United States,Charlotte,North Carolina,28205,South,OFF-PA-10002558,Office Supplies,Paper,Xerox 1938,268.24,7,0.2,93.884
5344,US-2014-168501,11/21/2014,11/27/2014,Standard Class,JK-15325,Jason Klamczynski,Corporate,United States,Dallas,Texas,75220,Central,TEC-PH-10004922,Technology,Phones,RCA Visys Integrated PBX 8-Line Router,267.96,5,0.2,16.7475
6713,CA-2017-107629,12/14/2017,12/14/2017,Same Day,DB-13060,Dave Brooks,Consumer,United States,Skokie,Illinois,60076,Central,FUR-FU-10002298,Furniture,Furnishings,"Rubbermaid ClusterMat Chairmats, Mat Size- 66"" x 60"", Lip 20"" x 11"" -90 Degree Angle",266.352,6,0.6,-292.9872
7532,CA-2016-107146,6/17/2016,6/19/2016,First Class,LC-16885,Lena Creighton,Consumer,United States,Longmont,Colorado,80501,West,FUR-FU-10002298,Furniture,Furnishings,"Rubbermaid ClusterMat Chairmats, Mat Size- 66"" x 60"", Lip 20"" x 11"" -90 Degree Angle",266.352,3,0.2,-13.3176
8814,CA-2015-127754,7/26/2015,7/31/2015,Standard Class,CK-12760,Cyma Kinney,Corporate,United States,Glendale,Arizona,85301,West,FUR-CH-10003199,Furniture,Chairs,Office Star - Contemporary Task Swivel Chair,266.352,3,0.2,13.3176
2321,CA-2017-165491,3/20/2017,3/24/2017,Standard Class,HW-14935,Helen Wasserman,Corporate,United States,Seattle,Washington,98115,West,TEC-AC-10000358,Technology,Accessories,Imation Secure Drive + Hardware Encrypted USB flash drive - 16 GB,265.93,7,0.0,63.8232
6673,CA-2015-153794,9/11/2015,9/16/2015,Standard Class,SB-20290,Sean Braxton,Corporate,United States,San Diego,California,92024,West,OFF-AR-10000380,Office Supplies,Art,"Hunt PowerHouse Electric Pencil Sharpener, Blue",265.86,7,0.0,79.758
6994,CA-2015-109386,11/8/2015,11/13/2015,Second Class,RH-19600,Rob Haberlin,Consumer,United States,Hampton,Virginia,23666,South,OFF-AR-10000380,Office Supplies,Art,"Hunt PowerHouse Electric Pencil Sharpener, Blue",265.86,7,0.0,79.758
836,CA-2016-165316,7/23/2016,7/27/2016,Standard Class,JB-15400,Jennifer Braxton,Corporate,United States,Tampa,Florida,33614,South,TEC-MA-10004002,Technology,Machines,Zebra GX420t Direct Thermal/Thermal Transfer Printer,265.475,1,0.5,-111.4995
3112,CA-2016-121671,7/17/2016,7/22/2016,Standard Class,AA-10480,Andrew Allen,Consumer,United States,Springfield,Missouri,65807,Central,OFF-ST-10000078,Office Supplies,Storage,Tennsco 6- and 18-Compartment Lockers,265.17,1,0.0,47.7306
2516,CA-2014-106572,9/5/2014,9/10/2014,Standard Class,NP-18700,Nora Preis,Consumer,United States,Bowling Green,Ohio,43402,East,OFF-ST-10000585,Office Supplies,Storage,Economy Rollaway Files,264.32,2,0.2,19.824
7608,CA-2017-121195,12/24/2017,12/27/2017,First Class,NS-18505,Neola Schneider,Consumer,United States,Dallas,Texas,75220,Central,OFF-ST-10000585,Office Supplies,Storage,Economy Rollaway Files,264.32,2,0.2,19.824
8172,CA-2016-146150,2/14/2016,2/19/2016,Standard Class,FM-14380,Fred McMath,Consumer,United States,Jackson,Mississippi,39212,South,OFF-AR-10002240,Office Supplies,Art,Panasonic KP-150 Electric Pencil Sharpener,264.18,7,0.0,68.6868
1425,CA-2015-124800,9/26/2015,9/30/2015,Standard Class,RW-19540,Rick Wilson,Corporate,United States,Mesa,Arizona,85204,West,TEC-PH-10001750,Technology,Phones,Samsung Rugby III,263.96,5,0.2,23.0965
2917,CA-2015-134747,10/12/2015,10/17/2015,Second Class,DL-12925,Daniel Lacy,Consumer,United States,Noblesville,Indiana,46060,Central,TEC-PH-10001750,Technology,Phones,Samsung Rugby III,263.96,4,0.0,71.2692
4847,CA-2014-164469,6/25/2014,6/27/2014,Second Class,GK-14620,Grace Kelly,Corporate,United States,Salem,Oregon,97301,West,TEC-PH-10002115,Technology,Phones,Plantronics 81402,263.96,5,0.2,19.797
5705,US-2014-123519,12/14/2014,12/21/2014,Standard Class,SS-20875,Sung Shariari,Consumer,United States,Marion,Ohio,43302,East,TEC-AC-10003033,Technology,Accessories,Plantronics CS510 - Over-the-Head monaural Wireless Headset System,263.96,1,0.2,42.8935
8001,US-2015-151407,11/8/2015,11/12/2015,Standard Class,RD-19585,Rob Dowd,Consumer,United States,Dubuque,Iowa,52001,Central,TEC-PH-10003885,Technology,Phones,Cisco SPA508G,263.96,4,0.0,76.5484
8063,CA-2016-132997,11/7/2016,11/9/2016,First Class,LW-17215,Luke Weiss,Consumer,United States,Rochester,New York,14609,East,TEC-PH-10000586,Technology,Phones,AT&T SB67148 SynJ,263.96,4,0.0,71.2692
450,CA-2016-166674,4/1/2016,4/3/2016,Second Class,RB-19360,Raymond Buch,Consumer,United States,Auburn,New York,13021,East,OFF-AR-10001953,Office Supplies,Art,Boston 1645 Deluxe Heavier-Duty Electric Pencil Sharpener,263.88,6,0.0,71.2476
1438,CA-2015-139731,10/15/2015,10/15/2015,Same Day,JE-15745,Joel Eaton,Consumer,United States,Amarillo,Texas,79109,Central,TEC-AC-10004975,Technology,Accessories,Plantronics Audio 995 Wireless Stereo Headset,263.88,3,0.2,42.8805
3154,CA-2015-147830,12/15/2015,12/18/2015,First Class,NF-18385,Natalie Fritzler,Consumer,United States,Newark,Ohio,43055,East,FUR-FU-10004091,Furniture,Furnishings,"Howard Miller 13"" Diameter Goldtone Round Wall Clock",262.864,7,0.2,69.0018
3329,CA-2014-165309,11/11/2014,11/15/2014,Standard Class,KD-16270,Karen Daniels,Consumer,United States,Houston,Texas,77095,Central,OFF-PA-10001033,Office Supplies,Paper,Xerox 1893,262.336,8,0.2,95.0968
3421,CA-2016-134803,5/28/2016,6/3/2016,Standard Class,CL-12565,Clay Ludtke,Consumer,United States,Los Angeles,California,90004,West,OFF-AP-10000891,Office Supplies,Appliances,Kensington 7 Outlet MasterPiece HOMEOFFICE Power Control Center,262.24,2,0.0,78.672
5951,CA-2017-161046,3/5/2017,3/5/2017,Same Day,CB-12535,Claudia Bergmann,Corporate,United States,Southaven,Mississippi,38671,South,OFF-AP-10000891,Office Supplies,Appliances,Kensington 7 Outlet MasterPiece HOMEOFFICE Power Control Center,262.24,2,0.0,78.672
1832,CA-2017-145884,10/21/2017,10/21/2017,Same Day,SL-20155,Sara Luxemburg,Home Office,United States,Muskogee,Oklahoma,74403,Central,FUR-TA-10002356,Furniture,Tables,Bevis Boat-Shaped Conference Table,262.11,1,0.0,62.9064
1,CA-2016-152156,11/8/2016,11/11/2016,Second Class,CG-12520,Claire Gute,Consumer,United States,Henderson,Kentucky,42420,South,FUR-BO-10001798,Furniture,Bookcases,Bush Somerset Collection Bookcase,261.96,2,0.0,41.9136
6463,US-2017-133361,5/14/2017,5/17/2017,First Class,AJ-10780,Anthony Jacobs,Corporate,United States,Baltimore,Maryland,21215,East,FUR-CH-10003298,Furniture,Chairs,"Office Star - Contemporary Task Swivel chair with Loop Arms, Charcoal",261.96,2,0.0,23.5764
2657,CA-2017-112515,9/17/2017,9/21/2017,Second Class,AS-10225,Alan Schoenberger,Corporate,United States,Provo,Utah,84604,West,OFF-ST-10001272,Office Supplies,Storage,"Mini 13-1/2 Capacity Data Binder Rack, Pearl",261.74,2,0.0,65.435
7466,CA-2016-103709,9/8/2016,9/15/2016,Standard Class,LP-17095,Liz Preis,Consumer,United States,Visalia,California,93277,West,OFF-ST-10001272,Office Supplies,Storage,"Mini 13-1/2 Capacity Data Binder Rack, Pearl",261.74,2,0.0,65.435
7671,CA-2015-130974,11/27/2015,11/29/2015,Second Class,MA-17560,Matt Abelman,Home Office,United States,Everett,Massachusetts,2149,East,TEC-AC-10003095,Technology,Accessories,Logitech G35 7.1-Channel Surround Sound Headset,259.98,2,0.0,88.3932
5899,CA-2016-167682,4/3/2016,4/9/2016,Standard Class,ZD-21925,Zuschuss Donatelli,Consumer,United States,Richmond,Indiana,47374,Central,TEC-PH-10000673,Technology,Phones,Plantronics Voyager Pro HD - Bluetooth Headset,259.96,4,0.0,124.7808
6786,CA-2017-121293,7/25/2017,7/28/2017,Second Class,JC-15775,John Castell,Consumer,United States,Philadelphia,Pennsylvania,19143,East,OFF-ST-10000060,Office Supplies,Storage,Fellowes Bankers Box Staxonsteel Drawer File/Stacking System,259.92,5,0.2,-25.992
6887,CA-2017-123036,9/10/2017,9/17/2017,Standard Class,HA-14905,Helen Abelman,Consumer,United States,Springfield,Ohio,45503,East,TEC-PH-10003580,Technology,Phones,Cisco IP Phone 7961G-GE VoIP phone,259.896,2,0.4,-56.3108
8691,CA-2016-136770,8/14/2016,8/18/2016,Standard Class,SP-20650,Stephanie Phelps,Corporate,United States,Akron,Ohio,44312,East,TEC-PH-10003580,Technology,Phones,Cisco IP Phone 7961G-GE VoIP phone,259.896,2,0.4,-56.3108
9158,CA-2014-134215,8/4/2014,8/8/2014,Standard Class,ML-17395,Marina Lichtenstein,Corporate,United States,Bangor,Maine,4401,East,OFF-PA-10004353,Office Supplies,Paper,Southworth 25% Cotton Premium Laser Paper and Envelopes,259.74,13,0.0,124.6752
2297,CA-2015-113145,11/1/2015,11/5/2015,Standard Class,VD-21670,Valerie Dominguez,Consumer,United States,New York City,New York,10011,East,FUR-FU-10000965,Furniture,Furnishings,"Howard Miller 11-1/2"" Diameter Ridgewood Wall Clock",259.7,5,0.0,106.477
2103,CA-2014-123295,7/18/2014,7/18/2014,Same Day,AH-10120,Adrian Hane,Home Office,United States,Tucson,Arizona,85705,West,FUR-CH-10002372,Furniture,Chairs,Office Star - Ergonomically Designed Knee Chair,259.136,4,0.2,-25.9136
2973,CA-2017-167941,11/6/2017,11/9/2017,Second Class,JF-15565,Jill Fjeld,Consumer,United States,Fayetteville,North Carolina,28314,South,OFF-ST-10000736,Office Supplies,Storage,Carina Double Wide Media Storage Towers in Natural & Black,259.136,4,0.2,-51.8272
4151,CA-2017-106068,10/23/2017,10/28/2017,Standard Class,RB-19330,Randy Bradley,Consumer,United States,Austin,Texas,78745,Central,OFF-ST-10002344,Office Supplies,Storage,"Carina 42""Hx23 3/4""W Media Storage Unit",259.136,4,0.2,-58.3056
3663,US-2017-129777,7/3/2017,7/9/2017,Standard Class,FM-14290,Frank Merwin,Home Office,United States,Quincy,Massachusetts,2169,East,TEC-AC-10003590,Technology,Accessories,"TRENDnet 56K USB 2.0 Phone, Internet and Fax Modem",258.9,10,0.0,93.204
7637,US-2017-158526,12/29/2017,1/1/2018,Second Class,KH-16360,Katherine Hughes,Consumer,United States,Louisville,Kentucky,40214,South,FUR-CH-10001270,Furniture,Chairs,Harbour Creations Steel Folding Chair,258.75,3,0.0,77.625
1180,CA-2016-168081,4/24/2016,4/27/2016,Second Class,CA-12055,Cathy Armstrong,Home Office,United States,Houston,Texas,77070,Central,TEC-AC-10003174,Technology,Accessories,Plantronics S12 Corded Telephone Headset System,258.696,3,0.2,64.674
1219,US-2017-118087,9/9/2017,9/13/2017,Standard Class,SP-20620,Stefania Perrino,Corporate,United States,Philadelphia,Pennsylvania,19134,East,TEC-AC-10003174,Technology,Accessories,Plantronics S12 Corded Telephone Headset System,258.696,3,0.2,64.674
5180,US-2015-120502,4/13/2015,4/19/2015,Standard Class,BT-11395,Bill Tyler,Corporate,United States,Los Angeles,California,90036,West,TEC-PH-10003645,Technology,Phones,Aastra 57i VoIP phone,258.576,2,0.2,19.3932
9992,CA-2017-121258,2/26/2017,3/3/2017,Standard Class,DB-13060,Dave Brooks,Consumer,United States,Costa Mesa,California,92627,West,TEC-PH-10003645,Technology,Phones,Aastra 57i VoIP phone,258.576,2,0.2,19.3932
3127,CA-2017-149895,9/8/2017,9/12/2017,Standard Class,EB-14110,Eugene Barchas,Consumer,United States,Philadelphia,Pennsylvania,19134,East,TEC-PH-10002200,Technology,Phones,Aastra 6757i CT Wireless VoIP phone,258.528,2,0.4,-47.3968
4625,CA-2017-147228,9/9/2017,9/14/2017,Standard Class,SO-20335,Sean O'Donnell,Consumer,United States,Columbia,Tennessee,38401,South,OFF-ST-10000046,Office Supplies,Storage,Fellowes Super Stor/Drawer Files,258.48,2,0.2,-3.231
1351,CA-2014-153976,10/3/2014,10/8/2014,Second Class,BP-11290,Beth Paige,Consumer,United States,Evanston,Illinois,60201,Central,FUR-CH-10002880,Furniture,Chairs,"Global High-Back Leather Tilter, Burgundy",258.279,3,0.3,-70.1043
235,US-2017-100930,4/7/2017,4/12/2017,Standard Class,CS-12400,Christopher Schild,Home Office,United States,Tampa,Florida,33614,South,FUR-FU-10004017,Furniture,Furnishings,"Tenex Contemporary Contur Chairmats for Low and Medium Pile Carpet, Computer, 39"" x 49""",258.072,3,0.2,0.0
2446,CA-2016-146934,5/22/2016,5/27/2016,Standard Class,AF-10870,Art Ferguson,Consumer,United States,Passaic,New Jersey,7055,East,TEC-PH-10001336,Technology,Phones,Digium D40 VoIP phone,257.98,2,0.0,74.8142
2783,CA-2016-139878,11/11/2016,11/16/2016,Standard Class,LD-17005,Lisa DeCherney,Consumer,United States,Detroit,Michigan,48234,Central,TEC-PH-10001336,Technology,Phones,Digium D40 VoIP phone,257.98,2,0.0,74.8142
6143,CA-2017-121083,7/9/2017,7/15/2017,Standard Class,JF-15190,Jamie Frazer,Consumer,United States,Manchester,Connecticut,6040,East,TEC-PH-10001336,Technology,Phones,Digium D40 VoIP phone,257.98,2,0.0,74.8142
7371,CA-2014-107769,10/28/2014,11/1/2014,Standard Class,BT-11395,Bill Tyler,Corporate,United States,Garden City,Kansas,67846,Central,TEC-PH-10001336,Technology,Phones,Digium D40 VoIP phone,257.98,2,0.0,74.8142
7132,CA-2017-141439,11/26/2017,12/1/2017,Standard Class,TT-21460,Tonja Turnell,Home Office,United States,Richmond,Indiana,47374,Central,FUR-TA-10001039,Furniture,Tables,KI Adjustable-Height Table,257.94,3,0.0,67.0644
2744,CA-2015-140144,6/20/2015,6/25/2015,Second Class,SC-20770,Stewart Carmichael,Corporate,United States,San Francisco,California,94122,West,FUR-FU-10002253,Furniture,Furnishings,"Howard Miller 13"" Diameter Pewter Finish Round Wall Clock",257.64,6,0.0,100.4796
1861,US-2017-121251,3/26/2017,3/27/2017,First Class,GM-14440,Gary McGarr,Consumer,United States,New York City,New York,10009,East,FUR-BO-10001918,Furniture,Bookcases,"Sauder Forest Hills Library with Doors, Woodland Oak Finish",257.568,2,0.2,-28.9764
3986,CA-2016-108735,4/17/2016,4/21/2016,Standard Class,JM-15535,Jessica Myrick,Consumer,United States,Lakewood,California,90712,West,FUR-BO-10003441,Furniture,Bookcases,"Bush Westfield Collection Bookcases, Fully Assembled",257.499,3,0.15,24.2352
9200,CA-2014-103310,5/10/2014,5/15/2014,Standard Class,GM-14680,Greg Matthias,Consumer,United States,San Jose,California,95123,West,FUR-CH-10002320,Furniture,Chairs,Hon Pagoda Stacking Chairs,256.784,1,0.2,32.098
292,CA-2016-110772,11/20/2016,11/24/2016,Second Class,NZ-18565,Nick Zandusky,Home Office,United States,Columbus,Ohio,43229,East,TEC-AC-10002001,Technology,Accessories,Logitech Wireless Gaming Headset G930,255.984,2,0.2,54.3966
1468,CA-2015-100769,5/16/2015,5/16/2015,Same Day,TH-21550,Tracy Hopkins,Home Office,United States,Jacksonville,Florida,32216,South,TEC-AC-10002402,Technology,Accessories,Razer Kraken PRO Over Ear PC and Music Headset,255.968,4,0.2,31.996
1723,US-2015-123218,12/20/2015,12/25/2015,Standard Class,KD-16345,Katherine Ducich,Consumer,United States,Chicago,Illinois,60623,Central,TEC-AC-10000736,Technology,Accessories,Logitech G600 MMO Gaming Mouse,255.968,4,0.2,51.1936
5522,CA-2017-117667,12/4/2017,12/9/2017,Standard Class,MS-17980,Michael Stewart,Corporate,United States,Philadelphia,Pennsylvania,19134,East,TEC-AC-10000580,Technology,Accessories,Logitech G13 Programmable Gameboard with LCD Display,255.968,4,0.2,-28.7964
1222,CA-2014-110184,7/12/2014,7/16/2014,Standard Class,BF-11170,Ben Ferrer,Home Office,United States,Los Angeles,California,90036,West,TEC-PH-10000439,Technology,Phones,GE DSL Phone Line Filter,255.936,8,0.2,28.7928
9275,US-2014-134054,10/10/2014,10/10/2014,Same Day,FC-14335,Fred Chung,Corporate,United States,Albuquerque,New Mexico,87105,West,OFF-AR-10000937,Office Supplies,Art,"Dixon Ticonderoga Core-Lock Colored Pencils, 48-Color Set",255.85,7,0.0,112.574
498,CA-2016-126158,7/25/2016,7/31/2016,Standard Class,SC-20095,Sanjit Chand,Consumer,United States,Costa Mesa,California,92627,West,FUR-FU-10004864,Furniture,Furnishings,"Howard Miller 14-1/2"" Diameter Chrome Round Wall Clock",255.76,4,0.0,81.8432
1260,US-2016-168620,12/24/2016,12/28/2016,Second Class,RB-19795,Ross Baird,Home Office,United States,Charlotte,North Carolina,28205,South,TEC-AC-10004469,Technology,Accessories,Microsoft Sculpt Comfort Mouse,255.68,8,0.2,76.704
9159,CA-2014-134215,8/4/2014,8/8/2014,Standard Class,ML-17395,Marina Lichtenstein,Corporate,United States,Bangor,Maine,4401,East,TEC-AC-10002473,Technology,Accessories,Maxell 4.7GB DVD-R,255.42,9,0.0,104.7222
3951,CA-2016-119963,11/18/2016,11/22/2016,Standard Class,SN-20710,Steve Nguyen,Home Office,United States,Pasadena,Texas,77506,Central,FUR-CH-10003817,Furniture,Chairs,"Global Value Steno Chair, Gray",255.108,6,0.3,-18.222
1248,CA-2014-168494,12/12/2014,12/14/2014,Second Class,NP-18700,Nora Preis,Consumer,United States,Fresno,California,93727,West,FUR-BO-10004467,Furniture,Bookcases,Bestar Classic Bookcase,254.9745,3,0.15,11.9988
2880,CA-2016-152072,1/15/2016,1/19/2016,Standard Class,Dp-13240,Dean percer,Home Office,United States,Westfield,New Jersey,7090,East,TEC-AC-10000844,Technology,Accessories,Logitech Gaming G510s - Keyboard,254.97,3,0.0,91.7892
6867,US-2016-126452,8/21/2016,8/28/2016,Standard Class,SC-20230,Scot Coram,Corporate,United States,Los Angeles,California,90004,West,TEC-AC-10000844,Technology,Accessories,Logitech Gaming G510s - Keyboard,254.97,3,0.0,91.7892
3181,CA-2017-105235,12/5/2017,12/11/2017,Standard Class,SM-20950,Suzanne McNair,Corporate,United States,New York City,New York,10011,East,OFF-AP-10001271,Office Supplies,Appliances,Eureka The Boss Cordless Rechargeable Stick Vac,254.9,5,0.0,68.823
7983,CA-2014-113383,9/10/2014,9/13/2014,First Class,SF-20065,Sandra Flanagan,Consumer,United States,Clifton,New Jersey,7011,East,FUR-FU-10001986,Furniture,Furnishings,"Dana Fluorescent Magnifying Lamp, White, 36""",254.9,5,0.0,76.47
468,US-2015-101399,1/17/2015,1/24/2015,Standard Class,JS-15940,Joni Sundaresam,Home Office,United States,Park Ridge,Illinois,60068,Central,FUR-FU-10002918,Furniture,Furnishings,Eldon ClusterMat Chair Mat with Cordless Antistatic Protection,254.744,7,0.6,-312.0614
1046,CA-2017-152702,10/12/2017,10/16/2017,Standard Class,SN-20710,Steve Nguyen,Home Office,United States,Rockford,Illinois,61107,Central,FUR-CH-10002304,Furniture,Chairs,"Global Stack Chair without Arms, Black",254.604,14,0.3,-18.186
1949,CA-2017-157987,9/2/2017,9/6/2017,Standard Class,AC-10615,Ann Chong,Corporate,United States,New York City,New York,10009,East,FUR-TA-10001889,Furniture,Tables,Bush Advantage Collection Racetrack Conference Table,254.526,1,0.4,-93.3262
2148,US-2016-152051,6/25/2016,6/29/2016,Standard Class,TS-21160,Theresa Swint,Corporate,United States,York,Pennsylvania,17403,East,OFF-ST-10001713,Office Supplies,Storage,"Gould Plastics 9-Pocket Panel Bin, 18-3/8w x 5-1/4d x 20-1/2h, Black",254.352,6,0.2,-50.8704
3027,CA-2017-169054,4/22/2017,4/26/2017,Standard Class,MO-17800,Meg O'Connel,Home Office,United States,Philadelphia,Pennsylvania,19140,East,FUR-FU-10001488,Furniture,Furnishings,"Tenex 46"" x 60"" Computer Anti-Static Chairmat, Rectangular Shaped",254.352,3,0.2,0.0
7975,US-2015-126753,8/16/2015,8/20/2015,Standard Class,SP-20860,Sung Pak,Corporate,United States,Philadelphia,Pennsylvania,19134,East,FUR-FU-10001488,Furniture,Furnishings,"Tenex 46"" x 60"" Computer Anti-Static Chairmat, Rectangular Shaped",254.352,3,0.2,0.0
1808,US-2016-116729,12/25/2016,12/28/2016,First Class,GK-14620,Grace Kelly,Corporate,United States,Los Angeles,California,90049,West,TEC-AC-10001465,Technology,Accessories,SanDisk Cruzer 64 GB USB Flash Drive,254.24,7,0.0,76.272
287,CA-2016-112697,12/18/2016,12/20/2016,Second Class,AH-10195,Alan Haines,Corporate,United States,Tamarac,Florida,33319,South,OFF-BI-10000778,Office Supplies,Binders,GBC VeloBinder Electric Binding Machine,254.058,7,0.7,-169.372
4918,CA-2017-163125,10/9/2017,10/11/2017,Second Class,MB-17305,Maria Bertelson,Consumer,United States,League City,Texas,77573,Central,FUR-CH-10001802,Furniture,Chairs,Hon Every-Day Chair Series Swivel Task Chairs,254.058,3,0.3,-32.6646
6762,CA-2016-162943,7/24/2016,7/26/2016,Second Class,DB-12970,Darren Budd,Corporate,United States,New York City,New York,10035,East,FUR-CH-10001708,Furniture,Chairs,Office Star - Contemporary Swivel Chair with Padded Adjustable Arms and Flex Back,253.764,2,0.1,31.0156
2375,CA-2016-159940,7/7/2016,7/11/2016,Second Class,BF-11020,Barry Französisch,Corporate,United States,Aurora,Illinois,60505,Central,FUR-CH-10000785,Furniture,Chairs,Global Ergonomic Managers Chair,253.372,2,0.3,-14.4784
4382,CA-2015-152891,10/25/2015,10/30/2015,Standard Class,TB-21625,Trudy Brown,Consumer,United States,San Francisco,California,94110,West,FUR-TA-10001857,Furniture,Tables,Balt Solid Wood Rectangular Table,253.176,3,0.2,-31.647
9436,CA-2015-119627,8/17/2015,8/23/2015,Standard Class,SC-20725,Steven Cartwright,Consumer,United States,Peoria,Arizona,85345,West,TEC-AC-10001142,Technology,Accessories,First Data FD10 PIN Pad,252.8,4,0.2,-31.6
3085,CA-2017-118773,2/9/2017,2/14/2017,Standard Class,TP-21415,Tom Prescott,Consumer,United States,Houston,Texas,77070,Central,OFF-BI-10004584,Office Supplies,Binders,GBC ProClick 150 Presentation Binding System,252.784,4,0.8,-417.0936
927,CA-2014-132962,9/13/2014,9/16/2014,First Class,JM-15535,Jessica Myrick,Consumer,United States,Philadelphia,Pennsylvania,19143,East,TEC-AC-10004353,Technology,Accessories,Hypercom P1300 Pinpad,252.0,5,0.2,53.55
2371,CA-2017-155152,7/7/2017,7/9/2017,Second Class,MP-17965,Michael Paige,Corporate,United States,Warwick,Rhode Island,2886,East,TEC-AC-10004353,Technology,Accessories,Hypercom P1300 Pinpad,252.0,4,0.0,93.24
7359,US-2014-115189,12/30/2014,1/3/2015,Second Class,AR-10345,Alex Russell,Corporate,United States,Philadelphia,Pennsylvania,19143,East,TEC-PH-10002170,Technology,Phones,ClearSounds CSC500 Amplified Spirit Phone Corded phone,251.964,6,0.4,-50.3928
7631,CA-2014-162089,3/30/2014,4/1/2014,First Class,MP-17470,Mark Packer,Home Office,United States,Brownsville,Texas,78521,Central,TEC-PH-10001819,Technology,Phones,Innergie mMini Combo Duo USB Travel Charging Kit,251.944,7,0.2,88.1804
2067,CA-2014-106439,10/31/2014,11/4/2014,Standard Class,GG-14650,Greg Guthrie,Corporate,United States,Los Angeles,California,90049,West,TEC-AC-10004568,Technology,Accessories,Maxell LTO Ultrium - 800 GB,251.91,9,0.0,47.8629
4019,CA-2015-165624,8/23/2015,8/28/2015,Standard Class,FH-14350,Fred Harton,Consumer,United States,Atlanta,Georgia,30318,South,TEC-AC-10004568,Technology,Accessories,Maxell LTO Ultrium - 800 GB,251.91,9,0.0,47.8629
1402,CA-2016-159212,11/1/2016,11/5/2016,Standard Class,KM-16375,Katherine Murray,Home Office,United States,Salem,Virginia,24153,South,OFF-EN-10002230,Office Supplies,Envelopes,Airmail Envelopes,251.79,3,0.0,118.3413
1284,CA-2017-122154,4/9/2017,4/11/2017,First Class,SA-20830,Sue Ann Reed,Consumer,United States,Jacksonville,Florida,32216,South,OFF-PA-10000994,Office Supplies,Paper,Xerox 1915,251.64,3,0.2,88.074
3798,CA-2017-121314,9/23/2017,9/26/2017,First Class,BE-11410,Bobby Elias,Consumer,United States,Miami,Florida,33178,South,OFF-PA-10003395,Office Supplies,Paper,Xerox 1941,251.64,3,0.2,88.074
6665,CA-2017-162173,10/26/2017,11/1/2017,Standard Class,OT-18730,Olvera Toch,Consumer,United States,Virginia Beach,Virginia,23464,South,OFF-EN-10002831,Office Supplies,Envelopes,"Tyvek  Top-Opening Peel & Seel  Envelopes, Gray",251.58,7,0.0,113.211
324,CA-2016-162138,4/23/2016,4/27/2016,Standard Class,GK-14620,Grace Kelly,Corporate,United States,Hesperia,California,92345,West,OFF-BI-10004593,Office Supplies,Binders,Ibico Laser Imprintable Binding System Covers,251.52,6,0.2,81.744
3439,CA-2017-152583,10/30/2017,10/30/2017,Same Day,RA-19945,Ryan Akin,Consumer,United States,Dallas,Texas,75217,Central,FUR-TA-10002041,Furniture,Tables,"Bevis Round Conference Table Top, X-Base",251.006,2,0.3,-68.1302
549,CA-2015-113173,11/15/2015,11/17/2015,Second Class,DK-13225,Dean Katz,Corporate,United States,Chicago,Illinois,60653,Central,OFF-ST-10000604,Office Supplies,Storage,Home/Office Personal File Carts,250.272,9,0.2,15.642
7715,CA-2014-150203,12/5/2014,12/7/2014,First Class,JB-15925,Joni Blumstein,Consumer,United States,Los Angeles,California,90032,West,OFF-AP-10001469,Office Supplies,Appliances,Fellowes 8 Outlet Superior Workstation Surge Protector,250.26,6,0.0,72.5754
3719,CA-2016-142370,9/19/2016,9/23/2016,Standard Class,TP-21130,Theone Pippenger,Consumer,United States,Columbus,Georgia,31907,South,TEC-AC-10002926,Technology,Accessories,Logitech Wireless Marathon Mouse M705,249.95,5,0.0,107.4785
5251,US-2016-169369,12/12/2016,12/18/2016,Standard Class,EC-14050,Erin Creighton,Consumer,United States,Columbus,Georgia,31907,South,TEC-AC-10001314,Technology,Accessories,Case Logic 2.4GHz Wireless Keyboard,249.95,5,0.0,19.996
5448,US-2016-127425,8/26/2016,8/31/2016,Standard Class,DR-12880,Dan Reichenbach,Corporate,United States,New York City,New York,10035,East,TEC-AC-10002800,Technology,Accessories,Plantronics Audio 478 Stereo USB Headset,249.95,5,0.0,87.4825
1221,CA-2014-110184,7/12/2014,7/16/2014,Standard Class,BF-11170,Ben Ferrer,Home Office,United States,Los Angeles,California,90036,West,OFF-ST-10000107,Office Supplies,Storage,Fellowes Super Stor/Drawer,249.75,9,0.0,44.955
3120,CA-2015-121720,6/11/2015,6/12/2015,First Class,JE-15610,Jim Epp,Corporate,United States,Lakeland,Florida,33801,South,TEC-PH-10002496,Technology,Phones,Cisco SPA301,249.584,2,0.2,31.198
5747,CA-2016-113733,12/8/2016,12/12/2016,Standard Class,LH-16900,Lena Hernandez,Consumer,United States,Greenville,North Carolina,27834,South,TEC-PH-10002496,Technology,Phones,Cisco SPA301,249.584,2,0.2,31.198
9415,CA-2015-127824,10/18/2015,10/22/2015,Standard Class,JC-15775,John Castell,Consumer,United States,Seattle,Washington,98115,West,TEC-PH-10004094,Technology,Phones,Motorola L703CM,249.584,2,0.2,15.599
9977,US-2016-103674,12/6/2016,12/10/2016,Standard Class,AP-10720,Anne Pryor,Home Office,United States,Los Angeles,California,90032,West,TEC-PH-10002496,Technology,Phones,Cisco SPA301,249.584,2,0.2,31.198
4479,CA-2017-130211,10/22/2017,10/22/2017,Same Day,BD-11620,Brian DeCherney,Consumer,United States,Lawton,Oklahoma,73505,Central,FUR-TA-10003748,Furniture,Tables,Bevis 36 x 72 Conference Tables,248.98,2,0.0,54.7756
3290,CA-2015-157770,12/13/2015,12/15/2015,First Class,RD-19585,Rob Dowd,Consumer,United States,Temecula,California,92592,West,TEC-AC-10001552,Technology,Accessories,Logitech K350 2.4Ghz Wireless Keyboard,248.85,5,0.0,27.3735
2587,CA-2017-131695,6/30/2017,7/6/2017,Standard Class,RA-19285,Ralph Arnett,Consumer,United States,New York City,New York,10024,East,OFF-ST-10001476,Office Supplies,Storage,Steel Personal Filing/Posting Tote,248.57,7,0.0,67.1139
8112,CA-2016-130393,12/1/2016,12/3/2016,Second Class,JM-15865,John Murray,Consumer,United States,San Angelo,Texas,76903,Central,FUR-CH-10002647,Furniture,Chairs,"Situations Contoured Folding Chairs, 4/Set",248.43,5,0.3,-17.745
2938,US-2016-169040,12/6/2016,12/12/2016,Standard Class,GT-14710,Greg Tran,Consumer,United States,Seattle,Washington,98105,West,OFF-PA-10001736,Office Supplies,Paper,Xerox 1880,248.08,7,0.0,116.5976
7164,CA-2014-122070,4/22/2014,4/24/2014,Second Class,AH-10030,Aaron Hawkins,Corporate,United States,Troy,New York,12180,East,OFF-EN-10004773,Office Supplies,Envelopes,Staple envelope,247.84,8,0.0,121.4416
436,US-2014-150574,12/19/2014,12/25/2014,Standard Class,MK-18160,Mike Kennedy,Consumer,United States,Jacksonville,Florida,32216,South,TEC-AC-10002600,Technology,Accessories,Belkin QODE FastFit Bluetooth Keyboard,247.8,5,0.2,-18.585
1589,CA-2015-131338,8/9/2015,8/12/2015,First Class,NP-18325,Naresj Patel,Consumer,United States,New York City,New York,10024,East,TEC-AC-10002600,Technology,Accessories,Belkin QODE FastFit Bluetooth Keyboard,247.8,4,0.0,34.692
6330,CA-2014-167927,1/20/2014,1/26/2014,Standard Class,XP-21865,Xylona Preis,Consumer,United States,Westland,Michigan,48185,Central,OFF-AP-10002311,Office Supplies,Appliances,"Holmes Replacement Filter for HEPA Air Cleaner, Very Large Room, HEPA Filter",247.716,4,0.1,93.5816
6242,CA-2017-141572,5/28/2017,5/31/2017,Second Class,LO-17170,Lori Olson,Corporate,United States,Concord,New Hampshire,3301,East,FUR-FU-10001185,Furniture,Furnishings,"Advantus Employee of the Month Certificate Frame, 11 x 13-1/2",247.44,8,0.0,101.4504
8692,CA-2016-136770,8/14/2016,8/18/2016,Standard Class,SP-20650,Stephanie Phelps,Corporate,United States,Akron,Ohio,44312,East,TEC-PH-10001530,Technology,Phones,Plantronics Voyager Pro Legend,247.188,2,0.4,-49.4376
1525,CA-2015-144806,12/6/2015,12/11/2015,Standard Class,GH-14425,Gary Hwang,Consumer,United States,Tucson,Arizona,85705,West,OFF-ST-10004804,Office Supplies,Storage,"Belkin 19"" Vented Equipment Shelf, Black",247.104,6,0.2,-58.6872
392,US-2014-135972,9/21/2014,9/23/2014,Second Class,JG-15115,Jack Garza,Consumer,United States,Des Moines,Washington,98198,West,TEC-PH-10003012,Technology,Phones,Nortel Meridian M3904 Professional Digital phone,246.384,2,0.2,27.7182
2590,CA-2016-137729,5/5/2016,5/9/2016,Standard Class,BF-11005,Barry Franz,Home Office,United States,Los Angeles,California,90004,West,TEC-PH-10001433,Technology,Phones,Cisco Small Business SPA 502G VoIP phone,246.168,3,0.2,21.5397
9089,CA-2015-150308,12/15/2015,12/20/2015,Standard Class,RR-19525,Rick Reed,Corporate,United States,Cary,North Carolina,27511,South,TEC-PH-10001433,Technology,Phones,Cisco Small Business SPA 502G VoIP phone,246.168,3,0.2,21.5397
4285,CA-2015-105690,11/21/2015,11/26/2015,Second Class,CA-11965,Carol Adams,Corporate,United States,Port Arthur,Texas,77642,Central,FUR-BO-10003965,Furniture,Bookcases,O'Sullivan Manor Hill 2-Door Library in Brianna Oak,246.1328,2,0.32,-76.0116
5592,CA-2014-164742,10/13/2014,10/18/2014,Second Class,ML-17395,Marina Lichtenstein,Corporate,United States,Lakewood,New Jersey,8701,East,FUR-CH-10002880,Furniture,Chairs,"Global High-Back Leather Tilter, Burgundy",245.98,2,0.0,27.0578
5988,CA-2016-163776,7/19/2016,7/25/2016,Standard Class,JS-16030,Joy Smith,Consumer,United States,Hattiesburg,Mississippi,39401,South,OFF-PA-10001033,Office Supplies,Paper,Xerox 1893,245.94,6,0.0,120.5106
4831,CA-2014-120278,11/7/2014,11/12/2014,Standard Class,MS-17365,Maribeth Schnelling,Consumer,United States,Wausau,Wisconsin,54401,Central,OFF-AP-10001293,Office Supplies,Appliances,Belkin 8 Outlet Surge Protector,245.88,6,0.0,68.8464
5879,CA-2014-152443,5/21/2014,5/26/2014,Standard Class,FG-14260,Frank Gastineau,Home Office,United States,Lawrence,Massachusetts,1841,East,OFF-AP-10001293,Office Supplies,Appliances,Belkin 8 Outlet Surge Protector,245.88,6,0.0,68.8464
7033,CA-2016-145548,11/11/2016,11/16/2016,Standard Class,EB-13750,Edward Becker,Corporate,United States,New York City,New York,10011,East,FUR-CH-10003774,Furniture,Chairs,"Global Wood Trimmed Manager's Task Chair, Khaki",245.646,3,0.1,8.1882
6494,CA-2016-113845,11/20/2016,11/25/2016,Standard Class,FA-14230,Frank Atkinson,Corporate,United States,Orlando,Florida,32839,South,TEC-PH-10003357,Technology,Phones,Grandstream GXP2100 Mainstream Business Phone,244.768,4,0.2,24.4768
9298,US-2015-163433,4/18/2015,4/22/2015,Second Class,MP-17965,Michael Paige,Corporate,United States,Mcallen,Texas,78501,Central,TEC-PH-10003357,Technology,Phones,Grandstream GXP2100 Mainstream Business Phone,244.768,4,0.2,24.4768
3343,CA-2016-145982,8/27/2016,9/1/2016,Second Class,TB-21055,Ted Butterfield,Consumer,United States,Quincy,Massachusetts,2169,East,FUR-TA-10001307,Furniture,Tables,"SAFCO PlanMaster Heigh-Adjustable Drafting Table Base, 43w x 30d x 30-37h, Black",244.615,1,0.3,20.967
1935,CA-2017-101245,11/27/2017,12/3/2017,Standard Class,LW-16990,Lindsay Williams,Corporate,United States,San Francisco,California,94109,West,OFF-PA-10003129,Office Supplies,Paper,Tops White Computer Printout Paper,244.55,5,0.0,114.9385
4458,CA-2017-115175,8/7/2017,8/12/2017,Standard Class,MC-17575,Matt Collins,Consumer,United States,San Jose,California,95123,West,OFF-PA-10001878,Office Supplies,Paper,Xerox 1891,244.55,5,0.0,114.9385
4651,CA-2017-150987,4/8/2017,4/12/2017,Standard Class,AH-10120,Adrian Hane,Home Office,United States,San Francisco,California,94110,West,OFF-PA-10001878,Office Supplies,Paper,Xerox 1891,244.55,5,0.0,114.9385
5339,CA-2015-146486,11/9/2015,11/14/2015,Second Class,DV-13465,Dianna Vittorini,Consumer,United States,Oceanside,New York,11572,East,OFF-ST-10002554,Office Supplies,Storage,Tennsco Industrial Shelving,244.55,5,0.0,4.891
6897,CA-2017-164756,9/18/2017,9/22/2017,Standard Class,SS-20140,Saphhira Shifley,Corporate,United States,Columbus,Georgia,31907,South,OFF-PA-10003228,Office Supplies,Paper,Xerox 1917,244.55,5,0.0,114.9385
1462,US-2016-128902,3/11/2016,3/15/2016,Standard Class,MB-18085,Mick Brown,Consumer,United States,Vineland,New Jersey,8360,East,FUR-TA-10001095,Furniture,Tables,Chromcraft Round Conference Tables,244.006,2,0.3,-31.3722
2975,CA-2015-137512,5/7/2015,5/12/2015,Standard Class,AG-10675,Anna Gayman,Consumer,United States,Allen,Texas,75002,Central,FUR-TA-10001095,Furniture,Tables,Chromcraft Round Conference Tables,244.006,2,0.3,-31.3722
128,US-2017-107272,11/5/2017,11/12/2017,Standard Class,TS-21610,Troy Staebel,Consumer,United States,Phoenix,Arizona,85023,West,OFF-ST-10002974,Office Supplies,Storage,"Trav-L-File Heavy-Duty Shuttle II, Black",243.992,7,0.2,30.499
6567,CA-2017-131282,2/5/2017,2/8/2017,Second Class,CB-12025,Cassandra Brandow,Consumer,United States,Waco,Texas,76706,Central,OFF-BI-10004632,Office Supplies,Binders,Ibico Hi-Tech Manual Binding System,243.992,4,0.8,-426.986
4843,CA-2017-118402,9/29/2017,10/4/2017,Standard Class,JO-15280,Jas O'Carroll,Consumer,United States,Memphis,Tennessee,38109,South,OFF-ST-10001418,Office Supplies,Storage,Carina Media Storage Towers in Natural & Black,243.92,5,0.2,-54.882
5580,CA-2017-137498,9/9/2017,9/14/2017,Second Class,LC-17050,Liz Carlisle,Consumer,United States,Los Angeles,California,90004,West,FUR-CH-10003833,Furniture,Chairs,Novimex Fabric Task Chair,243.92,5,0.2,-15.245
3010,CA-2016-115525,7/25/2016,7/29/2016,Standard Class,RR-19525,Rick Reed,Corporate,United States,Toledo,Ohio,43615,East,OFF-AP-10000026,Office Supplies,Appliances,Tripp Lite Isotel 6 Outlet Surge Protector with Fax/Modem Protection,243.88,5,0.2,27.4365
631,US-2016-135720,12/11/2016,12/13/2016,Second Class,FM-14380,Fred McMath,Consumer,United States,Aurora,Colorado,80013,West,OFF-ST-10001963,Office Supplies,Storage,Tennsco Regal Shelving Units,243.384,3,0.2,-51.7191
9994,CA-2017-119914,5/4/2017,5/9/2017,Second Class,CC-12220,Chris Cortes,Consumer,United States,Westminster,California,92683,West,OFF-AP-10002684,Office Supplies,Appliances,"Acco 7-Outlet Masterpiece Power Center, Wihtout Fax/Phone Line Protection",243.16,2,0.0,72.948
445,CA-2016-115756,9/5/2016,9/7/2016,Second Class,PK-19075,Pete Kriz,Consumer,United States,Detroit,Michigan,48227,Central,FUR-CH-10002372,Furniture,Chairs,Office Star - Ergonomically Designed Knee Chair,242.94,3,0.0,29.1528
733,CA-2017-131954,1/21/2017,1/25/2017,Standard Class,DS-13030,Darrin Sayre,Home Office,United States,Seattle,Washington,98115,West,OFF-ST-10000736,Office Supplies,Storage,Carina Double Wide Media Storage Towers in Natural & Black,242.94,3,0.0,9.7176
855,CA-2016-123274,2/19/2016,2/24/2016,Standard Class,GT-14710,Greg Tran,Consumer,United States,New York City,New York,10035,East,OFF-ST-10000736,Office Supplies,Storage,Carina Double Wide Media Storage Towers in Natural & Black,242.94,3,0.0,9.7176
3109,CA-2016-121671,7/17/2016,7/22/2016,Standard Class,AA-10480,Andrew Allen,Consumer,United States,Springfield,Missouri,65807,Central,OFF-ST-10002344,Office Supplies,Storage,"Carina 42""Hx23 3/4""W Media Storage Unit",242.94,3,0.0,4.8588
4636,CA-2017-116288,3/12/2017,3/17/2017,Standard Class,BS-11380,Bill Stewart,Corporate,United States,San Francisco,California,94122,West,OFF-ST-10000736,Office Supplies,Storage,Carina Double Wide Media Storage Towers in Natural & Black,242.94,3,0.0,9.7176
4964,CA-2014-156587,3/7/2014,3/8/2014,First Class,AB-10015,Aaron Bergman,Consumer,United States,Seattle,Washington,98103,West,OFF-ST-10002344,Office Supplies,Storage,"Carina 42""Hx23 3/4""W Media Storage Unit",242.94,3,0.0,4.8588
1717,CA-2016-169943,5/19/2016,5/24/2016,Standard Class,BN-11515,Bradley Nguyen,Consumer,United States,New York City,New York,10011,East,OFF-AP-10001563,Office Supplies,Appliances,Belkin Premiere Surge Master II 8-outlet surge protector,242.9,5,0.0,70.441
8256,CA-2017-152310,8/12/2017,8/19/2017,Standard Class,DK-12895,Dana Kaydos,Consumer,United States,Seattle,Washington,98103,West,TEC-PH-10002538,Technology,Phones,Grandstream GXP1160 VoIP phone,242.624,8,0.2,27.2952
1541,CA-2017-121888,9/15/2017,9/17/2017,Second Class,CL-11890,Carl Ludwig,Consumer,United States,Everett,Massachusetts,2149,East,OFF-BI-10001765,Office Supplies,Binders,Wilson Jones Heavy-Duty Casebound Ring Binders with Metal Hinges,242.48,7,0.0,116.3904
3101,CA-2017-131233,4/14/2017,4/19/2017,Standard Class,CS-12355,Christine Sundaresam,Consumer,United States,New York City,New York,10024,East,FUR-BO-10003441,Furniture,Bookcases,"Bush Westfield Collection Bookcases, Fully Assembled",242.352,3,0.2,9.0882
4692,CA-2014-138681,12/20/2014,12/22/2014,First Class,CT-11995,Carol Triggs,Consumer,United States,Tucson,Arizona,85705,West,FUR-CH-10004860,Furniture,Chairs,Global Low Back Tilter Chair,242.352,3,0.2,-42.4116
7541,US-2017-112347,12/2/2017,12/6/2017,Standard Class,BS-11380,Bill Stewart,Corporate,United States,Denver,Colorado,80219,West,FUR-BO-10003546,Furniture,Bookcases,Hon 4-Shelf Metal Bookcases,242.352,8,0.7,-363.528
9830,US-2017-152842,7/16/2017,7/23/2017,Standard Class,NF-18385,Natalie Fritzler,Consumer,United States,Charlotte,North Carolina,28205,South,FUR-CH-10004218,Furniture,Chairs,"Global Fabric Manager's Chair, Dark Gray",242.352,3,0.2,15.147
7879,CA-2016-160241,11/29/2016,12/4/2016,Second Class,DR-12940,Daniel Raglin,Home Office,United States,Aurora,Illinois,60505,Central,FUR-FU-10003806,Furniture,Furnishings,"Tenex Chairmat w/ Average Lip, 45"" x 53""",242.176,4,0.6,-302.72
9707,CA-2016-161746,10/21/2016,10/27/2016,Standard Class,CS-11950,Carlos Soltero,Consumer,United States,Los Angeles,California,90045,West,FUR-CH-10004626,Furniture,Chairs,Office Star Flex Back Scooter Chair with Aluminum Finish Frame,242.136,3,0.2,12.1068
2123,CA-2017-167381,9/22/2017,9/24/2017,Second Class,EH-14005,Erica Hernandez,Home Office,United States,Lansing,Michigan,48911,Central,FUR-BO-10001972,Furniture,Bookcases,O'Sullivan 4-Shelf Bookcase in Odessa Pine,241.96,2,0.0,41.1332
2216,CA-2017-129378,10/1/2017,10/2/2017,First Class,NS-18505,Neola Schneider,Consumer,United States,San Jose,California,95123,West,OFF-AP-10000576,Office Supplies,Appliances,"Belkin 325VA UPS Surge Protector, 6'",241.96,2,0.0,60.49
3763,CA-2016-156251,8/13/2016,8/18/2016,Second Class,TS-21160,Theresa Swint,Corporate,United States,West Allis,Wisconsin,53214,Central,FUR-BO-10001337,Furniture,Bookcases,O'Sullivan Living Dimensions 2-Shelf Bookcases,241.96,2,0.0,24.196
6402,CA-2017-125472,5/30/2017,5/31/2017,First Class,BD-11725,Bruce Degenhardt,Consumer,United States,Lafayette,Louisiana,70506,South,FUR-BO-10000330,Furniture,Bookcases,"Sauder Camden County Barrister Bookcase, Planked Cherry Finish",241.96,2,0.0,33.8744
4684,CA-2016-159912,8/29/2016,9/3/2016,Standard Class,GB-14530,George Bell,Corporate,United States,Philadelphia,Pennsylvania,19120,East,FUR-TA-10004152,Furniture,Tables,"Barricks 18"" x 48"" Non-Folding Utility Table with Bottom Storage Shelf",241.92,4,0.4,-56.448
499,CA-2016-126158,7/25/2016,7/31/2016,Standard Class,SC-20095,Sanjit Chand,Consumer,United States,Costa Mesa,California,92627,West,FUR-CH-10002602,Furniture,Chairs,DMI Arturo Collection Mission-style Design Wood Chair,241.568,2,0.2,18.1176
3130,CA-2014-136399,12/16/2014,12/17/2014,First Class,CC-12100,Chad Cunningham,Home Office,United States,Los Angeles,California,90049,West,FUR-CH-10002602,Furniture,Chairs,DMI Arturo Collection Mission-style Design Wood Chair,241.568,2,0.2,18.1176
6482,CA-2017-140872,6/3/2017,6/10/2017,Standard Class,NR-18550,Nick Radford,Consumer,United States,Pembroke Pines,Florida,33024,South,FUR-BO-10002824,Furniture,Bookcases,Bush Mission Pointe Library,241.568,2,0.2,0.0
7835,CA-2015-106257,4/13/2015,4/17/2015,Second Class,EB-14110,Eugene Barchas,Consumer,United States,Los Angeles,California,90045,West,FUR-TA-10002530,Furniture,Tables,"Iceberg OfficeWorks 42"" Round Tables",241.568,2,0.2,-15.098
8383,CA-2016-163048,2/8/2016,2/15/2016,Standard Class,MH-17440,Mark Haberlin,Corporate,United States,Houston,Texas,77036,Central,FUR-CH-10001270,Furniture,Chairs,Harbour Creations Steel Folding Chair,241.5,4,0.3,0.0
3264,CA-2014-140662,11/17/2014,11/19/2014,First Class,TS-21205,Thomas Seio,Corporate,United States,San Francisco,California,94109,West,OFF-AP-10001242,Office Supplies,Appliances,APC 7 Outlet Network SurgeArrest Surge Protector,241.44,3,0.0,72.432
9168,CA-2016-100300,6/24/2016,6/26/2016,Second Class,MJ-17740,Max Jones,Consumer,United States,San Diego,California,92037,West,OFF-AP-10001242,Office Supplies,Appliances,APC 7 Outlet Network SurgeArrest Surge Protector,241.44,3,0.0,72.432
8530,CA-2017-137624,11/10/2017,11/17/2017,Standard Class,ME-17320,Maria Etezadi,Home Office,United States,Los Angeles,California,90008,West,FUR-CH-10001714,Furniture,Chairs,"Global Leather & Oak Executive Chair, Burgundy",241.424,2,0.2,-36.2136
3929,CA-2016-162082,3/14/2016,3/17/2016,First Class,JS-15880,John Stevenson,Consumer,United States,Harlingen,Texas,78550,Central,FUR-BO-10004409,Furniture,Bookcases,"Safco Value Mate Series Steel Bookcases, Baked Enamel Finish on Steel, Gray",241.332,5,0.32,-14.196
3331,CA-2014-165309,11/11/2014,11/15/2014,Standard Class,KD-16270,Karen Daniels,Consumer,United States,Houston,Texas,77095,Central,TEC-PH-10004959,Technology,Phones,Classic Ivory Antique Telephone ZL1810,241.176,3,0.2,15.0735
6815,CA-2017-156237,9/14/2017,9/15/2017,First Class,PS-18760,Pamela Stobb,Consumer,United States,Philadelphia,Pennsylvania,19140,East,TEC-MA-10001681,Technology,Machines,Lexmark MarkNet N8150 Wireless Print Server,241.17,2,0.7,-168.819
3869,CA-2015-132486,10/23/2015,10/27/2015,Second Class,JF-15355,Jay Fein,Consumer,United States,San Diego,California,92105,West,FUR-CH-10004495,Furniture,Chairs,"Global Leather and Oak Executive Chair, Black",240.784,1,0.2,27.0882
5973,CA-2017-115105,2/6/2017,2/11/2017,Standard Class,BD-11770,Bryan Davis,Consumer,United States,New York City,New York,10024,East,FUR-BO-10001811,Furniture,Bookcases,"Atlantic Metals Mobile 5-Shelf Bookcases, Custom Colors",240.784,1,0.2,30.098
8446,CA-2017-125451,10/23/2017,10/24/2017,First Class,AH-10075,Adam Hart,Corporate,United States,Cranston,Rhode Island,2920,East,FUR-TA-10001039,Furniture,Tables,KI Adjustable-Height Table,240.744,4,0.3,-13.7568
6367,CA-2017-144848,4/4/2017,4/5/2017,First Class,DS-13030,Darrin Sayre,Home Office,United States,New York City,New York,10009,East,OFF-SU-10000646,Office Supplies,Supplies,Premier Automatic Letter Opener,240.37,1,0.0,7.2111
3166,CA-2014-153969,9/21/2014,9/25/2014,Standard Class,HF-14995,Herbert Flentye,Consumer,United States,San Francisco,California,94109,West,TEC-PH-10001299,Technology,Phones,Polycom CX300 Desktop Phone USB VoIP phone,239.984,2,0.2,23.9984
8749,CA-2017-128076,2/2/2017,2/7/2017,Standard Class,BO-11350,Bill Overfelt,Corporate,United States,San Diego,California,92105,West,TEC-MA-10002109,Technology,Machines,"HP Officejet Pro 8600 e-All-In-One Printer, Copier, Scanner, Fax",239.984,2,0.2,38.9974
9613,CA-2016-110086,9/18/2016,9/22/2016,Standard Class,BD-11320,Bill Donatelli,Consumer,United States,Woodland,California,95695,West,TEC-PH-10001299,Technology,Phones,Polycom CX300 Desktop Phone USB VoIP phone,239.984,2,0.2,23.9984
1387,US-2016-108504,2/5/2016,2/5/2016,Same Day,PP-18955,Paul Prost,Home Office,United States,Smyrna,Georgia,30080,South,FUR-BO-10004015,Furniture,Bookcases,"Bush Andora Bookcase, Maple/Graphite Gray Finish",239.98,2,0.0,52.7956
2357,CA-2015-111514,8/31/2015,9/2/2015,First Class,SC-20260,Scott Cohen,Corporate,United States,San Francisco,California,94122,West,TEC-MA-10000597,Technology,Machines,Lexmark S315 Color Inkjet Printer,239.976,3,0.2,80.9919
4473,CA-2017-121300,9/29/2017,9/29/2017,Same Day,MG-17680,Maureen Gastineau,Home Office,United States,Mentor,Ohio,44060,East,TEC-AC-10004571,Technology,Accessories,Logitech G700s Rechargeable Gaming Mouse,239.976,3,0.2,65.9934
5029,CA-2014-151792,9/2/2014,9/7/2014,Second Class,CV-12295,Christina VanderZanden,Consumer,United States,Chicago,Illinois,60653,Central,TEC-AC-10001606,Technology,Accessories,Logitech Wireless Performance Mouse MX for PC and Mac,239.976,3,0.2,53.9946
6287,CA-2016-121020,10/24/2016,10/31/2016,Standard Class,CG-12040,Catherine Glotzbach,Home Office,United States,Lebanon,Tennessee,37087,South,TEC-PH-10001061,Technology,Phones,Apple iPhone 5C,239.976,3,0.2,17.9982
6795,CA-2015-145394,11/16/2015,11/20/2015,Standard Class,MC-17605,Matt Connell,Corporate,United States,Chicago,Illinois,60610,Central,TEC-PH-10001051,Technology,Phones,HTC One,239.976,3,0.2,26.9973
8697,CA-2017-119284,6/15/2017,6/20/2017,Standard Class,TS-21205,Thomas Seio,Corporate,United States,Nashville,Tennessee,37211,South,TEC-PH-10001051,Technology,Phones,HTC One,239.976,3,0.2,26.9973
8931,US-2015-168704,4/13/2015,4/17/2015,Standard Class,FP-14320,Frank Preis,Consumer,United States,Huntsville,Texas,77340,Central,TEC-PH-10001061,Technology,Phones,Apple iPhone 5C,239.976,3,0.2,17.9982
823,CA-2017-101434,6/20/2017,6/27/2017,Standard Class,TR-21325,Toby Ritter,Consumer,United States,Belleville,New Jersey,7109,East,TEC-AC-10002402,Technology,Accessories,Razer Kraken PRO Over Ear PC and Music Headset,239.97,3,0.0,71.991
1415,CA-2017-115994,1/28/2017,1/31/2017,Second Class,BT-11305,Beth Thompson,Home Office,United States,Costa Mesa,California,92627,West,TEC-AC-10000580,Technology,Accessories,Logitech G13 Programmable Gameboard with LCD Display,239.97,3,0.0,26.3967
2758,CA-2016-127775,6/11/2016,6/13/2016,Second Class,ES-14020,Erica Smith,Consumer,United States,New York City,New York,10035,East,TEC-AC-10002402,Technology,Accessories,Razer Kraken PRO Over Ear PC and Music Headset,239.97,3,0.0,71.991
3889,CA-2014-100895,6/2/2014,6/6/2014,Standard Class,SV-20785,Stewart Visinsky,Consumer,United States,Roswell,Georgia,30076,South,TEC-PH-10001425,Technology,Phones,Mophie Juice Pack Helium for iPhone,239.97,3,0.0,67.1916
4865,CA-2017-163531,6/26/2017,6/30/2017,Standard Class,SC-20725,Steven Cartwright,Consumer,United States,New York City,New York,10024,East,TEC-PH-10001425,Technology,Phones,Mophie Juice Pack Helium for iPhone,239.97,3,0.0,67.1916
5514,CA-2015-103177,5/30/2015,6/1/2015,First Class,EN-13780,Edward Nazzal,Consumer,United States,New York City,New York,10009,East,TEC-PH-10001795,Technology,Phones,RCA H5401RE1 DECT 6.0 4-Line Cordless Handset With Caller ID/Call Waiting,239.97,3,0.0,2.3997
8068,US-2015-160563,10/20/2015,10/24/2015,Standard Class,NS-18640,Noel Staavos,Corporate,United States,San Francisco,California,94109,West,TEC-AC-10002567,Technology,Accessories,Logitech G602 Wireless Gaming Mouse,239.97,3,0.0,86.3892
8881,US-2015-107944,3/23/2015,3/25/2015,First Class,AM-10360,Alice McCarthy,Corporate,United States,Los Angeles,California,90008,West,TEC-AC-10000736,Technology,Accessories,Logitech G600 MMO Gaming Mouse,239.97,3,0.0,86.3892
9762,CA-2014-121762,2/14/2014,2/18/2014,Standard Class,ML-17395,Marina Lichtenstein,Corporate,United States,Seattle,Washington,98103,West,TEC-AC-10000736,Technology,Accessories,Logitech G600 MMO Gaming Mouse,239.97,3,0.0,86.3892
5038,CA-2017-141719,11/17/2017,11/21/2017,Second Class,EG-13900,Emily Grady,Consumer,United States,Naperville,Illinois,60540,Central,TEC-AC-10003610,Technology,Accessories,Logitech Illuminated - Keyboard,239.96,5,0.2,83.986
5483,CA-2017-105487,10/8/2017,10/14/2017,Standard Class,CS-12250,Chris Selesnick,Corporate,United States,San Diego,California,92105,West,TEC-AC-10003610,Technology,Accessories,Logitech Illuminated - Keyboard,239.96,4,0.0,115.1808
5518,CA-2017-117667,12/4/2017,12/9/2017,Standard Class,MS-17980,Michael Stewart,Corporate,United States,Philadelphia,Pennsylvania,19134,East,FUR-CH-10004540,Furniture,Chairs,Global Chrome Stack Chair,239.96,10,0.3,-10.284
1366,US-2017-155425,11/10/2017,11/11/2017,First Class,AB-10600,Ann Blume,Corporate,United States,Tucson,Arizona,85705,West,TEC-AC-10001314,Technology,Accessories,Case Logic 2.4GHz Wireless Keyboard,239.952,6,0.2,-35.9928
9004,CA-2015-102855,4/5/2015,4/6/2015,Same Day,JF-15415,Jennifer Ferguson,Consumer,United States,Spokane,Washington,99207,West,TEC-AC-10001767,Technology,Accessories,SanDisk Ultra 64 GB MicroSDHC Class 10 Memory Card,239.94,6,0.0,26.3934
8554,US-2017-102904,11/13/2017,11/20/2017,Standard Class,CB-12025,Cassandra Brandow,Consumer,United States,Decatur,Alabama,35601,South,TEC-AC-10000927,Technology,Accessories,Anker Ultrathin Bluetooth Wireless Keyboard Aluminum Cover with Stand ,239.92,8,0.0,23.992
4811,CA-2015-151589,12/27/2015,12/30/2015,First Class,RE-19450,Richard Eichhorn,Consumer,United States,Eau Claire,Wisconsin,54703,Central,TEC-PH-10004345,Technology,Phones,Cisco SPA 502G IP Phone,239.9,2,0.0,71.97
6602,CA-2014-154095,12/2/2014,12/7/2014,Standard Class,ON-18715,Odella Nelson,Corporate,United States,Clinton,Maryland,20735,East,FUR-CH-10004754,Furniture,Chairs,"Global Stack Chair with Arms, Black",239.84,8,0.0,64.7568
285,CA-2015-130883,9/26/2015,10/2/2015,Standard Class,TB-21520,Tracy Blumstein,Consumer,United States,Portland,Oregon,97206,West,TEC-AC-10001956,Technology,Accessories,Microsoft Arc Touch Mouse,239.8,5,0.2,47.96
4581,CA-2015-164427,7/31/2015,8/6/2015,Standard Class,AR-10405,Allen Rosenblatt,Corporate,United States,Hattiesburg,Mississippi,39401,South,TEC-AC-10004469,Technology,Accessories,Microsoft Sculpt Comfort Mouse,239.7,6,0.0,105.468
5859,US-2017-153255,9/3/2017,9/7/2017,Second Class,JK-15730,Joe Kamberova,Consumer,United States,Concord,California,94521,West,FUR-BO-10004218,Furniture,Bookcases,"Bush Heritage Pine Collection 5-Shelf Bookcase, Albany Pine Finish, *Special Order",239.666,2,0.15,14.098
6616,CA-2016-123512,6/17/2016,6/19/2016,First Class,MV-18190,Mike Vittorini,Consumer,United States,Los Angeles,California,90045,West,FUR-BO-10004218,Furniture,Bookcases,"Bush Heritage Pine Collection 5-Shelf Bookcase, Albany Pine Finish, *Special Order",239.666,2,0.15,14.098
9602,CA-2016-117604,9/4/2016,9/9/2016,Standard Class,JP-15520,Jeremy Pistek,Consumer,United States,Jonesboro,Arkansas,72401,South,OFF-PA-10001357,Office Supplies,Paper,Xerox 1886,239.5,5,0.0,114.96
7513,US-2017-161935,7/14/2017,7/18/2017,Standard Class,JL-15835,John Lee,Consumer,United States,Columbus,Ohio,43229,East,OFF-ST-10001837,Office Supplies,Storage,"SAFCO Mobile Desk Side File, Wire Frame",239.456,7,0.2,17.9592
8157,CA-2016-131296,10/4/2016,10/9/2016,Standard Class,MS-17830,Melanie Seite,Consumer,United States,Baltimore,Maryland,21215,East,FUR-TA-10002622,Furniture,Tables,"Bush Andora Conference Table, Maple/Graphite Gray Finish",239.372,2,0.3,-23.9372
8944,CA-2017-111717,10/10/2017,10/16/2017,Standard Class,SW-20245,Scot Wooten,Consumer,United States,Aurora,Illinois,60505,Central,FUR-CH-10001545,Furniture,Chairs,Hon Comfortask Task/Swivel Chairs,239.358,3,0.3,-47.8716
6031,US-2017-152492,7/6/2017,7/6/2017,Same Day,AH-10585,Angele Hood,Consumer,United States,Miami,Florida,33142,South,FUR-CH-10000155,Furniture,Chairs,Global Comet Stacking Armless Chair,239.24,1,0.2,23.924
2025,US-2017-111241,8/20/2017,8/22/2017,Second Class,GM-14500,Gene McClure,Consumer,United States,Fresno,California,93727,West,OFF-BI-10002867,Office Supplies,Binders,GBC Recycled Regency Composition Covers,239.12,5,0.2,77.714
104,US-2015-156867,11/13/2015,11/17/2015,Standard Class,LC-16870,Lena Cacioppo,Consumer,United States,Aurora,Colorado,80013,West,TEC-AC-10001552,Technology,Accessories,Logitech K350 2.4Ghz Wireless Keyboard,238.896,6,0.2,-26.8758
5821,CA-2017-117632,5/12/2017,5/18/2017,Standard Class,CS-12175,Charles Sheldon,Corporate,United States,San Francisco,California,94122,West,OFF-SU-10000157,Office Supplies,Supplies,Compact Automatic Electric Letter Opener,238.62,2,0.0,4.7724
9764,CA-2014-121762,2/14/2014,2/18/2014,Standard Class,ML-17395,Marina Lichtenstein,Corporate,United States,Seattle,Washington,98103,West,OFF-SU-10000157,Office Supplies,Supplies,Compact Automatic Electric Letter Opener,238.62,2,0.0,4.7724
130,US-2016-125969,11/6/2016,11/10/2016,Second Class,LS-16975,Lindsay Shagiari,Home Office,United States,Los Angeles,California,90004,West,FUR-FU-10003773,Furniture,Furnishings,Eldon Cleatmat Plus Chair Mats for High Pile Carpets,238.56,3,0.0,26.2416
6046,CA-2015-113215,9/3/2015,9/8/2015,Standard Class,CP-12085,Cathy Prescott,Corporate,United States,Tucson,Arizona,85705,West,FUR-FU-10002937,Furniture,Furnishings,"GE 48"" Fluorescent Tube, Cool White Energy Saver, 34 Watts, 30/Box",238.152,3,0.2,89.307
1956,CA-2017-157987,9/2/2017,9/6/2017,Standard Class,AC-10615,Ann Chong,Corporate,United States,New York City,New York,10009,East,TEC-AC-10002842,Technology,Accessories,WD My Passport Ultra 2TB Portable External Hard Drive,238.0,2,0.0,38.08
3866,CA-2014-124709,7/27/2014,7/29/2014,Second Class,GW-14605,Giulietta Weimer,Consumer,United States,San Francisco,California,94122,West,TEC-AC-10002842,Technology,Accessories,WD My Passport Ultra 2TB Portable External Hard Drive,238.0,2,0.0,38.08
8155,US-2017-143770,3/20/2017,3/24/2017,Standard Class,RD-19720,Roger Demir,Consumer,United States,Middletown,Connecticut,6457,East,TEC-AC-10002842,Technology,Accessories,WD My Passport Ultra 2TB Portable External Hard Drive,238.0,2,0.0,38.08
7444,CA-2014-109932,12/9/2014,12/11/2014,First Class,VP-21760,Victoria Pisteka,Corporate,United States,Brownsville,Texas,78521,Central,OFF-ST-10000036,Office Supplies,Storage,"Recycled Data-Pak for Archival Bound Computer Printouts, 12-1/2 x 12-1/2 x 16",237.096,3,0.2,20.7459
9901,CA-2017-117646,8/21/2017,8/25/2017,Standard Class,SC-20845,Sung Chung,Consumer,United States,Louisville,Colorado,80027,West,OFF-ST-10000036,Office Supplies,Storage,"Recycled Data-Pak for Archival Bound Computer Printouts, 12-1/2 x 12-1/2 x 16",237.096,3,0.2,20.7459
4032,CA-2016-169957,9/26/2016,9/30/2016,Standard Class,SN-20710,Steve Nguyen,Home Office,United States,Covington,Washington,98042,West,OFF-AP-10000576,Office Supplies,Appliances,Belkin 7 Outlet SurgeMaster II,236.88,6,0.0,66.3264
7441,US-2017-163657,9/2/2017,9/6/2017,Standard Class,JL-15235,Janet Lee,Consumer,United States,Los Angeles,California,90049,West,FUR-TA-10004607,Furniture,Tables,Hon 2111 Invitation Series Straight Table,236.528,2,0.2,-2.9566
7169,CA-2014-117464,7/22/2014,7/24/2014,Second Class,NP-18325,Naresj Patel,Consumer,United States,San Francisco,California,94122,West,OFF-ST-10003058,Office Supplies,Storage,Eldon Mobile Mega Data Cart  Mega Stackable  Add-On Trays,236.5,10,0.0,68.585
7576,CA-2015-129532,12/8/2015,12/12/2015,Standard Class,YS-21880,Yana Sorensen,Corporate,United States,Los Angeles,California,90036,West,TEC-AC-10000865,Technology,Accessories,WD My Passport Ultra 500GB Portable External Hard Drive,236.0,4,0.0,40.12
7859,CA-2014-103429,5/30/2014,6/1/2014,First Class,LW-16825,Laurel Workman,Corporate,United States,New York City,New York,10024,East,OFF-AP-10001005,Office Supplies,Appliances,Honeywell Quietcare HEPA Air Cleaner,235.95,3,0.0,77.8635
635,CA-2017-144694,9/24/2017,9/26/2017,Second Class,BD-11605,Brian Dahlen,Consumer,United States,Miami,Florida,33180,South,OFF-LA-10003930,Office Supplies,Labels,"Dot Matrix Printer Tape Reel Labels, White, 5000/Box",235.944,3,0.2,85.5297
6905,CA-2017-111220,9/2/2017,9/8/2017,Standard Class,JS-15595,Jill Stevenson,Corporate,United States,Chicago,Illinois,60653,Central,OFF-ST-10003994,Office Supplies,Storage,"Belkin 19"" Center-Weighted Shelf, Gray",235.92,5,0.2,-44.235
9798,CA-2015-128608,1/12/2015,1/17/2015,Standard Class,CS-12490,Cindy Schnelling,Corporate,United States,Toledo,Ohio,43615,East,TEC-PH-10004977,Technology,Phones,GE 30524EE4,235.188,2,0.4,-43.1178
6204,CA-2016-133669,10/21/2016,10/27/2016,Standard Class,SV-20935,Susan Vittorini,Consumer,United States,Columbus,Ohio,43229,East,TEC-PH-10001305,Technology,Phones,Panasonic KX TS208W Corded phone,235.152,8,0.4,-47.0304
8097,CA-2017-133046,7/27/2017,8/1/2017,Second Class,DK-13375,Dennis Kane,Consumer,United States,Seattle,Washington,98115,West,TEC-AC-10000991,Technology,Accessories,Sony Micro Vault Click 8 GB USB 2.0 Flash Drive,234.95,5,0.0,32.893
5631,CA-2014-127614,2/11/2014,2/15/2014,Standard Class,NF-18385,Natalie Fritzler,Consumer,United States,Chesapeake,Virginia,23320,South,TEC-AC-10001432,Technology,Accessories,Enermax Aurora Lite Keyboard,234.45,3,0.0,103.158
5952,CA-2017-161046,3/5/2017,3/5/2017,Same Day,CB-12535,Claudia Bergmann,Corporate,United States,Southaven,Mississippi,38671,South,OFF-BI-10002026,Office Supplies,Binders,Ibico Recycled Linen-Style Covers,234.36,6,0.0,112.4928
232,US-2017-100930,4/7/2017,4/12/2017,Standard Class,CS-12400,Christopher Schild,Home Office,United States,Tampa,Florida,33614,South,FUR-TA-10001705,Furniture,Tables,Bush Advantage Collection Round Conference Table,233.86,2,0.45,-102.048
2151,US-2017-139969,11/19/2017,11/26/2017,Standard Class,AF-10870,Art Ferguson,Consumer,United States,College Station,Texas,77840,Central,FUR-CH-10001973,Furniture,Chairs,Office Star Flex Back Scooter Chair with White Frame,233.058,3,0.3,-53.2704
3695,CA-2016-142097,10/15/2016,10/20/2016,Standard Class,QJ-19255,Quincy Jones,Corporate,United States,Springfield,Virginia,22153,South,OFF-BI-10002082,Office Supplies,Binders,GBC Twin Loop Wire Binding Elements,232.96,7,0.0,116.48
4031,CA-2017-124296,12/24/2017,12/28/2017,Standard Class,CS-12355,Christine Sundaresam,Consumer,United States,Lafayette,Louisiana,70506,South,FUR-CH-10002439,Furniture,Chairs,"Iceberg Nesting Folding Chair, 19w x 6d x 43h",232.88,4,0.0,60.5488
7825,CA-2014-125150,5/16/2014,5/23/2014,Standard Class,PW-19030,Pauline Webber,Corporate,United States,Los Angeles,California,90036,West,FUR-CH-10002439,Furniture,Chairs,"Iceberg Nesting Folding Chair, 19w x 6d x 43h",232.88,5,0.2,17.466
5121,CA-2014-149538,4/4/2014,4/8/2014,Standard Class,KB-16585,Ken Black,Corporate,United States,Lafayette,Louisiana,70506,South,OFF-ST-10004180,Office Supplies,Storage,Safco Commercial Shelving,232.55,5,0.0,9.302
3311,CA-2016-111416,9/17/2016,9/22/2016,Standard Class,LW-17215,Luke Weiss,Consumer,United States,New York City,New York,10035,East,OFF-BI-10002026,Office Supplies,Binders,Avery Arch Ring Binders,232.4,5,0.2,78.435
8401,CA-2015-110814,12/5/2015,12/9/2015,Second Class,BD-11635,Brian Derr,Consumer,United States,New York City,New York,10009,East,OFF-BI-10002026,Office Supplies,Binders,Avery Arch Ring Binders,232.4,5,0.2,78.435
4920,CA-2016-160304,1/2/2016,1/7/2016,Standard Class,BM-11575,Brendan Murry,Corporate,United States,Gaithersburg,Maryland,20877,East,TEC-PH-10000455,Technology,Phones,GE 30522EE2,231.98,2,0.0,67.2742
4000,US-2015-149629,7/17/2015,7/20/2015,Second Class,MP-17965,Michael Paige,Corporate,United States,Port Saint Lucie,Florida,34952,South,FUR-BO-10004709,Furniture,Bookcases,"Bush Westfield Collection Bookcases, Medium Cherry Finish",231.92,5,0.2,5.798
7535,US-2017-134642,2/25/2017,3/1/2017,Standard Class,SW-20245,Scot Wooten,Consumer,United States,Greenville,North Carolina,27834,South,FUR-BO-10004709,Furniture,Bookcases,"Bush Westfield Collection Bookcases, Medium Cherry Finish",231.92,5,0.2,5.798
6590,CA-2017-104731,7/21/2017,7/27/2017,Standard Class,AM-10705,Anne McFarland,Consumer,United States,Salem,Virginia,24153,South,OFF-SU-10003505,Office Supplies,Supplies,Premier Electric Letter Opener,231.72,2,0.0,11.586
8687,CA-2016-144015,6/26/2016,6/26/2016,Same Day,AH-10075,Adam Hart,Corporate,United States,Los Angeles,California,90036,West,OFF-SU-10003505,Office Supplies,Supplies,Premier Electric Letter Opener,231.72,2,0.0,11.586
85,US-2017-119662,11/13/2017,11/16/2017,First Class,CS-12400,Christopher Schild,Home Office,United States,Chicago,Illinois,60623,Central,OFF-ST-10003656,Office Supplies,Storage,Safco Industrial Wire Shelving,230.376,3,0.2,-48.9549
2422,CA-2016-155551,4/18/2016,4/23/2016,Standard Class,CR-12580,Clay Rozendal,Home Office,United States,Elmhurst,Illinois,60126,Central,OFF-ST-10003656,Office Supplies,Storage,Safco Industrial Wire Shelving,230.376,3,0.2,-48.9549
3228,CA-2014-108189,10/2/2014,10/5/2014,First Class,ES-14080,Erin Smith,Corporate,United States,Tempe,Arizona,85281,West,TEC-PH-10001557,Technology,Phones,Pyle PMP37LED,230.376,3,0.2,20.1579
295,CA-2014-111451,12/26/2014,12/28/2014,First Class,KL-16555,Kelly Lampkin,Corporate,United States,Colorado Springs,Colorado,80906,West,FUR-CH-10001891,Furniture,Chairs,Global Deluxe Office Fabric Chairs,230.352,3,0.2,20.1558
6710,CA-2015-123141,11/14/2015,11/19/2015,Standard Class,GZ-14470,Gary Zandusky,Consumer,United States,Rio Rancho,New Mexico,87124,West,FUR-CH-10001891,Furniture,Chairs,Global Deluxe Office Fabric Chairs,230.352,3,0.2,20.1558
2615,CA-2014-147298,4/26/2014,5/3/2014,Standard Class,AG-10300,Aleksandra Gannaway,Corporate,United States,Los Angeles,California,90049,West,FUR-CH-10004886,Furniture,Chairs,Bevis Steel Folding Chairs,230.28,3,0.2,23.028
3752,CA-2017-161956,8/27/2017,8/29/2017,Second Class,DR-12880,Dan Reichenbach,Corporate,United States,Inglewood,California,90301,West,FUR-CH-10004886,Furniture,Chairs,Bevis Steel Folding Chairs,230.28,3,0.2,23.028
4553,US-2014-106334,12/27/2014,1/2/2015,Standard Class,JF-15490,Jeremy Farry,Consumer,United States,San Francisco,California,94122,West,FUR-CH-10004886,Furniture,Chairs,Bevis Steel Folding Chairs,230.28,3,0.2,23.028
7932,US-2016-168095,7/15/2016,7/20/2016,Standard Class,MC-17425,Mark Cousins,Corporate,United States,Portland,Oregon,97206,West,FUR-CH-10004886,Furniture,Chairs,Bevis Steel Folding Chairs,230.28,3,0.2,23.028
6389,CA-2014-134103,1/30/2014,2/4/2014,Standard Class,MV-18190,Mike Vittorini,Consumer,United States,Detroit,Michigan,48234,Central,OFF-ST-10000991,Office Supplies,Storage,Space Solutions HD Industrial Steel Shelving.,229.94,2,0.0,6.8982
