customer_id,customer_name,order_id,order_date,sales,order_row_number
AA-10315,Alex Avila,CA-2016-103982,3/3/2016,3930.072,1
AA-10315,Alex Avila,CA-2014-128055,3/31/2014,673.568,2
AA-10315,Alex Avila,CA-2016-103982,3/3/2016,431.976,3
AA-10315,Alex Avila,CA-2017-147039,6/29/2017,362.94,4
AA-10315,Alex Avila,CA-2014-128055,3/31/2014,52.98,5
AA-10315,Alex Avila,CA-2016-103982,3/3/2016,41.72,6
AA-10315,Alex Avila,CA-2015-121391,10/4/2015,26.96,7
AA-10315,Alex Avila,CA-2014-138100,9/15/2014,14.94,8
AA-10315,Alex Avila,CA-2014-138100,9/15/2014,14.56,9
AA-10315,Alex Avila,CA-2017-147039,6/29/2017,11.54,10
AA-10315,Alex Avila,CA-2016-103982,3/3/2016,2.304,11
AA-10375,Allen Armold,CA-2016-131065,11/14/2016,499.98,1
AA-10375,Allen Armold,CA-2015-140921,2/3/2015,149.97,2
AA-10375,Allen Armold,CA-2017-100230,12/11/2017,116.98,3
AA-10375,Allen Armold,CA-2015-114503,11/13/2015,84.96,4
AA-10375,Allen Armold,US-2017-169488,9/7/2017,39.96,5
AA-10375,Allen Armold,CA-2014-130729,10/24/2014,34.272,6
AA-10375,Allen Armold,CA-2015-140921,2/3/2015,28.4,7
AA-10375,Allen Armold,CA-2017-100230,12/11/2017,17.94,8
AA-10375,Allen Armold,US-2017-169488,9/7/2017,16.9,9
AA-10375,Allen Armold,CA-2016-126613,7/10/2016,16.768,10
AA-10375,Allen Armold,CA-2014-158064,4/21/2014,16.52,11
AA-10375,Allen Armold,CA-2017-100230,12/11/2017,14.952,12
AA-10375,Allen Armold,CA-2016-131065,11/14/2016,8.26,13
AA-10375,Allen Armold,CA-2016-131065,11/14/2016,5.28,14
AA-10375,Allen Armold,CA-2015-109939,5/8/2015,5.248,15
AA-10480,Andrew Allen,CA-2016-114601,8/26/2016,479.97,1
AA-10480,Andrew Allen,CA-2016-114601,8/26/2016,447.84,2
AA-10480,Andrew Allen,CA-2016-121671,7/17/2016,265.17,3
AA-10480,Andrew Allen,CA-2016-121671,7/17/2016,242.94,4
AA-10480,Andrew Allen,CA-2016-114601,8/26/2016,209.97,5
AA-10480,Andrew Allen,CA-2016-121671,7/17/2016,51.84,6
AA-10480,Andrew Allen,CA-2014-155271,5/4/2014,27.46,7
AA-10480,Andrew Allen,CA-2016-121671,7/17/2016,21.93,8
AA-10480,Andrew Allen,CA-2017-114412,4/15/2017,15.552,9
AA-10480,Andrew Allen,CA-2016-114601,8/26/2016,11.56,10
AA-10480,Andrew Allen,CA-2016-114601,8/26/2016,8.64,11
AA-10480,Andrew Allen,CA-2016-121671,7/17/2016,7.64,12
AA-10645,Anna Andreadi,CA-2015-110863,11/17/2015,1323.9,1
AA-10645,Anna Andreadi,CA-2016-147137,7/4/2016,1279.165,2
AA-10645,Anna Andreadi,CA-2014-154963,6/22/2014,853.93,3
AA-10645,Anna Andreadi,CA-2015-110863,11/17/2015,541.24,4
AA-10645,Anna Andreadi,CA-2014-143210,12/1/2014,271.9,5
AA-10645,Anna Andreadi,CA-2014-154963,6/22/2014,170.058,6
AA-10645,Anna Andreadi,CA-2016-131205,9/4/2016,129.92,7
AA-10645,Anna Andreadi,CA-2016-131205,9/4/2016,113.94,8
AA-10645,Anna Andreadi,CA-2015-110863,11/17/2015,106.32,9
AA-10645,Anna Andreadi,CA-2014-154963,6/22/2014,82.782,10
AA-10645,Anna Andreadi,CA-2014-143210,12/1/2014,45.84,11
AA-10645,Anna Andreadi,CA-2016-147137,7/4/2016,43.96,12
AA-10645,Anna Andreadi,CA-2016-131205,9/4/2016,42.6,13
AA-10645,Anna Andreadi,CA-2016-147137,7/4/2016,27.92,14
AA-10645,Anna Andreadi,CA-2016-147137,7/4/2016,25.4,15
AA-10645,Anna Andreadi,CA-2017-157196,11/5/2017,12.96,16
AA-10645,Anna Andreadi,CA-2014-143210,12/1/2014,9.82,17
AA-10645,Anna Andreadi,CA-2016-131205,9/4/2016,5.28,18
AB-10015,Aaron Bergman,CA-2016-140935,11/10/2016,341.96,1
AB-10015,Aaron Bergman,CA-2014-156587,3/7/2014,242.94,2
AB-10015,Aaron Bergman,CA-2016-140935,11/10/2016,221.98,3
AB-10015,Aaron Bergman,CA-2014-156587,3/7/2014,48.712,4
AB-10015,Aaron Bergman,CA-2014-156587,3/7/2014,17.94,5
AB-10015,Aaron Bergman,CA-2014-152905,2/18/2014,12.624,6
AB-10060,Adam Bellavance,CA-2016-129714,9/1/2016,4355.168,1
AB-10060,Adam Bellavance,CA-2017-107174,11/6/2017,2036.86,2
AB-10060,Adam Bellavance,CA-2017-107174,11/6/2017,449.568,3
AB-10060,Adam Bellavance,CA-2017-118213,11/5/2017,167.94,4
AB-10060,Adam Bellavance,US-2016-108637,3/13/2016,160.32,5
AB-10060,Adam Bellavance,US-2016-108637,3/13/2016,127.88,6
AB-10060,Adam Bellavance,CA-2017-107174,11/6/2017,108.96,7
AB-10060,Adam Bellavance,CA-2017-159688,5/7/2017,79.99,8
AB-10060,Adam Bellavance,CA-2017-118213,11/5/2017,67.8,9
AB-10060,Adam Bellavance,CA-2016-129714,9/1/2016,49.12,10
AB-10060,Adam Bellavance,US-2016-108637,3/13/2016,46.0,11
AB-10060,Adam Bellavance,CA-2016-161207,8/29/2016,27.93,12
AB-10060,Adam Bellavance,CA-2016-129714,9/1/2016,24.56,13
AB-10060,Adam Bellavance,CA-2017-134173,9/16/2017,20.736,14
AB-10060,Adam Bellavance,CA-2015-150511,9/18/2015,18.54,15
AB-10060,Adam Bellavance,CA-2016-129714,9/1/2016,6.79,16
AB-10060,Adam Bellavance,CA-2017-118213,11/5/2017,4.41,17
AB-10060,Adam Bellavance,CA-2016-129714,9/1/2016,3.048,18
AB-10105,Adrian Barton,CA-2016-117121,12/17/2016,9892.74,1
AB-10105,Adrian Barton,CA-2014-103100,12/20/2014,1103.97,2
AB-10105,Adrian Barton,CA-2017-101042,11/19/2017,821.88,3
AB-10105,Adrian Barton,CA-2017-153822,9/19/2017,471.92,4
AB-10105,Adrian Barton,CA-2017-126788,6/5/2017,470.376,5
AB-10105,Adrian Barton,US-2016-122245,9/25/2016,393.165,6
AB-10105,Adrian Barton,CA-2017-121643,5/18/2017,344.704,7
AB-10105,Adrian Barton,CA-2015-163181,11/7/2015,287.91,8
AB-10105,Adrian Barton,CA-2015-163181,11/7/2015,177.648,9
AB-10105,Adrian Barton,CA-2016-147431,2/2/2016,117.96,10
AB-10105,Adrian Barton,CA-2017-153822,9/19/2017,89.584,11
AB-10105,Adrian Barton,CA-2015-163181,11/7/2015,84.784,12
AB-10105,Adrian Barton,CA-2015-163181,11/7/2015,64.96,13
AB-10105,Adrian Barton,CA-2017-140781,8/3/2017,39.816,14
AB-10105,Adrian Barton,CA-2015-163181,11/7/2015,32.06,15
AB-10105,Adrian Barton,CA-2015-163181,11/7/2015,23.64,16
AB-10105,Adrian Barton,CA-2017-101042,11/19/2017,21.96,17
AB-10105,Adrian Barton,CA-2017-153822,9/19/2017,18.18,18
AB-10105,Adrian Barton,CA-2017-153822,9/19/2017,12.624,19
AB-10105,Adrian Barton,CA-2014-103100,12/20/2014,3.69,20
AB-10150,Aimee Bixby,CA-2014-169061,3/5/2014,479.97,1
AB-10150,Aimee Bixby,CA-2017-158876,11/19/2017,99.136,2
AB-10150,Aimee Bixby,CA-2014-169061,3/5/2014,97.82,3
AB-10150,Aimee Bixby,CA-2017-120761,9/4/2017,91.96,4
AB-10150,Aimee Bixby,CA-2014-169061,3/5/2014,59.52,5
AB-10150,Aimee Bixby,CA-2014-169061,3/5/2014,49.632,6
AB-10150,Aimee Bixby,CA-2014-169061,3/5/2014,18.62,7
AB-10150,Aimee Bixby,CA-2017-158876,11/19/2017,16.896,8
AB-10150,Aimee Bixby,CA-2017-158876,11/19/2017,15.992,9
AB-10150,Aimee Bixby,CA-2016-147970,1/31/2016,15.552,10
AB-10150,Aimee Bixby,CA-2015-168186,9/10/2015,14.94,11
AB-10150,Aimee Bixby,CA-2017-158876,11/19/2017,6.672,12
AB-10165,Alan Barnes,CA-2015-115945,6/25/2015,304.23,1
AB-10165,Alan Barnes,CA-2015-131534,3/28/2015,166.24,2
AB-10165,Alan Barnes,CA-2017-145737,9/15/2017,163.96,3
AB-10165,Alan Barnes,CA-2017-126634,3/30/2017,94.2,4
AB-10165,Alan Barnes,CA-2017-144932,4/14/2017,89.856,5
AB-10165,Alan Barnes,CA-2015-115945,6/25/2015,88.752,6
AB-10165,Alan Barnes,CA-2015-144043,5/10/2015,46.688,7
AB-10165,Alan Barnes,US-2014-139500,11/16/2014,37.296,8
AB-10165,Alan Barnes,CA-2015-131534,3/28/2015,33.4,9
AB-10165,Alan Barnes,CA-2017-131212,12/5/2017,24.816,10
AB-10165,Alan Barnes,CA-2015-115945,6/25/2015,20.96,11
AB-10165,Alan Barnes,CA-2017-131212,12/5/2017,14.976,12
AB-10165,Alan Barnes,CA-2017-144932,4/14/2017,14.592,13
AB-10165,Alan Barnes,CA-2017-144932,4/14/2017,13.872,14
AB-10255,Alejandro Ballentine,CA-2017-126662,7/17/2017,479.984,1
AB-10255,Alejandro Ballentine,CA-2017-155873,6/16/2017,192.16,2
AB-10255,Alejandro Ballentine,CA-2015-142055,5/8/2015,37.94,3
AB-10255,Alejandro Ballentine,CA-2015-110093,12/3/2015,36.784,4
AB-10255,Alejandro Ballentine,CA-2017-127705,6/2/2017,27.44,5
AB-10255,Alejandro Ballentine,CA-2014-122679,7/22/2014,19.68,6
AB-10255,Alejandro Ballentine,CA-2017-155873,6/16/2017,19.44,7
AB-10255,Alejandro Ballentine,CA-2016-151155,12/20/2016,18.92,8
AB-10255,Alejandro Ballentine,CA-2016-151323,10/23/2016,17.05,9
AB-10255,Alejandro Ballentine,CA-2017-155873,6/16/2017,16.68,10
AB-10255,Alejandro Ballentine,CA-2015-110093,12/3/2015,16.448,11
AB-10255,Alejandro Ballentine,CA-2016-151155,12/20/2016,15.42,12
AB-10255,Alejandro Ballentine,US-2016-158708,6/26/2016,13.616,13
AB-10255,Alejandro Ballentine,CA-2017-127705,6/2/2017,2.97,14
AB-10600,Ann Blume,US-2017-155425,11/10/2017,899.136,1
AB-10600,Ann Blume,US-2017-155425,11/10/2017,239.952,2
AB-10600,Ann Blume,US-2017-155425,11/10/2017,201.584,3
AB-10600,Ann Blume,US-2017-155425,11/10/2017,95.994,4
AB-10600,Ann Blume,US-2017-155425,11/10/2017,38.388,5
AB-10600,Ann Blume,CA-2015-158323,11/30/2015,17.088,6
AB-10600,Ann Blume,CA-2014-115336,11/18/2014,14.48,7
AB-10600,Ann Blume,CA-2015-111234,2/18/2015,9.24,8
AC-10420,Alyssa Crouse,CA-2014-129924,7/12/2014,698.352,1
AC-10420,Alyssa Crouse,US-2017-158218,5/12/2017,127.92,2
AC-10420,Alyssa Crouse,CA-2016-144400,2/23/2016,57.576,3
AC-10420,Alyssa Crouse,US-2017-158218,5/12/2017,34.24,4
AC-10420,Alyssa Crouse,CA-2014-129924,7/12/2014,7.712,5
AC-10450,Amy Cox,CA-2017-141789,10/3/2017,1793.98,1
AC-10450,Amy Cox,CA-2017-158729,12/19/2017,1665.62,2
AC-10450,Amy Cox,CA-2016-163573,11/24/2016,1219.96,3
AC-10450,Amy Cox,US-2014-167262,10/31/2014,742.336,4
AC-10450,Amy Cox,CA-2015-164441,11/8/2015,52.272,5
AC-10450,Amy Cox,CA-2015-164441,11/8/2015,17.94,6
AC-10450,Amy Cox,CA-2016-116232,9/22/2016,16.56,7
AC-10450,Amy Cox,US-2015-106495,6/15/2015,11.672,8
AC-10450,Amy Cox,CA-2016-116232,9/22/2016,7.506,9
AC-10615,Ann Chong,CA-2017-157987,9/2/2017,1282.41,1
AC-10615,Ann Chong,CA-2017-157987,9/2/2017,254.526,2
AC-10615,Ann Chong,CA-2017-157987,9/2/2017,238.0,3
AC-10615,Ann Chong,CA-2017-157987,9/2/2017,197.97,4
AC-10615,Ann Chong,CA-2017-157987,9/2/2017,167.97,5
AC-10615,Ann Chong,CA-2015-100734,9/15/2015,147.184,6
AC-10615,Ann Chong,CA-2017-136007,2/23/2017,71.96,7
AC-10615,Ann Chong,CA-2017-169411,12/24/2017,37.93,8
AC-10615,Ann Chong,CA-2017-157987,9/2/2017,26.432,9
AC-10615,Ann Chong,CA-2017-157987,9/2/2017,23.1,10
AC-10615,Ann Chong,CA-2017-157987,9/2/2017,18.9,11
AC-10615,Ann Chong,CA-2017-157987,9/2/2017,17.12,12
AC-10615,Ann Chong,CA-2017-157987,9/2/2017,12.98,13
AC-10615,Ann Chong,CA-2017-101637,3/24/2017,12.768,14
AC-10615,Ann Chong,CA-2017-157987,9/2/2017,11.54,15
AC-10615,Ann Chong,CA-2017-136007,2/23/2017,8.4,16
AC-10615,Ann Chong,CA-2017-157987,9/2/2017,4.92,17
AC-10615,Ann Chong,CA-2015-100734,9/15/2015,3.576,18
AC-10660,Anna Chung,CA-2016-161928,6/27/2016,201.584,1
AC-10660,Anna Chung,US-2014-122021,10/15/2014,183.372,2
AC-10660,Anna Chung,CA-2017-135650,3/23/2017,143.728,3
AC-10660,Anna Chung,CA-2016-134544,3/17/2016,84.784,4
AC-10660,Anna Chung,CA-2016-158617,9/22/2016,35.88,5
AC-10660,Anna Chung,US-2014-122021,10/15/2014,7.968,6
AD-10180,Alan Dominguez,CA-2017-127432,1/22/2017,2999.95,1
AD-10180,Alan Dominguez,CA-2017-127432,1/22/2017,1126.02,2
AD-10180,Alan Dominguez,CA-2017-143245,12/1/2017,897.15,3
AD-10180,Alan Dominguez,US-2014-152030,12/26/2014,600.558,4
AD-10180,Alan Dominguez,CA-2017-160416,11/13/2017,163.96,5
AD-10180,Alan Dominguez,US-2017-136784,4/30/2017,163.96,6
AD-10180,Alan Dominguez,CA-2017-127432,1/22/2017,51.45,7
AD-10180,Alan Dominguez,CA-2015-120439,6/14/2015,51.072,8
AD-10180,Alan Dominguez,CA-2017-143245,12/1/2017,19.44,9
AD-10180,Alan Dominguez,CA-2015-124268,7/4/2015,15.48,10
AD-10180,Alan Dominguez,CA-2017-127432,1/22/2017,11.96,11
AD-10180,Alan Dominguez,CA-2014-128062,11/19/2014,5.88,12
AF-10870,Art Ferguson,CA-2016-146934,5/22/2016,662.84,1
AF-10870,Art Ferguson,CA-2016-146934,5/22/2016,345.0,2
AF-10870,Art Ferguson,CA-2016-146934,5/22/2016,257.98,3
AF-10870,Art Ferguson,US-2017-139969,11/19/2017,233.058,4
AF-10870,Art Ferguson,CA-2016-146934,5/22/2016,174.286,5
AF-10870,Art Ferguson,CA-2016-146934,5/22/2016,95.1,6
AF-10870,Art Ferguson,CA-2017-125269,4/24/2017,72.784,7
AF-10870,Art Ferguson,CA-2016-126270,4/23/2016,71.97,8
AF-10870,Art Ferguson,CA-2017-167871,11/18/2017,44.384,9
AF-10870,Art Ferguson,CA-2016-146934,5/22/2016,26.88,10
AF-10870,Art Ferguson,CA-2016-139234,5/6/2016,26.176,11
AF-10870,Art Ferguson,CA-2016-126270,4/23/2016,18.088,12
AF-10870,Art Ferguson,CA-2017-125269,4/24/2017,10.43,13
AF-10870,Art Ferguson,CA-2015-168634,12/6/2015,7.78,14
AF-10870,Art Ferguson,CA-2016-139234,5/6/2016,3.208,15
AF-10870,Art Ferguson,CA-2017-167871,11/18/2017,2.944,16
AF-10885,Art Foster,CA-2014-114181,5/10/2014,349.965,1
AF-10885,Art Foster,CA-2015-114300,10/13/2015,287.94,2
AF-10885,Art Foster,CA-2015-114300,10/13/2015,83.72,3
AF-10885,Art Foster,CA-2014-103702,9/12/2014,63.924,4
AF-10885,Art Foster,CA-2016-115588,11/10/2016,38.976,5
AF-10885,Art Foster,CA-2014-114181,5/10/2014,22.32,6
AF-10885,Art Foster,CA-2016-115588,11/10/2016,14.72,7
AG-10270,Alejandro Grove,CA-2016-105732,9/13/2016,1336.44,1
AG-10270,Alejandro Grove,CA-2016-105732,9/13/2016,378.0,2
AG-10270,Alejandro Grove,CA-2016-105732,9/13/2016,373.08,3
AG-10270,Alejandro Grove,CA-2016-105732,9/13/2016,149.95,4
AG-10270,Alejandro Grove,CA-2014-103058,7/23/2014,99.98,5
AG-10270,Alejandro Grove,CA-2014-167164,5/13/2014,55.5,6
AG-10270,Alejandro Grove,CA-2016-105732,9/13/2016,40.74,7
AG-10270,Alejandro Grove,CA-2015-153738,9/20/2015,37.68,8
AG-10270,Alejandro Grove,CA-2016-105732,9/13/2016,29.97,9
AG-10270,Alejandro Grove,CA-2016-105732,9/13/2016,17.64,10
AG-10270,Alejandro Grove,CA-2016-105732,9/13/2016,17.61,11
AG-10270,Alejandro Grove,CA-2016-105732,9/13/2016,16.9,12
AG-10270,Alejandro Grove,CA-2017-139416,3/27/2017,15.008,13
AG-10270,Alejandro Grove,CA-2016-105732,9/13/2016,14.4,14
AG-10300,Aleksandra Gannaway,CA-2014-147298,4/26/2014,230.28,1
AG-10300,Aleksandra Gannaway,CA-2016-143749,12/5/2016,81.94,2
AG-10300,Aleksandra Gannaway,CA-2015-166800,11/19/2015,31.08,3
AG-10300,Aleksandra Gannaway,CA-2014-147298,4/26/2014,18.288,4
AG-10300,Aleksandra Gannaway,CA-2017-161823,9/3/2017,5.96,5
AG-10330,Alex Grayson,CA-2017-142909,12/22/2017,182.55,1
AG-10330,Alex Grayson,CA-2016-104150,8/3/2016,167.28,2
AG-10330,Alex Grayson,CA-2017-107748,12/10/2017,95.84,3
AG-10330,Alex Grayson,CA-2016-104150,8/3/2016,81.54,4
AG-10330,Alex Grayson,CA-2017-104927,12/22/2017,75.88,5
AG-10330,Alex Grayson,CA-2017-104927,12/22/2017,25.92,6
AG-10330,Alex Grayson,CA-2017-107748,12/10/2017,12.96,7
AG-10330,Alex Grayson,CA-2017-108287,12/18/2017,12.672,8
AG-10330,Alex Grayson,CA-2017-104927,12/22/2017,6.33,9
AG-10390,Allen Goldenen,CA-2014-158470,4/19/2014,71.28,1
AG-10390,Allen Goldenen,CA-2014-158470,4/19/2014,58.05,2
AG-10390,Allen Goldenen,CA-2017-107244,9/7/2017,19.76,3
AG-10390,Allen Goldenen,CA-2016-109820,11/20/2016,15.696,4
AG-10390,Allen Goldenen,CA-2016-109820,11/20/2016,14.427,5
AG-10390,Allen Goldenen,CA-2014-125171,9/3/2014,14.4,6
AG-10390,Allen Goldenen,CA-2016-136483,12/1/2016,4.704,7
AG-10390,Allen Goldenen,CA-2016-109820,11/20/2016,2.628,8
AG-10495,Andrew Gjertsen,CA-2015-162201,6/8/2015,516.96,1
AG-10495,Andrew Gjertsen,CA-2015-111948,11/11/2015,418.32,2
AG-10495,Andrew Gjertsen,CA-2015-118738,10/24/2015,347.361,3
AG-10495,Andrew Gjertsen,CA-2015-104241,1/4/2015,192.22,4
AG-10495,Andrew Gjertsen,CA-2015-162201,6/8/2015,173.488,5
AG-10495,Andrew Gjertsen,CA-2015-162201,6/8/2015,173.208,6
AG-10495,Andrew Gjertsen,CA-2015-111948,11/11/2015,123.858,7
AG-10495,Andrew Gjertsen,CA-2015-156146,10/26/2015,105.584,8
AG-10495,Andrew Gjertsen,CA-2015-156146,10/26/2015,68.72,9
AG-10495,Andrew Gjertsen,CA-2017-132976,10/13/2017,59.712,10
AG-10495,Andrew Gjertsen,CA-2015-162201,6/8/2015,42.24,11
AG-10495,Andrew Gjertsen,CA-2017-132976,10/13/2017,24.84,12
AG-10495,Andrew Gjertsen,CA-2016-168921,10/20/2016,19.296,13
AG-10495,Andrew Gjertsen,CA-2015-162201,6/8/2015,18.264,14
AG-10495,Andrew Gjertsen,CA-2017-132976,10/13/2017,18.176,15
AG-10495,Andrew Gjertsen,CA-2015-118738,10/24/2015,15.552,16
AG-10495,Andrew Gjertsen,CA-2017-132976,10/13/2017,11.648,17
AG-10495,Andrew Gjertsen,CA-2015-118738,10/24/2015,10.368,18
AG-10495,Andrew Gjertsen,CA-2015-162201,6/8/2015,9.0,19
AG-10495,Andrew Gjertsen,CA-2015-162201,6/8/2015,4.448,20
AG-10495,Andrew Gjertsen,CA-2015-142692,10/23/2015,3.592,21
AG-10525,Andy Gerbode,CA-2014-158281,9/2/2014,559.71,1
AG-10525,Andy Gerbode,CA-2015-164084,9/7/2015,481.176,2
AG-10525,Andy Gerbode,CA-2014-167850,8/9/2014,178.384,3
AG-10525,Andy Gerbode,CA-2015-164084,9/7/2015,90.0,4
AG-10525,Andy Gerbode,CA-2015-164084,9/7/2015,70.26,5
AG-10525,Andy Gerbode,CA-2015-169572,9/6/2015,46.62,6
AG-10525,Andy Gerbode,CA-2014-167850,8/9/2014,15.552,7
AG-10525,Andy Gerbode,CA-2015-164084,9/7/2015,7.24,8
AG-10525,Andy Gerbode,CA-2015-164084,9/7/2015,6.096,9
AG-10675,Anna Gayman,CA-2016-108987,9/8/2016,2396.2656,1
AG-10675,Anna Gayman,CA-2016-133368,1/14/2016,315.776,2
AG-10675,Anna Gayman,CA-2015-137512,5/7/2015,244.006,3
AG-10675,Anna Gayman,CA-2016-108987,9/8/2016,131.136,4
AG-10675,Anna Gayman,CA-2016-133368,1/14/2016,89.568,5
AG-10675,Anna Gayman,CA-2016-108987,9/8/2016,57.584,6
AG-10675,Anna Gayman,US-2017-146822,6/9/2017,49.12,7
AG-10675,Anna Gayman,CA-2017-163335,9/24/2017,40.29,8
AG-10675,Anna Gayman,CA-2017-163335,9/24/2017,38.71,9
AG-10675,Anna Gayman,CA-2016-108987,9/8/2016,35.952,10
AG-10675,Anna Gayman,CA-2017-101483,7/29/2017,34.848,11
AG-10675,Anna Gayman,CA-2017-101483,7/29/2017,22.0,12
AG-10675,Anna Gayman,CA-2015-137512,5/7/2015,15.936,13
AG-10675,Anna Gayman,US-2017-104094,9/7/2017,13.48,14
AG-10675,Anna Gayman,CA-2017-101483,7/29/2017,4.368,15
AG-10765,Anthony Garverick,CA-2015-110947,6/9/2015,113.1,1
AG-10765,Anthony Garverick,CA-2017-126123,10/14/2017,27.396,2
AG-10765,Anthony Garverick,CA-2017-126123,10/14/2017,13.456,3
AG-10765,Anthony Garverick,CA-2015-113222,11/9/2015,10.74,4
AG-10765,Anthony Garverick,US-2014-158638,9/17/2014,5.892,5
AG-10900,Arthur Gainer,US-2014-119137,7/23/2014,1023.936,1
AG-10900,Arthur Gainer,CA-2016-160108,12/8/2016,680.01,2
AG-10900,Arthur Gainer,US-2014-119137,7/23/2014,479.04,3
AG-10900,Arthur Gainer,CA-2015-130785,9/5/2015,411.332,4
AG-10900,Arthur Gainer,CA-2016-160108,12/8/2016,405.86,5
AG-10900,Arthur Gainer,CA-2017-110198,5/1/2017,314.352,6
AG-10900,Arthur Gainer,CA-2015-130785,9/5/2015,293.199,7
AG-10900,Arthur Gainer,CA-2017-116939,9/25/2017,177.55,8
AG-10900,Arthur Gainer,CA-2016-158435,5/17/2016,173.24,9
AG-10900,Arthur Gainer,CA-2015-136728,9/13/2015,170.072,10
AG-10900,Arthur Gainer,CA-2017-161557,9/3/2017,108.4,11
AG-10900,Arthur Gainer,CA-2015-148376,12/27/2015,106.96,12
AG-10900,Arthur Gainer,CA-2016-158435,5/17/2016,65.17,13
AG-10900,Arthur Gainer,CA-2015-130785,9/5/2015,28.752,14
AG-10900,Arthur Gainer,CA-2015-148376,12/27/2015,21.56,15
AG-10900,Arthur Gainer,CA-2016-158435,5/17/2016,14.62,16
AG-10900,Arthur Gainer,US-2014-119137,7/23/2014,9.24,17
AG-10900,Arthur Gainer,US-2014-119137,7/23/2014,8.16,18
AG-10900,Arthur Gainer,CA-2015-136728,9/13/2015,7.824,19
AG-10900,Arthur Gainer,CA-2015-115399,12/19/2015,6.912,20
AG-10900,Arthur Gainer,CA-2017-110198,5/1/2017,4.608,21
AH-10030,Aaron Hawkins,CA-2015-130113,12/27/2015,668.16,1
AH-10030,Aaron Hawkins,CA-2015-130113,12/27/2015,323.1,2
AH-10030,Aaron Hawkins,CA-2014-113768,5/13/2014,279.456,3
AH-10030,Aaron Hawkins,CA-2014-122070,4/22/2014,247.84,4
AH-10030,Aaron Hawkins,CA-2016-162747,3/20/2016,86.45,5
AH-10030,Aaron Hawkins,US-2014-158400,10/25/2014,49.408,6
AH-10030,Aaron Hawkins,CA-2014-157644,12/31/2014,34.77,7
AH-10030,Aaron Hawkins,CA-2014-157644,12/31/2014,18.9,8
AH-10030,Aaron Hawkins,CA-2017-164000,12/18/2017,18.704,9
AH-10030,Aaron Hawkins,CA-2014-122070,4/22/2014,9.912,10
AH-10030,Aaron Hawkins,CA-2014-113768,5/13/2014,8.0,11
AH-10075,Adam Hart,CA-2016-149797,9/15/2016,841.568,1
AH-10075,Adam Hart,CA-2017-125451,10/23/2017,637.896,2
AH-10075,Adam Hart,CA-2017-145702,5/19/2017,314.352,3
AH-10075,Adam Hart,CA-2017-125451,10/23/2017,240.744,4
AH-10075,Adam Hart,CA-2016-144015,6/26/2016,231.72,5
AH-10075,Adam Hart,CA-2017-125451,10/23/2017,210.68,6
AH-10075,Adam Hart,CA-2017-118857,4/15/2017,196.45,7
AH-10075,Adam Hart,CA-2017-112004,9/25/2017,190.896,8
AH-10075,Adam Hart,CA-2016-147109,12/17/2016,165.6,9
AH-10075,Adam Hart,CA-2016-147109,12/17/2016,51.84,10
AH-10075,Adam Hart,CA-2017-125451,10/23/2017,43.44,11
AH-10075,Adam Hart,CA-2017-125451,10/23/2017,35.0,12
AH-10075,Adam Hart,CA-2017-145702,5/19/2017,27.888,13
AH-10075,Adam Hart,CA-2016-144015,6/26/2016,17.9,14
AH-10075,Adam Hart,CA-2017-165029,11/26/2017,12.84,15
AH-10075,Adam Hart,CA-2016-144015,6/26/2016,12.48,16
AH-10075,Adam Hart,CA-2017-112004,9/25/2017,8.595,17
AH-10075,Adam Hart,CA-2014-160066,11/16/2014,5.22,18
AH-10075,Adam Hart,CA-2015-161795,12/21/2015,3.008,19
AH-10075,Adam Hart,CA-2017-125451,10/23/2017,2.22,20
AH-10120,Adrian Hane,CA-2016-145261,12/18/2016,377.45,1
AH-10120,Adrian Hane,CA-2014-123295,7/18/2014,259.136,2
AH-10120,Adrian Hane,CA-2017-150987,4/8/2017,244.55,3
AH-10120,Adrian Hane,CA-2017-150987,4/8/2017,195.76,4
AH-10120,Adrian Hane,CA-2017-107958,7/2/2017,163.96,5
AH-10120,Adrian Hane,CA-2016-145261,12/18/2016,112.776,6
AH-10120,Adrian Hane,CA-2017-151211,8/17/2017,102.93,7
AH-10120,Adrian Hane,CA-2017-151211,8/17/2017,98.16,8
AH-10120,Adrian Hane,CA-2016-135594,6/30/2016,50.12,9
AH-10120,Adrian Hane,CA-2016-145261,12/18/2016,45.24,10
AH-10120,Adrian Hane,CA-2016-145261,12/18/2016,28.68,11
AH-10120,Adrian Hane,CA-2016-145261,12/18/2016,18.688,12
AH-10120,Adrian Hane,CA-2016-145261,12/18/2016,15.936,13
AH-10120,Adrian Hane,CA-2016-145261,12/18/2016,11.648,14
AH-10120,Adrian Hane,CA-2017-131632,10/31/2017,5.248,15
AH-10120,Adrian Hane,CA-2017-107958,7/2/2017,5.232,16
AH-10195,Alan Haines,CA-2016-112697,12/18/2016,961.48,1
AH-10195,Alan Haines,CA-2016-112697,12/18/2016,254.058,2
AH-10195,Alan Haines,CA-2016-112697,12/18/2016,194.528,3
AH-10195,Alan Haines,CA-2015-125185,3/5/2015,99.372,4
AH-10195,Alan Haines,CA-2015-125185,3/5/2015,33.568,5
AH-10195,Alan Haines,CA-2017-123043,8/24/2017,24.672,6
AH-10195,Alan Haines,CA-2017-154732,11/5/2017,16.03,7
AH-10195,Alan Haines,CA-2017-123043,8/24/2017,3.744,8
AH-10210,Alan Hwang,CA-2017-146983,9/2/2017,1577.94,1
AH-10210,Alan Hwang,CA-2017-147956,12/24/2017,1003.62,2
AH-10210,Alan Hwang,CA-2015-165050,12/7/2015,773.94,3
AH-10210,Alan Hwang,CA-2014-153983,11/29/2014,575.92,4
AH-10210,Alan Hwang,US-2017-148831,10/13/2017,348.56,5
AH-10210,Alan Hwang,CA-2017-166919,11/23/2017,195.96,6
AH-10210,Alan Hwang,CA-2017-104080,3/8/2017,171.2,7
AH-10210,Alan Hwang,CA-2015-155040,11/10/2015,79.9,8
AH-10210,Alan Hwang,CA-2014-153983,11/29/2014,30.4,9
AH-10210,Alan Hwang,CA-2015-165050,12/7/2015,21.36,10
AH-10210,Alan Hwang,CA-2016-166485,2/20/2016,16.496,11
AH-10210,Alan Hwang,CA-2015-165050,12/7/2015,6.688,12
AH-10210,Alan Hwang,CA-2017-104080,3/8/2017,3.36,13
AH-10465,Amy Hunt,CA-2015-141243,1/3/2015,1352.3976,1
AH-10465,Amy Hunt,CA-2017-115546,5/14/2017,539.97,2
AH-10465,Amy Hunt,CA-2015-141243,1/3/2015,398.4,3
AH-10465,Amy Hunt,CA-2015-151547,1/17/2015,88.96,4
AH-10465,Amy Hunt,CA-2016-126165,5/5/2016,71.088,5
AH-10465,Amy Hunt,CA-2017-115546,5/14/2017,22.58,6
AH-10465,Amy Hunt,CA-2017-145275,4/2/2017,14.94,7
AH-10465,Amy Hunt,CA-2015-141243,1/3/2015,7.056,8
AH-10585,Angele Hood,CA-2014-162278,10/26/2014,383.96,1
AH-10585,Angele Hood,US-2017-152492,7/6/2017,239.24,2
AH-10585,Angele Hood,CA-2014-162278,10/26/2014,63.92,3
AH-10585,Angele Hood,CA-2016-160479,9/15/2016,35.4,4
AH-10585,Angele Hood,CA-2017-109715,12/9/2017,15.984,5
AH-10690,Anna Häberlin,CA-2016-113831,5/30/2016,2275.5,1
AH-10690,Anna Häberlin,CA-2016-113831,5/30/2016,1979.7,2
AH-10690,Anna Häberlin,CA-2015-110548,5/4/2015,946.344,3
AH-10690,Anna Häberlin,CA-2016-144148,7/31/2016,863.128,4
AH-10690,Anna Häberlin,CA-2015-113628,11/12/2015,523.92,5
AH-10690,Anna Häberlin,CA-2016-148740,11/15/2016,361.376,6
AH-10690,Anna Häberlin,CA-2014-160276,4/2/2014,177.68,7
AH-10690,Anna Häberlin,CA-2015-113628,11/12/2015,146.136,8
AH-10690,Anna Häberlin,CA-2015-139780,12/31/2015,116.4,9
AH-10690,Anna Häberlin,CA-2015-113628,11/12/2015,100.792,10
AH-10690,Anna Häberlin,CA-2016-138282,5/19/2016,87.84,11
AH-10690,Anna Häberlin,CA-2016-158869,8/6/2016,70.88,12
AH-10690,Anna Häberlin,CA-2016-113831,5/30/2016,62.1,13
AH-10690,Anna Häberlin,CA-2016-145709,10/4/2016,52.68,14
AH-10690,Anna Häberlin,CA-2015-112214,8/5/2015,33.488,15
AH-10690,Anna Häberlin,CA-2015-112214,8/5/2015,23.04,16
AH-10690,Anna Häberlin,CA-2015-166604,5/15/2015,17.94,17
AH-10690,Anna Häberlin,CA-2015-112214,8/5/2015,14.76,18
AH-10690,Anna Häberlin,CA-2015-113628,11/12/2015,11.76,19
AH-10690,Anna Häberlin,CA-2016-145709,10/4/2016,11.568,20
AH-10690,Anna Häberlin,CA-2015-113628,11/12/2015,5.238,21
AH-10690,Anna Häberlin,CA-2015-113628,11/12/2015,4.662,22
AH-10690,Anna Häberlin,CA-2015-112214,8/5/2015,1.362,23
AI-10855,Arianne Irving,CA-2014-131387,4/28/2014,1679.96,1
AI-10855,Arianne Irving,CA-2016-158694,11/10/2016,720.76,2
AI-10855,Arianne Irving,CA-2017-116855,12/17/2017,504.9,3
AI-10855,Arianne Irving,CA-2016-158694,11/10/2016,467.46,4
AI-10855,Arianne Irving,CA-2014-102330,12/29/2014,319.968,5
AI-10855,Arianne Irving,CA-2014-159709,5/10/2014,158.13,6
AI-10855,Arianne Irving,CA-2016-158694,11/10/2016,129.92,7
AI-10855,Arianne Irving,CA-2014-102330,12/29/2014,88.8,8
AI-10855,Arianne Irving,CA-2016-158694,11/10/2016,67.71,9
AI-10855,Arianne Irving,US-2017-160759,12/11/2017,63.686,10
AI-10855,Arianne Irving,CA-2016-158694,11/10/2016,61.4,11
AI-10855,Arianne Irving,CA-2014-159709,5/10/2014,43.6,12
AI-10855,Arianne Irving,CA-2015-167479,3/14/2015,19.44,13
AI-10855,Arianne Irving,CA-2015-158918,12/20/2015,17.12,14
AI-10855,Arianne Irving,CA-2016-158694,11/10/2016,14.7,15
AI-10855,Arianne Irving,CA-2017-107552,5/5/2017,6.68,16
AI-10855,Arianne Irving,CA-2017-155929,9/9/2017,6.368,17
AI-10855,Arianne Irving,CA-2016-158694,11/10/2016,5.184,18
AJ-10780,Anthony Jacobs,CA-2014-141313,12/28/2014,1737.18,1
AJ-10780,Anthony Jacobs,CA-2014-108609,10/31/2014,1421.664,2
AJ-10780,Anthony Jacobs,CA-2014-141313,12/28/2014,704.25,3
AJ-10780,Anthony Jacobs,CA-2017-111577,10/16/2017,307.776,4
AJ-10780,Anthony Jacobs,US-2017-133361,5/14/2017,261.96,5
AJ-10780,Anthony Jacobs,CA-2014-141313,12/28/2014,141.76,6
AJ-10780,Anthony Jacobs,US-2017-133361,5/14/2017,89.97,7
AJ-10780,Anthony Jacobs,US-2017-133361,5/14/2017,74.0,8
AJ-10780,Anthony Jacobs,CA-2014-149020,1/10/2014,51.94,9
AJ-10780,Anthony Jacobs,US-2017-133361,5/14/2017,37.2,10
AJ-10780,Anthony Jacobs,US-2017-133361,5/14/2017,14.7,11
AJ-10780,Anthony Jacobs,CA-2015-165554,5/18/2015,10.86,12
AJ-10780,Anthony Jacobs,CA-2016-123617,11/28/2016,7.434,13
AJ-10780,Anthony Jacobs,US-2017-133361,5/14/2017,3.76,14
AJ-10780,Anthony Jacobs,CA-2014-149020,1/10/2014,2.89,15
AJ-10795,Anthony Johnson,CA-2017-142342,7/17/2017,1194.165,1
AJ-10795,Anthony Johnson,CA-2016-123946,9/12/2016,1059.12,2
AJ-10795,Anthony Johnson,CA-2014-110786,12/29/2014,767.952,3
AJ-10795,Anthony Johnson,CA-2014-106810,5/14/2014,310.88,4
AJ-10795,Anthony Johnson,CA-2014-110786,12/29/2014,274.77,5
AJ-10795,Anthony Johnson,CA-2014-110786,12/29/2014,191.976,6
AJ-10795,Anthony Johnson,CA-2016-134474,1/5/2016,191.472,7
AJ-10795,Anthony Johnson,CA-2016-138079,1/22/2016,109.9,8
AJ-10795,Anthony Johnson,CA-2014-110786,12/29/2014,70.56,9
AJ-10795,Anthony Johnson,CA-2016-123946,9/12/2016,67.9,10
AJ-10795,Anthony Johnson,CA-2016-134474,1/5/2016,59.184,11
AJ-10795,Anthony Johnson,CA-2017-142342,7/17/2017,57.9,12
AJ-10795,Anthony Johnson,CA-2017-142342,7/17/2017,32.4,13
AJ-10795,Anthony Johnson,CA-2014-110786,12/29/2014,24.9,14
AJ-10795,Anthony Johnson,CA-2014-110786,12/29/2014,21.12,15
AJ-10795,Anthony Johnson,CA-2016-123946,9/12/2016,20.7,16
AJ-10795,Anthony Johnson,CA-2014-110786,12/29/2014,14.352,17
AJ-10795,Anthony Johnson,CA-2016-123946,9/12/2016,11.34,18
AJ-10795,Anthony Johnson,CA-2017-142342,7/17/2017,10.56,19
AJ-10795,Anthony Johnson,CA-2016-134474,1/5/2016,5.248,20
AJ-10795,Anthony Johnson,CA-2016-123015,12/26/2016,4.992,21
AJ-10945,Ashley Jarboe,CA-2017-133004,8/31/2017,638.73,1
AJ-10945,Ashley Jarboe,US-2015-132836,6/1/2015,403.68,2
AJ-10945,Ashley Jarboe,CA-2016-115378,11/18/2016,301.96,3
AJ-10945,Ashley Jarboe,US-2015-132836,6/1/2015,299.98,4
AJ-10945,Ashley Jarboe,CA-2015-126347,12/14/2015,50.0,5
AJ-10945,Ashley Jarboe,CA-2015-164497,11/28/2015,45.28,6
AJ-10945,Ashley Jarboe,US-2015-132836,6/1/2015,41.9,7
AJ-10945,Ashley Jarboe,US-2015-132836,6/1/2015,28.91,8
AJ-10945,Ashley Jarboe,CA-2014-155852,3/3/2014,19.456,9
AJ-10945,Ashley Jarboe,CA-2017-137421,10/6/2017,9.344,10
AJ-10960,Astrea Jones,CA-2014-113362,9/14/2014,449.15,1
AJ-10960,Astrea Jones,CA-2014-131800,12/30/2014,122.94,2
AJ-10960,Astrea Jones,CA-2014-131800,12/30/2014,35.448,3
AJ-10960,Astrea Jones,CA-2014-113362,9/14/2014,11.07,4
AJ-10960,Astrea Jones,CA-2017-123246,10/17/2017,10.64,5
AM-10360,Alice McCarthy,US-2015-107944,3/23/2015,239.97,1
AM-10360,Alice McCarthy,US-2015-107944,3/23/2015,192.72,2
AM-10360,Alice McCarthy,CA-2017-161340,5/28/2017,115.96,3
AM-10360,Alice McCarthy,CA-2017-109701,12/2/2017,79.47,4
AM-10360,Alice McCarthy,CA-2017-109701,12/2/2017,69.456,5
AM-10360,Alice McCarthy,CA-2016-157000,7/16/2016,37.224,6
AM-10360,Alice McCarthy,CA-2016-157000,7/16/2016,20.016,7
AM-10360,Alice McCarthy,CA-2014-132542,10/6/2014,15.36,8
AM-10360,Alice McCarthy,CA-2017-161340,5/28/2017,13.872,9
AM-10360,Alice McCarthy,CA-2017-109701,12/2/2017,10.86,10
AM-10360,Alice McCarthy,CA-2017-109701,12/2/2017,10.08,11
AM-10360,Alice McCarthy,CA-2017-109701,12/2/2017,9.024,12
AM-10705,Anne McFarland,CA-2014-145387,10/31/2014,1604.9,1
AM-10705,Anne McFarland,CA-2016-145905,9/18/2016,900.08,2
AM-10705,Anne McFarland,US-2017-124821,6/25/2017,871.4,3
AM-10705,Anne McFarland,CA-2014-145387,10/31/2014,385.686,4
AM-10705,Anne McFarland,CA-2017-157903,4/4/2017,383.84,5
AM-10705,Anne McFarland,CA-2016-145905,9/18/2016,350.98,6
AM-10705,Anne McFarland,CA-2017-104731,7/21/2017,302.94,7
AM-10705,Anne McFarland,CA-2017-104731,7/21/2017,271.96,8
AM-10705,Anne McFarland,CA-2017-104731,7/21/2017,231.72,9
AM-10705,Anne McFarland,CA-2017-104731,7/21/2017,101.94,10
AM-10705,Anne McFarland,CA-2014-145387,10/31/2014,49.25,11
AM-10705,Anne McFarland,CA-2015-151470,9/20/2015,45.584,12
AM-10705,Anne McFarland,CA-2014-145387,10/31/2014,34.08,13
AM-10705,Anne McFarland,CA-2017-104731,7/21/2017,19.68,14
AM-10705,Anne McFarland,CA-2014-145387,10/31/2014,17.67,15
AM-10705,Anne McFarland,CA-2015-100573,9/25/2015,17.48,16
AM-10705,Anne McFarland,CA-2017-104731,7/21/2017,14.94,17
AM-10705,Anne McFarland,CA-2014-145387,10/31/2014,14.76,18
AM-10705,Anne McFarland,CA-2015-138457,9/13/2015,13.092,19
AM-10705,Anne McFarland,CA-2016-145905,9/18/2016,13.08,20
AM-10705,Anne McFarland,CA-2014-145387,10/31/2014,10.16,21
AM-10705,Anne McFarland,CA-2017-104731,7/21/2017,8.8,22
AO-10810,Anthony O'Donnell,CA-2016-148096,8/16/2016,161.28,1
AP-10720,Anne Pryor,US-2016-103674,12/6/2016,437.472,1
AP-10720,Anne Pryor,US-2016-103674,12/6/2016,271.96,2
AP-10720,Anne Pryor,US-2016-103674,12/6/2016,249.584,3
AP-10720,Anne Pryor,US-2016-114174,9/8/2016,173.94,4
AP-10720,Anne Pryor,CA-2014-127964,3/3/2014,125.76,5
AP-10720,Anne Pryor,CA-2017-143021,11/19/2017,79.974,6
AP-10720,Anne Pryor,CA-2017-143021,11/19/2017,58.408,7
AP-10720,Anne Pryor,CA-2016-136322,10/21/2016,45.568,8
AP-10720,Anne Pryor,CA-2016-136322,10/21/2016,28.752,9
AP-10720,Anne Pryor,US-2015-165449,11/22/2015,27.168,10
AP-10720,Anne Pryor,CA-2016-120250,9/19/2016,25.632,11
AP-10720,Anne Pryor,CA-2014-127964,3/3/2014,25.32,12
AP-10720,Anne Pryor,US-2016-103674,12/6/2016,18.69,13
AP-10720,Anne Pryor,US-2016-114174,9/8/2016,14.76,14
AP-10720,Anne Pryor,US-2016-103674,12/6/2016,13.86,15
AP-10720,Anne Pryor,US-2016-103674,12/6/2016,13.376,16
AP-10720,Anne Pryor,US-2016-103674,12/6/2016,13.36,17
AP-10720,Anne Pryor,CA-2014-127964,3/3/2014,9.99,18
AP-10720,Anne Pryor,CA-2016-154403,5/23/2016,4.98,19
AP-10915,Arthur Prichep,CA-2016-168893,11/3/2016,842.94,1
AP-10915,Arthur Prichep,CA-2014-146969,9/29/2014,686.32,2
AP-10915,Arthur Prichep,CA-2014-124737,8/23/2014,223.056,3
AP-10915,Arthur Prichep,CA-2014-146969,9/29/2014,204.6,4
AP-10915,Arthur Prichep,US-2017-132059,9/23/2017,180.588,5
AP-10915,Arthur Prichep,CA-2016-128412,12/10/2016,153.552,6
AP-10915,Arthur Prichep,CA-2014-124737,8/23/2014,143.64,7
AP-10915,Arthur Prichep,CA-2016-128412,12/10/2016,123.92,8
AP-10915,Arthur Prichep,CA-2017-168228,4/27/2017,123.92,9
AP-10915,Arthur Prichep,CA-2014-105270,11/11/2014,112.648,10
AP-10915,Arthur Prichep,CA-2016-128412,12/10/2016,65.34,11
AP-10915,Arthur Prichep,CA-2014-146969,9/29/2014,62.18,12
AP-10915,Arthur Prichep,US-2017-132059,9/23/2017,47.984,13
AP-10915,Arthur Prichep,CA-2017-168228,4/27/2017,47.3,14
AP-10915,Arthur Prichep,CA-2016-128412,12/10/2016,44.75,15
AP-10915,Arthur Prichep,CA-2016-128412,12/10/2016,35.1,16
AP-10915,Arthur Prichep,CA-2014-124737,8/23/2014,31.104,17
AP-10915,Arthur Prichep,CA-2014-105270,11/11/2014,30.48,18
AP-10915,Arthur Prichep,CA-2017-146136,9/3/2017,24.448,19
AP-10915,Arthur Prichep,CA-2016-168893,11/3/2016,24.1,20
AP-10915,Arthur Prichep,CA-2016-168893,11/3/2016,20.0,21
AP-10915,Arthur Prichep,CA-2014-124737,8/23/2014,15.552,22
AP-10915,Arthur Prichep,US-2016-164588,4/16/2016,12.84,23
AP-10915,Arthur Prichep,CA-2017-168228,4/27/2017,12.39,24
AP-10915,Arthur Prichep,CA-2014-113047,10/24/2014,11.85,25
AP-10915,Arthur Prichep,CA-2016-168893,11/3/2016,8.75,26
AP-10915,Arthur Prichep,CA-2014-146969,9/29/2014,8.72,27
AP-10915,Arthur Prichep,CA-2016-168893,11/3/2016,7.98,28
AP-10915,Arthur Prichep,CA-2014-124737,8/23/2014,6.8,29
AP-10915,Arthur Prichep,CA-2014-146969,9/29/2014,6.48,30
AP-10915,Arthur Prichep,CA-2014-124737,8/23/2014,4.224,31
AR-10345,Alex Russell,US-2014-115189,12/30/2014,523.764,1
AR-10345,Alex Russell,US-2014-115189,12/30/2014,251.964,2
AR-10345,Alex Russell,CA-2015-139374,9/10/2015,179.886,3
AR-10345,Alex Russell,CA-2017-126396,9/8/2017,85.2,4
AR-10345,Alex Russell,CA-2017-126438,9/10/2017,14.88,5
AR-10405,Allen Rosenblatt,US-2017-134481,8/27/2017,1488.424,1
AR-10405,Allen Rosenblatt,CA-2015-164427,7/31/2015,239.7,2
AR-10405,Allen Rosenblatt,CA-2014-157882,10/3/2014,143.432,3
AR-10405,Allen Rosenblatt,CA-2014-157882,10/3/2014,122.352,4
AR-10405,Allen Rosenblatt,CA-2017-140844,6/19/2017,103.12,5
AR-10405,Allen Rosenblatt,CA-2017-140844,6/19/2017,97.82,6
AR-10405,Allen Rosenblatt,CA-2017-149468,5/20/2017,41.28,7
AR-10510,Andrew Roberts,CA-2016-147536,12/26/2016,89.97,1
AR-10510,Andrew Roberts,CA-2015-112319,8/31/2015,58.32,2
AR-10510,Andrew Roberts,US-2014-105767,5/23/2014,55.188,3
AR-10510,Andrew Roberts,CA-2014-115056,5/2/2014,26.136,4
AR-10510,Andrew Roberts,US-2014-105767,5/23/2014,21.168,5
AR-10510,Andrew Roberts,CA-2017-111808,12/16/2017,10.8,6
AR-10510,Andrew Roberts,US-2014-105767,5/23/2014,3.282,7
AR-10540,Andy Reiter,CA-2017-138289,1/16/2017,5443.96,1
AR-10540,Andy Reiter,US-2015-136987,4/11/2015,639.968,2
AR-10540,Andy Reiter,CA-2017-138289,1/16/2017,302.67,3
AR-10540,Andy Reiter,CA-2017-138289,1/16/2017,56.07,4
AR-10540,Andy Reiter,CA-2014-122588,11/25/2014,52.96,5
AR-10540,Andy Reiter,US-2015-136987,4/11/2015,52.76,6
AR-10540,Andy Reiter,CA-2016-138037,9/29/2016,27.24,7
AR-10540,Andy Reiter,CA-2017-154935,12/24/2017,17.88,8
AR-10540,Andy Reiter,CA-2015-123505,11/22/2015,14.94,9
AR-10570,Anemone Ratner,CA-2016-157588,7/14/2016,51.75,1
AR-10570,Anemone Ratner,CA-2016-157588,7/14/2016,36.4,2
AR-10825,Anthony Rawles,CA-2017-118724,7/21/2017,1626.192,1
AR-10825,Anthony Rawles,CA-2016-132304,6/14/2016,1115.17,2
AR-10825,Anthony Rawles,CA-2017-141425,11/2/2017,384.592,3
AR-10825,Anthony Rawles,US-2016-148110,9/5/2016,347.802,4
AR-10825,Anthony Rawles,CA-2016-160745,12/11/2016,316.0,5
AR-10825,Anthony Rawles,CA-2016-160745,12/11/2016,302.376,6
AR-10825,Anthony Rawles,US-2017-108343,7/20/2017,183.92,7
AR-10825,Anthony Rawles,US-2017-108343,7/20/2017,163.764,8
AR-10825,Anthony Rawles,CA-2014-109218,6/30/2014,32.4,9
AR-10825,Anthony Rawles,CA-2015-160213,3/8/2015,19.44,10
AR-10825,Anthony Rawles,CA-2016-160745,12/11/2016,14.8,11
AR-10825,Anthony Rawles,US-2017-108343,7/20/2017,13.36,12
AR-10825,Anthony Rawles,CA-2017-118724,7/21/2017,3.52,13
AS-10045,Aaron Smayling,CA-2017-162691,8/1/2017,1439.982,1
AS-10045,Aaron Smayling,CA-2017-113481,1/2/2017,695.7,2
AS-10045,Aaron Smayling,CA-2016-148747,9/25/2016,477.666,3
AS-10045,Aaron Smayling,CA-2017-101749,10/3/2017,171.288,4
AS-10045,Aaron Smayling,US-2017-147655,9/4/2017,88.074,5
AS-10045,Aaron Smayling,US-2014-150126,7/27/2014,65.78,6
AS-10045,Aaron Smayling,CA-2017-162691,8/1/2017,36.288,7
AS-10045,Aaron Smayling,CA-2016-162901,3/28/2016,31.4,8
AS-10045,Aaron Smayling,CA-2017-113481,1/2/2017,28.854,9
AS-10045,Aaron Smayling,CA-2017-113481,1/2/2017,15.66,10
AS-10090,Adam Shillingsburg,CA-2015-127509,11/9/2015,1024.38,1
AS-10090,Adam Shillingsburg,CA-2014-156160,9/22/2014,579.528,2
AS-10090,Adam Shillingsburg,CA-2017-136448,9/16/2017,538.194,3
AS-10090,Adam Shillingsburg,CA-2016-119865,6/21/2016,353.568,4
AS-10090,Adam Shillingsburg,CA-2016-119865,6/21/2016,186.144,5
AS-10090,Adam Shillingsburg,CA-2014-156160,9/22/2014,97.44,6
AS-10090,Adam Shillingsburg,CA-2017-145877,4/1/2017,94.2,7
AS-10090,Adam Shillingsburg,CA-2017-136448,9/16/2017,71.976,8
AS-10090,Adam Shillingsburg,CA-2017-136448,9/16/2017,47.984,9
AS-10090,Adam Shillingsburg,CA-2016-119865,6/21/2016,36.56,10
AS-10090,Adam Shillingsburg,US-2017-108063,12/2/2017,34.65,11
AS-10090,Adam Shillingsburg,CA-2017-145877,4/1/2017,28.4,12
AS-10090,Adam Shillingsburg,CA-2015-127509,11/9/2015,26.22,13
AS-10090,Adam Shillingsburg,CA-2017-136448,9/16/2017,22.512,14
AS-10090,Adam Shillingsburg,CA-2016-104311,5/2/2016,18.936,15
AS-10090,Adam Shillingsburg,CA-2015-127509,11/9/2015,17.34,16
AS-10090,Adam Shillingsburg,CA-2015-127509,11/9/2015,17.22,17
AS-10090,Adam Shillingsburg,CA-2014-132913,12/24/2014,13.97,18
AS-10090,Adam Shillingsburg,CA-2014-156160,9/22/2014,13.04,19
AS-10090,Adam Shillingsburg,CA-2016-104311,5/2/2016,12.672,20
AS-10090,Adam Shillingsburg,CA-2016-150007,9/11/2016,6.0,21
AS-10090,Adam Shillingsburg,CA-2016-104311,5/2/2016,5.04,22
AS-10090,Adam Shillingsburg,CA-2014-156160,9/22/2014,3.984,23
AS-10090,Adam Shillingsburg,CA-2017-136448,9/16/2017,3.444,24
AS-10090,Adam Shillingsburg,CA-2016-150007,9/11/2016,1.908,25
AS-10135,Adrian Shami,CA-2017-162929,11/19/2017,41.28,1
AS-10135,Adrian Shami,CA-2017-162929,11/19/2017,13.36,2
AS-10135,Adrian Shami,CA-2016-149461,11/13/2016,4.18,3
AS-10225,Alan Schoenberger,CA-2014-110408,10/18/2014,1394.95,1
AS-10225,Alan Schoenberger,CA-2017-112515,9/17/2017,1292.94,2
AS-10225,Alan Schoenberger,CA-2014-110408,10/18/2014,545.88,3
AS-10225,Alan Schoenberger,CA-2014-110408,10/18/2014,275.97,4
AS-10225,Alan Schoenberger,CA-2017-112515,9/17/2017,261.74,5
AS-10225,Alan Schoenberger,CA-2016-143154,12/2/2016,165.6,6
AS-10225,Alan Schoenberger,CA-2017-112515,9/17/2017,164.88,7
AS-10225,Alan Schoenberger,CA-2017-117926,12/8/2017,69.48,8
AS-10225,Alan Schoenberger,CA-2015-144253,5/4/2015,26.8,9
AS-10225,Alan Schoenberger,CA-2017-112515,9/17/2017,25.584,10
AS-10225,Alan Schoenberger,CA-2017-112515,9/17/2017,14.4,11
AS-10225,Alan Schoenberger,CA-2017-112515,9/17/2017,11.784,12
AS-10225,Alan Schoenberger,CA-2017-112515,9/17/2017,10.776,13
AS-10240,Alan Shonely,CA-2014-149958,3/15/2014,142.776,1
AS-10240,Alan Shonely,CA-2014-149958,3/15/2014,131.904,2
AS-10240,Alan Shonely,CA-2016-118913,6/25/2016,60.81,3
AS-10240,Alan Shonely,CA-2014-149958,3/15/2014,45.696,4
AS-10240,Alan Shonely,CA-2014-149958,3/15/2014,43.188,5
AS-10240,Alan Shonely,CA-2017-101049,6/21/2017,41.256,6
AS-10240,Alan Shonely,CA-2016-114405,4/7/2016,36.744,7
AS-10240,Alan Shonely,CA-2016-114405,4/7/2016,33.528,8
AS-10240,Alan Shonely,CA-2017-101049,6/21/2017,17.92,9
AS-10240,Alan Shonely,CA-2015-143700,7/26/2015,10.368,10
AS-10240,Alan Shonely,CA-2014-128538,10/11/2014,7.64,11
AS-10240,Alan Shonely,CA-2014-149958,3/15/2014,7.218,12
AS-10240,Alan Shonely,CA-2015-150749,3/29/2015,5.56,13
AS-10285,Alejandro Savely,US-2016-164196,11/11/2016,2678.94,1
AS-10285,Alejandro Savely,CA-2016-163755,11/4/2016,209.88,2
AS-10285,Alejandro Savely,CA-2017-149706,12/11/2017,116.312,3
AS-10285,Alejandro Savely,CA-2016-114209,5/21/2016,82.656,4
AS-10285,Alejandro Savely,CA-2016-134775,10/28/2016,50.96,5
AS-10285,Alejandro Savely,CA-2016-134775,10/28/2016,49.536,6
AS-10285,Alejandro Savely,US-2016-106677,11/5/2016,23.988,7
AS-10285,Alejandro Savely,CA-2016-114209,5/21/2016,1.964,8
AS-10630,Ann Steele,CA-2017-100314,9/29/2017,336.51,1
AS-10630,Ann Steele,CA-2014-101392,12/7/2014,269.36,2
AS-10630,Ann Steele,US-2015-146745,9/3/2015,129.568,3
AS-10630,Ann Steele,CA-2017-100314,9/29/2017,27.968,4
AS-10630,Ann Steele,CA-2017-124597,4/30/2017,15.528,5
AS-10630,Ann Steele,US-2016-155404,9/22/2016,13.28,6
AS-10630,Ann Steele,CA-2017-124597,4/30/2017,11.952,7
AS-10630,Ann Steele,CA-2017-100314,9/29/2017,7.968,8
AS-10630,Ann Steele,US-2015-146745,9/3/2015,6.368,9
AS-10630,Ann Steele,CA-2014-162684,8/1/2014,5.68,10
AS-10630,Ann Steele,CA-2017-124597,4/30/2017,4.608,11
AS-10630,Ann Steele,US-2017-129224,3/17/2017,4.608,12
AT-10435,Alyssa Tate,CA-2017-102407,12/9/2017,896.328,1
AT-10435,Alyssa Tate,CA-2017-102407,12/9/2017,189.0,2
AT-10435,Alyssa Tate,CA-2016-100468,11/24/2016,33.52,3
AT-10435,Alyssa Tate,CA-2014-120243,12/27/2014,11.56,4
AT-10435,Alyssa Tate,CA-2017-102407,12/9/2017,11.16,5
AT-10435,Alyssa Tate,CA-2017-106355,4/2/2017,11.12,6
AT-10435,Alyssa Tate,CA-2016-100468,11/24/2016,9.94,7
AT-10435,Alyssa Tate,CA-2014-111360,11/24/2014,5.742,8
AT-10435,Alyssa Tate,CA-2015-133977,9/6/2015,3.444,9
AT-10735,Annie Thurman,CA-2015-123113,11/23/2015,2625.12,1
AT-10735,Annie Thurman,CA-2016-108210,5/30/2016,223.96,2
AT-10735,Annie Thurman,CA-2017-103443,12/17/2017,166.72,3
AT-10735,Annie Thurman,CA-2014-146731,11/3/2014,143.856,4
AT-10735,Annie Thurman,CA-2017-103443,12/17/2017,124.36,5
AT-10735,Annie Thurman,CA-2017-153787,5/19/2017,97.16,6
AT-10735,Annie Thurman,CA-2017-135034,8/1/2017,95.984,7
AT-10735,Annie Thurman,CA-2014-146500,8/30/2014,95.94,8
AT-10735,Annie Thurman,CA-2016-108210,5/30/2016,79.96,9
AT-10735,Annie Thurman,CA-2016-112893,9/9/2016,55.36,10
AT-10735,Annie Thurman,CA-2016-116603,7/17/2016,45.96,11
AT-10735,Annie Thurman,CA-2014-146500,8/30/2014,25.3,12
AT-10735,Annie Thurman,CA-2017-103443,12/17/2017,24.816,13
AT-10735,Annie Thurman,CA-2015-123113,11/23/2015,17.94,14
AT-10735,Annie Thurman,CA-2017-106824,7/7/2017,5.94,15
AT-10735,Annie Thurman,CA-2014-146731,11/3/2014,3.488,16
AW-10840,Anthony Witt,CA-2017-143798,12/10/2017,310.88,1
AW-10840,Anthony Witt,CA-2017-123001,9/2/2017,201.584,2
AW-10840,Anthony Witt,CA-2017-123001,9/2/2017,74.0,3
AW-10840,Anthony Witt,CA-2015-129112,11/29/2015,21.48,4
AW-10840,Anthony Witt,CA-2015-149678,4/13/2015,12.88,5
AW-10840,Anthony Witt,CA-2017-143798,12/10/2017,10.368,6
AW-10840,Anthony Witt,CA-2017-123001,9/2/2017,9.4,7
AW-10840,Anthony Witt,CA-2015-129112,11/29/2015,8.784,8
AW-10930,Arthur Wiediger,CA-2016-136812,11/18/2016,1117.92,1
AW-10930,Arthur Wiediger,CA-2017-107321,8/31/2017,689.408,2
AW-10930,Arthur Wiediger,CA-2016-120824,6/12/2016,379.372,3
AW-10930,Arthur Wiediger,CA-2015-144519,11/13/2015,339.96,4
AW-10930,Arthur Wiediger,CA-2016-120824,6/12/2016,67.536,5
AW-10930,Arthur Wiediger,CA-2016-120824,6/12/2016,64.384,6
AW-10930,Arthur Wiediger,CA-2015-144519,11/13/2015,63.98,7
AW-10930,Arthur Wiediger,US-2014-103905,7/14/2014,38.272,8
AW-10930,Arthur Wiediger,US-2014-103905,7/14/2014,29.932,9
AW-10930,Arthur Wiediger,CA-2016-120824,6/12/2016,15.552,10
AW-10930,Arthur Wiediger,US-2017-118157,11/14/2017,15.28,11
AW-10930,Arthur Wiediger,CA-2016-120824,6/12/2016,11.264,12
AW-10930,Arthur Wiediger,CA-2016-120824,6/12/2016,6.984,13
AW-10930,Arthur Wiediger,CA-2017-107321,8/31/2017,6.672,14
AW-10930,Arthur Wiediger,CA-2016-163216,10/7/2016,4.928,15
AW-10930,Arthur Wiediger,CA-2016-120824,6/12/2016,1.524,16
AY-10555,Andy Yotov,CA-2017-137428,12/16/2017,97.184,1
AY-10555,Andy Yotov,CA-2014-102652,4/6/2014,91.96,2
AY-10555,Andy Yotov,CA-2017-137428,12/16/2017,81.568,3
AY-10555,Andy Yotov,CA-2016-139934,12/18/2016,66.976,4
AY-10555,Andy Yotov,CA-2014-102652,4/6/2014,55.48,5
AY-10555,Andy Yotov,CA-2014-102652,4/6/2014,33.11,6
AY-10555,Andy Yotov,CA-2017-137428,12/16/2017,24.32,7
AY-10555,Andy Yotov,CA-2014-102652,4/6/2014,19.44,8
AY-10555,Andy Yotov,CA-2017-137428,12/16/2017,18.96,9
AY-10555,Andy Yotov,CA-2014-101427,12/26/2014,8.016,10
AZ-10750,Annie Zypern,CA-2016-100993,2/5/2016,557.728,1
AZ-10750,Annie Zypern,CA-2014-148586,3/25/2014,366.786,2
AZ-10750,Annie Zypern,CA-2016-100993,2/5/2016,186.54,3
AZ-10750,Annie Zypern,CA-2016-100993,2/5/2016,159.968,4
AZ-10750,Annie Zypern,CA-2017-110940,7/23/2017,121.536,5
AZ-10750,Annie Zypern,CA-2015-151253,4/22/2015,88.776,6
AZ-10750,Annie Zypern,CA-2015-151253,4/22/2015,64.14,7
AZ-10750,Annie Zypern,CA-2015-130876,5/12/2015,36.63,8
AZ-10750,Annie Zypern,CA-2014-158442,3/17/2014,15.552,9
AZ-10750,Annie Zypern,CA-2016-100993,2/5/2016,14.73,10
AZ-10750,Annie Zypern,CA-2014-158442,3/17/2014,5.184,11
AZ-10750,Annie Zypern,CA-2014-158442,3/17/2014,4.448,12
BB-10990,Barry Blumstein,CA-2015-141810,11/2/2015,344.704,1
BB-10990,Barry Blumstein,CA-2014-169642,7/27/2014,276.28,2
BB-10990,Barry Blumstein,CA-2016-103947,4/1/2016,31.56,3
BB-10990,Barry Blumstein,CA-2016-103947,4/1/2016,30.144,4
BB-10990,Barry Blumstein,CA-2015-141810,11/2/2015,29.372,5
BB-10990,Barry Blumstein,US-2017-112928,6/1/2017,17.48,6
BB-10990,Barry Blumstein,CA-2017-118136,9/16/2017,8.82,7
BB-10990,Barry Blumstein,CA-2017-118136,9/16/2017,5.98,8
BB-11545,Brenda Bowman,US-2017-118941,8/12/2017,1779.9,1
BB-11545,Brenda Bowman,CA-2016-169838,11/25/2016,1568.61,2
BB-11545,Brenda Bowman,CA-2017-102379,12/2/2017,1159.056,3
BB-11545,Brenda Bowman,CA-2017-158561,11/11/2017,1158.12,4
BB-11545,Brenda Bowman,US-2017-118941,8/12/2017,219.9,5
BB-11545,Brenda Bowman,CA-2016-155166,12/26/2016,212.94,6
BB-11545,Brenda Bowman,CA-2017-102379,12/2/2017,179.9,7
BB-11545,Brenda Bowman,CA-2016-169838,11/25/2016,160.0,8
BB-11545,Brenda Bowman,CA-2016-124506,11/11/2016,95.968,9
BB-11545,Brenda Bowman,CA-2016-124506,11/11/2016,47.992,10
BB-11545,Brenda Bowman,CA-2017-102379,12/2/2017,39.992,11
BB-11545,Brenda Bowman,CA-2017-130043,9/15/2017,31.872,12
BB-11545,Brenda Bowman,CA-2016-155166,12/26/2016,26.49,13
BB-11545,Brenda Bowman,CA-2015-107083,11/21/2015,24.588,14
BB-11545,Brenda Bowman,US-2017-118941,8/12/2017,17.52,15
BB-11545,Brenda Bowman,CA-2016-169838,11/25/2016,17.3,16
BB-11545,Brenda Bowman,CA-2015-115168,6/5/2015,10.56,17
BB-11545,Brenda Bowman,CA-2015-107083,11/21/2015,7.98,18
BB-11545,Brenda Bowman,CA-2015-107083,11/21/2015,5.344,19
BB-11545,Brenda Bowman,CA-2015-107083,11/21/2015,1.696,20
BC-11125,Becky Castell,CA-2017-113530,5/19/2017,681.408,1
BC-11125,Becky Castell,CA-2014-147543,7/6/2014,478.48,2
BC-11125,Becky Castell,CA-2014-113859,9/13/2014,340.116,3
BC-11125,Becky Castell,CA-2015-158351,6/20/2015,319.984,4
BC-11125,Becky Castell,US-2017-120418,6/11/2017,280.792,5
BC-11125,Becky Castell,US-2017-120418,6/11/2017,215.592,6
BC-11125,Becky Castell,CA-2016-143910,8/12/2016,145.764,7
BC-11125,Becky Castell,CA-2016-123050,4/4/2016,89.97,8
BC-11125,Becky Castell,US-2017-120418,6/11/2017,88.04,9
BC-11125,Becky Castell,CA-2016-123050,4/4/2016,82.64,10
BC-11125,Becky Castell,US-2017-120418,6/11/2017,68.448,11
BC-11125,Becky Castell,CA-2016-149335,7/25/2016,37.17,12
BC-11125,Becky Castell,CA-2017-113530,5/19/2017,36.32,13
BC-11125,Becky Castell,CA-2016-123050,4/4/2016,31.02,14
BC-11125,Becky Castell,US-2017-120418,6/11/2017,15.872,15
BC-11125,Becky Castell,US-2016-134369,9/16/2016,12.96,16
BC-11125,Becky Castell,CA-2017-113530,5/19/2017,5.58,17
BC-11125,Becky Castell,CA-2017-113530,5/19/2017,3.52,18
BD-11320,Bill Donatelli,CA-2015-120677,5/31/2015,2567.84,1
BD-11320,Bill Donatelli,CA-2016-136406,4/15/2016,1121.568,2
BD-11320,Bill Donatelli,CA-2016-119165,10/31/2016,492.835,3
BD-11320,Bill Donatelli,CA-2016-167241,8/15/2016,312.03,4
BD-11320,Bill Donatelli,CA-2017-117485,9/23/2017,291.96,5
BD-11320,Bill Donatelli,CA-2016-110086,9/18/2016,239.984,6
BD-11320,Bill Donatelli,CA-2016-167241,8/15/2016,165.6,7
BD-11320,Bill Donatelli,CA-2017-107125,11/27/2017,117.488,8
BD-11320,Bill Donatelli,CA-2017-158071,6/10/2017,88.776,9
BD-11320,Bill Donatelli,CA-2015-121699,8/10/2015,64.75,10
BD-11320,Bill Donatelli,CA-2016-148593,6/16/2016,46.35,11
BD-11320,Bill Donatelli,CA-2017-122735,4/12/2017,39.96,12
BD-11320,Bill Donatelli,CA-2016-130680,6/24/2016,38.24,13
BD-11320,Bill Donatelli,CA-2016-167241,8/15/2016,37.52,14
BD-11320,Bill Donatelli,CA-2017-122735,4/12/2017,29.7,15
BD-11320,Bill Donatelli,CA-2017-107125,11/27/2017,18.84,16
BD-11320,Bill Donatelli,CA-2016-167241,8/15/2016,17.94,17
BD-11320,Bill Donatelli,CA-2017-158071,6/10/2017,15.58,18
BD-11320,Bill Donatelli,CA-2017-158071,6/10/2017,11.56,19
BD-11500,Bradley Drucker,US-2017-105935,1/26/2017,2939.93,1
BD-11500,Bradley Drucker,CA-2014-140795,2/1/2014,468.9,2
BD-11500,Bradley Drucker,US-2017-133312,11/25/2017,359.499,3
BD-11500,Bradley Drucker,US-2014-151015,10/14/2014,322.192,4
BD-11500,Bradley Drucker,CA-2015-117828,12/23/2015,194.32,5
BD-11500,Bradley Drucker,US-2017-105935,1/26/2017,62.72,6
BD-11500,Bradley Drucker,CA-2015-167696,9/16/2015,31.12,7
BD-11500,Bradley Drucker,US-2014-151015,10/14/2014,19.136,8
BD-11500,Bradley Drucker,US-2017-133312,11/25/2017,10.48,9
BD-11500,Bradley Drucker,US-2014-151015,10/14/2014,2.946,10
BD-11560,Brendan Dodson,CA-2015-163923,5/30/2015,151.96,1
BD-11560,Brendan Dodson,CA-2017-124716,3/27/2017,110.96,2
BD-11560,Brendan Dodson,CA-2017-124716,3/27/2017,45.68,3
BD-11560,Brendan Dodson,CA-2017-124716,3/27/2017,11.94,4
BD-11605,Brian Dahlen,CA-2014-157147,1/13/2014,1325.85,1
BD-11605,Brian Dahlen,CA-2016-112102,4/12/2016,343.92,2
BD-11605,Brian Dahlen,CA-2014-157147,1/13/2014,333.999,3
BD-11605,Brian Dahlen,CA-2017-144694,9/24/2017,235.944,4
BD-11605,Brian Dahlen,US-2014-164406,8/15/2014,195.136,5
BD-11605,Brian Dahlen,CA-2016-105746,12/30/2016,170.786,6
BD-11605,Brian Dahlen,US-2014-164406,8/15/2014,152.91,7
BD-11605,Brian Dahlen,US-2014-164406,8/15/2014,92.94,8
BD-11605,Brian Dahlen,CA-2016-112102,4/12/2016,63.9,9
BD-11605,Brian Dahlen,US-2015-123960,6/11/2015,56.3,10
BD-11605,Brian Dahlen,US-2015-123960,6/11/2015,53.7,11
BD-11605,Brian Dahlen,US-2014-164406,8/15/2014,46.44,12
BD-11605,Brian Dahlen,CA-2016-112102,4/12/2016,40.99,13
BD-11605,Brian Dahlen,US-2015-123960,6/11/2015,36.26,14
BD-11605,Brian Dahlen,US-2015-123960,6/11/2015,32.4,15
BD-11605,Brian Dahlen,US-2015-123960,6/11/2015,29.16,16
BD-11605,Brian Dahlen,CA-2015-158792,12/26/2015,22.2,17
BD-11605,Brian Dahlen,CA-2014-157147,1/13/2014,19.9,18
BD-11605,Brian Dahlen,CA-2017-144694,9/24/2017,17.88,19
BD-11605,Brian Dahlen,US-2014-164406,8/15/2014,17.856,20
BD-11620,Brian DeCherney,CA-2017-130211,10/22/2017,333.09,1
BD-11620,Brian DeCherney,CA-2014-152254,6/30/2014,310.688,2
BD-11620,Brian DeCherney,CA-2017-100202,12/31/2016,302.376,3
BD-11620,Brian DeCherney,CA-2017-130211,10/22/2017,248.98,4
BD-11620,Brian DeCherney,CA-2016-157686,10/1/2016,194.848,5
BD-11620,Brian DeCherney,CA-2016-111976,3/8/2016,108.576,6
BD-11620,Brian DeCherney,CA-2016-111941,12/25/2016,33.568,7
BD-11620,Brian DeCherney,CA-2016-111976,3/8/2016,5.984,8
BD-11635,Brian Derr,CA-2015-110814,12/5/2015,232.4,1
BD-11635,Brian Derr,CA-2015-110814,12/5/2015,164.646,2
BD-11635,Brian Derr,CA-2014-152422,10/5/2014,91.92,3
BD-11635,Brian Derr,CA-2017-109589,12/21/2017,71.0,4
BD-11635,Brian Derr,CA-2015-110814,12/5/2015,22.68,5
BD-11725,Bruce Degenhardt,CA-2017-146192,4/22/2017,675.06,1
BD-11725,Bruce Degenhardt,CA-2015-128139,7/3/2015,294.93,2
BD-11725,Bruce Degenhardt,CA-2017-125472,5/30/2017,241.96,3
BD-11725,Bruce Degenhardt,CA-2017-168396,8/3/2017,123.96,4
BD-11725,Bruce Degenhardt,CA-2015-128139,7/3/2015,70.98,5
BD-11725,Bruce Degenhardt,CA-2017-168396,8/3/2017,51.75,6
BD-11725,Bruce Degenhardt,CA-2016-165015,2/25/2016,46.72,7
BD-11725,Bruce Degenhardt,CA-2017-101574,9/28/2017,9.24,8
BD-11725,Bruce Degenhardt,CA-2017-125472,5/30/2017,8.01,9
BD-11725,Bruce Degenhardt,CA-2017-125472,5/30/2017,3.89,10
BD-11770,Bryan Davis,CA-2017-115105,2/6/2017,240.784,1
BD-11770,Bryan Davis,CA-2016-148698,5/2/2016,86.352,2
BD-11770,Bryan Davis,CA-2016-124667,11/11/2016,83.36,3
BD-11770,Bryan Davis,CA-2016-165918,9/10/2016,81.98,4
BD-11770,Bryan Davis,CA-2016-124667,11/11/2016,59.97,5
BD-11770,Bryan Davis,US-2016-122182,3/10/2016,39.992,6
BD-11770,Bryan Davis,CA-2016-165918,9/10/2016,39.624,7
BD-11770,Bryan Davis,CA-2016-165918,9/10/2016,14.256,8
BD-11770,Bryan Davis,CA-2016-165918,9/10/2016,7.38,9
BD-11770,Bryan Davis,CA-2017-145338,1/29/2017,4.768,10
BE-11335,Bill Eplett,CA-2017-137596,9/2/2017,1928.78,1
BE-11335,Bill Eplett,CA-2017-137596,9/2/2017,1199.8,2
BE-11335,Bill Eplett,CA-2017-137596,9/2/2017,352.38,3
BE-11335,Bill Eplett,US-2017-105046,7/17/2017,269.98,4
BE-11335,Bill Eplett,CA-2017-155985,3/23/2017,211.84,5
BE-11335,Bill Eplett,US-2017-105046,7/17/2017,99.9,6
BE-11335,Bill Eplett,CA-2016-166912,1/15/2016,81.98,7
BE-11335,Bill Eplett,US-2017-105046,7/17/2017,39.08,8
BE-11335,Bill Eplett,CA-2016-128307,7/25/2016,20.936,9
BE-11410,Bobby Elias,CA-2016-125220,10/14/2016,1649.75,1
BE-11410,Bobby Elias,CA-2017-141782,1/21/2017,268.576,2
BE-11410,Bobby Elias,CA-2017-121314,9/23/2017,251.64,3
BE-11410,Bobby Elias,CA-2016-108630,11/18/2016,61.12,4
BE-11410,Bobby Elias,CA-2016-161662,2/7/2016,30.352,5
BE-11455,Brad Eason,US-2017-166324,4/20/2017,848.544,1
BE-11455,Brad Eason,CA-2015-122406,8/2/2015,199.98,2
BE-11455,Brad Eason,CA-2015-122406,8/2/2015,128.85,3
BE-11455,Brad Eason,US-2017-166324,4/20/2017,122.382,4
BE-11455,Brad Eason,CA-2015-122406,8/2/2015,110.98,5
BE-11455,Brad Eason,CA-2016-140774,9/5/2016,107.94,6
BE-11455,Brad Eason,CA-2016-118052,5/6/2016,54.712,7
BE-11455,Brad Eason,US-2016-146857,5/6/2016,54.48,8
BE-11455,Brad Eason,CA-2016-118052,5/6/2016,49.568,9
BE-11455,Brad Eason,CA-2015-115924,9/14/2015,25.9,10
BE-11455,Brad Eason,US-2017-166324,4/20/2017,8.7,11
BE-11455,Brad Eason,CA-2015-122406,8/2/2015,8.4,12
BE-11455,Brad Eason,CA-2016-118052,5/6/2016,7.216,13
BF-10975,Barbara Fisher,CA-2016-100041,11/20/2016,314.55,1
BF-10975,Barbara Fisher,CA-2014-117345,8/1/2014,78.304,2
BF-10975,Barbara Fisher,CA-2014-117345,8/1/2014,62.92,3
BF-10975,Barbara Fisher,CA-2014-117345,8/1/2014,44.128,4
BF-10975,Barbara Fisher,US-2017-120908,9/30/2017,20.664,5
BF-10975,Barbara Fisher,CA-2014-109904,7/14/2014,17.94,6
BF-10975,Barbara Fisher,CA-2014-117345,8/1/2014,17.544,7
BF-10975,Barbara Fisher,CA-2015-116260,7/6/2015,11.12,8
BF-10975,Barbara Fisher,CA-2016-100041,11/20/2016,9.08,9
BF-10975,Barbara Fisher,CA-2015-116750,7/5/2015,7.23,10
BF-10975,Barbara Fisher,CA-2015-137281,6/13/2015,6.48,11
BF-10975,Barbara Fisher,CA-2015-116750,7/5/2015,4.928,12
BF-10975,Barbara Fisher,CA-2016-100041,11/20/2016,4.91,13
BF-11005,Barry Franz,CA-2017-103380,11/21/2017,659.976,1
BF-11005,Barry Franz,US-2016-105452,7/28/2016,302.72,2
BF-11005,Barry Franz,CA-2016-137729,5/5/2016,246.168,3
BF-11005,Barry Franz,CA-2017-103380,11/21/2017,56.56,4
BF-11005,Barry Franz,US-2016-105452,7/28/2016,24.7,5
BF-11005,Barry Franz,CA-2014-141355,9/25/2014,14.576,6
BF-11005,Barry Franz,CA-2017-103380,11/21/2017,9.02,7
BF-11005,Barry Franz,CA-2017-103380,11/21/2017,8.62,8
BF-11005,Barry Franz,CA-2016-137729,5/5/2016,5.98,9
BF-11005,Barry Franz,CA-2017-103380,11/21/2017,5.56,10
BF-11020,Barry Französisch,CA-2015-145758,10/30/2015,1035.8,1
BF-11020,Barry Französisch,CA-2016-156265,8/2/2016,333.576,2
BF-11020,Barry Französisch,US-2017-124779,9/8/2017,319.984,3
BF-11020,Barry Französisch,CA-2016-159940,7/7/2016,253.372,4
BF-11020,Barry Französisch,CA-2017-134495,4/1/2017,218.352,5
BF-11020,Barry Französisch,US-2017-124779,9/8/2017,213.43,6
BF-11020,Barry Französisch,CA-2016-156265,8/2/2016,136.464,7
BF-11020,Barry Französisch,CA-2016-159940,7/7/2016,60.288,8
BF-11020,Barry Französisch,CA-2017-114804,10/17/2017,52.792,9
BF-11020,Barry Französisch,US-2017-124779,9/8/2017,45.92,10
BF-11020,Barry Französisch,US-2017-124779,9/8/2017,42.616,11
BF-11020,Barry Französisch,CA-2017-134495,4/1/2017,23.976,12
BF-11020,Barry Französisch,CA-2016-159940,7/7/2016,23.688,13
BF-11020,Barry Französisch,CA-2017-133333,9/18/2017,22.72,14
BF-11020,Barry Französisch,CA-2014-165568,2/15/2014,21.36,15
BF-11020,Barry Französisch,US-2017-124779,9/8/2017,21.184,16
BF-11020,Barry Französisch,CA-2017-134495,4/1/2017,20.808,17
BF-11020,Barry Französisch,US-2017-124779,9/8/2017,20.736,18
BF-11020,Barry Französisch,CA-2016-156265,8/2/2016,12.544,19
BF-11020,Barry Französisch,CA-2017-134495,4/1/2017,6.264,20
BF-11020,Barry Französisch,CA-2016-159940,7/7/2016,2.632,21
BF-11080,Bart Folk,CA-2017-140676,9/12/2017,94.85,1
BF-11080,Bart Folk,CA-2017-140676,9/12/2017,90.86,2
BF-11080,Bart Folk,CA-2017-140676,9/12/2017,39.9,3
BF-11080,Bart Folk,CA-2017-117128,12/5/2017,21.6,4
BF-11080,Bart Folk,CA-2014-163013,11/28/2014,14.67,5
BF-11080,Bart Folk,CA-2017-117128,12/5/2017,11.07,6
BF-11170,Ben Ferrer,CA-2016-159891,1/31/2016,1270.99,1
BF-11170,Ben Ferrer,CA-2017-151799,12/14/2017,1199.98,2
BF-11170,Ben Ferrer,US-2014-138247,12/24/2014,818.376,3
BF-11170,Ben Ferrer,CA-2017-151799,12/14/2017,526.582,4
BF-11170,Ben Ferrer,US-2014-138247,12/24/2014,361.96,5
BF-11170,Ben Ferrer,CA-2014-110184,7/12/2014,255.936,6
BF-11170,Ben Ferrer,CA-2014-110184,7/12/2014,249.75,7
BF-11170,Ben Ferrer,CA-2015-145835,5/13/2015,222.384,8
BF-11170,Ben Ferrer,US-2014-138247,12/24/2014,173.656,9
BF-11170,Ben Ferrer,US-2015-113327,5/26/2015,167.944,10
BF-11170,Ben Ferrer,US-2015-113327,5/26/2015,153.728,11
BF-11170,Ben Ferrer,CA-2016-159891,1/31/2016,125.36,12
BF-11170,Ben Ferrer,CA-2017-151799,12/14/2017,73.85,13
BF-11170,Ben Ferrer,US-2014-138247,12/24/2014,62.85,14
BF-11170,Ben Ferrer,CA-2016-149111,4/17/2016,36.792,15
BF-11170,Ben Ferrer,CA-2017-151799,12/14/2017,25.71,16
BF-11170,Ben Ferrer,US-2014-138247,12/24/2014,23.99,17
BF-11170,Ben Ferrer,US-2016-120460,4/30/2016,22.608,18
BF-11170,Ben Ferrer,US-2014-138247,12/24/2014,20.34,19
BF-11170,Ben Ferrer,CA-2016-149111,4/17/2016,18.624,20
BF-11170,Ben Ferrer,US-2015-113327,5/26/2015,18.272,21
BF-11170,Ben Ferrer,CA-2017-151799,12/14/2017,17.28,22
BF-11170,Ben Ferrer,CA-2015-145835,5/13/2015,16.0,23
BF-11170,Ben Ferrer,US-2017-119039,3/6/2017,14.976,24
BF-11170,Ben Ferrer,US-2015-113327,5/26/2015,12.224,25
BF-11170,Ben Ferrer,CA-2016-162348,11/10/2016,9.98,26
BF-11170,Ben Ferrer,CA-2014-167724,4/13/2014,7.83,27
BF-11215,Benjamin Farhat,CA-2016-154662,6/9/2016,692.94,1
BF-11215,Benjamin Farhat,CA-2017-106859,3/13/2017,288.24,2
BF-11215,Benjamin Farhat,CA-2017-106859,3/13/2017,214.95,3
BF-11215,Benjamin Farhat,CA-2017-106859,3/13/2017,140.736,4
BF-11215,Benjamin Farhat,CA-2017-106859,3/13/2017,90.8,5
BF-11215,Benjamin Farhat,CA-2014-103219,11/9/2014,56.52,6
BF-11215,Benjamin Farhat,CA-2017-102729,10/26/2017,55.616,7
BF-11215,Benjamin Farhat,CA-2017-106859,3/13/2017,45.36,8
BF-11275,Beth Fritzler,CA-2017-161130,11/3/2017,361.376,1
BF-11275,Beth Fritzler,CA-2014-148040,3/22/2014,314.352,2
BF-11275,Beth Fritzler,CA-2014-148040,3/22/2014,74.352,3
BF-11275,Beth Fritzler,CA-2017-169012,7/10/2017,41.91,4
BG-11035,Barry Gonzalez,CA-2015-141565,9/20/2015,1369.764,1
BG-11035,Barry Gonzalez,CA-2017-117198,8/31/2017,659.9,2
BG-11035,Barry Gonzalez,CA-2015-141565,9/20/2015,294.368,3
BG-11035,Barry Gonzalez,CA-2015-120901,12/31/2015,152.688,4
BG-11035,Barry Gonzalez,US-2014-114377,11/5/2014,149.9,5
BG-11035,Barry Gonzalez,CA-2016-134110,11/17/2016,67.176,6
BG-11035,Barry Gonzalez,CA-2014-155390,12/6/2014,42.208,7
BG-11035,Barry Gonzalez,CA-2017-165715,12/2/2017,32.776,8
BG-11035,Barry Gonzalez,CA-2016-134110,11/17/2016,15.232,9
BG-11035,Barry Gonzalez,CA-2015-120901,12/31/2015,5.888,10
BG-11035,Barry Gonzalez,CA-2017-169005,11/2/2017,5.56,11
BG-11035,Barry Gonzalez,CA-2015-120901,12/31/2015,3.488,12
BG-11695,Brooke Gillingham,US-2016-162852,12/27/2016,845.488,1
BG-11695,Brooke Gillingham,CA-2016-153682,5/30/2016,839.988,2
BG-11695,Brooke Gillingham,CA-2015-108588,1/5/2015,59.52,3
BG-11695,Brooke Gillingham,CA-2014-127523,5/11/2014,35.91,4
BG-11695,Brooke Gillingham,CA-2017-105543,11/24/2017,33.29,5
BG-11695,Brooke Gillingham,CA-2017-121412,9/23/2017,29.328,6
BG-11695,Brooke Gillingham,CA-2015-108588,1/5/2015,17.48,7
BG-11695,Brooke Gillingham,CA-2015-108588,1/5/2015,13.168,8
BG-11740,Bruce Geld,CA-2017-135419,11/3/2017,486.368,1
BG-11740,Bruce Geld,CA-2016-165995,8/30/2016,339.96,2
BG-11740,Bruce Geld,CA-2017-119389,4/17/2017,60.312,3
BG-11740,Bruce Geld,CA-2015-154200,6/18/2015,51.98,4
BG-11740,Bruce Geld,CA-2016-165995,8/30/2016,47.04,5
BG-11740,Bruce Geld,CA-2016-145240,9/6/2016,10.784,6
BG-11740,Bruce Geld,CA-2014-164749,3/23/2014,9.912,7
BH-11710,Brosina Hoffman,CA-2014-115812,6/9/2014,1706.184,1
BH-11710,Brosina Hoffman,CA-2014-115812,6/9/2014,911.424,2
BH-11710,Brosina Hoffman,CA-2014-115812,6/9/2014,907.152,3
BH-11710,Brosina Hoffman,US-2014-140914,11/11/2014,797.944,4
BH-11710,Brosina Hoffman,CA-2016-112123,3/3/2016,479.95,5
BH-11710,Brosina Hoffman,CA-2016-112123,3/3/2016,447.86,6
BH-11710,Brosina Hoffman,CA-2017-135587,12/7/2017,320.64,7
BH-11710,Brosina Hoffman,CA-2016-112123,3/3/2016,166.44,8
BH-11710,Brosina Hoffman,CA-2014-115812,6/9/2014,114.9,9
BH-11710,Brosina Hoffman,CA-2017-127306,1/14/2017,111.984,10
BH-11710,Brosina Hoffman,CA-2017-135587,12/7/2017,52.0,11
BH-11710,Brosina Hoffman,CA-2014-115812,6/9/2014,48.86,12
BH-11710,Brosina Hoffman,CA-2017-127306,1/14/2017,36.288,13
BH-11710,Brosina Hoffman,CA-2017-112865,5/18/2017,36.048,14
BH-11710,Brosina Hoffman,CA-2015-149300,11/22/2015,32.985,15
BH-11710,Brosina Hoffman,CA-2014-115812,6/9/2014,18.504,16
BH-11710,Brosina Hoffman,CA-2017-127306,1/14/2017,18.336,17
BH-11710,Brosina Hoffman,US-2014-140914,11/11/2014,10.984,18
BH-11710,Brosina Hoffman,US-2015-130491,2/8/2015,9.54,19
BH-11710,Brosina Hoffman,CA-2014-115812,6/9/2014,7.28,20
BH-11710,Brosina Hoffman,CA-2017-127306,1/14/2017,5.97,21
BH-11710,Brosina Hoffman,US-2015-130491,2/8/2015,5.81,22
BH-11710,Brosina Hoffman,US-2015-130491,2/8/2015,5.76,23
BH-11710,Brosina Hoffman,CA-2017-127306,1/14/2017,2.508,24
BK-11260,Berenike Kampe,US-2014-140452,12/6/2014,214.95,1
BK-11260,Berenike Kampe,CA-2014-125612,8/3/2014,102.3,2
BK-11260,Berenike Kampe,CA-2017-151183,10/14/2017,46.36,3
BK-11260,Berenike Kampe,CA-2015-113110,3/19/2015,40.14,4
BK-11260,Berenike Kampe,CA-2014-125612,8/3/2014,39.96,5
BK-11260,Berenike Kampe,US-2014-140452,12/6/2014,35.168,6
BK-11260,Berenike Kampe,US-2014-140452,12/6/2014,35.04,7
BK-11260,Berenike Kampe,CA-2015-113110,3/19/2015,33.36,8
BK-11260,Berenike Kampe,CA-2017-117009,9/22/2017,21.96,9
BK-11260,Berenike Kampe,CA-2014-125612,8/3/2014,21.36,10
BK-11260,Berenike Kampe,CA-2015-113110,3/19/2015,17.568,11
BK-11260,Berenike Kampe,CA-2015-113110,3/19/2015,14.62,12
BK-11260,Berenike Kampe,US-2014-140452,12/6/2014,14.016,13
BK-11260,Berenike Kampe,US-2014-140452,12/6/2014,10.776,14
BK-11260,Berenike Kampe,CA-2016-130799,11/11/2016,6.96,15
BK-11260,Berenike Kampe,US-2014-140452,12/6/2014,4.6,16
BM-11140,Becky Martin,CA-2014-139892,9/8/2014,8159.952,1
BM-11140,Becky Martin,CA-2014-139892,9/8/2014,1740.06,2
BM-11140,Becky Martin,CA-2017-121706,2/26/2017,356.79,3
BM-11140,Becky Martin,CA-2014-139892,9/8/2014,275.928,4
BM-11140,Becky Martin,CA-2016-106278,9/2/2016,215.976,5
BM-11140,Becky Martin,CA-2016-126004,12/4/2016,193.86,6
BM-11140,Becky Martin,CA-2016-126004,12/4/2016,182.94,7
BM-11140,Becky Martin,CA-2014-139892,9/8/2014,177.98,8
BM-11140,Becky Martin,CA-2014-139892,9/8/2014,143.976,9
BM-11140,Becky Martin,CA-2016-126004,12/4/2016,113.79,10
BM-11140,Becky Martin,CA-2016-126004,12/4/2016,78.15,11
BM-11140,Becky Martin,CA-2016-106278,9/2/2016,65.94,12
BM-11140,Becky Martin,CA-2016-126004,12/4/2016,40.56,13
BM-11140,Becky Martin,CA-2014-139892,9/8/2014,32.064,14
BM-11140,Becky Martin,CA-2014-139892,9/8/2014,9.936,15
BM-11140,Becky Martin,CA-2016-126004,12/4/2016,1.728,16
BM-11575,Brendan Murry,CA-2016-160304,1/2/2016,231.98,1
BM-11575,Brendan Murry,US-2017-129203,4/17/2017,195.136,2
BM-11575,Brendan Murry,CA-2016-160304,1/2/2016,173.94,3
BM-11575,Brendan Murry,CA-2015-105102,9/15/2015,79.872,4
BM-11575,Brendan Murry,CA-2015-105102,9/15/2015,46.384,5
BM-11575,Brendan Murry,CA-2016-142615,11/20/2016,27.88,6
BM-11575,Brendan Murry,CA-2017-155642,5/18/2017,22.608,7
BM-11575,Brendan Murry,CA-2017-165155,9/21/2017,15.51,8
BM-11575,Brendan Murry,CA-2015-105102,9/15/2015,12.96,9
BM-11575,Brendan Murry,CA-2017-155642,5/18/2017,1.892,10
BM-11650,Brian Moss,CA-2017-152912,11/9/2017,1633.14,1
BM-11650,Brian Moss,CA-2017-149048,5/13/2017,914.97,2
BM-11650,Brian Moss,CA-2017-152912,11/9/2017,826.62,3
BM-11650,Brian Moss,CA-2015-124107,10/9/2015,619.95,4
BM-11650,Brian Moss,CA-2017-149048,5/13/2017,587.97,5
BM-11650,Brian Moss,CA-2017-152912,11/9/2017,544.38,6
BM-11650,Brian Moss,CA-2017-149048,5/13/2017,530.34,7
BM-11650,Brian Moss,US-2014-134733,9/23/2014,435.999,8
BM-11650,Brian Moss,CA-2017-167101,3/24/2017,221.92,9
BM-11650,Brian Moss,CA-2015-100454,11/20/2015,186.048,10
BM-11650,Brian Moss,CA-2017-149048,5/13/2017,180.96,11
BM-11650,Brian Moss,CA-2017-102519,11/27/2017,143.73,12
BM-11650,Brian Moss,US-2014-134733,9/23/2014,83.984,13
BM-11650,Brian Moss,CA-2015-100454,11/20/2015,60.45,14
BM-11650,Brian Moss,CA-2015-124107,10/9/2015,57.96,15
BM-11650,Brian Moss,CA-2017-102519,11/27/2017,46.94,16
BM-11650,Brian Moss,CA-2014-125514,9/21/2014,36.27,17
BM-11650,Brian Moss,CA-2015-124107,10/9/2015,29.403,18
BM-11650,Brian Moss,CA-2015-124107,10/9/2015,29.16,19
BM-11650,Brian Moss,CA-2017-167101,3/24/2017,26.0,20
BM-11650,Brian Moss,CA-2014-125514,9/21/2014,25.96,21
BM-11650,Brian Moss,CA-2017-149048,5/13/2017,14.94,22
BM-11650,Brian Moss,CA-2014-165379,7/9/2014,14.352,23
BM-11650,Brian Moss,CA-2015-100454,11/20/2015,11.52,24
BM-11650,Brian Moss,CA-2014-165379,7/9/2014,10.368,25
BM-11650,Brian Moss,CA-2017-152912,11/9/2017,9.64,26
BM-11650,Brian Moss,CA-2014-125514,9/21/2014,6.48,27
BM-11650,Brian Moss,CA-2016-163202,9/27/2016,2.907,28
BM-11650,Brian Moss,CA-2017-121678,11/16/2017,1.824,29
BM-11785,Bryan Mills,CA-2014-106971,9/2/2014,475.944,1
BM-11785,Bryan Mills,CA-2016-101966,7/14/2016,419.944,2
BM-11785,Bryan Mills,CA-2014-116568,12/14/2014,186.304,3
BM-11785,Bryan Mills,US-2015-157014,10/3/2015,47.984,4
BM-11785,Bryan Mills,US-2015-157014,10/3/2015,35.49,5
BM-11785,Bryan Mills,US-2015-157014,10/3/2015,32.07,6
BM-11785,Bryan Mills,CA-2015-165813,3/20/2015,29.304,7
BM-11785,Bryan Mills,CA-2016-105473,4/16/2016,28.8,8
BM-11785,Bryan Mills,US-2015-157014,10/3/2015,24.0,9
BM-11785,Bryan Mills,CA-2017-152968,5/26/2017,23.08,10
BM-11785,Bryan Mills,CA-2016-117660,12/30/2016,13.712,11
BM-11785,Bryan Mills,CA-2014-133270,6/6/2014,13.36,12
BM-11785,Bryan Mills,CA-2016-117660,12/30/2016,5.904,13
BM-11785,Bryan Mills,CA-2015-160787,9/25/2015,2.946,14
BN-11470,Brad Norvell,CA-2014-138527,9/12/2014,166.84,1
BN-11470,Brad Norvell,CA-2017-114370,3/14/2017,49.616,2
BN-11470,Brad Norvell,CA-2014-138527,9/12/2014,15.216,3
BN-11470,Brad Norvell,CA-2015-106215,4/16/2015,12.576,4
BN-11470,Brad Norvell,US-2017-149006,12/6/2017,10.68,5
BN-11470,Brad Norvell,CA-2014-138527,9/12/2014,10.368,6
BN-11515,Bradley Nguyen,CA-2016-169943,5/19/2016,454.9,1
BN-11515,Bradley Nguyen,CA-2016-169943,5/19/2016,242.9,2
BN-11515,Bradley Nguyen,CA-2014-103940,9/17/2014,137.24,3
BN-11515,Bradley Nguyen,CA-2017-131625,9/1/2017,114.9,4
BN-11515,Bradley Nguyen,CA-2014-118339,3/17/2014,93.78,5
BN-11515,Bradley Nguyen,CA-2014-103940,9/17/2014,57.93,6
BN-11515,Bradley Nguyen,CA-2014-118339,3/17/2014,53.4,7
BN-11515,Bradley Nguyen,CA-2016-169943,5/19/2016,47.744,8
BN-11515,Bradley Nguyen,CA-2014-118339,3/17/2014,47.18,9
BN-11515,Bradley Nguyen,CA-2016-169943,5/19/2016,39.76,10
BN-11515,Bradley Nguyen,CA-2016-169943,5/19/2016,35.92,11
BN-11515,Bradley Nguyen,CA-2014-118339,3/17/2014,35.88,12
BN-11515,Bradley Nguyen,CA-2014-103940,9/17/2014,35.34,13
BN-11515,Bradley Nguyen,CA-2014-103940,9/17/2014,30.28,14
BN-11515,Bradley Nguyen,CA-2014-118339,3/17/2014,19.68,15
BN-11515,Bradley Nguyen,CA-2017-163405,12/21/2017,6.63,16
BN-11515,Bradley Nguyen,CA-2017-163405,12/21/2017,5.88,17
BO-11350,Bill Overfelt,CA-2016-105207,1/3/2016,1592.85,1
BO-11350,Bill Overfelt,CA-2017-132199,5/3/2017,373.47,2
BO-11350,Bill Overfelt,CA-2017-128076,2/2/2017,239.984,3
BO-11350,Bill Overfelt,CA-2017-128076,2/2/2017,210.58,4
BO-11350,Bill Overfelt,CA-2017-132199,5/3/2017,64.2,5
BO-11350,Bill Overfelt,CA-2017-144883,8/15/2017,50.4,6
BO-11350,Bill Overfelt,CA-2016-137204,4/28/2016,41.568,7
BO-11350,Bill Overfelt,CA-2017-132199,5/3/2017,32.448,8
BO-11350,Bill Overfelt,CA-2017-128076,2/2/2017,30.96,9
BO-11350,Bill Overfelt,CA-2017-132199,5/3/2017,26.388,10
BO-11350,Bill Overfelt,CA-2016-105207,1/3/2016,11.88,11
BO-11350,Bill Overfelt,CA-2017-132199,5/3/2017,8.0,12
BO-11425,Bobby Odegard,CA-2017-158386,10/16/2017,124.75,1
BO-11425,Bobby Odegard,CA-2015-136658,9/10/2015,6.08,2
BP-11050,Barry Pond,CA-2016-160535,11/25/2016,563.4,1
BP-11050,Barry Pond,CA-2016-160535,11/25/2016,319.92,2
BP-11050,Barry Pond,CA-2017-151596,10/8/2017,42.76,3
BP-11050,Barry Pond,US-2014-154655,10/12/2014,22.24,4
BP-11050,Barry Pond,CA-2017-143084,3/18/2017,19.4,5
BP-11050,Barry Pond,CA-2017-143084,3/18/2017,13.9,6
BP-11050,Barry Pond,CA-2016-108364,12/19/2016,1.8,7
BP-11095,Bart Pistole,CA-2014-162992,12/19/2014,583.8,1
BP-11095,Bart Pistole,CA-2017-160325,9/24/2017,437.85,2
BP-11095,Bart Pistole,CA-2017-160325,9/24/2017,391.98,3
BP-11095,Bart Pistole,CA-2017-135377,12/13/2017,287.976,4
BP-11095,Bart Pistole,CA-2014-162992,12/19/2014,211.168,5
BP-11095,Bart Pistole,CA-2015-148180,7/26/2015,99.2,6
BP-11095,Bart Pistole,CA-2017-137365,11/30/2017,95.976,7
BP-11095,Bart Pistole,CA-2014-137911,10/9/2014,88.768,8
BP-11095,Bart Pistole,CA-2016-156811,10/27/2016,43.92,9
BP-11095,Bart Pistole,CA-2015-138219,3/23/2015,33.36,10
BP-11095,Bart Pistole,CA-2014-146990,11/7/2014,30.18,11
BP-11095,Bart Pistole,CA-2016-156811,10/27/2016,25.032,12
BP-11095,Bart Pistole,CA-2015-148180,7/26/2015,23.136,13
BP-11095,Bart Pistole,CA-2014-162992,12/19/2014,22.55,14
BP-11095,Bart Pistole,CA-2017-161851,4/15/2017,15.57,15
BP-11095,Bart Pistole,CA-2014-162992,12/19/2014,14.62,16
BP-11095,Bart Pistole,US-2014-134971,6/7/2014,12.462,17
BP-11095,Bart Pistole,CA-2017-105445,2/20/2017,9.432,18
BP-11095,Bart Pistole,CA-2015-148180,7/26/2015,9.144,19
BP-11095,Bart Pistole,CA-2014-146990,11/7/2014,5.92,20
BP-11155,Becky Pak,CA-2015-158491,6/4/2015,989.97,1
BP-11155,Becky Pak,CA-2016-154767,6/28/2016,275.24,2
BP-11155,Becky Pak,CA-2016-154767,6/28/2016,121.96,3
BP-11155,Becky Pak,CA-2015-158491,6/4/2015,119.98,4
BP-11155,Becky Pak,CA-2016-154767,6/28/2016,61.96,5
BP-11155,Becky Pak,CA-2017-147564,10/2/2017,49.12,6
BP-11155,Becky Pak,CA-2017-156139,12/31/2016,38.376,7
BP-11155,Becky Pak,CA-2017-128629,7/10/2017,18.84,8
BP-11155,Becky Pak,CA-2016-154767,6/28/2016,8.74,9
BP-11155,Becky Pak,CA-2016-154767,6/28/2016,7.96,10
BP-11155,Becky Pak,US-2017-154851,3/30/2017,5.715,11
BP-11185,Ben Peterman,CA-2017-130036,8/27/2017,1119.888,1
BP-11185,Ben Peterman,CA-2015-166219,8/28/2015,1099.96,2
BP-11185,Ben Peterman,CA-2016-142902,9/12/2016,466.768,3
BP-11185,Ben Peterman,US-2017-140907,12/10/2017,324.9,4
BP-11185,Ben Peterman,CA-2016-115574,12/23/2016,141.372,5
BP-11185,Ben Peterman,CA-2016-158211,1/4/2016,104.58,6
BP-11185,Ben Peterman,CA-2015-166219,8/28/2015,103.481,7
BP-11185,Ben Peterman,CA-2017-146626,12/29/2017,101.12,8
BP-11185,Ben Peterman,CA-2017-167150,12/10/2017,65.568,9
BP-11185,Ben Peterman,US-2017-140907,12/10/2017,49.08,10
BP-11185,Ben Peterman,CA-2017-167150,12/10/2017,19.936,11
BP-11185,Ben Peterman,US-2017-140907,12/10/2017,18.24,12
BP-11185,Ben Peterman,CA-2016-142902,9/12/2016,15.232,13
BP-11185,Ben Peterman,CA-2016-142902,9/12/2016,15.136,14
BP-11185,Ben Peterman,CA-2017-130036,8/27/2017,12.672,15
BP-11185,Ben Peterman,US-2015-112508,3/24/2015,6.992,16
BP-11185,Ben Peterman,CA-2016-142902,9/12/2016,6.264,17
BP-11185,Ben Peterman,CA-2016-158211,1/4/2016,4.672,18
BP-11230,Benjamin Patterson,CA-2015-135174,4/30/2015,1022.97,1
BP-11230,Benjamin Patterson,CA-2017-142888,11/21/2017,70.98,2
BP-11230,Benjamin Patterson,CA-2014-101462,4/20/2014,59.92,3
BP-11230,Benjamin Patterson,US-2016-116442,12/15/2016,14.76,4
BP-11230,Benjamin Patterson,CA-2016-141551,9/24/2016,6.48,5
BP-11230,Benjamin Patterson,CA-2016-141551,9/24/2016,6.38,6
BP-11290,Beth Paige,CA-2016-142398,4/12/2016,638.288,1
BP-11290,Beth Paige,CA-2017-137505,11/24/2017,364.08,2
BP-11290,Beth Paige,CA-2016-142895,7/21/2016,363.92,3
BP-11290,Beth Paige,CA-2017-154760,1/9/2017,274.491,4
BP-11290,Beth Paige,CA-2014-153976,10/3/2014,258.279,5
BP-11290,Beth Paige,CA-2016-150483,5/31/2016,191.079,6
BP-11290,Beth Paige,CA-2017-156664,12/18/2017,130.112,7
BP-11290,Beth Paige,CA-2017-156664,12/18/2017,91.36,8
BP-11290,Beth Paige,CA-2017-137505,11/24/2017,71.088,9
BP-11290,Beth Paige,CA-2016-150483,5/31/2016,32.064,10
BP-11290,Beth Paige,CA-2016-150483,5/31/2016,18.496,11
BP-11290,Beth Paige,CA-2016-142398,4/12/2016,13.208,12
BP-11290,Beth Paige,CA-2016-150483,5/31/2016,10.368,13
BP-11290,Beth Paige,CA-2017-156664,12/18/2017,7.236,14
BP-11290,Beth Paige,CA-2016-142895,7/21/2016,6.264,15
BP-11290,Beth Paige,CA-2017-156664,12/18/2017,4.824,16
BS-11365,Bill Shonely,US-2016-107440,4/16/2016,9099.93,1
BS-11365,Bill Shonely,CA-2014-168130,9/19/2014,887.103,2
BS-11365,Bill Shonely,US-2014-143581,8/19/2014,344.91,3
BS-11365,Bill Shonely,CA-2016-149965,6/20/2016,57.69,4
BS-11365,Bill Shonely,US-2014-148194,5/4/2014,57.68,5
BS-11365,Bill Shonely,US-2016-107440,4/16/2016,25.3,6
BS-11365,Bill Shonely,US-2014-148194,5/4/2014,12.18,7
BS-11365,Bill Shonely,US-2016-107440,4/16/2016,9.96,8
BS-11365,Bill Shonely,CA-2016-149965,6/20/2016,6.9,9
BS-11380,Bill Stewart,US-2017-112347,12/2/2017,906.68,1
BS-11380,Bill Stewart,CA-2017-160633,11/16/2017,899.982,2
BS-11380,Bill Stewart,CA-2015-142475,12/3/2015,590.352,3
BS-11380,Bill Stewart,US-2017-112347,12/2/2017,508.704,4
BS-11380,Bill Stewart,CA-2017-116288,3/12/2017,242.94,5
BS-11380,Bill Stewart,US-2017-112347,12/2/2017,242.352,6
BS-11380,Bill Stewart,CA-2017-160633,11/16/2017,139.96,7
BS-11380,Bill Stewart,US-2017-112347,12/2/2017,114.288,8
BS-11380,Bill Stewart,CA-2017-160633,11/16/2017,86.352,9
BS-11380,Bill Stewart,US-2017-112347,12/2/2017,57.36,10
BS-11380,Bill Stewart,US-2017-112347,12/2/2017,49.616,11
BS-11380,Bill Stewart,US-2017-112347,12/2/2017,36.624,12
BS-11380,Bill Stewart,US-2014-134712,11/29/2014,12.624,13
BS-11590,Brendan Sweed,CA-2014-106376,12/5/2014,1113.024,1
BS-11590,Brendan Sweed,US-2017-109610,11/25/2017,701.96,2
BS-11590,Brendan Sweed,US-2015-109015,9/6/2015,337.98,3
BS-11590,Brendan Sweed,CA-2014-106376,12/5/2014,167.968,4
BS-11590,Brendan Sweed,CA-2014-149524,1/14/2014,61.96,5
BS-11590,Brendan Sweed,CA-2016-105900,9/17/2016,33.4,6
BS-11590,Brendan Sweed,CA-2014-107398,8/25/2014,20.856,7
BS-11590,Brendan Sweed,US-2015-109015,9/6/2015,8.39,8
BS-11590,Brendan Sweed,CA-2014-107398,8/25/2014,6.528,9
BS-11590,Brendan Sweed,CA-2014-107398,8/25/2014,2.862,10
BS-11665,Brian Stugart,CA-2016-101791,5/27/2016,1297.368,1
BS-11665,Brian Stugart,CA-2015-126725,11/17/2015,777.21,2
BS-11665,Brian Stugart,CA-2015-126725,11/17/2015,415.968,3
BS-11665,Brian Stugart,CA-2015-126725,11/17/2015,304.9,4
BS-11665,Brian Stugart,CA-2015-126725,11/17/2015,225.568,5
BS-11665,Brian Stugart,CA-2014-126032,6/23/2014,86.376,6
BS-11665,Brian Stugart,CA-2015-126725,11/17/2015,80.96,7
BS-11665,Brian Stugart,CA-2015-126725,11/17/2015,36.6,8
BS-11665,Brian Stugart,CA-2015-126725,11/17/2015,32.4,9
BS-11665,Brian Stugart,CA-2016-101791,5/27/2016,25.176,10
BS-11665,Brian Stugart,CA-2016-101791,5/27/2016,5.584,11
BS-11755,Bruce Stewart,CA-2014-103373,5/18/2014,779.796,1
BS-11755,Bruce Stewart,CA-2016-156748,11/30/2016,496.86,2
BS-11755,Bruce Stewart,CA-2016-156748,11/30/2016,389.97,3
BS-11755,Bruce Stewart,CA-2014-133690,8/3/2014,218.75,4
BS-11755,Bruce Stewart,CA-2017-135069,4/10/2017,195.104,5
BS-11755,Bruce Stewart,CA-2017-123778,9/23/2017,160.96,6
BS-11755,Bruce Stewart,CA-2015-126137,10/3/2015,120.666,7
BS-11755,Bruce Stewart,CA-2017-130631,12/29/2017,68.46,8
BS-11755,Bruce Stewart,CA-2017-135069,4/10/2017,36.672,9
BS-11755,Bruce Stewart,CA-2016-156748,11/30/2016,33.36,10
BS-11755,Bruce Stewart,CA-2017-123778,9/23/2017,25.824,11
BS-11755,Bruce Stewart,CA-2017-130631,12/29/2017,19.6,12
BS-11755,Bruce Stewart,CA-2016-156748,11/30/2016,13.76,13
BS-11755,Bruce Stewart,CA-2014-133690,8/3/2014,2.6,14
BS-11800,Bryan Spruell,CA-2017-135279,4/9/2017,501.81,1
BS-11800,Bryan Spruell,CA-2017-135279,4/9/2017,191.6,2
BS-11800,Bryan Spruell,CA-2015-122371,9/26/2015,124.46,3
BS-11800,Bryan Spruell,CA-2015-122371,9/26/2015,64.17,4
BS-11800,Bryan Spruell,CA-2017-135279,4/9/2017,35.97,5
BS-11800,Bryan Spruell,CA-2017-135279,4/9/2017,12.96,6
BS-11800,Bryan Spruell,CA-2017-135279,4/9/2017,9.82,7
BS-11800,Bryan Spruell,CA-2017-135279,4/9/2017,8.64,8
BT-11305,Beth Thompson,CA-2014-166954,4/25/2014,1487.04,1
BT-11305,Beth Thompson,CA-2014-166954,4/25/2014,303.25,2
BT-11305,Beth Thompson,CA-2014-166954,4/25/2014,270.72,3
BT-11305,Beth Thompson,CA-2017-115994,1/28/2017,239.97,4
BT-11305,Beth Thompson,CA-2015-138002,9/6/2015,191.82,5
BT-11305,Beth Thompson,CA-2017-115994,1/28/2017,37.74,6
BT-11305,Beth Thompson,CA-2015-153612,12/22/2015,17.12,7
BT-11305,Beth Thompson,CA-2015-103723,12/1/2015,13.9,8
BT-11305,Beth Thompson,CA-2015-138002,9/6/2015,6.096,9
BT-11395,Bill Tyler,CA-2015-110016,11/29/2015,1106.91,1
BT-11395,Bill Tyler,CA-2017-117513,3/3/2017,399.672,2
BT-11395,Bill Tyler,US-2015-120502,4/13/2015,258.576,3
BT-11395,Bill Tyler,CA-2014-107769,10/28/2014,257.98,4
BT-11395,Bill Tyler,US-2015-120502,4/13/2015,75.84,5
BT-11395,Bill Tyler,US-2015-120502,4/13/2015,37.68,6
BT-11395,Bill Tyler,CA-2015-110016,11/29/2015,19.92,7
BT-11395,Bill Tyler,CA-2015-111325,2/27/2015,16.032,8
BT-11395,Bill Tyler,CA-2016-126935,5/19/2016,9.584,9
BT-11395,Bill Tyler,CA-2015-111325,2/27/2015,4.419,10
BT-11440,Bobby Trafton,CA-2014-151946,6/4/2014,353.568,1
BT-11440,Bobby Trafton,US-2016-163461,6/18/2016,76.864,2
BT-11440,Bobby Trafton,CA-2016-106383,3/19/2016,72.294,3
BT-11440,Bobby Trafton,CA-2014-151946,6/4/2014,56.96,4
BT-11440,Bobby Trafton,CA-2014-151946,6/4/2014,15.56,5
BT-11440,Bobby Trafton,CA-2014-139283,11/23/2014,14.67,6
BT-11440,Bobby Trafton,CA-2014-151946,6/4/2014,13.96,7
BT-11485,Brad Thomas,CA-2015-165085,12/27/2015,355.96,1
BT-11485,Brad Thomas,CA-2016-122511,3/11/2016,30.336,2
BT-11485,Brad Thomas,CA-2015-165085,12/27/2015,28.9,3
BT-11530,Bradley Talbott,CA-2017-117212,2/26/2017,892.224,1
BT-11530,Bradley Talbott,CA-2017-117212,2/26/2017,889.536,2
BT-11530,Bradley Talbott,CA-2017-117212,2/26/2017,223.92,3
BT-11530,Bradley Talbott,CA-2014-146864,12/22/2014,216.4,4
BT-11530,Bradley Talbott,CA-2017-123029,9/30/2017,159.98,5
BT-11530,Bradley Talbott,CA-2016-148208,1/22/2016,110.376,6
BT-11530,Bradley Talbott,CA-2017-117212,2/26/2017,81.92,7
BT-11530,Bradley Talbott,CA-2016-148208,1/22/2016,55.176,8
BT-11530,Bradley Talbott,CA-2014-104780,5/21/2014,31.84,9
BT-11530,Bradley Talbott,CA-2017-117212,2/26/2017,23.12,10
BT-11680,Brian Thompson,CA-2014-121629,11/28/2014,998.85,1
BT-11680,Brian Thompson,CA-2016-123358,4/10/2016,579.51,2
BT-11680,Brian Thompson,CA-2015-132626,7/9/2015,464.97,3
BT-11680,Brian Thompson,CA-2015-132626,7/9/2015,181.96,4
BT-11680,Brian Thompson,CA-2015-132626,7/9/2015,153.36,5
BT-11680,Brian Thompson,CA-2016-123358,4/10/2016,150.66,6
BT-11680,Brian Thompson,CA-2016-123358,4/10/2016,113.76,7
BT-11680,Brian Thompson,CA-2015-132626,7/9/2015,98.21,8
BT-11680,Brian Thompson,CA-2015-132626,7/9/2015,84.09,9
BT-11680,Brian Thompson,CA-2015-132626,7/9/2015,79.36,10
BT-11680,Brian Thompson,US-2017-161193,11/20/2017,77.6,11
BT-11680,Brian Thompson,CA-2016-146423,4/21/2016,51.84,12
BT-11680,Brian Thompson,CA-2016-123358,4/10/2016,48.032,13
BT-11680,Brian Thompson,CA-2015-132626,7/9/2015,43.68,14
BT-11680,Brian Thompson,CA-2017-158967,12/10/2017,19.104,15
BT-11680,Brian Thompson,CA-2015-132626,7/9/2015,15.8,16
BT-11680,Brian Thompson,CA-2016-146423,4/21/2016,15.48,17
BT-11680,Brian Thompson,CA-2015-132626,7/9/2015,12.39,18
BT-11680,Brian Thompson,US-2017-161193,11/20/2017,4.656,19
BT-11680,Brian Thompson,CA-2015-125710,10/8/2015,3.44,20
BV-11245,Benjamin Venier,CA-2015-156734,6/18/2015,643.136,1
BV-11245,Benjamin Venier,US-2016-168410,2/21/2016,296.37,2
BV-11245,Benjamin Venier,CA-2017-104220,1/30/2017,207.0,3
BV-11245,Benjamin Venier,CA-2015-103793,3/26/2015,74.352,4
BV-11245,Benjamin Venier,US-2016-168410,2/21/2016,68.95,5
BV-11245,Benjamin Venier,CA-2017-104220,1/30/2017,40.3,6
BV-11245,Benjamin Venier,US-2016-168410,2/21/2016,39.98,7
BV-11245,Benjamin Venier,CA-2017-104220,1/30/2017,34.58,8
BV-11245,Benjamin Venier,CA-2016-123526,12/24/2016,33.4,9
BV-11245,Benjamin Venier,CA-2017-104220,1/30/2017,32.35,10
BV-11245,Benjamin Venier,CA-2015-156734,6/18/2015,20.736,11
BV-11245,Benjamin Venier,CA-2017-104220,1/30/2017,18.28,12
BV-11245,Benjamin Venier,CA-2017-104220,1/30/2017,7.71,13
BV-11245,Benjamin Venier,CA-2015-156734,6/18/2015,6.129,14
BW-11065,Barry Weirich,CA-2017-157413,6/1/2017,324.744,1
BW-11065,Barry Weirich,CA-2015-119634,8/11/2015,46.152,2
BW-11065,Barry Weirich,CA-2014-100391,5/25/2014,14.62,3
BW-11110,Bart Watters,CA-2017-159366,1/7/2017,3059.982,1
BW-11110,Bart Watters,CA-2017-154074,8/31/2017,569.568,2
BW-11110,Bart Watters,CA-2015-137302,4/26/2015,311.976,3
BW-11110,Bart Watters,CA-2017-154074,8/31/2017,149.73,4
BW-11110,Bart Watters,CA-2016-101161,10/13/2016,99.87,5
BW-11110,Bart Watters,CA-2016-101161,10/13/2016,82.26,6
BW-11110,Bart Watters,CA-2015-137302,4/26/2015,63.936,7
BW-11110,Bart Watters,CA-2016-127194,12/10/2016,62.82,8
BW-11110,Bart Watters,CA-2015-137302,4/26/2015,59.52,9
BW-11110,Bart Watters,CA-2015-106565,3/20/2015,51.84,10
BW-11110,Bart Watters,US-2016-126844,10/8/2016,51.712,11
BW-11110,Bart Watters,CA-2015-137302,4/26/2015,50.352,12
BW-11110,Bart Watters,CA-2016-101161,10/13/2016,37.94,13
BW-11110,Bart Watters,CA-2016-101161,10/13/2016,34.7,14
BW-11110,Bart Watters,CA-2017-151855,5/27/2017,27.192,15
BW-11110,Bart Watters,CA-2016-101161,10/13/2016,24.9,16
BW-11110,Bart Watters,CA-2017-151855,5/27/2017,12.06,17
BW-11200,Ben Wallace,CA-2014-109897,8/12/2014,806.336,1
BW-11200,Ben Wallace,CA-2016-116596,10/27/2016,427.644,2
BW-11200,Ben Wallace,CA-2016-120873,10/27/2016,290.98,3
BW-11200,Ben Wallace,CA-2014-109897,8/12/2014,85.44,4
BW-11200,Ben Wallace,CA-2016-116596,10/27/2016,40.67,5
BW-11200,Ben Wallace,CA-2016-116596,10/27/2016,33.48,6
BW-11200,Ben Wallace,CA-2017-143343,6/10/2017,16.4,7
BW-11200,Ben Wallace,US-2014-167633,9/30/2014,15.552,8
BW-11200,Ben Wallace,US-2017-106579,6/8/2017,12.176,9
BW-11200,Ben Wallace,CA-2016-116596,10/27/2016,9.728,10
CA-11965,Carol Adams,CA-2016-157791,12/23/2016,1999.96,1
CA-11965,Carol Adams,CA-2015-161452,4/5/2015,892.224,2
CA-11965,Carol Adams,CA-2015-105690,11/21/2015,439.992,3
CA-11965,Carol Adams,CA-2015-105690,11/21/2015,246.1328,4
CA-11965,Carol Adams,CA-2014-167997,1/26/2014,141.96,5
CA-11965,Carol Adams,CA-2017-122112,9/25/2017,24.448,6
CA-11965,Carol Adams,CA-2017-134649,1/26/2017,15.47,7
CA-11965,Carol Adams,CA-2015-105690,11/21/2015,11.696,8
CA-11965,Carol Adams,CA-2014-167997,1/26/2014,10.68,9
CA-11965,Carol Adams,CA-2017-134649,1/26/2017,7.16,10
CA-12055,Cathy Armstrong,CA-2016-107328,8/8/2016,513.024,1
CA-12055,Cathy Armstrong,CA-2016-107328,8/8/2016,487.92,2
CA-12055,Cathy Armstrong,CA-2016-168081,4/24/2016,258.696,3
CA-12055,Cathy Armstrong,CA-2016-125661,11/24/2016,139.96,4
CA-12055,Cathy Armstrong,US-2016-164945,11/22/2016,134.272,5
CA-12055,Cathy Armstrong,CA-2015-162621,9/5/2015,69.12,6
CA-12055,Cathy Armstrong,CA-2016-125661,11/24/2016,40.752,7
CA-12055,Cathy Armstrong,CA-2015-162621,9/5/2015,16.27,8
CA-12055,Cathy Armstrong,CA-2016-107328,8/8/2016,15.24,9
CA-12055,Cathy Armstrong,CA-2015-162621,9/5/2015,4.47,10
CA-12265,Christina Anderson,CA-2015-120362,9/14/2015,912.75,1
CA-12265,Christina Anderson,CA-2017-140053,7/3/2017,545.85,2
CA-12265,Christina Anderson,CA-2017-122196,9/22/2017,391.98,3
CA-12265,Christina Anderson,CA-2017-106432,10/19/2017,328.3992,4
CA-12265,Christina Anderson,CA-2017-102610,11/4/2017,143.928,5
CA-12265,Christina Anderson,CA-2016-106894,2/7/2016,100.0,6
CA-12265,Christina Anderson,CA-2017-102610,11/4/2017,95.976,7
CA-12265,Christina Anderson,CA-2014-128237,3/25/2014,45.48,8
CA-12265,Christina Anderson,CA-2014-128237,3/25/2014,25.44,9
CA-12265,Christina Anderson,CA-2014-128237,3/25/2014,14.88,10
CA-12265,Christina Anderson,CA-2017-169607,10/12/2017,9.96,11
CA-12265,Christina Anderson,US-2014-111171,12/26/2014,8.69,12
CA-12265,Christina Anderson,CA-2016-106894,2/7/2016,7.83,13
CA-12265,Christina Anderson,CA-2014-128237,3/25/2014,6.56,14
CA-12265,Christina Anderson,CA-2017-102610,11/4/2017,4.928,15
CA-12265,Christina Anderson,CA-2017-102610,11/4/2017,3.564,16
CA-12265,Christina Anderson,CA-2017-106432,10/19/2017,2.072,17
CA-12310,Christine Abelman,CA-2017-120936,12/17/2017,481.32,1
CA-12310,Christine Abelman,US-2014-150434,7/19/2014,359.98,2
CA-12310,Christine Abelman,US-2016-116365,1/3/2016,180.96,3
CA-12310,Christine Abelman,US-2016-116365,1/3/2016,165.6,4
CA-12310,Christine Abelman,US-2014-150434,7/19/2014,70.56,5
CA-12310,Christine Abelman,US-2017-145366,12/9/2017,57.576,6
CA-12310,Christine Abelman,US-2017-145366,12/9/2017,37.208,7
CA-12310,Christine Abelman,US-2016-116365,1/3/2016,30.08,8
CA-12310,Christine Abelman,US-2014-150434,7/19/2014,20.88,9
CA-12310,Christine Abelman,CA-2017-120936,12/17/2017,13.98,10
CA-12310,Christine Abelman,US-2014-150434,7/19/2014,3.81,11
CA-12775,Cynthia Arntzen,CA-2014-140858,6/28/2014,1228.465,1
CA-12775,Cynthia Arntzen,CA-2017-145653,9/1/2017,498.26,2
CA-12775,Cynthia Arntzen,US-2015-140200,7/26/2015,393.165,3
CA-12775,Cynthia Arntzen,CA-2014-140858,6/28/2014,335.52,4
CA-12775,Cynthia Arntzen,CA-2015-135853,12/11/2015,175.23,5
CA-12775,Cynthia Arntzen,CA-2015-135853,12/11/2015,125.99,6
CA-12775,Cynthia Arntzen,CA-2017-122175,5/12/2017,87.4,7
CA-12775,Cynthia Arntzen,CA-2017-122175,5/12/2017,42.85,8
CA-12775,Cynthia Arntzen,CA-2014-140858,6/28/2014,41.472,9
CA-12775,Cynthia Arntzen,CA-2014-140858,6/28/2014,31.086,10
CA-12775,Cynthia Arntzen,CA-2015-135853,12/11/2015,23.0,11
CA-12775,Cynthia Arntzen,CA-2017-122175,5/12/2017,17.0,12
CA-12775,Cynthia Arntzen,CA-2014-145576,9/14/2014,13.128,13
CA-12775,Cynthia Arntzen,CA-2014-145576,9/14/2014,13.0,14
CA-12775,Cynthia Arntzen,US-2016-132857,12/11/2016,6.672,15
CA-12775,Cynthia Arntzen,CA-2017-122175,5/12/2017,6.16,16
CA-12775,Cynthia Arntzen,CA-2014-140858,6/28/2014,3.168,17
CB-12025,Cassandra Brandow,CA-2015-146563,8/24/2015,999.432,1
CB-12025,Cassandra Brandow,CA-2015-146563,8/24/2015,918.785,2
CB-12025,Cassandra Brandow,CA-2015-121188,8/28/2015,892.35,3
CB-12025,Cassandra Brandow,CA-2015-121188,8/28/2015,728.82,4
CB-12025,Cassandra Brandow,CA-2015-146563,8/24/2015,724.08,5
CB-12025,Cassandra Brandow,CA-2017-144484,9/11/2017,406.6,6
CB-12025,Cassandra Brandow,CA-2015-121188,8/28/2015,307.666,7
CB-12025,Cassandra Brandow,CA-2017-131282,2/5/2017,243.992,8
CB-12025,Cassandra Brandow,US-2017-102904,11/13/2017,239.92,9
CB-12025,Cassandra Brandow,CA-2016-117583,11/27/2016,204.95,10
CB-12025,Cassandra Brandow,CA-2016-117583,11/27/2016,79.95,11
CB-12025,Cassandra Brandow,US-2017-152898,9/11/2017,67.9,12
CB-12025,Cassandra Brandow,CA-2015-121188,8/28/2015,43.176,13
CB-12025,Cassandra Brandow,CA-2015-121188,8/28/2015,41.36,14
CB-12025,Cassandra Brandow,CA-2016-117583,11/27/2016,34.65,15
CB-12025,Cassandra Brandow,CA-2017-144484,9/11/2017,32.36,16
CB-12025,Cassandra Brandow,CA-2017-100160,9/7/2017,29.24,17
CB-12025,Cassandra Brandow,CA-2016-117583,11/27/2016,25.92,18
CB-12025,Cassandra Brandow,CA-2017-100160,9/7/2017,15.552,19
CB-12025,Cassandra Brandow,CA-2014-140004,3/21/2014,7.408,20
CB-12025,Cassandra Brandow,CA-2017-131282,2/5/2017,7.12,21
CB-12025,Cassandra Brandow,CA-2014-130869,11/17/2014,7.08,22
CB-12025,Cassandra Brandow,CA-2014-140004,3/21/2014,6.048,23
CB-12025,Cassandra Brandow,CA-2017-100160,9/7/2017,4.896,24
CB-12025,Cassandra Brandow,CA-2015-121188,8/28/2015,4.16,25
CB-12025,Cassandra Brandow,CA-2015-146563,8/24/2015,2.724,26
CB-12415,Christy Brittain,CA-2016-147417,7/25/2016,1439.976,1
CB-12415,Christy Brittain,US-2017-157896,11/16/2017,146.82,2
CB-12415,Christy Brittain,CA-2016-139941,6/12/2016,92.94,3
CB-12415,Christy Brittain,CA-2017-152660,12/4/2017,61.568,4
CB-12415,Christy Brittain,CA-2016-113656,1/23/2016,59.99,5
CB-12415,Christy Brittain,CA-2016-139941,6/12/2016,52.56,6
CB-12415,Christy Brittain,CA-2016-163398,5/3/2016,27.384,7
CB-12415,Christy Brittain,US-2015-136259,11/5/2015,27.2,8
CB-12415,Christy Brittain,CA-2016-163398,5/3/2016,26.406,9
CB-12415,Christy Brittain,US-2015-136259,11/5/2015,7.218,10
CB-12415,Christy Brittain,CA-2017-111374,2/24/2017,4.956,11
CB-12415,Christy Brittain,CA-2016-163398,5/3/2016,2.182,12
CB-12535,Claudia Bergmann,US-2016-165505,1/23/2016,1564.29,1
CB-12535,Claudia Bergmann,CA-2015-100146,5/14/2015,722.352,2
CB-12535,Claudia Bergmann,CA-2015-100146,5/14/2015,509.9575,3
CB-12535,Claudia Bergmann,CA-2017-161046,3/5/2017,299.97,4
CB-12535,Claudia Bergmann,CA-2017-161046,3/5/2017,262.24,5
CB-12535,Claudia Bergmann,CA-2017-161046,3/5/2017,234.36,6
CB-12535,Claudia Bergmann,CA-2015-111094,7/9/2015,122.94,7
CB-12535,Claudia Bergmann,CA-2015-100146,5/14/2015,122.91,8
CB-12535,Claudia Bergmann,US-2016-165505,1/23/2016,99.98,9
CB-12535,Claudia Bergmann,CA-2015-100146,5/14/2015,97.568,10
CB-12535,Claudia Bergmann,CA-2015-104514,1/2/2015,85.52,11
CB-12535,Claudia Bergmann,CA-2017-161046,3/5/2017,42.68,12
CB-12535,Claudia Bergmann,CA-2015-104514,1/2/2015,20.04,13
CB-12535,Claudia Bergmann,CA-2016-147585,11/7/2016,14.82,14
CB-12535,Claudia Bergmann,CA-2017-136826,6/16/2017,14.016,15
CB-12535,Claudia Bergmann,CA-2015-104514,1/2/2015,9.84,16
CB-12535,Claudia Bergmann,CA-2015-113971,5/8/2015,8.352,17
CB-12535,Claudia Bergmann,US-2016-165505,1/23/2016,8.04,18
CB-12535,Claudia Bergmann,CA-2015-111094,7/9/2015,6.58,19
CC-12100,Chad Cunningham,CA-2014-136399,12/16/2014,627.168,1
CC-12100,Chad Cunningham,CA-2014-136399,12/16/2014,395.0,2
CC-12100,Chad Cunningham,CA-2014-136399,12/16/2014,241.568,3
CC-12100,Chad Cunningham,CA-2015-108532,8/29/2015,131.98,4
CC-12100,Chad Cunningham,CA-2015-108532,8/29/2015,114.52,5
CC-12100,Chad Cunningham,CA-2015-104297,5/29/2015,85.056,6
CC-12100,Chad Cunningham,CA-2016-129308,7/7/2016,59.994,7
CC-12100,Chad Cunningham,CA-2014-136399,12/16/2014,44.46,8
CC-12100,Chad Cunningham,CA-2016-161781,9/29/2016,40.88,9
CC-12100,Chad Cunningham,CA-2016-129308,7/7/2016,10.08,10
CC-12100,Chad Cunningham,CA-2016-129308,7/7/2016,9.42,11
CC-12100,Chad Cunningham,CA-2016-129308,7/7/2016,5.715,12
CC-12100,Chad Cunningham,CA-2015-113040,8/27/2015,5.104,13
CC-12145,Charles Crestani,CA-2015-121797,1/30/2015,1919.976,1
CC-12145,Charles Crestani,CA-2015-121797,1/30/2015,227.36,2
CC-12145,Charles Crestani,CA-2014-141726,7/20/2014,104.85,3
CC-12145,Charles Crestani,CA-2015-132906,9/10/2015,51.52,4
CC-12145,Charles Crestani,CA-2015-122623,9/7/2015,47.516,5
CC-12145,Charles Crestani,CA-2014-141726,7/20/2014,43.02,6
CC-12145,Charles Crestani,CA-2017-146185,9/15/2017,31.744,7
CC-12145,Charles Crestani,CA-2014-141726,7/20/2014,19.92,8
CC-12145,Charles Crestani,CA-2016-130078,8/8/2016,10.56,9
CC-12145,Charles Crestani,CA-2014-141726,7/20/2014,8.704,10
CC-12145,Charles Crestani,CA-2016-148201,8/26/2016,6.48,11
CC-12220,Chris Cortes,CA-2016-145730,3/3/2016,637.896,1
CC-12220,Chris Cortes,CA-2014-166891,10/4/2014,589.41,2
CC-12220,Chris Cortes,CA-2017-161410,6/26/2017,545.916,3
CC-12220,Chris Cortes,CA-2017-152695,12/10/2017,426.79,4
CC-12220,Chris Cortes,CA-2017-161410,6/26/2017,358.2,5
CC-12220,Chris Cortes,CA-2016-145730,3/3/2016,287.91,6
CC-12220,Chris Cortes,CA-2017-119914,5/4/2017,243.16,7
CC-12220,Chris Cortes,US-2017-107888,11/16/2017,139.92,8
CC-12220,Chris Cortes,CA-2016-155474,7/8/2016,107.984,9
CC-12220,Chris Cortes,US-2017-107888,11/16/2017,107.88,10
CC-12220,Chris Cortes,CA-2016-131380,3/28/2016,87.92,11
CC-12220,Chris Cortes,US-2017-107888,11/16/2017,73.68,12
CC-12220,Chris Cortes,CA-2016-155992,10/1/2016,69.9,13
CC-12220,Chris Cortes,CA-2015-147879,5/7/2015,45.68,14
CC-12220,Chris Cortes,CA-2016-155992,10/1/2016,41.85,15
CC-12220,Chris Cortes,CA-2016-145730,3/3/2016,36.6,16
CC-12220,Chris Cortes,US-2017-107888,11/16/2017,33.29,17
CC-12220,Chris Cortes,CA-2014-161634,11/14/2014,32.4,18
CC-12220,Chris Cortes,CA-2016-155474,7/8/2016,19.296,19
CC-12220,Chris Cortes,CA-2014-103527,9/9/2014,10.896,20
CC-12220,Chris Cortes,CA-2017-152695,12/10/2017,10.86,21
CC-12220,Chris Cortes,CA-2016-131380,3/28/2016,5.98,22
CC-12370,Christopher Conant,CA-2016-143714,5/23/2016,8399.976,1
CC-12370,Christopher Conant,CA-2016-135265,7/7/2016,2799.96,2
CC-12370,Christopher Conant,CA-2016-135265,7/7/2016,287.968,3
CC-12370,Christopher Conant,CA-2016-154690,8/15/2016,225.296,4
CC-12370,Christopher Conant,US-2017-155866,11/17/2017,187.76,5
CC-12370,Christopher Conant,CA-2016-143714,5/23/2016,122.382,6
CC-12370,Christopher Conant,CA-2016-135265,7/7/2016,48.94,7
CC-12370,Christopher Conant,US-2017-155866,11/17/2017,38.88,8
CC-12370,Christopher Conant,CA-2016-143714,5/23/2016,10.368,9
CC-12370,Christopher Conant,CA-2016-143714,5/23/2016,6.294,10
CC-12370,Christopher Conant,CA-2017-106691,11/6/2017,1.248,11
CC-12430,Chuck Clark,CA-2017-166695,5/20/2017,518.272,1
CC-12430,Chuck Clark,CA-2016-116736,1/17/2016,371.97,2
CC-12430,Chuck Clark,CA-2017-143035,10/3/2017,371.97,3
CC-12430,Chuck Clark,CA-2017-166695,5/20/2017,343.2,4
CC-12430,Chuck Clark,CA-2016-116736,1/17/2016,322.59,5
CC-12430,Chuck Clark,CA-2015-150791,9/6/2015,271.764,6
CC-12430,Chuck Clark,CA-2016-118570,11/13/2016,217.056,7
CC-12430,Chuck Clark,CA-2017-126221,12/30/2017,209.3,8
CC-12430,Chuck Clark,CA-2017-143035,10/3/2017,83.92,9
CC-12430,Chuck Clark,CA-2016-163384,11/10/2016,32.4,10
CC-12430,Chuck Clark,CA-2016-116736,1/17/2016,29.99,11
CC-12430,Chuck Clark,CA-2017-125290,11/6/2017,26.38,12
CC-12430,Chuck Clark,CA-2017-125290,11/6/2017,13.9,13
CC-12430,Chuck Clark,CA-2016-163384,11/10/2016,13.216,14
CC-12430,Chuck Clark,US-2016-148957,9/17/2016,12.32,15
CC-12430,Chuck Clark,US-2016-114888,9/19/2016,11.952,16
CC-12430,Chuck Clark,CA-2017-166695,5/20/2017,6.98,17
CC-12430,Chuck Clark,CA-2017-143035,10/3/2017,6.63,18
CC-12430,Chuck Clark,US-2016-114888,9/19/2016,6.24,19
CC-12475,Cindy Chapman,CA-2016-158260,11/4/2016,686.4,1
CC-12475,Cindy Chapman,US-2017-160836,9/11/2017,512.19,2
CC-12475,Cindy Chapman,CA-2017-144225,9/30/2017,164.88,3
CC-12475,Cindy Chapman,CA-2017-158344,8/7/2017,63.96,4
CC-12475,Cindy Chapman,US-2014-163146,5/16/2014,56.4,5
CC-12475,Cindy Chapman,CA-2016-146836,5/2/2016,45.576,6
CC-12475,Cindy Chapman,CA-2016-146836,5/2/2016,44.94,7
CC-12475,Cindy Chapman,CA-2017-100811,11/21/2017,39.296,8
CC-12475,Cindy Chapman,US-2016-139388,11/7/2016,14.96,9
CC-12475,Cindy Chapman,CA-2016-155033,10/7/2016,10.56,10
CC-12475,Cindy Chapman,US-2017-160836,9/11/2017,10.272,11
CC-12475,Cindy Chapman,CA-2017-100811,11/21/2017,8.448,12
CC-12475,Cindy Chapman,US-2017-160836,9/11/2017,1.556,13
CC-12550,Clay Cheatham,CA-2017-169901,6/15/2017,47.976,1
CC-12550,Clay Cheatham,CA-2017-118542,12/1/2017,45.36,2
CC-12550,Clay Cheatham,CA-2017-123071,12/3/2017,10.368,3
CC-12550,Clay Cheatham,CA-2017-118542,12/1/2017,10.128,4
CC-12610,Corey Catlett,CA-2014-124688,8/27/2014,1202.94,1
CC-12610,Corey Catlett,CA-2014-124688,8/27/2014,579.95,2
CC-12610,Corey Catlett,CA-2017-155957,11/26/2017,213.136,3
CC-12610,Corey Catlett,CA-2015-161445,9/7/2015,140.736,4
CC-12610,Corey Catlett,CA-2016-157707,10/10/2016,120.784,5
CC-12610,Corey Catlett,CA-2016-157707,10/10/2016,90.882,6
CC-12610,Corey Catlett,CA-2015-132507,7/30/2015,61.792,7
CC-12610,Corey Catlett,CA-2017-155957,11/26/2017,52.272,8
CC-12610,Corey Catlett,CA-2016-118178,3/19/2016,31.086,9
CC-12610,Corey Catlett,CA-2014-124688,8/27/2014,29.12,10
CC-12610,Corey Catlett,CA-2016-157707,10/10/2016,15.992,11
CC-12610,Corey Catlett,CA-2016-146521,7/21/2016,1.941,12
CC-12670,Craig Carreira,CA-2017-112753,6/18/2017,917.9235,1
CC-12670,Craig Carreira,CA-2014-154158,12/23/2014,424.272,2
CC-12670,Craig Carreira,CA-2016-152121,11/27/2016,271.992,3
CC-12670,Craig Carreira,CA-2017-163139,12/1/2017,221.55,4
CC-12670,Craig Carreira,CA-2016-167759,3/3/2016,134.85,5
CC-12670,Craig Carreira,CA-2014-154158,12/23/2014,83.92,6
CC-12670,Craig Carreira,CA-2014-154158,12/23/2014,64.784,7
CC-12670,Craig Carreira,CA-2014-154158,12/23/2014,45.528,8
CC-12670,Craig Carreira,CA-2017-112753,6/18/2017,38.88,9
CC-12670,Craig Carreira,CA-2015-128993,9/12/2015,21.98,10
CC-12670,Craig Carreira,CA-2017-163139,12/1/2017,20.37,11
CC-12670,Craig Carreira,CA-2017-163139,12/1/2017,17.52,12
CC-12670,Craig Carreira,US-2016-100419,12/16/2016,4.788,13
CC-12670,Craig Carreira,CA-2014-154158,12/23/2014,1.344,14
CC-12685,Craig Carroll,CA-2015-140984,9/14/2015,991.2,1
CC-12685,Craig Carroll,CA-2015-140984,9/14/2015,879.984,2
CC-12685,Craig Carroll,CA-2015-109190,10/23/2015,479.976,3
CC-12685,Craig Carroll,CA-2015-119480,1/9/2015,163.44,4
CC-12685,Craig Carroll,CA-2015-119480,1/9/2015,106.32,5
CC-12685,Craig Carroll,CA-2015-109190,10/23/2015,60.736,6
CC-12685,Craig Carroll,CA-2015-119480,1/9/2015,51.55,7
CC-12685,Craig Carroll,US-2014-158057,3/22/2014,51.465,8
CC-12685,Craig Carroll,CA-2015-119480,1/9/2015,42.76,9
CC-12685,Craig Carroll,CA-2015-140984,9/14/2015,12.96,10
CC-12685,Craig Carroll,US-2014-158057,3/22/2014,7.644,11
CC-12685,Craig Carroll,CA-2015-109190,10/23/2015,6.08,12
CD-11920,Carlos Daly,CA-2017-111556,11/20/2017,1259.97,1
CD-11920,Carlos Daly,CA-2015-101910,11/27/2015,283.92,2
CD-11920,Carlos Daly,CA-2017-111556,11/20/2017,183.968,3
CD-11920,Carlos Daly,CA-2016-122017,12/29/2016,81.96,4
CD-11920,Carlos Daly,CA-2016-122017,12/29/2016,70.56,5
CD-11920,Carlos Daly,CA-2017-111556,11/20/2017,68.97,6
CD-11920,Carlos Daly,CA-2017-111556,11/20/2017,46.76,7
CD-11920,Carlos Daly,CA-2014-147235,3/24/2014,24.9,8
CD-11920,Carlos Daly,CA-2017-107853,5/26/2017,12.96,9
CD-11980,Carol Darley,CA-2017-144596,11/6/2017,318.96,1
CD-11980,Carol Darley,US-2017-119438,3/18/2017,182.994,2
CD-11980,Carol Darley,US-2017-119438,3/18/2017,82.524,3
CD-11980,Carol Darley,US-2017-119438,3/18/2017,27.816,4
CD-11980,Carol Darley,CA-2016-100083,11/24/2016,24.784,5
CD-11980,Carol Darley,US-2017-119438,3/18/2017,2.688,6
CD-12280,Christina DeMoss,US-2017-132444,11/18/2017,169.68,1
CD-12280,Christina DeMoss,CA-2017-102925,11/5/2017,166.5,2
CD-12280,Christina DeMoss,CA-2017-102925,11/5/2017,164.688,3
CD-12280,Christina DeMoss,US-2017-132444,11/18/2017,132.52,4
CD-12280,Christina DeMoss,CA-2017-102925,11/5/2017,128.124,5
CD-12280,Christina DeMoss,CA-2017-102925,11/5/2017,110.96,6
CD-12280,Christina DeMoss,CA-2017-102925,11/5/2017,101.4,7
CD-12280,Christina DeMoss,CA-2017-102925,11/5/2017,99.98,8
CD-12280,Christina DeMoss,US-2017-132444,11/18/2017,95.94,9
CD-12280,Christina DeMoss,CA-2017-102925,11/5/2017,12.96,10
CD-12280,Christina DeMoss,CA-2017-102925,11/5/2017,11.424,11
CD-12280,Christina DeMoss,US-2017-132444,11/18/2017,8.448,12
CD-12280,Christina DeMoss,US-2017-132444,11/18/2017,2.96,13
CD-12790,Cynthia Delaney,CA-2016-124352,10/15/2016,868.59,1
CD-12790,Cynthia Delaney,CA-2015-149972,9/21/2015,601.536,2
CD-12790,Cynthia Delaney,CA-2016-124352,10/15/2016,121.6,3
CD-12790,Cynthia Delaney,CA-2016-145135,11/26/2016,59.97,4
CD-12790,Cynthia Delaney,CA-2014-166961,12/27/2014,51.45,5
CD-12790,Cynthia Delaney,CA-2014-166961,12/27/2014,37.056,6
CD-12790,Cynthia Delaney,CA-2016-124352,10/15/2016,29.46,7
CD-12790,Cynthia Delaney,CA-2016-124352,10/15/2016,20.16,8
CD-12790,Cynthia Delaney,CA-2016-145135,11/26/2016,13.36,9
CD-12790,Cynthia Delaney,CA-2016-124352,10/15/2016,12.96,10
CD-12790,Cynthia Delaney,CA-2014-139857,2/2/2014,12.35,11
CD-12790,Cynthia Delaney,CA-2014-166961,12/27/2014,10.98,12
CD-12790,Cynthia Delaney,CA-2015-149972,9/21/2015,7.9,13
CD-12790,Cynthia Delaney,CA-2014-166961,12/27/2014,7.86,14
CD-12790,Cynthia Delaney,CA-2016-124352,10/15/2016,5.5,15
CG-12040,Catherine Glotzbach,CA-2016-140081,6/20/2016,447.696,1
CG-12040,Catherine Glotzbach,CA-2016-121020,10/24/2016,239.976,2
CG-12040,Catherine Glotzbach,CA-2016-164350,9/10/2016,67.56,3
CG-12040,Catherine Glotzbach,CA-2016-140081,6/20/2016,45.056,4
CG-12040,Catherine Glotzbach,CA-2016-140081,6/20/2016,29.718,5
CG-12040,Catherine Glotzbach,US-2017-104955,3/19/2017,28.91,6
CG-12040,Catherine Glotzbach,CA-2017-143217,11/11/2017,18.24,7
CG-12040,Catherine Glotzbach,CA-2016-140081,6/20/2016,15.552,8
CG-12040,Catherine Glotzbach,CA-2015-161242,6/1/2015,11.76,9
CG-12520,Claire Gute,CA-2016-152156,11/8/2016,731.94,1
CG-12520,Claire Gute,CA-2016-152156,11/8/2016,261.96,2
CG-12520,Claire Gute,US-2015-123918,10/15/2015,131.376,3
CG-12520,Claire Gute,CA-2017-164098,1/26/2017,18.16,4
CG-12520,Claire Gute,US-2015-123918,10/15/2015,5.344,5
CH-12070,Cathy Hwang,CA-2016-109344,2/8/2016,1127.976,1
CH-12070,Cathy Hwang,CA-2015-123673,10/30/2015,299.9,2
CH-12070,Cathy Hwang,CA-2015-127110,6/25/2015,78.256,3
CH-12070,Cathy Hwang,CA-2015-127110,6/25/2015,31.104,4
CJ-11875,Carl Jackson,CA-2016-163951,12/30/2016,16.52,1
CJ-12010,Caroline Jumper,CA-2016-128818,5/7/2016,3999.95,1
CJ-12010,Caroline Jumper,CA-2017-102204,5/1/2017,2803.92,2
CJ-12010,Caroline Jumper,CA-2017-144491,3/27/2017,1023.332,3
CJ-12010,Caroline Jumper,CA-2017-102204,5/1/2017,933.262,4
CJ-12010,Caroline Jumper,CA-2017-144491,3/27/2017,600.558,5
CJ-12010,Caroline Jumper,CA-2016-128818,5/7/2016,442.764,6
CJ-12010,Caroline Jumper,US-2016-161683,12/3/2016,394.816,7
CJ-12010,Caroline Jumper,CA-2017-144491,3/27/2017,211.246,8
CJ-12010,Caroline Jumper,CA-2016-128818,5/7/2016,199.95,9
CJ-12010,Caroline Jumper,US-2016-112977,3/10/2016,176.784,10
CJ-12010,Caroline Jumper,CA-2017-122105,6/24/2017,95.92,11
CJ-12010,Caroline Jumper,CA-2016-128818,5/7/2016,85.232,12
CJ-12010,Caroline Jumper,CA-2016-128818,5/7/2016,63.68,13
CJ-12010,Caroline Jumper,CA-2016-128818,5/7/2016,44.4,14
CJ-12010,Caroline Jumper,CA-2017-144491,3/27/2017,39.992,15
CJ-12010,Caroline Jumper,US-2016-161683,12/3/2016,18.192,16
CJ-12010,Caroline Jumper,CA-2017-150469,1/26/2017,11.84,17
CJ-12010,Caroline Jumper,CA-2016-122392,7/22/2016,11.648,18
CJ-12010,Caroline Jumper,CA-2016-122392,7/22/2016,4.16,19
CJ-12010,Caroline Jumper,CA-2017-102204,5/1/2017,3.328,20
CK-12205,Chloris Kastensmidt,CA-2017-110443,11/21/2017,1039.992,1
CK-12205,Chloris Kastensmidt,US-2016-100720,7/16/2016,494.376,2
CK-12205,Chloris Kastensmidt,CA-2016-112256,7/23/2016,175.92,3
CK-12205,Chloris Kastensmidt,CA-2017-110443,11/21/2017,150.8,4
CK-12205,Chloris Kastensmidt,US-2016-100720,7/16/2016,143.982,5
CK-12205,Chloris Kastensmidt,CA-2014-131541,7/28/2014,129.888,6
CK-12205,Chloris Kastensmidt,CA-2016-140018,11/21/2016,127.554,7
CK-12205,Chloris Kastensmidt,CA-2017-110821,8/7/2017,119.448,8
CK-12205,Chloris Kastensmidt,CA-2017-110821,8/7/2017,118.16,9
CK-12205,Chloris Kastensmidt,CA-2017-104577,5/12/2017,87.6,10
CK-12205,Chloris Kastensmidt,CA-2016-140018,11/21/2016,77.952,11
CK-12205,Chloris Kastensmidt,CA-2016-110982,6/5/2016,58.24,12
CK-12205,Chloris Kastensmidt,US-2015-144771,10/2/2015,53.04,13
CK-12205,Chloris Kastensmidt,CA-2017-110443,11/21/2017,51.84,14
CK-12205,Chloris Kastensmidt,CA-2014-131541,7/28/2014,48.944,15
CK-12205,Chloris Kastensmidt,CA-2014-113929,6/16/2014,41.4,16
CK-12205,Chloris Kastensmidt,CA-2014-113929,6/16/2014,39.552,17
CK-12205,Chloris Kastensmidt,CA-2014-113929,6/16/2014,35.0,18
CK-12205,Chloris Kastensmidt,CA-2016-140018,11/21/2016,30.345,19
CK-12205,Chloris Kastensmidt,CA-2016-110982,6/5/2016,21.552,20
CK-12205,Chloris Kastensmidt,CA-2015-135363,3/28/2015,15.552,21
CK-12205,Chloris Kastensmidt,CA-2014-131541,7/28/2014,14.32,22
CK-12205,Chloris Kastensmidt,CA-2016-112256,7/23/2016,13.344,23
CK-12205,Chloris Kastensmidt,US-2015-144771,10/2/2015,11.032,24
CK-12205,Chloris Kastensmidt,CA-2017-122028,8/18/2017,10.782,25
CK-12205,Chloris Kastensmidt,CA-2014-166884,3/11/2014,10.464,26
CK-12205,Chloris Kastensmidt,CA-2014-166884,3/11/2014,8.32,27
CK-12205,Chloris Kastensmidt,US-2016-100720,7/16/2016,5.84,28
CK-12205,Chloris Kastensmidt,CA-2015-135363,3/28/2015,5.232,29
CK-12205,Chloris Kastensmidt,CA-2016-112256,7/23/2016,5.184,30
CK-12205,Chloris Kastensmidt,CA-2016-112256,7/23/2016,4.752,31
CK-12205,Chloris Kastensmidt,CA-2016-112256,7/23/2016,4.448,32
CK-12325,Christine Kargatis,US-2014-125521,3/14/2014,1139.92,1
CK-12325,Christine Kargatis,CA-2017-109085,2/17/2017,899.43,2
CK-12325,Christine Kargatis,CA-2017-109085,2/17/2017,455.97,3
CK-12325,Christine Kargatis,CA-2016-134789,4/8/2016,159.92,4
CK-12325,Christine Kargatis,CA-2014-104472,6/2/2014,73.32,5
CK-12325,Christine Kargatis,CA-2014-104472,6/2/2014,59.808,6
CK-12325,Christine Kargatis,CA-2017-109085,2/17/2017,57.594,7
CK-12325,Christine Kargatis,CA-2017-109085,2/17/2017,30.144,8
CK-12325,Christine Kargatis,CA-2016-134789,4/8/2016,30.0,9
CK-12325,Christine Kargatis,CA-2016-134789,4/8/2016,25.92,10
CK-12325,Christine Kargatis,US-2017-135230,9/1/2017,7.58,11
CK-12325,Christine Kargatis,CA-2017-109085,2/17/2017,5.715,12
CK-12595,Clytie Kelty,CA-2017-100902,11/17/2017,431.16,1
CK-12595,Clytie Kelty,CA-2015-142237,7/11/2015,341.488,2
CK-12595,Clytie Kelty,US-2016-167472,6/6/2016,323.37,3
CK-12595,Clytie Kelty,CA-2015-142237,7/11/2015,289.8,4
CK-12595,Clytie Kelty,CA-2017-100902,11/17/2017,268.24,5
CK-12595,Clytie Kelty,US-2016-167472,6/6/2016,179.94,6
CK-12595,Clytie Kelty,CA-2017-138611,11/14/2017,119.94,7
CK-12595,Clytie Kelty,CA-2016-158610,9/19/2016,69.52,8
CK-12595,Clytie Kelty,US-2016-167472,6/6/2016,64.14,9
CK-12595,Clytie Kelty,US-2016-167472,6/6/2016,59.94,10
CK-12595,Clytie Kelty,CA-2017-104647,2/23/2017,37.44,11
CK-12595,Clytie Kelty,CA-2016-119683,3/12/2016,29.34,12
CK-12595,Clytie Kelty,US-2016-167472,6/6/2016,26.85,13
CK-12595,Clytie Kelty,CA-2015-142237,7/11/2015,25.344,14
CK-12595,Clytie Kelty,CA-2016-124233,4/8/2016,24.7,15
CK-12595,Clytie Kelty,US-2016-167472,6/6/2016,12.96,16
CK-12595,Clytie Kelty,US-2017-127341,1/29/2017,12.128,17
CK-12595,Clytie Kelty,CA-2014-106264,12/26/2014,11.91,18
CK-12595,Clytie Kelty,US-2016-167472,6/6/2016,11.67,19
CK-12595,Clytie Kelty,CA-2015-142237,7/11/2015,11.12,20
CK-12595,Clytie Kelty,CA-2015-142237,7/11/2015,6.48,21
CK-12595,Clytie Kelty,CA-2015-120516,8/13/2015,5.64,22
CK-12595,Clytie Kelty,CA-2017-138611,11/14/2017,3.648,23
CK-12595,Clytie Kelty,CA-2014-106264,12/26/2014,3.48,24
CK-12595,Clytie Kelty,CA-2015-142237,7/11/2015,2.502,25
CK-12760,Cyma Kinney,US-2017-117247,10/9/2017,652.45,1
CK-12760,Cyma Kinney,CA-2015-127754,7/26/2015,266.352,2
CK-12760,Cyma Kinney,CA-2016-101336,11/13/2016,140.75,3
CK-12760,Cyma Kinney,CA-2014-107755,2/7/2014,115.36,4
CK-12760,Cyma Kinney,CA-2016-101336,11/13/2016,77.55,5
CK-12760,Cyma Kinney,US-2017-166611,3/28/2017,68.742,6
CK-12760,Cyma Kinney,US-2017-117247,10/9/2017,66.645,7
CK-12760,Cyma Kinney,US-2016-140809,2/1/2016,56.45,8
CK-12760,Cyma Kinney,CA-2016-101336,11/13/2016,36.63,9
CK-12760,Cyma Kinney,CA-2014-104976,12/9/2014,34.68,10
CK-12760,Cyma Kinney,CA-2016-101630,2/19/2016,25.71,11
CK-12760,Cyma Kinney,CA-2016-101336,11/13/2016,24.88,12
CK-12760,Cyma Kinney,CA-2016-101630,2/19/2016,8.67,13
CK-12760,Cyma Kinney,CA-2015-160696,9/6/2015,7.24,14
CL-11890,Carl Ludwig,CA-2017-121888,9/15/2017,782.94,1
CL-11890,Carl Ludwig,CA-2017-121888,9/15/2017,242.48,2
CL-11890,Carl Ludwig,US-2014-155894,7/26/2014,123.552,3
CL-11890,Carl Ludwig,US-2017-131583,6/10/2017,40.032,4
CL-11890,Carl Ludwig,CA-2017-121888,9/15/2017,39.99,5
CL-11890,Carl Ludwig,US-2016-150035,12/1/2016,16.74,6
CL-11890,Carl Ludwig,CA-2017-121888,9/15/2017,16.28,7
CL-12565,Clay Ludtke,CA-2015-135580,12/30/2015,2548.56,1
CL-12565,Clay Ludtke,CA-2017-119452,3/21/2017,1805.88,2
CL-12565,Clay Ludtke,CA-2014-125731,9/10/2014,1487.04,3
CL-12565,Clay Ludtke,CA-2016-106530,5/8/2016,1006.056,4
CL-12565,Clay Ludtke,CA-2016-153178,9/14/2016,673.568,5
CL-12565,Clay Ludtke,CA-2016-134803,5/28/2016,558.4,6
CL-12565,Clay Ludtke,CA-2016-153178,9/14/2016,437.85,7
CL-12565,Clay Ludtke,CA-2014-116239,3/4/2014,354.9,8
CL-12565,Clay Ludtke,CA-2016-118129,12/19/2016,303.92,9
CL-12565,Clay Ludtke,CA-2015-135580,12/30/2015,287.88,10
CL-12565,Clay Ludtke,CA-2015-135580,12/30/2015,271.44,11
CL-12565,Clay Ludtke,CA-2016-134803,5/28/2016,262.24,12
CL-12565,Clay Ludtke,CA-2016-134803,5/28/2016,182.72,13
CL-12565,Clay Ludtke,CA-2016-134803,5/28/2016,131.6,14
CL-12565,Clay Ludtke,CA-2014-131310,7/12/2014,123.136,15
CL-12565,Clay Ludtke,CA-2016-128867,11/3/2016,75.96,16
CL-12565,Clay Ludtke,CA-2015-135580,12/30/2015,74.94,17
CL-12565,Clay Ludtke,CA-2015-135580,12/30/2015,68.52,18
CL-12565,Clay Ludtke,CA-2016-106530,5/8/2016,58.112,19
CL-12565,Clay Ludtke,CA-2016-128867,11/3/2016,27.24,20
CL-12565,Clay Ludtke,CA-2016-106530,5/8/2016,25.12,21
CL-12565,Clay Ludtke,CA-2016-134803,5/28/2016,22.72,22
CL-12565,Clay Ludtke,CA-2014-125731,9/10/2014,21.728,23
CL-12565,Clay Ludtke,CA-2014-127936,9/2/2014,21.24,24
CL-12565,Clay Ludtke,CA-2017-129567,3/17/2017,17.456,25
CL-12565,Clay Ludtke,CA-2014-131310,7/12/2014,11.264,26
CL-12565,Clay Ludtke,CA-2016-106530,5/8/2016,10.688,27
CL-12565,Clay Ludtke,CA-2016-106530,5/8/2016,10.368,28
CL-12700,Craig Leslie,CA-2016-149279,4/24/2016,1325.76,1
CL-12700,Craig Leslie,CA-2016-108875,9/24/2016,511.056,2
CL-12700,Craig Leslie,US-2017-166037,1/28/2017,449.91,3
CL-12700,Craig Leslie,CA-2016-108875,9/24/2016,21.44,4
CL-12700,Craig Leslie,CA-2017-141446,9/16/2017,18.0,5
CL-12700,Craig Leslie,CA-2016-149279,4/24/2016,15.552,6
CL-12700,Craig Leslie,CA-2017-159604,4/14/2017,8.76,7
CL-12700,Craig Leslie,CA-2016-149279,4/24/2016,3.108,8
CM-11815,Candace McMahon,CA-2017-121489,8/21/2017,572.58,1
CM-11815,Candace McMahon,CA-2017-121489,8/21/2017,388.704,2
CM-11815,Candace McMahon,CA-2017-145765,5/28/2017,271.968,3
CM-11815,Candace McMahon,CA-2017-145765,5/28/2017,195.96,4
CM-11815,Candace McMahon,CA-2017-140494,3/10/2017,111.96,5
CM-11815,Candace McMahon,CA-2014-127383,12/31/2014,49.568,6
CM-11815,Candace McMahon,CA-2017-121489,8/21/2017,33.18,7
CM-11815,Candace McMahon,CA-2014-151554,11/14/2014,20.736,8
CM-11815,Candace McMahon,CA-2017-145765,5/28/2017,15.552,9
CM-11815,Candace McMahon,CA-2016-110730,9/23/2016,13.68,10
CM-11935,Carlos Meador,US-2016-135923,1/22/2016,451.136,1
CM-11935,Carlos Meador,US-2016-135923,1/22/2016,64.864,2
CM-11935,Carlos Meador,CA-2015-147816,9/24/2015,35.12,3
CM-11935,Carlos Meador,US-2016-135923,1/22/2016,14.272,4
CM-12115,Chad McGuire,CA-2017-100524,3/31/2017,677.58,1
CM-12115,Chad McGuire,CA-2017-149699,12/22/2017,474.95,2
CM-12115,Chad McGuire,CA-2017-137414,10/2/2017,369.16,3
CM-12115,Chad McGuire,CA-2017-100524,3/31/2017,75.04,4
CM-12115,Chad McGuire,CA-2017-100524,3/31/2017,29.78,5
CM-12115,Chad McGuire,CA-2015-105361,3/29/2015,17.64,6
CM-12115,Chad McGuire,CA-2017-137414,10/2/2017,17.46,7
CM-12160,Charles McCrossin,CA-2016-155530,12/17/2016,2003.52,1
CM-12160,Charles McCrossin,CA-2017-113453,10/21/2017,329.988,2
CM-12160,Charles McCrossin,CA-2016-111493,10/21/2016,98.16,3
CM-12160,Charles McCrossin,CA-2017-113453,10/21/2017,71.376,4
CM-12160,Charles McCrossin,CA-2017-162936,8/18/2017,23.18,5
CM-12160,Charles McCrossin,CA-2017-156412,12/4/2017,5.346,6
CM-12160,Charles McCrossin,US-2017-139955,9/28/2017,1.744,7
CM-12190,Charlotte Melton,CA-2017-146164,12/22/2017,607.52,1
CM-12190,Charlotte Melton,CA-2015-101154,9/18/2015,443.92,2
CM-12190,Charlotte Melton,CA-2017-165386,8/3/2017,183.372,3
CM-12190,Charlotte Melton,US-2017-118598,11/16/2017,119.94,4
CM-12190,Charlotte Melton,CA-2015-152527,10/17/2015,77.88,5
CM-12190,Charlotte Melton,CA-2017-146164,12/22/2017,31.16,6
CM-12190,Charlotte Melton,CA-2015-158554,11/9/2015,11.352,7
CM-12235,Chris McAfee,CA-2016-155845,8/12/2016,1399.944,1
CM-12235,Chris McAfee,CA-2016-144309,12/10/2016,679.96,2
CM-12235,Chris McAfee,CA-2016-101525,5/1/2016,109.92,3
CM-12235,Chris McAfee,US-2016-114230,11/27/2016,39.808,4
CM-12235,Chris McAfee,CA-2016-149237,5/26/2016,26.94,5
CM-12235,Chris McAfee,CA-2016-101525,5/1/2016,19.44,6
CM-12235,Chris McAfee,CA-2016-144309,12/10/2016,18.54,7
CM-12235,Chris McAfee,CA-2016-101525,5/1/2016,11.16,8
CM-12385,Christopher Martinez,CA-2015-145352,3/16/2015,6354.95,1
CM-12385,Christopher Martinez,CA-2017-111738,1/3/2017,2022.272,2
CM-12385,Christopher Martinez,CA-2015-128027,9/14/2015,269.49,3
CM-12385,Christopher Martinez,CA-2017-119746,11/23/2017,222.384,4
CM-12385,Christopher Martinez,CA-2015-145352,3/16/2015,46.74,5
CM-12385,Christopher Martinez,CA-2017-119746,11/23/2017,11.52,6
CM-12385,Christopher Martinez,CA-2017-111738,1/3/2017,9.12,7
CM-12385,Christopher Martinez,CA-2015-145352,3/16/2015,8.34,8
CM-12385,Christopher Martinez,CA-2017-119746,11/23/2017,6.464,9
CM-12385,Christopher Martinez,CA-2015-145352,3/16/2015,2.74,10
CM-12445,Chuck Magee,CA-2016-133697,10/20/2016,56.686,1
CM-12445,Chuck Magee,CA-2016-145898,9/26/2016,51.45,2
CM-12445,Chuck Magee,CA-2016-133697,10/20/2016,51.016,3
CM-12445,Chuck Magee,CA-2016-145898,9/26/2016,35.4,4
CM-12445,Chuck Magee,CA-2016-145898,9/26/2016,29.9,5
CM-12445,Chuck Magee,CA-2016-133697,10/20/2016,25.248,6
CM-12445,Chuck Magee,CA-2014-133851,6/9/2014,23.1,7
CM-12445,Chuck Magee,CA-2016-145898,9/26/2016,7.83,8
CM-12445,Chuck Magee,CA-2014-133851,6/9/2014,7.36,9
CM-12655,Corinna Mitchell,US-2016-113677,11/13/2016,2279.96,1
CM-12655,Corinna Mitchell,CA-2017-113418,10/1/2017,1704.89,2
CM-12655,Corinna Mitchell,CA-2015-140410,11/3/2015,1212.848,3
CM-12655,Corinna Mitchell,CA-2017-143126,12/3/2017,521.96,4
CM-12655,Corinna Mitchell,CA-2015-168088,3/19/2015,383.4656,5
CM-12655,Corinna Mitchell,CA-2015-140410,11/3/2015,89.97,6
CM-12655,Corinna Mitchell,CA-2015-168088,3/19/2015,65.584,7
CM-12655,Corinna Mitchell,CA-2015-140410,11/3/2015,42.6,8
CM-12655,Corinna Mitchell,CA-2016-169026,8/8/2016,23.34,9
CM-12655,Corinna Mitchell,US-2016-113677,11/13/2016,14.94,10
CM-12715,Craig Molinari,CA-2015-133585,3/1/2015,1227.9984,1
CM-12715,Craig Molinari,CA-2014-103492,10/10/2014,755.944,2
CM-12715,Craig Molinari,CA-2014-103492,10/10/2014,719.952,3
CM-12715,Craig Molinari,CA-2014-104563,3/7/2014,481.568,4
CM-12715,Craig Molinari,CA-2014-104563,3/7/2014,436.704,5
CM-12715,Craig Molinari,CA-2014-104563,3/7/2014,204.9,6
CM-12715,Craig Molinari,CA-2015-133585,3/1/2015,55.328,7
CM-12715,Craig Molinari,CA-2014-144974,9/26/2014,41.376,8
CM-12715,Craig Molinari,CA-2014-144974,9/26/2014,21.184,9
CM-12715,Craig Molinari,CA-2014-104563,3/7/2014,20.65,10
CM-12715,Craig Molinari,CA-2014-103492,10/10/2014,11.98,11
CM-12715,Craig Molinari,CA-2014-144974,9/26/2014,5.97,12
CM-12715,Craig Molinari,CA-2014-103492,10/10/2014,0.898,13
CP-12085,Cathy Prescott,US-2017-167402,1/13/2017,4164.05,1
CP-12085,Cathy Prescott,CA-2015-113215,9/3/2015,238.152,2
CP-12085,Cathy Prescott,US-2017-167402,1/13/2017,212.94,3
CP-12085,Cathy Prescott,US-2017-167402,1/13/2017,209.94,4
CP-12085,Cathy Prescott,CA-2016-113236,5/26/2016,184.704,5
CP-12085,Cathy Prescott,CA-2014-127187,12/4/2014,129.98,6
CP-12085,Cathy Prescott,CA-2016-113236,5/26/2016,47.92,7
CP-12085,Cathy Prescott,CA-2017-144064,8/29/2017,47.36,8
CP-12085,Cathy Prescott,CA-2015-145457,3/24/2015,46.9,9
CP-12085,Cathy Prescott,CA-2017-132430,10/9/2017,45.888,10
CP-12085,Cathy Prescott,US-2017-167402,1/13/2017,32.4,11
CP-12085,Cathy Prescott,CA-2017-144064,8/29/2017,27.44,12
CP-12085,Cathy Prescott,CA-2016-128258,3/30/2016,11.34,13
CP-12085,Cathy Prescott,CA-2017-144064,8/29/2017,3.24,14
CP-12340,Christine Phan,US-2014-148838,3/17/2014,1579.746,1
CP-12340,Christine Phan,CA-2015-105571,11/7/2015,1345.485,2
CP-12340,Christine Phan,US-2014-148838,3/17/2014,1071.576,3
CP-12340,Christine Phan,US-2014-148838,3/17/2014,613.908,4
CP-12340,Christine Phan,CA-2016-133613,6/17/2016,566.97,5
CP-12340,Christine Phan,US-2016-108098,10/14/2016,177.0,6
CP-12340,Christine Phan,US-2014-148838,3/17/2014,155.04,7
CP-12340,Christine Phan,CA-2017-168102,4/24/2017,113.568,8
CP-12340,Christine Phan,CA-2016-127642,5/21/2016,111.96,9
CP-12340,Christine Phan,CA-2016-164889,6/3/2016,71.088,10
CP-12340,Christine Phan,US-2014-148838,3/17/2014,34.86,11
CP-12340,Christine Phan,CA-2015-105571,11/7/2015,16.146,12
CP-12340,Christine Phan,CA-2017-117240,7/23/2017,13.128,13
CP-12340,Christine Phan,CA-2016-133613,6/17/2016,9.84,14
CP-12340,Christine Phan,CA-2016-133613,6/17/2016,7.96,15
CR-12580,Clay Rozendal,US-2017-105998,11/3/2017,1673.184,1
CR-12580,Clay Rozendal,CA-2016-155551,4/18/2016,230.376,2
CR-12580,Clay Rozendal,US-2017-105998,11/3/2017,199.75,3
CR-12580,Clay Rozendal,CA-2016-165561,11/24/2016,25.35,4
CR-12580,Clay Rozendal,CA-2016-101742,9/23/2016,10.528,5
CR-12580,Clay Rozendal,CA-2016-155551,4/18/2016,9.664,6
CR-12625,Corey Roper,CA-2014-111003,6/1/2014,289.2,1
CR-12625,Corey Roper,CA-2016-162159,9/16/2016,121.78,2
CR-12625,Corey Roper,CA-2014-111003,6/1/2014,45.48,3
CR-12625,Corey Roper,US-2014-112795,8/23/2014,19.44,4
CR-12730,Craig Reiter,CA-2017-116519,10/13/2017,904.9,1
CR-12730,Craig Reiter,CA-2014-166716,8/20/2014,421.372,2
CR-12730,Craig Reiter,CA-2016-137239,8/22/2016,134.288,3
CR-12730,Craig Reiter,CA-2016-137239,8/22/2016,113.552,4
CR-12730,Craig Reiter,CA-2016-164035,6/12/2016,23.12,5
CR-12730,Craig Reiter,CA-2016-137239,8/22/2016,3.318,6
CR-12820,Cyra Reiten,CA-2017-159149,2/17/2017,438.336,1
CR-12820,Cyra Reiten,US-2017-136868,10/6/2017,344.91,2
CR-12820,Cyra Reiten,US-2017-136868,10/6/2017,319.96,3
CR-12820,Cyra Reiten,CA-2017-159149,2/17/2017,175.44,4
CR-12820,Cyra Reiten,CA-2017-159149,2/17/2017,89.0664,5
CR-12820,Cyra Reiten,US-2017-136868,10/6/2017,17.04,6
CR-12820,Cyra Reiten,CA-2015-128958,1/24/2015,13.12,7
CS-11845,Cari Sayre,CA-2017-131828,2/11/2017,963.136,1
CS-11845,Cari Sayre,CA-2017-147452,9/30/2017,167.94,2
CS-11845,Cari Sayre,CA-2017-131828,2/11/2017,88.776,3
CS-11845,Cari Sayre,US-2015-138716,9/17/2015,25.032,4
CS-11845,Cari Sayre,CA-2017-147452,9/30/2017,11.76,5
CS-11845,Cari Sayre,CA-2014-130575,12/14/2014,9.264,6
CS-11845,Cari Sayre,CA-2015-136378,4/2/2015,9.156,7
CS-11845,Cari Sayre,CA-2017-147452,9/30/2017,3.89,8
CS-11860,Cari Schnelling,CA-2014-124618,5/2/2014,479.984,1
CS-11860,Cari Schnelling,CA-2017-158883,6/2/2017,25.344,2
CS-11860,Cari Schnelling,US-2017-123204,7/21/2017,17.48,3
CS-11860,Cari Schnelling,US-2014-121566,6/30/2014,6.6,4
CS-11860,Cari Schnelling,CA-2017-106047,7/12/2017,3.816,5
CS-11860,Cari Schnelling,US-2014-121566,6/30/2014,2.688,6
CS-11860,Cari Schnelling,CA-2015-150413,10/19/2015,1.72,7
CS-11950,Carlos Soltero,US-2014-141257,6/8/2014,585.552,1
CS-11950,Carlos Soltero,US-2014-159926,11/18/2014,539.964,2
CS-11950,Carlos Soltero,CA-2017-102820,5/7/2017,419.944,3
CS-11950,Carlos Soltero,CA-2016-161746,10/21/2016,340.92,4
CS-11950,Carlos Soltero,US-2016-151827,3/31/2016,280.782,5
CS-11950,Carlos Soltero,CA-2016-161746,10/21/2016,242.136,6
CS-11950,Carlos Soltero,CA-2015-151869,9/25/2015,102.582,7
CS-11950,Carlos Soltero,CA-2016-120796,4/3/2016,99.846,8
CS-11950,Carlos Soltero,US-2014-159926,11/18/2014,76.792,9
CS-11950,Carlos Soltero,CA-2017-118640,7/20/2017,69.712,10
CS-11950,Carlos Soltero,US-2014-159926,11/18/2014,60.312,11
CS-11950,Carlos Soltero,US-2014-159926,11/18/2014,50.997,12
CS-11950,Carlos Soltero,US-2017-126053,12/5/2017,41.96,13
CS-11950,Carlos Soltero,US-2016-151827,3/31/2016,31.984,14
CS-11950,Carlos Soltero,CA-2015-151869,9/25/2015,20.04,15
CS-11950,Carlos Soltero,CA-2016-161746,10/21/2016,19.96,16
CS-11950,Carlos Soltero,CA-2016-161746,10/21/2016,12.39,17
CS-11950,Carlos Soltero,CA-2017-144365,10/24/2017,11.68,18
CS-11950,Carlos Soltero,US-2017-126053,12/5/2017,9.45,19
CS-11950,Carlos Soltero,CA-2016-159737,9/3/2016,8.808,20
CS-11950,Carlos Soltero,CA-2017-118640,7/20/2017,8.792,21
CS-11950,Carlos Soltero,US-2014-159926,11/18/2014,1.944,22
CS-12130,Chad Sievert,CA-2014-118962,8/5/2014,340.144,1
CS-12130,Chad Sievert,CA-2015-102036,9/21/2015,199.74,2
CS-12130,Chad Sievert,CA-2014-118962,8/5/2014,110.96,3
CS-12130,Chad Sievert,US-2016-144211,8/28/2016,108.576,4
CS-12130,Chad Sievert,US-2015-120712,12/20/2015,88.8,5
CS-12130,Chad Sievert,CA-2014-118962,8/5/2014,20.94,6
CS-12130,Chad Sievert,US-2016-144211,8/28/2016,15.48,7
CS-12175,Charles Sheldon,CA-2017-117632,5/12/2017,285.48,1
CS-12175,Charles Sheldon,CA-2017-117632,5/12/2017,238.62,2
CS-12175,Charles Sheldon,CA-2014-109302,8/12/2014,196.21,3
CS-12175,Charles Sheldon,US-2016-159415,4/17/2016,79.12,4
CS-12175,Charles Sheldon,CA-2017-117632,5/12/2017,19.168,5
CS-12175,Charles Sheldon,CA-2016-157714,9/26/2016,9.99,6
CS-12175,Charles Sheldon,CA-2017-161592,4/6/2017,8.1,7
CS-12175,Charles Sheldon,CA-2017-117632,5/12/2017,7.77,8
CS-12250,Chris Selesnick,CA-2014-162775,1/13/2014,646.74,1
CS-12250,Chris Selesnick,CA-2014-162775,1/13/2014,572.58,2
CS-12250,Chris Selesnick,CA-2014-101560,11/28/2014,397.6,3
CS-12250,Chris Selesnick,CA-2017-105487,10/8/2017,239.96,4
CS-12250,Chris Selesnick,CA-2017-105487,10/8/2017,103.192,5
CS-12250,Chris Selesnick,CA-2015-136420,11/20/2015,89.696,6
CS-12250,Chris Selesnick,CA-2017-139080,1/23/2017,86.352,7
CS-12250,Chris Selesnick,CA-2014-101560,11/28/2014,85.96,8
CS-12250,Chris Selesnick,US-2014-169390,2/7/2014,64.96,9
CS-12250,Chris Selesnick,CA-2014-162775,1/13/2014,50.94,10
CS-12250,Chris Selesnick,CA-2015-136420,11/20/2015,50.12,11
CS-12250,Chris Selesnick,CA-2014-101560,11/28/2014,45.66,12
CS-12250,Chris Selesnick,CA-2017-105487,10/8/2017,40.68,13
CS-12250,Chris Selesnick,CA-2015-149811,1/4/2015,39.9,14
CS-12250,Chris Selesnick,CA-2017-105487,10/8/2017,36.0,15
CS-12250,Chris Selesnick,CA-2016-161095,6/28/2016,33.568,16
CS-12250,Chris Selesnick,CA-2015-149811,1/4/2015,32.34,17
CS-12250,Chris Selesnick,CA-2017-139080,1/23/2017,25.92,18
CS-12250,Chris Selesnick,CA-2017-139080,1/23/2017,19.68,19
CS-12250,Chris Selesnick,CA-2016-119641,9/22/2016,18.96,20
CS-12250,Chris Selesnick,CA-2014-101560,11/28/2014,13.12,21
CS-12250,Chris Selesnick,CA-2017-153227,12/4/2017,11.76,22
CS-12250,Chris Selesnick,CA-2014-162775,1/13/2014,11.36,23
CS-12250,Chris Selesnick,CA-2017-148992,11/23/2017,10.688,24
CS-12250,Chris Selesnick,CA-2016-161095,6/28/2016,7.752,25
CS-12250,Chris Selesnick,CA-2015-121041,11/3/2015,6.608,26
CS-12250,Chris Selesnick,CA-2017-139080,1/23/2017,6.48,27
CS-12250,Chris Selesnick,CA-2014-162775,1/13/2014,5.64,28
CS-12355,Christine Sundaresam,CA-2015-142755,9/4/2015,619.95,1
CS-12355,Christine Sundaresam,CA-2017-124296,12/24/2017,479.97,2
CS-12355,Christine Sundaresam,CA-2017-111269,6/16/2017,479.952,3
CS-12355,Christine Sundaresam,CA-2015-142755,9/4/2015,279.9,4
CS-12355,Christine Sundaresam,CA-2017-131233,4/14/2017,242.352,5
CS-12355,Christine Sundaresam,CA-2017-124296,12/24/2017,232.88,6
CS-12355,Christine Sundaresam,CA-2015-139164,6/23/2015,217.584,7
CS-12355,Christine Sundaresam,CA-2014-109043,8/15/2014,152.24,8
CS-12355,Christine Sundaresam,CA-2015-139164,6/23/2015,143.976,9
CS-12355,Christine Sundaresam,CA-2014-109043,8/15/2014,91.36,10
CS-12355,Christine Sundaresam,CA-2014-141005,8/15/2014,62.94,11
CS-12355,Christine Sundaresam,CA-2016-128111,3/17/2016,39.68,12
CS-12355,Christine Sundaresam,CA-2017-165687,11/17/2017,35.04,13
CS-12355,Christine Sundaresam,CA-2017-164364,11/12/2017,27.93,14
CS-12355,Christine Sundaresam,CA-2017-111269,6/16/2017,23.92,15
CS-12355,Christine Sundaresam,CA-2017-105053,7/7/2017,17.472,16
CS-12355,Christine Sundaresam,CA-2015-142755,9/4/2015,15.28,17
CS-12355,Christine Sundaresam,CA-2017-131233,4/14/2017,10.776,18
CS-12355,Christine Sundaresam,CA-2017-164364,11/12/2017,9.96,19
CS-12355,Christine Sundaresam,CA-2017-164364,11/12/2017,9.21,20
CS-12355,Christine Sundaresam,CA-2015-139164,6/23/2015,5.43,21
CS-12355,Christine Sundaresam,CA-2015-142755,9/4/2015,4.36,22
CS-12400,Christopher Schild,CA-2016-133816,5/10/2016,743.988,1
CS-12400,Christopher Schild,US-2017-100930,4/7/2017,620.6145,2
CS-12400,Christopher Schild,US-2017-100930,4/7/2017,617.976,3
CS-12400,Christopher Schild,CA-2014-127586,9/26/2014,310.12,4
CS-12400,Christopher Schild,CA-2017-127096,9/15/2017,300.904,5
CS-12400,Christopher Schild,US-2015-119312,10/2/2015,270.34,6
CS-12400,Christopher Schild,US-2017-100930,4/7/2017,258.072,7
CS-12400,Christopher Schild,US-2017-100930,4/7/2017,233.86,8
CS-12400,Christopher Schild,US-2017-119662,11/13/2017,230.376,9
CS-12400,Christopher Schild,CA-2016-140207,11/5/2016,29.12,10
CS-12400,Christopher Schild,CA-2017-135111,12/28/2017,25.9,11
CS-12400,Christopher Schild,US-2017-100930,4/7/2017,5.328,12
CS-12400,Christopher Schild,CA-2017-107293,9/5/2017,2.78,13
CS-12400,Christopher Schild,CA-2017-135111,12/28/2017,2.48,14
CS-12460,Chuck Sachs,US-2017-126179,7/3/2017,287.97,1
CS-12460,Chuck Sachs,CA-2017-148691,12/3/2017,136.99,2
CS-12460,Chuck Sachs,CA-2017-148691,12/3/2017,83.92,3
CS-12460,Chuck Sachs,US-2017-126179,7/3/2017,23.99,4
CS-12460,Chuck Sachs,CA-2017-148691,12/3/2017,14.624,5
CS-12460,Chuck Sachs,CA-2017-148691,12/3/2017,3.15,6
CS-12490,Cindy Schnelling,CA-2016-118073,8/12/2016,562.2925,1
CS-12490,Cindy Schnelling,CA-2015-128608,1/12/2015,235.188,2
CS-12490,Cindy Schnelling,CA-2016-100671,11/1/2016,111.672,3
CS-12490,Cindy Schnelling,CA-2015-128608,1/12/2015,107.118,4
CS-12490,Cindy Schnelling,CA-2015-128608,1/12/2015,26.376,5
CS-12490,Cindy Schnelling,CA-2015-128608,1/12/2015,10.384,6
CS-12490,Cindy Schnelling,CA-2015-128608,1/12/2015,10.368,7
CS-12490,Cindy Schnelling,CA-2016-144785,4/18/2016,6.99,8
CS-12490,Cindy Schnelling,CA-2016-144785,4/18/2016,6.84,9
CS-12505,Cindy Stewart,CA-2016-108196,11/25/2016,4499.985,1
CS-12505,Cindy Stewart,CA-2016-108196,11/25/2016,456.588,2
CS-12505,Cindy Stewart,CA-2016-134208,9/17/2016,396.0,3
CS-12505,Cindy Stewart,US-2017-115609,11/2/2017,168.1,4
CS-12505,Cindy Stewart,CA-2016-108196,11/25/2016,59.976,5
CS-12505,Cindy Stewart,CA-2016-121958,11/13/2016,52.136,6
CS-12505,Cindy Stewart,CA-2015-159380,5/12/2015,25.68,7
CS-12505,Cindy Stewart,CA-2014-100860,3/26/2014,18.75,8
CS-12505,Cindy Stewart,CA-2015-159380,5/12/2015,12.84,9
CT-11995,Carol Triggs,CA-2014-166086,5/7/2014,872.32,1
CT-11995,Carol Triggs,US-2016-126893,11/26/2016,494.982,2
CT-11995,Carol Triggs,CA-2017-137085,6/29/2017,312.552,3
CT-11995,Carol Triggs,CA-2017-162481,9/25/2017,269.97,4
CT-11995,Carol Triggs,CA-2014-138681,12/20/2014,242.352,5
CT-11995,Carol Triggs,CA-2014-138681,12/20/2014,221.92,6
CT-11995,Carol Triggs,CA-2014-166086,5/7/2014,194.25,7
CT-11995,Carol Triggs,CA-2015-145849,9/15/2015,190.86,8
CT-11995,Carol Triggs,US-2016-141264,8/13/2016,185.376,9
CT-11995,Carol Triggs,CA-2014-138681,12/20/2014,71.976,10
CT-11995,Carol Triggs,US-2016-141264,8/13/2016,58.924,11
CT-11995,Carol Triggs,CA-2014-138681,12/20/2014,51.968,12
CT-11995,Carol Triggs,CA-2015-145849,9/15/2015,24.32,13
CT-11995,Carol Triggs,CA-2014-166086,5/7/2014,16.14,14
CT-11995,Carol Triggs,CA-2017-158106,6/4/2017,8.64,15
CT-11995,Carol Triggs,CA-2014-166086,5/7/2014,8.64,16
CT-11995,Carol Triggs,CA-2014-138681,12/20/2014,8.448,17
CT-11995,Carol Triggs,CA-2017-162481,9/25/2017,8.26,18
CV-12295,Christina VanderZanden,US-2014-137869,3/28/2014,1184.72,1
CV-12295,Christina VanderZanden,US-2017-117534,3/25/2017,479.984,2
CV-12295,Christina VanderZanden,CA-2014-151792,9/2/2014,239.976,3
CV-12295,Christina VanderZanden,US-2017-117534,3/25/2017,211.168,4
CV-12295,Christina VanderZanden,US-2017-117534,3/25/2017,185.92,5
CV-12295,Christina VanderZanden,US-2017-117534,3/25/2017,176.04,6
CV-12295,Christina VanderZanden,CA-2017-119655,4/20/2017,146.86,7
CV-12295,Christina VanderZanden,CA-2016-123120,9/4/2016,63.94,8
CV-12295,Christina VanderZanden,CA-2016-123120,9/4/2016,60.6,9
CV-12295,Christina VanderZanden,CA-2017-119655,4/20/2017,36.56,10
CV-12295,Christina VanderZanden,CA-2016-123120,9/4/2016,22.72,11
CV-12295,Christina VanderZanden,US-2017-117534,3/25/2017,16.02,12
CV-12295,Christina VanderZanden,US-2014-137869,3/28/2014,6.12,13
CV-12805,Cynthia Voltz,US-2016-144057,5/9/2016,856.656,1
CV-12805,Cynthia Voltz,CA-2017-151484,4/20/2017,332.704,2
CV-12805,Cynthia Voltz,CA-2017-135692,4/27/2017,220.2656,3
CV-12805,Cynthia Voltz,CA-2017-157252,1/20/2017,207.846,4
CV-12805,Cynthia Voltz,CA-2017-164707,2/18/2017,167.976,5
CV-12805,Cynthia Voltz,CA-2017-164707,2/18/2017,109.53,6
CV-12805,Cynthia Voltz,US-2016-144057,5/9/2016,76.64,7
CV-12805,Cynthia Voltz,CA-2017-146493,6/1/2017,53.9,8
CV-12805,Cynthia Voltz,CA-2017-151484,4/20/2017,51.968,9
CV-12805,Cynthia Voltz,CA-2017-151484,4/20/2017,51.336,10
CV-12805,Cynthia Voltz,US-2016-144057,5/9/2016,48.784,11
CV-12805,Cynthia Voltz,CA-2017-151484,4/20/2017,42.408,12
CV-12805,Cynthia Voltz,CA-2017-146780,12/25/2017,41.96,13
CV-12805,Cynthia Voltz,CA-2017-135692,4/27/2017,33.12,14
CV-12805,Cynthia Voltz,CA-2016-120859,9/1/2016,21.88,15
CV-12805,Cynthia Voltz,US-2016-144057,5/9/2016,18.528,16
CV-12805,Cynthia Voltz,US-2016-144057,5/9/2016,13.184,17
CV-12805,Cynthia Voltz,CA-2017-137582,9/4/2017,11.808,18
CV-12805,Cynthia Voltz,CA-2017-164707,2/18/2017,9.82,19
CW-11905,Carl Weiss,CA-2017-152436,12/8/2017,592.74,1
CW-11905,Carl Weiss,CA-2017-161655,5/13/2017,299.52,2
CW-11905,Carl Weiss,CA-2014-133753,6/9/2014,70.368,3
CW-11905,Carl Weiss,CA-2014-133753,6/9/2014,63.984,4
CW-11905,Carl Weiss,CA-2016-119018,11/4/2016,38.88,5
CW-11905,Carl Weiss,CA-2015-119214,1/23/2015,29.04,6
CW-11905,Carl Weiss,CA-2015-119214,1/23/2015,14.62,7
CW-11905,Carl Weiss,CA-2014-133753,6/9/2014,7.992,8
CW-11905,Carl Weiss,CA-2016-119018,11/4/2016,7.712,9
CW-11905,Carl Weiss,CA-2015-156153,5/31/2015,7.56,10
CW-11905,Carl Weiss,CA-2016-119018,11/4/2016,4.176,11
CY-12745,Craig Yedwab,CA-2017-130302,9/14/2017,895.944,1
CY-12745,Craig Yedwab,CA-2015-112144,6/28/2015,621.76,2
CY-12745,Craig Yedwab,CA-2017-117114,10/31/2017,508.768,3
CY-12745,Craig Yedwab,CA-2015-109708,5/25/2015,467.04,4
CY-12745,Craig Yedwab,US-2014-122959,12/12/2014,210.392,5
CY-12745,Craig Yedwab,US-2016-101616,9/3/2016,87.28,6
CY-12745,Craig Yedwab,CA-2016-166163,8/15/2016,71.976,7
CY-12745,Craig Yedwab,CA-2017-130715,9/16/2017,17.9,8
CY-12745,Craig Yedwab,CA-2017-117114,10/31/2017,9.912,9
CY-12745,Craig Yedwab,CA-2015-112144,6/28/2015,5.904,10
CY-12745,Craig Yedwab,CA-2016-166163,8/15/2016,3.15,11
Co-12640,Corey-Lock,CA-2015-147501,8/2/2015,558.4,1
Co-12640,Corey-Lock,US-2014-112949,6/20/2014,471.9,2
Co-12640,Corey-Lock,CA-2016-140543,6/29/2016,191.88,3
Co-12640,Corey-Lock,CA-2014-162866,12/27/2014,32.952,4
Co-12640,Corey-Lock,CA-2014-162866,12/27/2014,30.016,5
Co-12640,Corey-Lock,CA-2015-147501,8/2/2015,6.368,6
Co-12640,Corey-Lock,CA-2014-136280,11/29/2014,5.04,7
Co-12640,Corey-Lock,US-2014-112949,6/20/2014,3.52,8
DA-13450,Dianna Arnett,US-2017-158512,1/12/2017,40.08,1
DA-13450,Dianna Arnett,US-2017-158512,1/12/2017,37.68,2
DA-13450,Dianna Arnett,CA-2014-115133,9/26/2014,32.896,3
DA-13450,Dianna Arnett,CA-2014-115133,9/26/2014,16.704,4
DA-13450,Dianna Arnett,US-2014-157406,4/25/2014,10.368,5
DA-13450,Dianna Arnett,US-2014-138835,9/10/2014,9.64,6
DA-13450,Dianna Arnett,US-2014-157406,4/25/2014,6.24,7
DA-13450,Dianna Arnett,CA-2014-115133,9/26/2014,3.152,8
DB-12910,Daniel Byrd,CA-2016-101672,10/3/2016,915.136,1
DB-12910,Daniel Byrd,US-2017-159205,3/31/2017,671.93,2
DB-12910,Daniel Byrd,CA-2017-124898,9/11/2017,184.66,3
DB-12910,Daniel Byrd,CA-2017-141201,12/9/2017,148.257,4
DB-12910,Daniel Byrd,CA-2016-101672,10/3/2016,97.82,5
DB-12910,Daniel Byrd,US-2017-159205,3/31/2017,61.0,6
DB-12910,Daniel Byrd,CA-2017-155089,12/2/2017,45.66,7
DB-12910,Daniel Byrd,CA-2016-137176,9/9/2016,15.008,8
DB-12910,Daniel Byrd,CA-2014-108707,10/24/2014,10.368,9
DB-12910,Daniel Byrd,CA-2016-101672,10/3/2016,8.56,10
DB-12910,Daniel Byrd,CA-2016-127985,4/1/2016,7.04,11
DB-12910,Daniel Byrd,CA-2016-101672,10/3/2016,6.16,12
DB-12970,Darren Budd,CA-2016-110975,12/25/2016,866.646,1
DB-12970,Darren Budd,CA-2017-132178,5/3/2017,763.44,2
DB-12970,Darren Budd,CA-2016-110975,12/25/2016,313.176,3
DB-12970,Darren Budd,CA-2015-141593,12/14/2015,273.568,4
DB-12970,Darren Budd,CA-2016-162943,7/24/2016,253.764,5
DB-12970,Darren Budd,US-2014-159618,11/12/2014,79.512,6
DB-12970,Darren Budd,CA-2017-132178,5/3/2017,69.52,7
DB-12970,Darren Budd,US-2014-159618,11/12/2014,67.9932,8
DB-12970,Darren Budd,CA-2015-141593,12/14/2015,55.264,9
DB-12970,Darren Budd,US-2014-159618,11/12/2014,36.288,10
DB-12970,Darren Budd,CA-2015-141593,12/14/2015,34.248,11
DB-12970,Darren Budd,US-2014-159618,11/12/2014,16.656,12
DB-12970,Darren Budd,CA-2015-141593,12/14/2015,6.48,13
DB-12970,Darren Budd,US-2014-159618,11/12/2014,2.672,14
DB-13060,Dave Brooks,CA-2014-128146,6/21/2014,1322.93,1
DB-13060,Dave Brooks,CA-2016-113292,3/18/2016,871.8,2
DB-13060,Dave Brooks,CA-2016-127369,6/6/2016,714.3,3
DB-13060,Dave Brooks,CA-2014-104269,3/1/2014,457.568,4
DB-13060,Dave Brooks,CA-2017-132353,9/15/2017,323.976,5
DB-13060,Dave Brooks,CA-2017-107629,12/14/2017,266.352,6
DB-13060,Dave Brooks,CA-2017-121258,2/26/2017,258.576,7
DB-13060,Dave Brooks,CA-2017-107629,12/14/2017,95.232,8
DB-13060,Dave Brooks,CA-2017-121258,2/26/2017,91.96,9
DB-13060,Dave Brooks,CA-2017-107629,12/14/2017,56.328,10
DB-13060,Dave Brooks,CA-2017-107629,12/14/2017,39.264,11
DB-13060,Dave Brooks,CA-2017-121258,2/26/2017,29.6,12
DB-13060,Dave Brooks,CA-2014-128146,6/21/2014,3.76,13
DB-13120,David Bremer,CA-2015-101889,12/27/2015,1548.99,1
DB-13120,David Bremer,US-2017-148551,1/12/2017,760.98,2
DB-13120,David Bremer,CA-2015-161998,5/1/2015,172.704,3
DB-13120,David Bremer,CA-2015-124653,12/24/2015,132.79,4
DB-13120,David Bremer,CA-2015-130204,9/3/2015,129.45,5
DB-13120,David Bremer,CA-2015-161998,5/1/2015,63.552,6
DB-13120,David Bremer,CA-2015-161998,5/1/2015,41.376,7
DB-13120,David Bremer,CA-2015-130204,9/3/2015,31.44,8
DB-13120,David Bremer,CA-2015-124653,12/24/2015,21.56,9
DB-13120,David Bremer,CA-2015-101889,12/27/2015,19.872,10
DB-13120,David Bremer,CA-2015-130204,9/3/2015,17.9,11
DB-13120,David Bremer,CA-2015-124653,12/24/2015,12.96,12
DB-13120,David Bremer,CA-2017-160514,11/12/2017,10.56,13
DB-13120,David Bremer,CA-2015-136700,12/6/2015,8.96,14
DB-13210,Dean Braden,CA-2016-158778,9/5/2016,887.271,1
DB-13210,Dean Braden,CA-2017-165841,12/21/2017,281.97,2
DB-13210,Dean Braden,CA-2017-165841,12/21/2017,166.44,3
DB-13210,Dean Braden,CA-2015-157812,3/22/2015,129.568,4
DB-13210,Dean Braden,CA-2016-122448,6/9/2016,122.352,5
DB-13210,Dean Braden,US-2016-162677,3/26/2016,119.976,6
DB-13210,Dean Braden,CA-2017-109960,12/9/2017,104.88,7
DB-13210,Dean Braden,CA-2017-152709,10/7/2017,85.52,8
DB-13210,Dean Braden,CA-2016-158778,9/5/2016,71.246,9
DB-13210,Dean Braden,CA-2017-165841,12/21/2017,69.5,10
DB-13210,Dean Braden,US-2016-162677,3/26/2016,67.64,11
DB-13210,Dean Braden,CA-2016-158778,9/5/2016,58.248,12
DB-13210,Dean Braden,US-2016-134761,11/30/2016,36.192,13
DB-13210,Dean Braden,CA-2017-109960,12/9/2017,34.7,14
DB-13210,Dean Braden,CA-2017-109960,12/9/2017,33.72,15
DB-13210,Dean Braden,CA-2015-157812,3/22/2015,18.392,16
DB-13210,Dean Braden,CA-2017-109960,12/9/2017,14.94,17
DB-13210,Dean Braden,CA-2015-157812,3/22/2015,14.112,18
DB-13210,Dean Braden,CA-2016-158778,9/5/2016,7.872,19
DB-13210,Dean Braden,CA-2016-149370,9/15/2016,5.344,20
DB-13210,Dean Braden,CA-2016-108567,5/20/2016,2.694,21
DB-13270,Deborah Brumfield,CA-2016-163804,12/2/2016,2079.4,1
DB-13270,Deborah Brumfield,CA-2017-122504,11/7/2017,761.544,2
DB-13270,Deborah Brumfield,CA-2016-163804,12/2/2016,629.95,3
DB-13270,Deborah Brumfield,CA-2017-154011,6/19/2017,457.485,4
DB-13270,Deborah Brumfield,CA-2016-143609,12/11/2016,403.92,5
DB-13270,Deborah Brumfield,CA-2014-107181,2/4/2014,82.896,6
DB-13270,Deborah Brumfield,CA-2016-163804,12/2/2016,72.42,7
DB-13270,Deborah Brumfield,CA-2017-122504,11/7/2017,59.97,8
DB-13270,Deborah Brumfield,US-2016-144477,8/12/2016,37.312,9
DB-13270,Deborah Brumfield,CA-2014-107181,2/4/2014,34.24,10
DB-13270,Deborah Brumfield,CA-2015-118227,4/24/2015,25.99,11
DB-13270,Deborah Brumfield,CA-2017-154011,6/19/2017,6.888,12
DB-13270,Deborah Brumfield,US-2015-141453,11/30/2015,3.882,13
DB-13360,Dennis Bolton,CA-2016-139556,4/26/2016,434.646,1
DB-13360,Dennis Bolton,CA-2017-150623,4/10/2017,286.15,2
DB-13360,Dennis Bolton,CA-2014-100972,11/19/2014,166.44,3
DB-13360,Dennis Bolton,CA-2017-150623,4/10/2017,99.99,4
DB-13360,Dennis Bolton,CA-2016-119123,3/13/2016,51.184,5
DB-13360,Dennis Bolton,CA-2015-143882,6/26/2015,43.056,6
DB-13405,Denny Blanton,CA-2017-157091,6/26/2017,526.45,1
DB-13405,Denny Blanton,CA-2015-129322,8/8/2015,447.86,2
DB-13405,Denny Blanton,CA-2017-140949,3/17/2017,119.7,3
DB-13405,Denny Blanton,CA-2015-129322,8/8/2015,113.92,4
DB-13405,Denny Blanton,CA-2017-140949,3/17/2017,107.44,5
DB-13405,Denny Blanton,CA-2015-141145,9/17/2015,87.168,6
DB-13405,Denny Blanton,CA-2017-140949,3/17/2017,71.6,7
DB-13405,Denny Blanton,CA-2017-140949,3/17/2017,59.1,8
DB-13405,Denny Blanton,CA-2017-140949,3/17/2017,57.06,9
DB-13405,Denny Blanton,CA-2017-140949,3/17/2017,46.53,10
DB-13405,Denny Blanton,CA-2015-129322,8/8/2015,39.66,11
DB-13405,Denny Blanton,CA-2017-140949,3/17/2017,18.75,12
DB-13405,Denny Blanton,CA-2017-140949,3/17/2017,9.144,13
DB-13405,Denny Blanton,CA-2017-140949,3/17/2017,7.31,14
DB-13555,Dorothy Badders,CA-2017-115882,9/14/2017,942.784,1
DB-13555,Dorothy Badders,CA-2014-136336,4/21/2014,828.84,2
DB-13555,Dorothy Badders,US-2017-133200,5/6/2017,772.68,3
DB-13555,Dorothy Badders,US-2017-133200,5/6/2017,623.4648,4
DB-13555,Dorothy Badders,CA-2017-104885,3/2/2017,441.96,5
DB-13555,Dorothy Badders,CA-2017-115882,9/14/2017,74.352,6
DB-13555,Dorothy Badders,CA-2017-104885,3/2/2017,68.04,7
DB-13555,Dorothy Badders,CA-2017-104885,3/2/2017,59.52,8
DB-13555,Dorothy Badders,CA-2017-104885,3/2/2017,57.96,9
DB-13555,Dorothy Badders,US-2017-133200,5/6/2017,11.06,10
DB-13555,Dorothy Badders,CA-2017-158036,9/8/2017,9.096,11
DB-13555,Dorothy Badders,CA-2014-114314,10/11/2014,8.92,12
DB-13555,Dorothy Badders,CA-2014-114314,10/11/2014,7.31,13
DB-13555,Dorothy Badders,CA-2014-151953,9/20/2014,2.816,14
DB-13615,Doug Bickford,CA-2015-137946,9/1/2015,959.984,1
DB-13615,Doug Bickford,CA-2016-135636,10/8/2016,387.72,2
DB-13615,Doug Bickford,CA-2016-115224,12/8/2016,352.38,3
DB-13615,Doug Bickford,CA-2017-145779,5/6/2017,84.416,4
DB-13615,Doug Bickford,CA-2017-133074,9/21/2017,55.86,5
DB-13615,Doug Bickford,CA-2017-132185,11/27/2017,43.584,6
DB-13615,Doug Bickford,CA-2014-137351,9/30/2014,43.176,7
DB-13615,Doug Bickford,CA-2016-115224,12/8/2016,34.05,8
DB-13615,Doug Bickford,CA-2015-137946,9/1/2015,14.368,9
DB-13615,Doug Bickford,CA-2017-132185,11/27/2017,8.76,10
DB-13615,Doug Bickford,CA-2015-137946,9/1/2015,4.752,11
DB-13660,Duane Benoit,CA-2017-121853,9/23/2017,594.816,1
DB-13660,Duane Benoit,CA-2017-121853,9/23/2017,211.04,2
DB-13660,Duane Benoit,US-2017-105830,12/31/2016,156.512,3
DB-13660,Duane Benoit,CA-2017-121853,9/23/2017,72.96,4
DB-13660,Duane Benoit,CA-2014-104402,6/17/2014,65.97,5
DB-13660,Duane Benoit,CA-2017-105886,12/18/2017,18.96,6
DB-13660,Duane Benoit,CA-2015-111990,11/8/2015,10.476,7
DB-13660,Duane Benoit,CA-2017-101959,2/28/2017,9.84,8
DB-13660,Duane Benoit,CA-2017-101959,2/28/2017,7.78,9
DB-13660,Duane Benoit,CA-2017-101077,3/25/2017,6.848,10
DC-12850,Dan Campbell,CA-2017-128363,8/13/2017,1614.582,1
DC-12850,Dan Campbell,CA-2017-128363,8/13/2017,423.648,2
DC-12850,Dan Campbell,CA-2016-130911,3/24/2016,301.47,3
DC-12850,Dan Campbell,US-2014-160444,7/5/2014,281.424,4
DC-12850,Dan Campbell,CA-2017-128363,8/13/2017,272.048,5
DC-12850,Dan Campbell,US-2014-160444,7/5/2014,220.776,6
DC-12850,Dan Campbell,CA-2017-131016,9/18/2017,47.584,7
DC-12850,Dan Campbell,US-2017-133781,6/22/2017,37.608,8
DC-12850,Dan Campbell,CA-2017-128363,8/13/2017,31.984,9
DC-12850,Dan Campbell,CA-2017-128363,8/13/2017,24.32,10
DC-12850,Dan Campbell,CA-2016-130911,3/24/2016,18.656,11
DC-12850,Dan Campbell,CA-2017-128363,8/13/2017,14.76,12
DC-12850,Dan Campbell,CA-2015-143532,3/19/2015,14.496,13
DC-12850,Dan Campbell,CA-2017-100426,6/4/2017,12.48,14
DC-12850,Dan Campbell,CA-2017-131016,9/18/2017,8.928,15
DC-12850,Dan Campbell,CA-2014-145212,9/13/2014,5.46,16
DC-12850,Dan Campbell,CA-2017-167017,11/23/2017,4.36,17
DC-12850,Dan Campbell,CA-2017-128363,8/13/2017,1.584,18
DC-13285,Debra Catini,CA-2015-117884,3/22/2015,447.944,1
DC-13285,Debra Catini,CA-2017-104003,10/7/2017,307.666,2
DC-13285,Debra Catini,CA-2015-117884,3/22/2015,150.408,3
DC-13285,Debra Catini,CA-2014-106803,12/29/2014,119.8,4
DC-13285,Debra Catini,US-2017-136189,12/7/2017,82.38,5
DC-13285,Debra Catini,CA-2016-137736,11/10/2016,41.86,6
DC-13285,Debra Catini,CA-2014-106803,12/29/2014,24.56,7
DD-13570,Dorothy Dickinson,US-2014-104759,3/31/2014,79.984,1
DD-13570,Dorothy Dickinson,CA-2017-147844,5/2/2017,59.52,2
DD-13570,Dorothy Dickinson,CA-2014-166730,12/30/2014,39.128,3
DD-13570,Dorothy Dickinson,CA-2017-147844,5/2/2017,34.4,4
DD-13570,Dorothy Dickinson,CA-2017-110926,11/19/2017,25.06,5
DD-13570,Dorothy Dickinson,CA-2017-147844,5/2/2017,15.7,6
DD-13570,Dorothy Dickinson,US-2014-104759,3/31/2014,8.134,7
DD-13570,Dorothy Dickinson,US-2016-148334,8/22/2016,4.312,8
DD-13570,Dorothy Dickinson,CA-2017-125640,7/25/2017,3.304,9
DE-13255,Deanra Eno,CA-2015-153381,9/24/2015,1408.1,1
DE-13255,Deanra Eno,CA-2015-142601,4/18/2015,947.17,2
DE-13255,Deanra Eno,CA-2016-126529,1/11/2016,63.312,3
DE-13255,Deanra Eno,CA-2015-142601,4/18/2015,61.96,4
DE-13255,Deanra Eno,CA-2014-109134,11/5/2014,20.04,5
DE-13255,Deanra Eno,CA-2016-126529,1/11/2016,15.588,6
DE-13255,Deanra Eno,CA-2016-126529,1/11/2016,15.552,7
DE-13255,Deanra Eno,CA-2015-153381,9/24/2015,15.24,8
DE-13255,Deanra Eno,CA-2014-123253,8/22/2014,3.912,9
DF-13135,David Flashing,CA-2016-168032,1/30/2016,1439.968,1
DF-13135,David Flashing,CA-2016-168032,1/30/2016,626.1,2
DF-13135,David Flashing,CA-2015-124933,12/26/2015,212.64,3
DF-13135,David Flashing,CA-2014-153479,10/4/2014,95.648,4
DF-13135,David Flashing,CA-2014-153479,10/4/2014,14.45,5
DF-13135,David Flashing,CA-2016-168032,1/30/2016,1.728,6
DG-13300,Deirdre Greer,CA-2017-123372,11/28/2017,1979.89,1
DG-13300,Deirdre Greer,CA-2015-130848,10/25/2015,582.336,2
DG-13300,Deirdre Greer,US-2015-153500,7/3/2015,282.888,3
DG-13300,Deirdre Greer,US-2015-153500,7/3/2015,168.464,4
DG-13300,Deirdre Greer,CA-2017-123372,11/28/2017,79.96,5
DG-13300,Deirdre Greer,CA-2014-139423,11/1/2014,76.12,6
DG-13300,Deirdre Greer,US-2016-106313,8/22/2016,19.44,7
DG-13300,Deirdre Greer,US-2015-153500,7/3/2015,6.72,8
DH-13075,Dave Hallsten,CA-2015-159534,3/20/2015,1087.936,1
DH-13075,Dave Hallsten,CA-2015-104941,6/13/2015,899.97,2
DH-13075,Dave Hallsten,US-2017-147886,3/28/2017,795.48,3
DH-13075,Dave Hallsten,CA-2014-102274,11/21/2014,629.1,4
DH-13075,Dave Hallsten,US-2017-147886,3/28/2017,532.72,5
DH-13075,Dave Hallsten,CA-2015-159534,3/20/2015,199.98,6
DH-13075,Dave Hallsten,CA-2014-102274,11/21/2014,193.95,7
DH-13075,Dave Hallsten,CA-2015-102316,3/1/2015,184.752,8
DH-13075,Dave Hallsten,CA-2015-159534,3/20/2015,83.92,9
DH-13075,Dave Hallsten,CA-2015-159534,3/20/2015,49.848,10
DH-13075,Dave Hallsten,CA-2014-102274,11/21/2014,36.99,11
DH-13075,Dave Hallsten,CA-2015-104941,6/13/2015,32.4,12
DH-13075,Dave Hallsten,US-2017-147886,3/28/2017,26.72,13
DH-13075,Dave Hallsten,US-2017-147886,3/28/2017,26.48,14
DH-13075,Dave Hallsten,CA-2015-104941,6/13/2015,24.78,15
DH-13075,Dave Hallsten,CA-2015-159534,3/20/2015,23.99,16
DH-13075,Dave Hallsten,US-2017-147886,3/28/2017,21.56,17
DH-13075,Dave Hallsten,US-2017-147886,3/28/2017,20.04,18
DH-13075,Dave Hallsten,CA-2015-104941,6/13/2015,19.14,19
DH-13075,Dave Hallsten,CA-2015-102316,3/1/2015,15.984,20
DH-13075,Dave Hallsten,US-2017-147886,3/28/2017,12.96,21
DH-13075,Dave Hallsten,CA-2016-166240,6/24/2016,8.712,22
DH-13075,Dave Hallsten,CA-2014-102274,11/21/2014,5.46,23
DH-13675,Duane Huffman,CA-2014-105249,11/28/2014,411.332,1
DH-13675,Duane Huffman,CA-2014-156244,8/12/2014,211.248,2
DH-13675,Duane Huffman,CA-2014-156244,8/12/2014,158.928,3
DH-13675,Duane Huffman,CA-2015-127593,9/21/2015,85.3,4
DH-13675,Duane Huffman,CA-2014-156244,8/12/2014,47.96,5
DH-13675,Duane Huffman,CA-2014-105249,11/28/2014,41.4,6
DH-13675,Duane Huffman,CA-2015-145324,11/15/2015,39.96,7
DH-13675,Duane Huffman,CA-2014-156244,8/12/2014,31.104,8
DH-13675,Duane Huffman,CA-2014-105249,11/28/2014,7.36,9
DH-13675,Duane Huffman,CA-2014-156244,8/12/2014,5.552,10
DH-13675,Duane Huffman,CA-2014-156244,8/12/2014,2.952,11
DJ-13420,Denny Joy,CA-2016-123540,4/2/2016,1454.9,1
DJ-13420,Denny Joy,CA-2015-168004,10/4/2015,392.94,2
DJ-13420,Denny Joy,CA-2014-144071,12/8/2014,79.44,3
DJ-13420,Denny Joy,CA-2015-109736,10/10/2015,45.36,4
DJ-13420,Denny Joy,CA-2014-144071,12/8/2014,39.88,5
DJ-13510,Don Jones,CA-2016-128594,8/26/2016,1603.136,1
DJ-13510,Don Jones,CA-2014-111500,8/17/2014,339.96,2
DJ-13510,Don Jones,CA-2017-156895,5/8/2017,128.058,3
DJ-13510,Don Jones,CA-2014-111500,8/17/2014,114.2,4
DJ-13510,Don Jones,CA-2017-137876,4/30/2017,64.96,5
DJ-13510,Don Jones,US-2017-132220,11/12/2017,62.352,6
DJ-13510,Don Jones,CA-2017-108749,9/12/2017,45.78,7
DJ-13510,Don Jones,CA-2017-108749,9/12/2017,45.36,8
DJ-13510,Don Jones,CA-2017-137876,4/30/2017,30.56,9
DJ-13510,Don Jones,US-2017-118535,2/11/2017,20.7,10
DJ-13510,Don Jones,CA-2014-111500,8/17/2014,17.96,11
DJ-13510,Don Jones,CA-2017-153339,11/3/2017,15.992,12
DJ-13510,Don Jones,CA-2014-111500,8/17/2014,12.67,13
DJ-13630,Doug Jacobs,CA-2017-115602,12/18/2017,1704.56,1
DJ-13630,Doug Jacobs,CA-2017-115602,12/18/2017,1141.938,2
DJ-13630,Doug Jacobs,CA-2015-123232,12/14/2015,319.968,3
DJ-13630,Doug Jacobs,CA-2016-164511,11/19/2016,68.6,4
DJ-13630,Doug Jacobs,CA-2016-164511,11/19/2016,64.96,5
DJ-13630,Doug Jacobs,CA-2017-115602,12/18/2017,38.82,6
DJ-13630,Doug Jacobs,CA-2016-164511,11/19/2016,14.352,7
DJ-13630,Doug Jacobs,CA-2017-115602,12/18/2017,3.2,8
DK-12835,Damala Kotsonis,CA-2017-139199,12/9/2017,872.94,1
DK-12835,Damala Kotsonis,CA-2017-167094,10/21/2017,478.48,2
DK-12835,Damala Kotsonis,US-2015-164448,10/31/2015,427.42,3
DK-12835,Damala Kotsonis,CA-2016-160941,7/21/2016,419.9,4
DK-12835,Damala Kotsonis,CA-2015-147529,2/7/2015,311.15,5
DK-12835,Damala Kotsonis,US-2014-143721,11/23/2014,155.372,6
DK-12835,Damala Kotsonis,CA-2017-149489,4/24/2017,99.28,7
DK-12835,Damala Kotsonis,US-2016-161844,12/9/2016,79.974,8
DK-12835,Damala Kotsonis,CA-2017-104388,7/5/2017,79.96,9
DK-12835,Damala Kotsonis,CA-2016-120082,3/25/2016,59.52,10
DK-12835,Damala Kotsonis,CA-2017-139199,12/9/2017,41.54,11
DK-12835,Damala Kotsonis,CA-2017-168403,9/9/2017,31.104,12
DK-12835,Damala Kotsonis,US-2015-164448,10/31/2015,29.8,13
DK-12835,Damala Kotsonis,CA-2014-141838,3/26/2014,28.784,14
DK-12835,Damala Kotsonis,CA-2017-167094,10/21/2017,28.4,15
DK-12835,Damala Kotsonis,CA-2014-141838,3/26/2014,27.936,16
DK-12835,Damala Kotsonis,US-2015-164448,10/31/2015,14.75,17
DK-12835,Damala Kotsonis,CA-2017-139199,12/9/2017,12.96,18
DK-12835,Damala Kotsonis,CA-2015-147529,2/7/2015,12.96,19
DK-12835,Damala Kotsonis,CA-2017-168403,9/9/2017,11.176,20
DK-12835,Damala Kotsonis,US-2015-164448,10/31/2015,9.728,21
DK-12835,Damala Kotsonis,CA-2017-149489,4/24/2017,7.518,22
DK-12835,Damala Kotsonis,CA-2017-167094,10/21/2017,5.184,23
DK-12835,Damala Kotsonis,CA-2014-141838,3/26/2014,3.36,24
DK-12835,Damala Kotsonis,CA-2016-160941,7/21/2016,3.15,25
DK-12835,Damala Kotsonis,US-2016-161844,12/9/2016,2.946,26
DK-12835,Damala Kotsonis,CA-2017-149489,4/24/2017,1.188,27
DK-12895,Dana Kaydos,CA-2015-105627,3/8/2015,860.93,1
DK-12895,Dana Kaydos,CA-2015-105627,3/8/2015,769.95,2
DK-12895,Dana Kaydos,CA-2015-105627,3/8/2015,512.94,3
DK-12895,Dana Kaydos,CA-2015-105627,3/8/2015,373.08,4
DK-12895,Dana Kaydos,CA-2017-108112,11/15/2017,339.136,5
DK-12895,Dana Kaydos,CA-2017-152310,8/12/2017,299.99,6
DK-12895,Dana Kaydos,CA-2017-152310,8/12/2017,242.624,7
DK-12895,Dana Kaydos,CA-2017-108112,11/15/2017,220.064,8
DK-12895,Dana Kaydos,CA-2017-152310,8/12/2017,192.16,9
DK-12895,Dana Kaydos,CA-2017-152310,8/12/2017,174.95,10
DK-12895,Dana Kaydos,CA-2015-139738,9/25/2015,128.744,11
DK-12895,Dana Kaydos,CA-2017-152310,8/12/2017,100.704,12
DK-12895,Dana Kaydos,CA-2017-152310,8/12/2017,46.74,13
DK-12895,Dana Kaydos,CA-2015-105627,3/8/2015,14.98,14
DK-12895,Dana Kaydos,CA-2017-133501,8/27/2017,5.184,15
DK-12985,Darren Koutras,CA-2014-163034,11/24/2014,646.2,1
DK-12985,Darren Koutras,CA-2015-134894,12/7/2015,283.92,2
DK-12985,Darren Koutras,CA-2015-112767,8/2/2015,277.5,3
DK-12985,Darren Koutras,CA-2017-140627,12/23/2017,218.352,4
DK-12985,Darren Koutras,CA-2015-134894,12/7/2015,152.94,5
DK-12985,Darren Koutras,CA-2017-140627,12/23/2017,72.704,6
DK-12985,Darren Koutras,US-2017-141943,5/5/2017,23.16,7
DK-12985,Darren Koutras,CA-2017-140627,12/23/2017,12.264,8
DK-13090,Dave Kipp,CA-2017-100622,11/3/2017,959.984,1
DK-13090,Dave Kipp,CA-2015-110457,3/2/2015,787.53,2
DK-13090,Dave Kipp,CA-2016-134334,2/14/2016,550.431,3
DK-13090,Dave Kipp,CA-2017-117807,10/1/2017,104.85,4
DK-13090,Dave Kipp,CA-2017-104913,11/18/2017,74.95,5
DK-13090,Dave Kipp,CA-2017-100622,11/3/2017,55.984,6
DK-13090,Dave Kipp,CA-2017-124940,2/21/2017,47.904,7
DK-13090,Dave Kipp,CA-2015-129098,10/9/2015,30.84,8
DK-13090,Dave Kipp,CA-2017-100622,11/3/2017,10.688,9
DK-13090,Dave Kipp,CA-2016-134334,2/14/2016,10.56,10
DK-13090,Dave Kipp,CA-2016-134334,2/14/2016,7.98,11
DK-13090,Dave Kipp,CA-2016-134334,2/14/2016,4.77,12
DK-13090,Dave Kipp,CA-2017-100622,11/3/2017,4.086,13
DK-13150,David Kendrick,CA-2014-166191,12/5/2014,408.744,1
DK-13150,David Kendrick,CA-2017-102197,12/20/2017,279.9,2
DK-13150,David Kendrick,CA-2017-102197,12/20/2017,50.352,3
DK-13150,David Kendrick,CA-2017-102197,12/20/2017,34.02,4
DK-13150,David Kendrick,CA-2014-166191,12/5/2014,24.816,5
DK-13225,Dean Katz,CA-2017-100650,6/29/2017,1295.78,1
DK-13225,Dean Katz,CA-2016-127138,3/12/2016,770.352,2
DK-13225,Dean Katz,CA-2016-168543,7/3/2016,706.86,3
DK-13225,Dean Katz,CA-2016-127138,3/12/2016,676.55,4
DK-13225,Dean Katz,CA-2015-122756,12/3/2015,482.34,5
DK-13225,Dean Katz,CA-2016-130288,11/26/2016,313.176,6
DK-13225,Dean Katz,CA-2015-113173,11/15/2015,250.272,7
DK-13225,Dean Katz,CA-2016-127138,3/12/2016,154.9,8
DK-13225,Dean Katz,CA-2016-127138,3/12/2016,30.56,9
DK-13225,Dean Katz,CA-2016-155481,9/1/2016,30.48,10
DK-13225,Dean Katz,CA-2016-155481,9/1/2016,23.988,11
DK-13225,Dean Katz,CA-2016-155481,9/1/2016,16.688,12
DK-13225,Dean Katz,CA-2015-113173,11/15/2015,11.364,13
DK-13225,Dean Katz,CA-2014-157623,3/14/2014,10.56,14
DK-13225,Dean Katz,CA-2015-113173,11/15/2015,8.72,15
DK-13225,Dean Katz,CA-2017-105480,12/20/2017,6.984,16
DK-13225,Dean Katz,CA-2017-105480,12/20/2017,6.48,17
DK-13225,Dean Katz,CA-2014-157623,3/14/2014,3.38,18
DK-13225,Dean Katz,CA-2015-122756,12/3/2015,2.96,19
DK-13375,Dennis Kane,US-2016-111290,7/22/2016,965.85,1
DK-13375,Dennis Kane,CA-2015-131884,12/6/2015,485.94,2
DK-13375,Dennis Kane,US-2016-139087,7/17/2016,428.4,3
DK-13375,Dennis Kane,CA-2014-100006,9/7/2014,377.97,4
DK-13375,Dennis Kane,CA-2017-133046,7/27/2017,234.95,5
DK-13375,Dennis Kane,CA-2017-166835,11/12/2017,221.024,6
DK-13375,Dennis Kane,US-2016-111290,7/22/2016,109.95,7
DK-13375,Dennis Kane,US-2016-139087,7/17/2016,87.71,8
DK-13375,Dennis Kane,CA-2015-131884,12/6/2015,70.686,9
DK-13375,Dennis Kane,US-2016-139087,7/17/2016,69.52,10
DK-13375,Dennis Kane,CA-2015-131884,12/6/2015,37.376,11
DK-13375,Dennis Kane,US-2016-111290,7/22/2016,32.4,12
DK-13375,Dennis Kane,US-2016-111290,7/22/2016,29.2,13
DK-13375,Dennis Kane,CA-2017-133046,7/27/2017,26.2,14
DK-13375,Dennis Kane,US-2016-139087,7/17/2016,24.75,15
DK-13375,Dennis Kane,CA-2015-145065,12/12/2015,24.448,16
DK-13375,Dennis Kane,CA-2017-133046,7/27/2017,23.88,17
DK-13375,Dennis Kane,US-2016-139087,7/17/2016,20.784,18
DK-13375,Dennis Kane,CA-2017-133046,7/27/2017,12.96,19
DK-13375,Dennis Kane,US-2016-139087,7/17/2016,12.816,20
DK-13375,Dennis Kane,US-2016-139087,7/17/2016,12.42,21
DK-13375,Dennis Kane,CA-2015-145065,12/12/2015,7.86,22
DK-13375,Dennis Kane,CA-2017-165099,12/11/2017,1.392,23
DL-12865,Dan Lawera,US-2016-125402,9/25/2016,483.136,1
DL-12865,Dan Lawera,US-2016-125402,9/25/2016,479.976,2
DL-12865,Dan Lawera,CA-2016-154060,5/2/2016,187.056,3
DL-12865,Dan Lawera,CA-2016-102456,2/27/2016,170.88,4
DL-12865,Dan Lawera,US-2016-125402,9/25/2016,44.736,5
DL-12865,Dan Lawera,CA-2014-165974,6/29/2014,32.76,6
DL-12865,Dan Lawera,US-2016-125402,9/25/2016,29.6,7
DL-12865,Dan Lawera,CA-2015-156524,11/20/2015,19.65,8
DL-12865,Dan Lawera,CA-2014-143182,10/15/2014,15.384,9
DL-12865,Dan Lawera,US-2017-146878,9/21/2017,12.294,10
DL-12865,Dan Lawera,US-2016-125402,9/25/2016,10.9,11
DL-12865,Dan Lawera,CA-2017-154718,1/19/2017,6.0,12
DL-12865,Dan Lawera,US-2016-125402,9/25/2016,5.76,13
DL-12865,Dan Lawera,US-2016-125402,9/25/2016,4.98,14
DL-12925,Daniel Lacy,US-2014-115196,9/9/2014,1299.99,1
DL-12925,Daniel Lacy,US-2014-137155,11/1/2014,533.94,2
DL-12925,Daniel Lacy,CA-2015-136798,5/8/2015,377.97,3
DL-12925,Daniel Lacy,CA-2015-134747,10/12/2015,263.96,4
DL-12925,Daniel Lacy,CA-2015-112571,9/22/2015,204.6,5
DL-12925,Daniel Lacy,US-2014-137155,11/1/2014,167.94,6
DL-12925,Daniel Lacy,CA-2015-134747,10/12/2015,135.72,7
DL-12925,Daniel Lacy,CA-2015-136798,5/8/2015,123.96,8
DL-12925,Daniel Lacy,CA-2017-121615,11/3/2017,52.4,9
DL-12925,Daniel Lacy,CA-2015-136798,5/8/2015,43.98,10
DL-12925,Daniel Lacy,US-2014-137155,11/1/2014,31.68,11
DL-12925,Daniel Lacy,CA-2017-121615,11/3/2017,14.94,12
DL-12925,Daniel Lacy,CA-2015-134747,10/12/2015,12.56,13
DL-12925,Daniel Lacy,CA-2017-121615,11/3/2017,8.56,14
DL-13315,Delfina Latchford,CA-2016-146941,12/10/2016,361.92,1
DL-13315,Delfina Latchford,CA-2017-145226,12/8/2017,272.94,2
DL-13315,Delfina Latchford,CA-2014-115791,1/16/2014,127.104,3
DL-13315,Delfina Latchford,CA-2014-115791,1/16/2014,124.2,4
DL-13315,Delfina Latchford,CA-2017-145226,12/8/2017,109.48,5
DL-13315,Delfina Latchford,CA-2016-149783,9/4/2016,87.168,6
DL-13315,Delfina Latchford,CA-2016-146941,12/10/2016,80.58,7
DL-13315,Delfina Latchford,CA-2014-154165,2/17/2014,54.208,8
DL-13315,Delfina Latchford,CA-2017-155159,11/25/2017,48.87,9
DL-13315,Delfina Latchford,US-2017-114034,1/3/2017,38.88,10
DL-13315,Delfina Latchford,CA-2017-145226,12/8/2017,31.92,11
DL-13315,Delfina Latchford,CA-2016-149783,9/4/2016,31.744,12
DL-13315,Delfina Latchford,CA-2014-115791,1/16/2014,30.072,13
DL-13315,Delfina Latchford,CA-2017-145226,12/8/2017,19.44,14
DL-13315,Delfina Latchford,CA-2014-115791,1/16/2014,18.588,15
DL-13315,Delfina Latchford,CA-2016-149783,9/4/2016,12.192,16
DL-13315,Delfina Latchford,CA-2014-108182,2/6/2014,8.952,17
DL-13330,Denise Leinenbach,CA-2015-109337,11/21/2015,393.54,1
DL-13330,Denise Leinenbach,CA-2015-109337,11/21/2015,83.9,2
DL-13330,Denise Leinenbach,CA-2017-143329,11/3/2017,41.37,3
DL-13330,Denise Leinenbach,US-2014-130358,6/23/2014,20.016,4
DL-13330,Denise Leinenbach,CA-2015-109337,11/21/2015,19.75,5
DL-13330,Denise Leinenbach,CA-2016-125815,10/28/2016,12.42,6
DL-13330,Denise Leinenbach,CA-2015-109337,11/21/2015,10.92,7
DL-13330,Denise Leinenbach,US-2014-130358,6/23/2014,3.104,8
DL-13495,Dionis Lloyd,US-2017-117723,8/15/2017,1801.632,1
DL-13495,Dionis Lloyd,CA-2016-127649,10/7/2016,837.6,2
DL-13495,Dionis Lloyd,CA-2016-106558,1/17/2016,316.0,3
DL-13495,Dionis Lloyd,CA-2015-153717,12/25/2015,160.98,4
DL-13495,Dionis Lloyd,CA-2017-142643,10/15/2017,152.65,5
DL-13495,Dionis Lloyd,CA-2017-144750,8/21/2017,83.88,6
DL-13495,Dionis Lloyd,CA-2015-153717,12/25/2015,73.98,7
DL-13495,Dionis Lloyd,CA-2017-151911,4/30/2017,62.96,8
DL-13495,Dionis Lloyd,CA-2017-142643,10/15/2017,22.72,9
DL-13495,Dionis Lloyd,CA-2015-153717,12/25/2015,17.34,10
DL-13495,Dionis Lloyd,CA-2016-144855,7/22/2016,6.3,11
DL-13495,Dionis Lloyd,CA-2015-153717,12/25/2015,3.28,12
DM-12955,Dario Medina,CA-2014-141649,9/30/2014,795.408,1
DM-12955,Dario Medina,CA-2015-168480,9/21/2015,194.32,2
DM-12955,Dario Medina,CA-2014-101175,12/9/2014,100.704,3
DM-12955,Dario Medina,CA-2016-163153,3/21/2016,99.372,4
DM-12955,Dario Medina,CA-2017-128769,9/7/2017,81.568,5
DM-12955,Dario Medina,CA-2015-168480,9/21/2015,25.99,6
DM-12955,Dario Medina,CA-2015-168767,4/10/2015,12.832,7
DM-12955,Dario Medina,CA-2016-106621,9/29/2016,10.496,8
DM-12955,Dario Medina,CA-2016-163153,3/21/2016,1.344,9
DM-13015,Darrin Martin,CA-2014-160766,9/14/2014,2799.96,1
DM-13015,Darrin Martin,US-2017-105389,10/23/2017,823.96,2
DM-13015,Darrin Martin,CA-2017-139717,8/24/2017,646.272,3
DM-13015,Darrin Martin,CA-2014-160766,9/14/2014,601.3,4
DM-13015,Darrin Martin,CA-2014-160766,9/14/2014,464.292,5
DM-13015,Darrin Martin,CA-2016-160500,5/5/2016,298.776,6
DM-13015,Darrin Martin,CA-2014-160766,9/14/2014,287.97,7
DM-13015,Darrin Martin,CA-2016-136231,9/5/2016,108.784,8
DM-13015,Darrin Martin,CA-2016-136231,9/5/2016,86.058,9
DM-13015,Darrin Martin,CA-2014-160766,9/14/2014,68.46,10
DM-13015,Darrin Martin,CA-2014-160766,9/14/2014,44.82,11
DM-13015,Darrin Martin,CA-2016-136231,9/5/2016,23.472,12
DM-13015,Darrin Martin,CA-2015-129392,7/8/2015,21.12,13
DM-13015,Darrin Martin,CA-2014-160766,9/14/2014,16.99,14
DM-13015,Darrin Martin,CA-2017-110429,11/3/2017,11.673,15
DM-13015,Darrin Martin,CA-2017-139717,8/24/2017,10.368,16
DM-13015,Darrin Martin,US-2017-105389,10/23/2017,10.272,17
DM-13015,Darrin Martin,CA-2016-136231,9/5/2016,10.272,18
DM-13015,Darrin Martin,CA-2016-160500,5/5/2016,6.72,19
DM-13015,Darrin Martin,US-2017-105389,10/23/2017,3.564,20
DM-13345,Denise Monton,CA-2017-157854,4/8/2017,2690.97,1
DM-13345,Denise Monton,CA-2016-114482,11/21/2016,404.94,2
DM-13345,Denise Monton,CA-2016-129861,6/17/2016,376.866,3
DM-13345,Denise Monton,CA-2015-142734,4/16/2015,127.764,4
DM-13345,Denise Monton,CA-2016-144554,11/7/2016,119.976,5
DM-13345,Denise Monton,CA-2017-108854,12/8/2017,90.48,6
DM-13345,Denise Monton,CA-2017-108854,12/8/2017,87.92,7
DM-13345,Denise Monton,CA-2017-157854,4/8/2017,56.28,8
DM-13345,Denise Monton,CA-2017-108854,12/8/2017,42.76,9
DM-13345,Denise Monton,CA-2016-114482,11/21/2016,40.46,10
DM-13345,Denise Monton,CA-2017-108854,12/8/2017,22.424,11
DM-13345,Denise Monton,CA-2014-164910,11/12/2014,7.872,12
DM-13345,Denise Monton,CA-2014-119529,11/3/2014,5.76,13
DM-13525,Don Miller,CA-2015-132465,9/11/2015,772.68,1
DM-13525,Don Miller,CA-2014-103317,7/5/2014,213.216,2
DM-13525,Don Miller,CA-2015-132465,9/11/2015,210.68,3
DM-13525,Don Miller,CA-2015-132465,9/11/2015,78.8,4
DM-13525,Don Miller,CA-2016-149195,9/5/2016,25.92,5
DM-13525,Don Miller,CA-2015-132465,9/11/2015,19.99,6
DM-13525,Don Miller,CA-2014-103317,7/5/2014,19.52,7
DM-13525,Don Miller,CA-2016-149195,9/5/2016,15.808,8
DM-13525,Don Miller,CA-2016-149195,9/5/2016,10.368,9
DM-13525,Don Miller,CA-2014-103317,7/5/2014,9.81,10
DN-13690,Duane Noonan,CA-2016-114860,12/22/2016,842.72,1
DN-13690,Duane Noonan,CA-2017-136882,5/27/2017,477.3,2
DN-13690,Duane Noonan,CA-2014-166744,9/20/2014,362.94,3
DN-13690,Duane Noonan,CA-2014-166744,9/20/2014,164.22,4
DN-13690,Duane Noonan,CA-2014-119977,10/8/2014,123.92,5
DN-13690,Duane Noonan,CA-2014-166744,9/20/2014,59.98,6
DN-13690,Duane Noonan,CA-2016-114860,12/22/2016,41.96,7
DN-13690,Duane Noonan,CA-2016-114951,6/26/2016,22.14,8
DN-13690,Duane Noonan,CA-2014-139451,10/12/2014,21.39,9
DN-13690,Duane Noonan,CA-2014-139451,10/12/2014,14.9,10
DN-13690,Duane Noonan,CA-2016-151498,4/21/2016,8.32,11
DO-13435,Denny Ordway,US-2015-168935,11/27/2015,375.4575,1
DO-13435,Denny Ordway,CA-2017-100636,6/26/2017,272.94,2
DO-13435,Denny Ordway,CA-2014-108903,10/3/2014,142.488,3
DO-13435,Denny Ordway,US-2017-100398,8/19/2017,102.72,4
DO-13435,Denny Ordway,CA-2017-102771,3/31/2017,84.95,5
DO-13435,Denny Ordway,US-2015-168935,11/27/2015,83.976,6
DO-13435,Denny Ordway,CA-2015-121272,3/29/2015,73.28,7
DO-13435,Denny Ordway,CA-2014-108903,10/3/2014,55.984,8
DO-13435,Denny Ordway,CA-2017-140760,6/2/2017,43.92,9
DO-13435,Denny Ordway,CA-2017-140760,6/2/2017,25.344,10
DO-13435,Denny Ordway,CA-2016-133144,5/16/2016,17.34,11
DO-13435,Denny Ordway,CA-2014-108903,10/3/2014,14.48,12
DO-13435,Denny Ordway,CA-2015-169299,8/24/2015,7.152,13
DO-13645,Doug O'Connell,CA-2017-118003,12/4/2017,302.94,1
DO-13645,Doug O'Connell,CA-2017-165008,9/15/2017,295.056,2
DO-13645,Doug O'Connell,CA-2017-102309,9/23/2017,199.95,3
DO-13645,Doug O'Connell,CA-2017-118003,12/4/2017,182.22,4
DO-13645,Doug O'Connell,US-2017-117450,9/4/2017,97.184,5
DO-13645,Doug O'Connell,CA-2015-126669,11/7/2015,76.64,6
DO-13645,Doug O'Connell,CA-2017-133207,11/27/2017,57.568,7
DO-13645,Doug O'Connell,CA-2017-115777,8/19/2017,19.44,8
DO-13645,Doug O'Connell,CA-2017-118003,12/4/2017,12.99,9
DO-13645,Doug O'Connell,CA-2017-102309,9/23/2017,12.96,10
DO-13645,Doug O'Connell,US-2017-117450,9/4/2017,10.368,11
DP-13000,Darren Powers,CA-2015-105347,11/24/2015,368.91,1
DP-13000,Darren Powers,CA-2014-122609,11/12/2014,127.984,2
DP-13000,Darren Powers,CA-2015-115742,4/18/2015,89.99,3
DP-13000,Darren Powers,CA-2017-142174,3/4/2017,89.568,4
DP-13000,Darren Powers,CA-2015-115742,4/18/2015,75.18,5
DP-13000,Darren Powers,CA-2017-157350,8/26/2017,64.96,6
DP-13000,Darren Powers,US-2017-154872,5/14/2017,58.17,7
DP-13000,Darren Powers,CA-2015-115742,4/18/2015,38.22,8
DP-13000,Darren Powers,CA-2014-122609,11/12/2014,25.128,9
DP-13000,Darren Powers,US-2017-154872,5/14/2017,24.784,10
DP-13000,Darren Powers,CA-2016-166618,11/14/2016,23.65,11
DP-13000,Darren Powers,CA-2014-103800,1/3/2014,16.448,12
DP-13000,Darren Powers,CA-2015-105347,11/24/2015,14.7,13
DP-13000,Darren Powers,CA-2016-166618,11/14/2016,13.98,14
DP-13000,Darren Powers,CA-2016-141180,5/15/2016,7.764,15
DP-13000,Darren Powers,CA-2015-115742,4/18/2015,6.16,16
DP-13000,Darren Powers,US-2017-154872,5/14/2017,5.04,17
DP-13105,Dave Poirier,CA-2016-162390,12/6/2016,968.744,1
DP-13105,Dave Poirier,CA-2016-162390,12/6/2016,479.984,2
DP-13105,Dave Poirier,CA-2016-162390,12/6/2016,222.352,3
DP-13105,Dave Poirier,CA-2016-159009,9/23/2016,184.752,4
DP-13105,Dave Poirier,CA-2017-102974,9/19/2017,149.95,5
DP-13105,Dave Poirier,CA-2015-132080,8/22/2015,50.112,6
DP-13105,Dave Poirier,CA-2016-152534,6/20/2016,38.88,7
DP-13105,Dave Poirier,CA-2017-155362,12/17/2017,32.56,8
DP-13105,Dave Poirier,CA-2017-102974,9/19/2017,23.32,9
DP-13105,Dave Poirier,CA-2017-163671,12/24/2017,21.312,10
DP-13105,Dave Poirier,CA-2017-102974,9/19/2017,16.74,11
DP-13105,Dave Poirier,CA-2016-159009,9/23/2016,13.216,12
DP-13105,Dave Poirier,CA-2017-141663,4/13/2017,7.92,13
DP-13105,Dave Poirier,CA-2016-152534,6/20/2016,5.16,14
DP-13165,David Philippe,CA-2014-112158,12/2/2014,883.92,1
DP-13165,David Philippe,CA-2014-112158,12/2/2014,119.96,2
DP-13165,David Philippe,CA-2014-112158,12/2/2014,46.72,3
DP-13165,David Philippe,CA-2015-112522,10/10/2015,8.016,4
DP-13390,Dennis Pardue,CA-2016-138478,10/21/2016,4535.976,1
DP-13390,Dennis Pardue,CA-2015-118423,3/24/2015,359.058,2
DP-13390,Dennis Pardue,CA-2014-107139,7/5/2014,180.96,3
DP-13390,Dennis Pardue,CA-2016-138478,10/21/2016,113.22,4
DP-13390,Dennis Pardue,CA-2015-129217,5/10/2015,70.97,5
DP-13390,Dennis Pardue,CA-2014-168592,9/8/2014,56.65,6
DP-13390,Dennis Pardue,CA-2015-129217,5/10/2015,36.784,7
DP-13390,Dennis Pardue,CA-2016-138478,10/21/2016,35.88,8
DP-13390,Dennis Pardue,CA-2017-150931,1/6/2017,33.74,9
DP-13390,Dennis Pardue,CA-2014-134621,12/21/2014,18.24,10
DP-13390,Dennis Pardue,CA-2016-138583,5/24/2016,16.656,11
DP-13390,Dennis Pardue,CA-2014-168592,9/8/2014,14.97,12
DP-13390,Dennis Pardue,CA-2014-168592,9/8/2014,4.02,13
DP-13390,Dennis Pardue,CA-2017-154466,1/1/2017,3.6,14
DR-12880,Dan Reichenbach,CA-2015-103933,9/25/2015,899.91,1
DR-12880,Dan Reichenbach,CA-2017-161956,8/27/2017,879.984,2
DR-12880,Dan Reichenbach,CA-2017-161956,8/27/2017,841.568,3
DR-12880,Dan Reichenbach,US-2015-159982,11/28/2015,647.904,4
DR-12880,Dan Reichenbach,CA-2017-143574,6/29/2017,638.82,5
DR-12880,Dan Reichenbach,US-2016-164189,3/24/2016,403.168,6
DR-12880,Dan Reichenbach,CA-2017-161956,8/27/2017,354.9,7
DR-12880,Dan Reichenbach,CA-2017-161956,8/27/2017,321.92,8
DR-12880,Dan Reichenbach,CA-2017-148810,6/26/2017,273.552,9
DR-12880,Dan Reichenbach,US-2016-127425,8/26/2016,249.95,10
DR-12880,Dan Reichenbach,CA-2017-161956,8/27/2017,230.28,11
DR-12880,Dan Reichenbach,CA-2017-161956,8/27/2017,198.46,12
DR-12880,Dan Reichenbach,CA-2017-134404,12/27/2017,164.388,13
DR-12880,Dan Reichenbach,CA-2017-161956,8/27/2017,116.28,14
DR-12880,Dan Reichenbach,US-2015-159982,11/28/2015,82.368,15
DR-12880,Dan Reichenbach,US-2015-159982,11/28/2015,53.92,16
DR-12880,Dan Reichenbach,US-2016-127425,8/26/2016,33.0,17
DR-12880,Dan Reichenbach,CA-2017-143574,6/29/2017,30.69,18
DR-12880,Dan Reichenbach,CA-2017-161956,8/27/2017,28.4,19
DR-12880,Dan Reichenbach,CA-2017-143574,6/29/2017,25.16,20
DR-12880,Dan Reichenbach,CA-2016-117282,7/14/2016,14.16,21
DR-12880,Dan Reichenbach,CA-2017-148810,6/26/2017,13.872,22
DR-12880,Dan Reichenbach,CA-2017-134404,12/27/2017,13.248,23
DR-12880,Dan Reichenbach,US-2015-159982,11/28/2015,12.132,24
DR-12940,Daniel Raglin,US-2016-140158,10/4/2016,5399.91,1
DR-12940,Daniel Raglin,CA-2015-104626,9/1/2015,1088.76,2
DR-12940,Daniel Raglin,CA-2017-160899,8/11/2017,477.51,3
DR-12940,Daniel Raglin,CA-2015-104871,3/30/2015,366.744,4
DR-12940,Daniel Raglin,CA-2014-100881,3/28/2014,302.376,5
DR-12940,Daniel Raglin,CA-2016-160241,11/29/2016,242.176,6
DR-12940,Daniel Raglin,CA-2015-104626,9/1/2015,124.36,7
DR-12940,Daniel Raglin,US-2016-140158,10/4/2016,119.1,8
DR-12940,Daniel Raglin,CA-2015-104626,9/1/2015,114.6,9
DR-12940,Daniel Raglin,CA-2015-104626,9/1/2015,60.74,10
DR-12940,Daniel Raglin,US-2016-140158,10/4/2016,30.4,11
DR-12940,Daniel Raglin,US-2015-163783,12/27/2015,12.672,12
DR-12940,Daniel Raglin,CA-2017-142671,11/10/2017,11.52,13
DS-13030,Darrin Sayre,CA-2017-131954,1/21/2017,242.94,1
DS-13030,Darrin Sayre,CA-2017-144848,4/4/2017,240.37,2
DS-13030,Darrin Sayre,US-2017-125717,9/28/2017,209.792,3
DS-13030,Darrin Sayre,CA-2017-131954,1/21/2017,179.97,4
DS-13030,Darrin Sayre,US-2017-125717,9/28/2017,147.184,5
DS-13030,Darrin Sayre,CA-2014-113271,7/9/2014,119.833,6
DS-13030,Darrin Sayre,CA-2017-144848,4/4/2017,119.02,7
DS-13030,Darrin Sayre,CA-2017-131954,1/21/2017,99.696,8
DS-13030,Darrin Sayre,CA-2017-131954,1/21/2017,84.98,9
DS-13030,Darrin Sayre,US-2017-125717,9/28/2017,76.776,10
DS-13030,Darrin Sayre,US-2017-125717,9/28/2017,54.384,11
DS-13030,Darrin Sayre,CA-2017-144848,4/4/2017,41.22,12
DS-13030,Darrin Sayre,US-2017-125717,9/28/2017,32.776,13
DS-13030,Darrin Sayre,CA-2014-113271,7/9/2014,32.4,14
DS-13030,Darrin Sayre,CA-2017-131954,1/21/2017,27.936,15
DS-13030,Darrin Sayre,CA-2017-131954,1/21/2017,18.72,16
DS-13030,Darrin Sayre,US-2017-125717,9/28/2017,14.352,17
DS-13030,Darrin Sayre,CA-2014-113271,7/9/2014,14.304,18
DS-13030,Darrin Sayre,CA-2014-113271,7/9/2014,5.56,19
DS-13180,David Smith,CA-2015-163055,8/9/2015,622.45,1
DS-13180,David Smith,CA-2015-130456,8/21/2015,586.398,2
DS-13180,David Smith,CA-2016-127243,11/28/2016,347.802,3
DS-13180,David Smith,CA-2016-127243,11/28/2016,340.182,4
DS-13180,David Smith,CA-2017-154907,3/31/2017,205.3328,5
DS-13180,David Smith,CA-2014-132983,4/28/2014,159.98,6
DS-13180,David Smith,CA-2016-146325,12/14/2016,134.8,7
DS-13180,David Smith,CA-2015-159863,9/4/2015,134.376,8
DS-13180,David Smith,CA-2016-146325,12/14/2016,81.424,9
DS-13180,David Smith,CA-2015-130456,8/21/2015,80.98,10
DS-13180,David Smith,CA-2016-119074,3/27/2016,39.92,11
DS-13180,David Smith,CA-2016-127243,11/28/2016,32.544,12
DS-13180,David Smith,CA-2016-119074,3/27/2016,32.54,13
DS-13180,David Smith,CA-2015-163055,8/9/2015,21.98,14
DS-13180,David Smith,CA-2016-119074,3/27/2016,20.24,15
DS-13180,David Smith,CA-2017-134285,12/7/2017,15.552,16
DS-13180,David Smith,CA-2016-127243,11/28/2016,12.672,17
DS-13180,David Smith,CA-2016-127243,11/28/2016,6.888,18
DS-13180,David Smith,CA-2017-134285,12/7/2017,3.552,19
DS-13180,David Smith,CA-2015-163055,8/9/2015,2.2,20
DV-13045,Darrin Van Huff,CA-2017-168389,12/11/2017,721.875,1
DV-13045,Darrin Van Huff,CA-2017-139773,12/4/2017,188.552,2
DV-13045,Darrin Van Huff,CA-2017-168389,12/11/2017,73.568,3
DV-13045,Darrin Van Huff,CA-2017-168389,12/11/2017,64.784,4
DV-13045,Darrin Van Huff,CA-2017-125745,6/30/2017,19.52,5
DV-13045,Darrin Van Huff,CA-2016-106656,9/23/2016,18.9,6
DV-13045,Darrin Van Huff,CA-2016-138688,6/12/2016,14.62,7
DV-13045,Darrin Van Huff,CA-2017-168389,12/11/2017,13.584,8
DV-13045,Darrin Van Huff,CA-2016-106656,9/23/2016,4.08,9
DV-13465,Dianna Vittorini,CA-2015-146486,11/9/2015,899.95,1
DV-13465,Dianna Vittorini,CA-2014-124646,6/22/2014,501.81,2
DV-13465,Dianna Vittorini,CA-2017-145233,12/1/2017,470.376,3
DV-13465,Dianna Vittorini,CA-2017-145233,12/1/2017,406.368,4
DV-13465,Dianna Vittorini,CA-2016-126102,9/10/2016,276.784,5
DV-13465,Dianna Vittorini,CA-2015-146486,11/9/2015,244.55,6
DV-13465,Dianna Vittorini,CA-2014-124646,6/22/2014,161.94,7
DV-13465,Dianna Vittorini,US-2017-152002,6/11/2017,122.97,8
DV-13465,Dianna Vittorini,CA-2017-145233,12/1/2017,105.584,9
DV-13465,Dianna Vittorini,CA-2015-100251,5/17/2015,55.6,10
DV-13465,Dianna Vittorini,CA-2015-100251,5/17/2015,31.5,11
DV-13465,Dianna Vittorini,CA-2017-145233,12/1/2017,31.152,12
DV-13465,Dianna Vittorini,CA-2015-146486,11/9/2015,13.98,13
DV-13465,Dianna Vittorini,CA-2015-146486,11/9/2015,12.24,14
DV-13465,Dianna Vittorini,CA-2017-145233,12/1/2017,6.783,15
DW-13195,David Wiener,US-2016-127971,11/20/2016,318.43,1
DW-13195,David Wiener,CA-2014-133158,8/19/2014,289.24,2
DW-13195,David Wiener,CA-2017-101581,10/22/2017,177.225,3
DW-13195,David Wiener,US-2016-127971,11/20/2016,122.92,4
DW-13195,David Wiener,CA-2014-133158,8/19/2014,69.456,5
DW-13195,David Wiener,CA-2014-123477,1/18/2014,64.864,6
DW-13195,David Wiener,US-2017-103226,9/22/2017,27.18,7
DW-13195,David Wiener,US-2016-127971,11/20/2016,7.068,8
DW-13195,David Wiener,CA-2014-152849,7/5/2014,4.368,9
DW-13480,Dianna Wilson,CA-2014-131926,6/1/2014,2001.86,1
DW-13480,Dianna Wilson,CA-2014-131926,6/1/2014,1503.25,2
DW-13480,Dianna Wilson,CA-2016-164399,11/12/2016,674.352,3
DW-13480,Dianna Wilson,US-2017-132297,5/27/2017,539.97,4
DW-13480,Dianna Wilson,CA-2016-164399,11/12/2016,203.976,5
DW-13480,Dianna Wilson,CA-2014-131926,6/1/2014,166.72,6
DW-13480,Dianna Wilson,US-2017-132297,5/27/2017,58.34,7
DW-13480,Dianna Wilson,CA-2014-131926,6/1/2014,47.88,8
DW-13480,Dianna Wilson,CA-2016-101938,1/7/2016,34.58,9
DW-13480,Dianna Wilson,CA-2014-131926,6/1/2014,25.92,10
DW-13480,Dianna Wilson,CA-2016-151141,8/20/2016,14.78,11
DW-13540,Don Weiss,CA-2017-132521,9/23/2017,119.96,1
DW-13540,Don Weiss,CA-2016-149902,4/1/2016,88.04,2
DW-13540,Don Weiss,CA-2017-148642,3/6/2017,63.488,3
DW-13540,Don Weiss,CA-2017-132521,9/23/2017,31.44,4
DW-13540,Don Weiss,CA-2016-128706,2/27/2016,16.192,5
DW-13540,Don Weiss,CA-2017-101210,8/25/2017,9.728,6
DW-13540,Don Weiss,CA-2017-132521,9/23/2017,6.88,7
DW-13540,Don Weiss,CA-2017-148642,3/6/2017,4.928,8
DW-13540,Don Weiss,CA-2017-101210,8/25/2017,3.424,9
DW-13585,Dorothy Wardle,CA-2015-162950,6/28/2015,482.94,1
DW-13585,Dorothy Wardle,US-2017-126060,4/14/2017,198.272,2
DW-13585,Dorothy Wardle,CA-2016-148516,8/7/2016,179.97,3
DW-13585,Dorothy Wardle,CA-2017-123134,5/2/2017,129.93,4
DW-13585,Dorothy Wardle,US-2017-164147,2/2/2017,78.304,5
DW-13585,Dorothy Wardle,US-2017-164147,2/2/2017,59.97,6
DW-13585,Dorothy Wardle,CA-2014-120432,8/24/2014,25.5,7
DW-13585,Dorothy Wardle,US-2017-164147,2/2/2017,21.456,8
DW-13585,Dorothy Wardle,CA-2015-162950,6/28/2015,15.552,9
DW-13585,Dorothy Wardle,CA-2016-165820,9/26/2016,12.96,10
Dl-13600,Dorris liebe,CA-2016-120530,4/7/2016,658.746,1
Dl-13600,Dorris liebe,CA-2014-133424,3/30/2014,44.4,2
Dl-13600,Dorris liebe,CA-2014-153150,7/1/2014,19.92,3
Dl-13600,Dorris liebe,CA-2014-133424,3/30/2014,15.84,4
Dl-13600,Dorris liebe,CA-2017-114552,9/2/2017,15.072,5
Dl-13600,Dorris liebe,US-2017-155299,6/8/2017,1.624,6
Dp-13240,Dean percer,CA-2015-169796,11/9/2015,2321.9,1
Dp-13240,Dean percer,US-2017-162558,10/2/2017,2314.116,2
Dp-13240,Dean percer,CA-2017-148404,10/7/2017,580.672,3
Dp-13240,Dean percer,CA-2014-116834,10/11/2014,345.0,4
Dp-13240,Dean percer,US-2017-132381,8/22/2017,314.532,5
Dp-13240,Dean percer,CA-2016-152072,1/15/2016,254.97,6
Dp-13240,Dean percer,CA-2017-148404,10/7/2017,222.384,7
Dp-13240,Dean percer,CA-2017-148404,10/7/2017,154.764,8
Dp-13240,Dean percer,CA-2017-169691,6/15/2017,84.55,9
Dp-13240,Dean percer,CA-2014-116834,10/11/2014,63.47,10
Dp-13240,Dean percer,CA-2017-139822,9/15/2017,59.98,11
Dp-13240,Dean percer,CA-2016-152072,1/15/2016,52.34,12
Dp-13240,Dean percer,CA-2017-148404,10/7/2017,50.454,13
Dp-13240,Dean percer,CA-2014-129574,5/26/2014,48.4,14
Dp-13240,Dean percer,CA-2017-169691,6/15/2017,44.4,15
Dp-13240,Dean percer,CA-2017-139822,9/15/2017,38.62,16
Dp-13240,Dean percer,CA-2015-139962,12/13/2015,37.88,17
Dp-13240,Dean percer,US-2017-162558,10/2/2017,34.236,18
Dp-13240,Dean percer,US-2017-162558,10/2/2017,27.36,19
Dp-13240,Dean percer,US-2017-162558,10/2/2017,20.736,20
Dp-13240,Dean percer,US-2017-162558,10/2/2017,19.76,21
Dp-13240,Dean percer,CA-2015-139962,12/13/2015,19.44,22
Dp-13240,Dean percer,CA-2017-148404,10/7/2017,18.936,23
Dp-13240,Dean percer,CA-2015-169796,11/9/2015,17.94,24
Dp-13240,Dean percer,CA-2017-169691,6/15/2017,17.94,25
Dp-13240,Dean percer,US-2017-162558,10/2/2017,11.808,26
Dp-13240,Dean percer,US-2017-162558,10/2/2017,9.656,27
Dp-13240,Dean percer,CA-2017-163692,9/7/2017,7.857,28
Dp-13240,Dean percer,CA-2016-152072,1/15/2016,4.66,29
EA-14035,Erin Ashbrook,CA-2015-158939,11/26/2015,599.99,1
EA-14035,Erin Ashbrook,CA-2016-102813,7/2/2016,528.43,2
EA-14035,Erin Ashbrook,CA-2016-164924,7/10/2016,341.991,3
EA-14035,Erin Ashbrook,CA-2015-154921,5/23/2015,186.69,4
EA-14035,Erin Ashbrook,CA-2016-104633,6/12/2016,185.88,5
EA-14035,Erin Ashbrook,CA-2014-151162,12/5/2014,179.94,6
EA-14035,Erin Ashbrook,CA-2016-121447,2/21/2016,135.8,7
EA-14035,Erin Ashbrook,CA-2014-151162,12/5/2014,98.376,8
EA-14035,Erin Ashbrook,CA-2016-108581,6/20/2016,95.968,9
EA-14035,Erin Ashbrook,CA-2016-168956,2/16/2016,92.064,10
EA-14035,Erin Ashbrook,CA-2014-114195,11/1/2014,68.704,11
EA-14035,Erin Ashbrook,CA-2016-168956,2/16/2016,62.958,12
EA-14035,Erin Ashbrook,CA-2017-121909,7/31/2017,54.816,13
EA-14035,Erin Ashbrook,CA-2016-102813,7/2/2016,41.472,14
EA-14035,Erin Ashbrook,CA-2014-151162,12/5/2014,36.738,15
EA-14035,Erin Ashbrook,CA-2014-151162,12/5/2014,29.94,16
EA-14035,Erin Ashbrook,CA-2014-114195,11/1/2014,22.428,17
EA-14035,Erin Ashbrook,US-2014-156216,9/13/2014,18.648,18
EA-14035,Erin Ashbrook,CA-2014-151162,12/5/2014,17.472,19
EA-14035,Erin Ashbrook,CA-2016-104633,6/12/2016,12.96,20
EA-14035,Erin Ashbrook,CA-2016-108581,6/20/2016,10.368,21
EA-14035,Erin Ashbrook,CA-2017-154501,4/30/2017,9.78,22
EA-14035,Erin Ashbrook,CA-2016-168956,2/16/2016,6.976,23
EA-14035,Erin Ashbrook,CA-2016-168956,2/16/2016,5.184,24
EA-14035,Erin Ashbrook,CA-2014-114195,11/1/2014,3.132,25
EB-13705,Ed Braxton,CA-2016-128223,6/14/2016,1293.488,1
EB-13705,Ed Braxton,CA-2017-147277,10/20/2017,665.408,2
EB-13705,Ed Braxton,CA-2014-100090,7/8/2014,502.488,3
EB-13705,Ed Braxton,CA-2014-129938,12/15/2014,445.802,4
EB-13705,Ed Braxton,CA-2017-147277,10/20/2017,284.364,5
EB-13705,Ed Braxton,CA-2014-100090,7/8/2014,196.704,6
EB-13705,Ed Braxton,CA-2015-128125,3/31/2015,98.376,7
EB-13705,Ed Braxton,CA-2015-104493,10/2/2015,57.504,8
EB-13705,Ed Braxton,CA-2017-107797,5/8/2017,41.472,9
EB-13705,Ed Braxton,CA-2015-128125,3/31/2015,22.38,10
EB-13705,Ed Braxton,US-2016-137547,3/7/2016,21.072,11
EB-13705,Ed Braxton,CA-2017-134978,11/12/2017,15.92,12
EB-13750,Edward Becker,CA-2015-166947,6/5/2015,1522.638,1
EB-13750,Edward Becker,CA-2017-122707,4/16/2017,477.24,2
EB-13750,Edward Becker,CA-2017-161739,11/10/2017,341.96,3
EB-13750,Edward Becker,CA-2016-145548,11/11/2016,245.646,4
EB-13750,Edward Becker,CA-2016-166380,5/30/2016,111.98,5
EB-13750,Edward Becker,CA-2016-145548,11/11/2016,92.94,6
EB-13750,Edward Becker,US-2016-147340,9/24/2016,63.2,7
EB-13750,Edward Becker,CA-2016-145548,11/11/2016,55.008,8
EB-13750,Edward Becker,CA-2017-161459,11/25/2017,39.96,9
EB-13750,Edward Becker,CA-2016-145548,11/11/2016,36.0,10
EB-13750,Edward Becker,CA-2016-126809,4/9/2016,35.352,11
EB-13750,Edward Becker,CA-2016-145548,11/11/2016,35.232,12
EB-13750,Edward Becker,CA-2017-161459,11/25/2017,34.08,13
EB-13750,Edward Becker,CA-2015-128083,3/12/2015,30.88,14
EB-13750,Edward Becker,CA-2016-145548,11/11/2016,28.14,15
EB-13750,Edward Becker,CA-2016-166380,5/30/2016,26.55,16
EB-13750,Edward Becker,CA-2017-122707,4/16/2017,25.98,17
EB-13750,Edward Becker,CA-2016-137652,8/28/2016,18.432,18
EB-13750,Edward Becker,CA-2015-128083,3/12/2015,8.688,19
EB-13750,Edward Becker,CA-2015-128083,3/12/2015,6.408,20
EB-13840,Ellis Ballard,CA-2015-164301,3/26/2015,3393.68,1
EB-13840,Ellis Ballard,CA-2017-156951,10/1/2017,451.152,2
EB-13840,Ellis Ballard,CA-2016-139885,12/4/2016,212.88,3
EB-13840,Ellis Ballard,US-2014-102631,12/13/2014,94.428,4
EB-13840,Ellis Ballard,CA-2017-156951,10/1/2017,91.84,5
EB-13840,Ellis Ballard,CA-2017-156951,10/1/2017,81.088,6
EB-13840,Ellis Ballard,CA-2017-156951,10/1/2017,19.44,7
EB-13840,Ellis Ballard,CA-2014-146885,5/30/2014,13.62,8
EB-13870,Emily Burns,CA-2015-106320,9/25/2015,1044.63,1
EB-13870,Emily Burns,CA-2016-144939,10/3/2016,599.292,2
EB-13870,Emily Burns,CA-2017-148999,1/30/2017,419.136,3
EB-13870,Emily Burns,US-2014-126340,11/8/2014,333.576,4
EB-13870,Emily Burns,CA-2014-110219,5/5/2014,127.869,5
EB-13870,Emily Burns,US-2015-110569,5/23/2015,121.792,6
EB-13870,Emily Burns,CA-2017-130967,3/10/2017,53.982,7
EB-13870,Emily Burns,CA-2016-159989,12/9/2016,40.68,8
EB-13870,Emily Burns,US-2015-110569,5/23/2015,19.194,9
EB-13870,Emily Burns,CA-2015-153626,7/9/2015,5.16,10
EB-13870,Emily Burns,CA-2017-169817,9/21/2017,1.908,11
EB-13930,Eric Barreto,US-2017-106551,7/22/2017,526.344,1
EB-13930,Eric Barreto,CA-2014-123400,2/2/2014,180.96,2
EB-13930,Eric Barreto,CA-2016-122728,5/18/2016,104.28,3
EB-13930,Eric Barreto,CA-2016-101448,2/27/2016,56.82,4
EB-13930,Eric Barreto,US-2016-116400,10/22/2016,39.92,5
EB-13930,Eric Barreto,CA-2014-123400,2/2/2014,18.336,6
EB-13930,Eric Barreto,CA-2016-122728,5/18/2016,17.94,7
EB-13975,Erica Bern,US-2016-164630,1/4/2016,959.968,1
EB-13975,Erica Bern,CA-2016-135461,2/7/2016,623.96,2
EB-13975,Erica Bern,CA-2017-115427,12/30/2017,20.72,3
EB-13975,Erica Bern,US-2016-150357,10/10/2016,20.608,4
EB-13975,Erica Bern,CA-2017-115427,12/30/2017,13.904,5
EB-13975,Erica Bern,US-2016-150357,10/10/2016,4.095,6
EB-14110,Eugene Barchas,CA-2016-121370,11/14/2016,1199.976,1
EB-14110,Eugene Barchas,CA-2015-106257,4/13/2015,479.92,2
EB-14110,Eugene Barchas,CA-2016-121370,11/14/2016,380.058,3
EB-14110,Eugene Barchas,CA-2016-116561,9/11/2016,332.94,4
EB-14110,Eugene Barchas,CA-2017-149895,9/8/2017,258.528,5
EB-14110,Eugene Barchas,CA-2015-106257,4/13/2015,241.568,6
EB-14110,Eugene Barchas,CA-2015-111612,11/28/2015,71.12,7
EB-14110,Eugene Barchas,CA-2016-121370,11/14/2016,48.576,8
EB-14110,Eugene Barchas,CA-2016-116561,9/11/2016,39.872,9
EB-14110,Eugene Barchas,US-2015-153283,11/12/2015,15.56,10
EB-14110,Eugene Barchas,CA-2015-111612,11/28/2015,3.008,11
EB-14170,Evan Bailliet,CA-2014-111962,9/29/2014,807.75,1
EB-14170,Evan Bailliet,CA-2015-142930,11/28/2015,335.52,2
EB-14170,Evan Bailliet,CA-2016-143441,11/5/2016,11.84,3
EB-14170,Evan Bailliet,CA-2017-162635,10/9/2017,10.816,4
EB-14170,Evan Bailliet,CA-2014-111962,9/29/2014,10.048,5
EB-14170,Evan Bailliet,CA-2014-103086,10/17/2014,5.312,6
EB-14170,Evan Bailliet,CA-2015-148705,3/12/2015,5.04,7
EC-14050,Erin Creighton,US-2016-169369,12/12/2016,249.95,1
EC-14050,Erin Creighton,CA-2017-161102,7/31/2017,56.56,2
EC-14050,Erin Creighton,US-2016-169369,12/12/2016,49.12,3
EC-14050,Erin Creighton,CA-2017-163188,11/7/2017,38.16,4
EC-14050,Erin Creighton,CA-2017-161102,7/31/2017,36.96,5
EC-14050,Erin Creighton,US-2017-140074,3/23/2017,25.68,6
EC-14050,Erin Creighton,CA-2014-139633,12/17/2014,5.484,7
ED-13885,Emily Ducich,CA-2015-160227,11/2/2015,2621.322,1
ED-13885,Emily Ducich,CA-2016-118311,10/24/2016,450.0,2
ED-13885,Emily Ducich,CA-2015-137071,12/20/2015,100.8,3
ED-13885,Emily Ducich,CA-2017-133102,8/17/2017,74.592,4
ED-13885,Emily Ducich,CA-2016-149916,12/22/2016,55.36,5
ED-13885,Emily Ducich,CA-2017-134838,2/19/2017,44.67,6
ED-13885,Emily Ducich,CA-2017-133102,8/17/2017,38.864,7
ED-13885,Emily Ducich,CA-2014-110352,11/23/2014,23.68,8
ED-13885,Emily Ducich,CA-2014-110527,8/9/2014,20.88,9
ED-13885,Emily Ducich,CA-2017-133102,8/17/2017,16.784,10
ED-13885,Emily Ducich,CA-2017-134838,2/19/2017,12.84,11
ED-13885,Emily Ducich,CA-2016-149916,12/22/2016,11.56,12
ED-13885,Emily Ducich,CA-2017-133102,8/17/2017,8.016,13
ED-13885,Emily Ducich,CA-2017-133102,8/17/2017,5.552,14
EG-13900,Emily Grady,US-2016-150861,12/3/2016,542.646,1
EG-13900,Emily Grady,US-2016-150861,12/3/2016,400.032,2
EG-13900,Emily Grady,CA-2017-141719,11/17/2017,239.96,3
EG-13900,Emily Grady,US-2017-167570,12/8/2017,215.544,4
EG-13900,Emily Grady,CA-2015-138625,11/2/2015,197.72,5
EG-13900,Emily Grady,US-2016-150861,12/3/2016,182.72,6
EG-13900,Emily Grady,US-2016-150861,12/3/2016,33.63,7
EG-13900,Emily Grady,CA-2017-114524,3/31/2017,13.468,8
EG-13900,Emily Grady,US-2016-150861,12/3/2016,6.3,9
EH-13765,Edward Hooks,CA-2016-136301,3/13/2016,4912.59,1
EH-13765,Edward Hooks,CA-2016-135776,12/23/2016,1117.92,2
EH-13765,Edward Hooks,US-2017-111423,8/17/2017,895.92,3
EH-13765,Edward Hooks,CA-2016-100944,9/24/2016,563.24,4
EH-13765,Edward Hooks,US-2017-111423,8/17/2017,462.564,5
EH-13765,Edward Hooks,US-2015-147242,9/10/2015,361.96,6
EH-13765,Edward Hooks,CA-2016-100944,9/24/2016,304.9,7
EH-13765,Edward Hooks,US-2015-147242,9/10/2015,278.82,8
EH-13765,Edward Hooks,CA-2016-135776,12/23/2016,227.28,9
EH-13765,Edward Hooks,CA-2016-158155,5/2/2016,214.7,10
EH-13765,Edward Hooks,CA-2014-138450,10/18/2014,186.912,11
EH-13765,Edward Hooks,CA-2016-153836,10/30/2016,114.95,12
EH-13765,Edward Hooks,CA-2016-158155,5/2/2016,90.48,13
EH-13765,Edward Hooks,US-2015-147242,9/10/2015,61.96,14
EH-13765,Edward Hooks,CA-2016-135776,12/23/2016,61.96,15
EH-13765,Edward Hooks,CA-2016-155565,5/28/2016,54.9,16
EH-13765,Edward Hooks,CA-2014-138450,10/18/2014,52.512,17
EH-13765,Edward Hooks,US-2016-119046,6/2/2016,51.648,18
EH-13765,Edward Hooks,CA-2016-135776,12/23/2016,47.9,19
EH-13765,Edward Hooks,CA-2014-142979,4/12/2014,39.68,20
EH-13765,Edward Hooks,CA-2016-135776,12/23/2016,37.94,21
EH-13765,Edward Hooks,US-2016-119046,6/2/2016,30.18,22
EH-13765,Edward Hooks,CA-2016-153836,10/30/2016,28.752,23
EH-13765,Edward Hooks,CA-2016-136301,3/13/2016,28.28,24
EH-13765,Edward Hooks,CA-2017-152499,1/22/2017,15.12,25
EH-13765,Edward Hooks,CA-2016-158155,5/2/2016,13.08,26
EH-13765,Edward Hooks,CA-2016-158155,5/2/2016,12.56,27
EH-13765,Edward Hooks,US-2016-119046,6/2/2016,11.232,28
EH-13765,Edward Hooks,CA-2014-138450,10/18/2014,10.048,29
EH-13765,Edward Hooks,CA-2016-135776,12/23/2016,8.82,30
EH-13765,Edward Hooks,CA-2017-152499,1/22/2017,7.872,31
EH-13765,Edward Hooks,CA-2016-135776,12/23/2016,4.2,32
EH-13945,Eric Hoffmann,US-2016-110156,11/19/2016,100.704,1
EH-13945,Eric Hoffmann,CA-2016-121755,1/16/2016,90.57,2
EH-13945,Eric Hoffmann,US-2016-158288,11/26/2016,78.759,3
EH-13945,Eric Hoffmann,CA-2014-107594,7/2/2014,73.98,4
EH-13945,Eric Hoffmann,US-2016-110156,11/19/2016,71.96,5
EH-13945,Eric Hoffmann,CA-2017-153080,5/22/2017,68.46,6
EH-13945,Eric Hoffmann,US-2016-110156,11/19/2016,58.368,7
EH-13945,Eric Hoffmann,US-2016-110156,11/19/2016,40.968,8
EH-13945,Eric Hoffmann,CA-2015-114048,12/14/2015,29.22,9
EH-13945,Eric Hoffmann,CA-2017-160458,5/27/2017,25.92,10
EH-13945,Eric Hoffmann,CA-2016-121755,1/16/2016,11.648,11
EH-13945,Eric Hoffmann,US-2016-110156,11/19/2016,10.78,12
EH-13945,Eric Hoffmann,US-2016-110156,11/19/2016,10.368,13
EH-13945,Eric Hoffmann,CA-2014-107594,7/2/2014,5.58,14
EH-13945,Eric Hoffmann,CA-2015-149384,7/10/2015,3.366,15
EH-13945,Eric Hoffmann,US-2016-110156,11/19/2016,2.328,16
EH-13945,Eric Hoffmann,US-2016-110156,11/19/2016,1.192,17
EH-13990,Erica Hackney,CA-2016-124100,3/31/2016,327.996,1
EH-13990,Erica Hackney,CA-2016-107790,11/20/2016,151.192,2
EH-13990,Erica Hackney,CA-2014-103366,1/15/2014,149.95,3
EH-13990,Erica Hackney,CA-2014-102295,11/24/2014,120.712,4
EH-13990,Erica Hackney,CA-2015-156510,9/25/2015,45.68,5
EH-13990,Erica Hackney,CA-2014-138513,5/23/2014,12.96,6
EH-13990,Erica Hackney,CA-2015-156510,9/25/2015,10.76,7
EH-13990,Erica Hackney,CA-2015-156510,9/25/2015,6.7,8
EH-14005,Erica Hernandez,CA-2014-140165,5/13/2014,398.352,1
EH-14005,Erica Hernandez,CA-2017-167381,9/22/2017,241.96,2
EH-14005,Erica Hernandez,CA-2014-154592,12/7/2014,164.88,3
EH-14005,Erica Hernandez,CA-2017-133095,6/4/2017,108.08,4
EH-14005,Erica Hernandez,CA-2017-144862,12/1/2017,104.68,5
EH-14005,Erica Hernandez,CA-2017-127516,12/28/2017,64.784,6
EH-14005,Erica Hernandez,CA-2017-144862,12/1/2017,62.958,7
EH-14005,Erica Hernandez,CA-2016-152814,4/28/2016,29.472,8
EH-14005,Erica Hernandez,CA-2017-167381,9/22/2017,27.72,9
EH-14005,Erica Hernandez,CA-2017-133095,6/4/2017,9.54,10
EH-14005,Erica Hernandez,CA-2014-140165,5/13/2014,7.104,11
EH-14125,Eugene Hildebrand,US-2015-154389,11/27/2015,748.752,1
EH-14125,Eugene Hildebrand,US-2016-156097,9/19/2016,701.372,2
EH-14125,Eugene Hildebrand,CA-2017-124744,6/21/2017,447.84,3
EH-14125,Eugene Hildebrand,CA-2014-100867,10/19/2014,321.552,4
EH-14125,Eugene Hildebrand,CA-2016-136126,5/24/2016,191.6,5
EH-14125,Eugene Hildebrand,CA-2015-134201,4/10/2015,142.04,6
EH-14125,Eugene Hildebrand,CA-2016-104969,4/8/2016,121.104,7
EH-14125,Eugene Hildebrand,CA-2017-112725,1/30/2017,120.784,8
EH-14125,Eugene Hildebrand,CA-2017-124744,6/21/2017,82.4,9
EH-14125,Eugene Hildebrand,CA-2016-136126,5/24/2016,69.5,10
EH-14125,Eugene Hildebrand,CA-2017-125752,7/31/2017,41.424,11
EH-14125,Eugene Hildebrand,CA-2016-146010,5/20/2016,40.635,12
EH-14125,Eugene Hildebrand,CA-2015-134201,4/10/2015,14.67,13
EH-14125,Eugene Hildebrand,CA-2017-112725,1/30/2017,12.74,14
EH-14125,Eugene Hildebrand,CA-2016-104969,4/8/2016,8.872,15
EH-14125,Eugene Hildebrand,CA-2017-112725,1/30/2017,8.82,16
EH-14125,Eugene Hildebrand,CA-2017-124744,6/21/2017,6.24,17
EH-14125,Eugene Hildebrand,US-2016-156097,9/19/2016,2.308,18
EH-14185,Evan Henry,CA-2016-167115,4/4/2016,588.784,1
EH-14185,Evan Henry,CA-2014-143840,5/22/2014,135.98,2
EH-14185,Evan Henry,CA-2016-160486,12/30/2016,72.224,3
EH-14185,Evan Henry,CA-2014-143840,5/22/2014,44.95,4
EH-14185,Evan Henry,CA-2014-139542,10/25/2014,40.776,5
EH-14185,Evan Henry,CA-2017-112984,9/16/2017,20.544,6
EH-14185,Evan Henry,CA-2014-139542,10/25/2014,13.698,7
EH-14185,Evan Henry,CA-2014-105340,11/22/2014,6.928,8
EJ-13720,Ed Jacobs,CA-2017-123085,3/3/2017,1049.44,1
EJ-13720,Ed Jacobs,CA-2015-169656,8/13/2015,422.856,2
EJ-13720,Ed Jacobs,US-2014-117163,1/27/2014,333.0,3
EJ-13720,Ed Jacobs,CA-2017-123085,3/3/2017,170.352,4
EJ-13720,Ed Jacobs,US-2014-117163,1/27/2014,57.23,5
EJ-13720,Ed Jacobs,CA-2014-108273,12/16/2014,56.568,6
EJ-13720,Ed Jacobs,US-2014-117163,1/27/2014,36.44,7
EJ-13720,Ed Jacobs,CA-2014-108273,12/16/2014,36.288,8
EJ-14155,Eva Jacobs,CA-2016-142594,12/1/2016,901.95,1
EJ-14155,Eva Jacobs,CA-2014-105648,3/3/2014,626.352,2
EJ-14155,Eva Jacobs,CA-2017-147410,9/4/2017,421.1,3
EJ-14155,Eva Jacobs,CA-2016-142594,12/1/2016,366.009,4
EJ-14155,Eva Jacobs,CA-2016-142594,12/1/2016,137.94,5
EJ-14155,Eva Jacobs,CA-2016-142594,12/1/2016,111.15,6
EJ-14155,Eva Jacobs,CA-2017-133641,5/14/2017,48.69,7
EJ-14155,Eva Jacobs,US-2017-110989,11/3/2017,43.5,8
EK-13795,Eileen Kiefer,CA-2014-111871,3/18/2014,1198.33,1
EK-13795,Eileen Kiefer,CA-2015-154340,11/29/2015,56.3,2
EK-13795,Eileen Kiefer,CA-2015-109113,12/19/2015,25.488,3
EK-13795,Eileen Kiefer,CA-2017-108091,11/16/2017,23.36,4
EL-13735,Ed Ludwig,CA-2016-113061,4/22/2016,86.62,1
EL-13735,Ed Ludwig,CA-2017-150707,10/14/2017,37.66,2
EM-13810,Eleni McCrary,CA-2015-113404,7/16/2015,1348.704,1
EM-13810,Eleni McCrary,CA-2015-113404,7/16/2015,700.152,2
EM-13810,Eleni McCrary,CA-2015-139584,8/24/2015,284.364,3
EM-13810,Eleni McCrary,CA-2016-158358,3/4/2016,159.98,4
EM-13810,Eleni McCrary,CA-2017-137344,8/20/2017,40.29,5
EM-13810,Eleni McCrary,CA-2015-139584,8/24/2015,26.0,6
EM-13810,Eleni McCrary,CA-2015-142041,6/7/2015,7.52,7
EM-13825,Elizabeth Moffitt,CA-2017-114258,11/5/2017,492.768,1
EM-13825,Elizabeth Moffitt,CA-2017-122035,7/20/2017,416.32,2
EM-13825,Elizabeth Moffitt,CA-2017-122035,7/20/2017,389.97,3
EM-13825,Elizabeth Moffitt,CA-2015-149748,5/31/2015,274.8,4
EM-13825,Elizabeth Moffitt,CA-2017-122035,7/20/2017,182.94,5
EM-13825,Elizabeth Moffitt,CA-2015-109603,1/26/2015,182.72,6
EM-13825,Elizabeth Moffitt,US-2017-128398,5/2/2017,159.56,7
EM-13825,Elizabeth Moffitt,CA-2015-149748,5/31/2015,62.18,8
EM-13825,Elizabeth Moffitt,CA-2017-122035,7/20/2017,60.83,9
EM-13825,Elizabeth Moffitt,CA-2017-122035,7/20/2017,43.0,10
EM-13825,Elizabeth Moffitt,CA-2016-136595,9/5/2016,21.204,11
EM-13825,Elizabeth Moffitt,CA-2014-103807,12/2/2014,15.24,12
EM-13825,Elizabeth Moffitt,CA-2017-122035,7/20/2017,14.62,13
EM-13825,Elizabeth Moffitt,CA-2016-116764,8/27/2016,9.216,14
EM-13825,Elizabeth Moffitt,CA-2015-149748,5/31/2015,8.28,15
EM-13825,Elizabeth Moffitt,CA-2014-103807,12/2/2014,5.95,16
EM-13960,Eric Murdock,CA-2015-156566,10/1/2015,572.8,1
EM-13960,Eric Murdock,CA-2017-168942,8/1/2017,186.54,2
EM-13960,Eric Murdock,CA-2015-148873,10/1/2015,108.768,3
EM-13960,Eric Murdock,CA-2015-119697,12/28/2015,54.384,4
EM-13960,Eric Murdock,CA-2015-129042,12/12/2015,8.22,5
EM-13960,Eric Murdock,CA-2015-148873,10/1/2015,2.992,6
EM-14065,Erin Mull,CA-2014-127691,7/22/2014,159.98,1
EM-14065,Erin Mull,CA-2017-149720,6/4/2017,30.336,2
EM-14065,Erin Mull,CA-2016-155670,8/13/2016,11.232,3
EM-14065,Erin Mull,CA-2017-133620,11/13/2017,11.21,4
EM-14065,Erin Mull,CA-2016-155670,8/13/2016,10.272,5
EM-14065,Erin Mull,CA-2014-127691,7/22/2014,5.96,6
EM-14095,Eudokia Martin,CA-2015-163237,8/7/2015,494.97,1
EM-14095,Eudokia Martin,US-2015-159499,11/21/2015,325.632,2
EM-14095,Eudokia Martin,CA-2017-132437,9/8/2017,65.12,3
EM-14095,Eudokia Martin,CA-2016-161669,11/7/2016,37.44,4
EM-14095,Eudokia Martin,CA-2016-161669,11/7/2016,26.976,5
EM-14095,Eudokia Martin,CA-2015-163237,8/7/2015,25.06,6
EM-14095,Eudokia Martin,US-2015-159499,11/21/2015,23.344,7
EM-14095,Eudokia Martin,US-2015-159499,11/21/2015,16.52,8
EM-14095,Eudokia Martin,CA-2016-161669,11/7/2016,14.62,9
EM-14095,Eudokia Martin,CA-2016-161669,11/7/2016,11.36,10
EM-14140,Eugene Moren,CA-2016-139997,7/1/2016,1499.95,1
EM-14140,Eugene Moren,CA-2017-134915,11/12/2017,671.984,2
EM-14140,Eugene Moren,CA-2016-152730,5/30/2016,629.1,3
EM-14140,Eugene Moren,CA-2015-146255,3/7/2015,587.97,4
EM-14140,Eugene Moren,CA-2016-152730,5/30/2016,364.74,5
EM-14140,Eugene Moren,CA-2016-152730,5/30/2016,125.99,6
EM-14140,Eugene Moren,CA-2015-146255,3/7/2015,119.85,7
EM-14140,Eugene Moren,CA-2017-134915,11/12/2017,113.888,8
EM-14140,Eugene Moren,CA-2017-134915,11/12/2017,113.568,9
EM-14140,Eugene Moren,CA-2015-146255,3/7/2015,69.28,10
EM-14140,Eugene Moren,CA-2016-152730,5/30/2016,49.76,11
EM-14140,Eugene Moren,CA-2016-152730,5/30/2016,47.4,12
EM-14140,Eugene Moren,CA-2016-152730,5/30/2016,45.36,13
EM-14140,Eugene Moren,CA-2017-134915,11/12/2017,41.6,14
EM-14140,Eugene Moren,CA-2015-146255,3/7/2015,30.44,15
EM-14140,Eugene Moren,CA-2017-134915,11/12/2017,23.12,16
EM-14140,Eugene Moren,US-2016-131058,12/27/2016,20.16,17
EM-14140,Eugene Moren,CA-2016-152730,5/30/2016,14.7,18
EM-14140,Eugene Moren,CA-2017-134915,11/12/2017,7.92,19
EM-14140,Eugene Moren,CA-2014-168158,7/19/2014,6.096,20
EM-14140,Eugene Moren,CA-2016-152730,5/30/2016,5.56,21
EM-14200,Evan Minnotte,CA-2017-167549,7/25/2017,298.116,1
EM-14200,Evan Minnotte,CA-2017-162033,3/26/2017,53.25,2
EM-14200,Evan Minnotte,CA-2015-141754,12/20/2015,11.696,3
EM-14200,Evan Minnotte,CA-2017-162033,3/26/2017,3.76,4
EN-13780,Edward Nazzal,CA-2016-165848,6/4/2016,1349.85,1
EN-13780,Edward Nazzal,CA-2015-103177,5/30/2015,239.97,2
EN-13780,Edward Nazzal,CA-2015-103177,5/30/2015,160.32,3
EN-13780,Edward Nazzal,CA-2016-165848,6/4/2016,136.784,4
EN-13780,Edward Nazzal,CA-2015-103177,5/30/2015,128.85,5
EN-13780,Edward Nazzal,CA-2016-126284,9/20/2016,83.7,6
EN-13780,Edward Nazzal,CA-2016-165848,6/4/2016,61.12,7
EN-13780,Edward Nazzal,CA-2017-160087,3/18/2017,23.832,8
EN-13780,Edward Nazzal,CA-2016-165848,6/4/2016,14.94,9
EP-13915,Emily Phan,US-2016-131611,11/5/2016,956.6648,1
EP-13915,Emily Phan,US-2016-131611,11/5/2016,863.128,2
EP-13915,Emily Phan,CA-2015-163587,3/14/2015,671.94,3
EP-13915,Emily Phan,CA-2014-134278,7/6/2014,559.992,4
EP-13915,Emily Phan,CA-2017-149888,11/7/2017,359.97,5
EP-13915,Emily Phan,CA-2017-149888,11/7/2017,350.352,6
EP-13915,Emily Phan,US-2016-159856,10/18/2016,307.92,7
EP-13915,Emily Phan,CA-2017-122770,12/13/2017,201.04,8
EP-13915,Emily Phan,CA-2017-157483,11/11/2017,181.86,9
EP-13915,Emily Phan,CA-2017-111815,3/3/2017,180.98,10
EP-13915,Emily Phan,US-2016-131611,11/5/2016,171.96,11
EP-13915,Emily Phan,CA-2015-123330,6/21/2015,107.976,12
EP-13915,Emily Phan,CA-2017-111815,3/3/2017,99.98,13
EP-13915,Emily Phan,CA-2017-131303,11/28/2017,62.65,14
EP-13915,Emily Phan,US-2016-119298,11/25/2016,59.98,15
EP-13915,Emily Phan,US-2017-165953,12/31/2016,47.616,16
EP-13915,Emily Phan,US-2017-122637,9/3/2017,42.616,17
EP-13915,Emily Phan,CA-2017-122770,12/13/2017,38.88,18
EP-13915,Emily Phan,CA-2016-140641,10/28/2016,38.19,19
EP-13915,Emily Phan,CA-2017-102099,12/18/2017,32.4,20
EP-13915,Emily Phan,CA-2016-113390,10/11/2016,27.72,21
EP-13915,Emily Phan,US-2017-165953,12/31/2016,23.48,22
EP-13915,Emily Phan,CA-2015-163587,3/14/2015,16.52,23
EP-13915,Emily Phan,CA-2017-102099,12/18/2017,12.96,24
EP-13915,Emily Phan,CA-2017-122770,12/13/2017,12.96,25
EP-13915,Emily Phan,US-2016-131611,11/5/2016,12.588,26
EP-13915,Emily Phan,US-2017-125808,11/12/2017,11.56,27
EP-13915,Emily Phan,CA-2017-122770,12/13/2017,8.64,28
EP-13915,Emily Phan,CA-2017-102099,12/18/2017,6.63,29
EP-13915,Emily Phan,CA-2016-113390,10/11/2016,5.344,30
EP-13915,Emily Phan,US-2016-131611,11/5/2016,3.564,31
ER-13855,Elpida Rittenbach,CA-2016-162236,11/4/2016,876.3,1
ER-13855,Elpida Rittenbach,CA-2016-162236,11/4/2016,185.376,2
ER-13855,Elpida Rittenbach,CA-2016-149223,9/6/2016,77.88,3
ER-13855,Elpida Rittenbach,CA-2015-127019,12/21/2015,60.984,4
ER-13855,Elpida Rittenbach,CA-2016-162236,11/4/2016,45.248,5
ES-14020,Erica Smith,US-2017-163300,9/15/2017,2357.488,1
ES-14020,Erica Smith,US-2017-163300,9/15/2017,369.544,2
ES-14020,Erica Smith,CA-2016-127775,6/11/2016,239.97,3
ES-14020,Erica Smith,CA-2017-103499,11/20/2017,209.568,4
ES-14020,Erica Smith,US-2017-163300,9/15/2017,184.752,5
ES-14020,Erica Smith,CA-2015-142433,4/20/2015,117.456,6
ES-14020,Erica Smith,CA-2014-156433,9/20/2014,21.72,7
ES-14020,Erica Smith,CA-2014-156433,9/20/2014,9.96,8
ES-14080,Erin Smith,CA-2017-127397,2/24/2017,1319.8,1
ES-14080,Erin Smith,CA-2016-108056,9/29/2016,859.2,2
ES-14080,Erin Smith,CA-2015-104129,2/27/2015,493.92,3
ES-14080,Erin Smith,CA-2016-134936,12/19/2016,455.97,4
ES-14080,Erin Smith,CA-2016-136924,7/14/2016,380.864,5
ES-14080,Erin Smith,CA-2014-108189,10/2/2014,318.4,6
ES-14080,Erin Smith,CA-2014-108189,10/2/2014,230.376,7
ES-14080,Erin Smith,CA-2017-157469,12/2/2017,151.188,8
ES-14080,Erin Smith,CA-2017-127397,2/24/2017,123.92,9
ES-14080,Erin Smith,CA-2015-104129,2/27/2015,105.98,10
ES-14080,Erin Smith,CA-2017-139619,9/19/2017,95.616,11
ES-14080,Erin Smith,CA-2016-154998,4/7/2016,37.94,12
ES-14080,Erin Smith,CA-2017-157469,12/2/2017,19.728,13
ES-14080,Erin Smith,CA-2014-108189,10/2/2014,15.36,14
ES-14080,Erin Smith,CA-2014-108189,10/2/2014,12.768,15
ES-14080,Erin Smith,CA-2016-134936,12/19/2016,10.44,16
ES-14080,Erin Smith,CA-2014-108189,10/2/2014,9.408,17
ES-14080,Erin Smith,CA-2014-108189,10/2/2014,7.16,18
ES-14080,Erin Smith,CA-2016-134936,12/19/2016,5.214,19
ES-14080,Erin Smith,CA-2014-108189,10/2/2014,4.672,20
FA-14230,Frank Atkinson,CA-2017-122364,9/24/2017,859.2,1
FA-14230,Frank Atkinson,CA-2017-122364,9/24/2017,506.28,2
FA-14230,Frank Atkinson,US-2015-131359,10/30/2015,439.992,3
FA-14230,Frank Atkinson,CA-2016-113845,11/20/2016,289.568,4
FA-14230,Frank Atkinson,CA-2016-113845,11/20/2016,244.768,5
FA-14230,Frank Atkinson,CA-2015-140718,7/2/2015,159.84,6
FA-14230,Frank Atkinson,CA-2015-108672,9/10/2015,106.68,7
FA-14230,Frank Atkinson,US-2015-131359,10/30/2015,87.96,8
FA-14230,Frank Atkinson,CA-2015-140718,7/2/2015,74.24,9
FA-14230,Frank Atkinson,US-2015-131359,10/30/2015,59.994,10
FA-14230,Frank Atkinson,CA-2015-135391,2/9/2015,40.784,11
FA-14230,Frank Atkinson,CA-2015-135391,2/9/2015,40.096,12
FA-14230,Frank Atkinson,CA-2016-113845,11/20/2016,39.72,13
FA-14230,Frank Atkinson,US-2015-131359,10/30/2015,15.488,14
FA-14230,Frank Atkinson,CA-2015-140718,7/2/2015,9.392,15
FA-14230,Frank Atkinson,CA-2014-156601,9/19/2014,7.16,16
FA-14230,Frank Atkinson,CA-2015-140718,7/2/2015,2.892,17
FC-14245,Frank Carlisle,CA-2016-147256,10/17/2016,1927.59,1
FC-14245,Frank Carlisle,CA-2016-147256,10/17/2016,449.97,2
FC-14245,Frank Carlisle,CA-2017-167640,3/6/2017,286.93,3
FC-14245,Frank Carlisle,CA-2017-167640,3/6/2017,206.384,4
FC-14245,Frank Carlisle,CA-2017-117422,10/21/2017,161.568,5
FC-14245,Frank Carlisle,CA-2017-144456,9/8/2017,158.376,6
FC-14245,Frank Carlisle,CA-2017-144456,9/8/2017,61.68,7
FC-14245,Frank Carlisle,CA-2015-149517,9/19/2015,60.84,8
FC-14245,Frank Carlisle,CA-2015-115693,12/10/2015,56.3,9
FC-14245,Frank Carlisle,CA-2017-167640,3/6/2017,23.88,10
FC-14245,Frank Carlisle,CA-2017-167640,3/6/2017,11.52,11
FC-14245,Frank Carlisle,CA-2017-117422,10/21/2017,6.216,12
FC-14245,Frank Carlisle,CA-2017-117422,10/21/2017,4.064,13
FC-14245,Frank Carlisle,CA-2015-104059,6/13/2015,3.424,14
FC-14335,Fred Chung,CA-2017-107517,2/5/2017,1640.7,1
FC-14335,Fred Chung,CA-2016-138968,3/15/2016,1352.032,2
FC-14335,Fred Chung,CA-2017-107517,2/5/2017,371.2,3
FC-14335,Fred Chung,US-2014-134054,10/10/2014,255.85,4
FC-14335,Fred Chung,CA-2015-121405,3/30/2015,180.96,5
FC-14335,Fred Chung,CA-2015-138492,5/15/2015,51.968,6
FC-14335,Fred Chung,CA-2015-121405,3/30/2015,23.52,7
FC-14335,Fred Chung,US-2017-126081,6/29/2017,5.184,8
FC-14335,Fred Chung,CA-2016-138968,3/15/2016,4.544,9
FC-14335,Fred Chung,CA-2015-107741,3/8/2015,3.408,10
FG-14260,Frank Gastineau,CA-2014-152443,5/21/2014,447.86,1
FG-14260,Frank Gastineau,CA-2017-127460,7/10/2017,298.464,2
FG-14260,Frank Gastineau,CA-2014-152443,5/21/2014,245.88,3
FG-14260,Frank Gastineau,CA-2017-155607,11/26/2017,93.344,4
FG-14260,Frank Gastineau,CA-2017-106033,10/15/2017,87.92,5
FG-14260,Frank Gastineau,CA-2017-101308,10/2/2017,84.784,6
FG-14260,Frank Gastineau,CA-2017-155607,11/26/2017,58.73,7
FG-14260,Frank Gastineau,CA-2014-101833,11/17/2014,34.44,8
FG-14260,Frank Gastineau,CA-2014-152443,5/21/2014,17.94,9
FG-14260,Frank Gastineau,CA-2017-101308,10/2/2017,8.94,10
FG-14260,Frank Gastineau,CA-2017-160801,9/19/2017,4.842,11
FH-14275,Frank Hawley,CA-2017-104640,11/10/2017,931.176,1
FH-14275,Frank Hawley,CA-2017-121503,7/3/2017,597.132,2
FH-14275,Frank Hawley,CA-2014-100916,10/21/2014,591.32,3
FH-14275,Frank Hawley,CA-2017-104640,11/10/2017,430.88,4
FH-14275,Frank Hawley,CA-2017-128370,9/10/2017,362.352,5
FH-14275,Frank Hawley,CA-2014-153808,4/6/2014,299.97,6
FH-14275,Frank Hawley,CA-2016-152170,11/12/2016,287.52,7
FH-14275,Frank Hawley,CA-2017-121503,7/3/2017,273.896,8
FH-14275,Frank Hawley,CA-2014-100916,10/21/2014,194.7,9
FH-14275,Frank Hawley,CA-2014-153808,4/6/2014,70.95,10
FH-14275,Frank Hawley,CA-2014-153808,4/6/2014,65.568,11
FH-14275,Frank Hawley,CA-2016-152170,11/12/2016,37.68,12
FH-14275,Frank Hawley,CA-2017-104318,5/13/2017,20.768,13
FH-14275,Frank Hawley,CA-2016-152170,11/12/2016,20.58,14
FH-14275,Frank Hawley,CA-2016-152170,11/12/2016,19.98,15
FH-14275,Frank Hawley,CA-2016-152170,11/12/2016,17.38,16
FH-14275,Frank Hawley,CA-2016-168557,9/19/2016,8.928,17
FH-14275,Frank Hawley,CA-2017-162474,3/13/2017,7.992,18
FH-14275,Frank Hawley,CA-2017-107832,11/23/2017,7.476,19
FH-14275,Frank Hawley,CA-2017-128370,9/10/2017,7.184,20
FH-14275,Frank Hawley,CA-2014-100916,10/21/2014,2.84,21
FH-14350,Fred Harton,CA-2017-104801,2/13/2017,799.96,1
FH-14350,Fred Harton,CA-2015-165624,8/23/2015,542.94,2
FH-14350,Fred Harton,CA-2015-165624,8/23/2015,251.91,3
FH-14350,Fred Harton,CA-2015-165624,8/23/2015,193.8,4
FH-14350,Fred Harton,CA-2017-106831,6/1/2017,158.376,5
FH-14350,Fred Harton,CA-2017-104801,2/13/2017,107.53,6
FH-14350,Fred Harton,CA-2015-165624,8/23/2015,97.88,7
FH-14350,Fred Harton,CA-2017-106831,6/1/2017,27.744,8
FH-14350,Fred Harton,CA-2015-165624,8/23/2015,25.86,9
FH-14350,Fred Harton,CA-2015-148859,12/28/2015,24.816,10
FH-14350,Fred Harton,CA-2015-165624,8/23/2015,21.4,11
FH-14350,Fred Harton,CA-2015-165624,8/23/2015,8.64,12
FH-14350,Fred Harton,CA-2017-104801,2/13/2017,6.63,13
FH-14350,Fred Harton,CA-2017-106831,6/1/2017,3.798,14
FH-14365,Fred Hopkins,CA-2015-111829,3/19/2015,3149.93,1
FH-14365,Fred Hopkins,CA-2015-162047,11/3/2015,1448.82,2
FH-14365,Fred Hopkins,CA-2015-111829,3/19/2015,1247.64,3
FH-14365,Fred Hopkins,CA-2014-169684,10/20/2014,328.59,4
FH-14365,Fred Hopkins,CA-2017-121398,12/25/2017,270.62,5
FH-14365,Fred Hopkins,CA-2015-111829,3/19/2015,209.7,6
FH-14365,Fred Hopkins,CA-2017-121398,12/25/2017,153.552,7
FH-14365,Fred Hopkins,CA-2014-169684,10/20/2014,98.352,8
FH-14365,Fred Hopkins,CA-2017-109750,7/22/2017,29.97,9
FH-14365,Fred Hopkins,CA-2016-104689,12/1/2016,23.04,10
FH-14365,Fred Hopkins,US-2017-124303,7/6/2017,16.056,11
FH-14365,Fred Hopkins,CA-2017-126676,9/29/2017,7.98,12
FH-14365,Fred Hopkins,US-2017-124303,7/6/2017,2.946,13
FM-14215,Filia McAdams,US-2017-164056,4/29/2017,1048.35,1
FM-14215,Filia McAdams,CA-2014-114790,3/11/2014,587.97,2
FM-14215,Filia McAdams,CA-2017-127929,12/23/2017,181.95,3
FM-14215,Filia McAdams,CA-2014-114790,3/11/2014,146.76,4
FM-14215,Filia McAdams,CA-2016-104983,7/3/2016,123.92,5
FM-14215,Filia McAdams,CA-2016-134516,9/20/2016,98.392,6
FM-14215,Filia McAdams,US-2016-101196,5/12/2016,82.368,7
FM-14215,Filia McAdams,CA-2016-132143,9/3/2016,48.16,8
FM-14215,Filia McAdams,CA-2014-114790,3/11/2014,32.96,9
FM-14215,Filia McAdams,CA-2016-124814,4/10/2016,23.2,10
FM-14215,Filia McAdams,CA-2017-143651,3/25/2017,23.1,11
FM-14215,Filia McAdams,CA-2016-134516,9/20/2016,17.088,12
FM-14215,Filia McAdams,CA-2014-114790,3/11/2014,14.94,13
FM-14215,Filia McAdams,CA-2014-114643,6/13/2014,14.52,14
FM-14215,Filia McAdams,CA-2016-124814,4/10/2016,12.96,15
FM-14290,Frank Merwin,CA-2016-114867,12/23/2016,1499.97,1
FM-14290,Frank Merwin,CA-2017-146535,11/24/2017,1443.96,2
FM-14290,Frank Merwin,US-2017-129777,7/3/2017,258.9,3
FM-14290,Frank Merwin,CA-2014-123260,8/26/2014,176.8,4
FM-14290,Frank Merwin,US-2017-153948,11/6/2017,59.94,5
FM-14290,Frank Merwin,CA-2017-121160,11/4/2017,52.752,6
FM-14290,Frank Merwin,US-2017-153948,11/6/2017,45.36,7
FM-14290,Frank Merwin,CA-2016-155488,11/13/2016,44.02,8
FM-14290,Frank Merwin,US-2017-153948,11/6/2017,41.4,9
FM-14290,Frank Merwin,US-2017-153948,11/6/2017,26.4,10
FM-14290,Frank Merwin,US-2017-129777,7/3/2017,24.56,11
FM-14290,Frank Merwin,US-2017-153948,11/6/2017,16.95,12
FM-14290,Frank Merwin,CA-2015-130554,4/7/2015,11.736,13
FM-14290,Frank Merwin,CA-2016-114867,12/23/2016,7.968,14
FM-14290,Frank Merwin,CA-2017-121160,11/4/2017,7.536,15
FM-14290,Frank Merwin,CA-2016-103163,6/7/2016,4.784,16
FM-14290,Frank Merwin,CA-2016-103163,6/7/2016,4.73,17
FM-14290,Frank Merwin,CA-2017-121160,11/4/2017,4.144,18
FM-14290,Frank Merwin,CA-2017-146535,11/24/2017,2.88,19
FM-14290,Frank Merwin,CA-2017-121160,11/4/2017,1.408,20
FM-14380,Fred McMath,CA-2015-124499,10/9/2015,389.97,1
FM-14380,Fred McMath,CA-2015-112711,7/12/2015,307.168,2
FM-14380,Fred McMath,US-2016-135720,12/11/2016,300.768,3
FM-14380,Fred McMath,CA-2015-124499,10/9/2015,269.91,4
FM-14380,Fred McMath,CA-2016-146150,2/14/2016,264.18,5
FM-14380,Fred McMath,US-2016-135720,12/11/2016,243.384,6
FM-14380,Fred McMath,CA-2017-134796,6/25/2017,148.48,7
FM-14380,Fred McMath,CA-2016-141082,12/9/2016,122.12,8
FM-14380,Fred McMath,CA-2015-136147,11/13/2015,121.104,9
FM-14380,Fred McMath,US-2016-135720,12/11/2016,119.8,10
FM-14380,Fred McMath,CA-2015-136147,11/13/2015,111.96,11
FM-14380,Fred McMath,CA-2017-163321,8/7/2017,79.992,12
FM-14380,Fred McMath,CA-2016-145842,6/17/2016,40.74,13
FM-14380,Fred McMath,CA-2016-141082,12/9/2016,3.69,14
FO-14305,Frank Olsen,CA-2014-132612,6/9/2014,1441.3,1
FO-14305,Frank Olsen,US-2015-115343,9/22/2015,617.976,2
FO-14305,Frank Olsen,CA-2017-141992,6/19/2017,153.584,3
FO-14305,Frank Olsen,US-2017-107979,6/8/2017,89.544,4
FO-14305,Frank Olsen,CA-2015-103093,2/3/2015,74.52,5
FO-14305,Frank Olsen,US-2017-107979,6/8/2017,72.588,6
FO-14305,Frank Olsen,US-2015-115343,9/22/2015,55.6,7
FO-14305,Frank Olsen,CA-2017-144036,11/22/2017,35.712,8
FO-14305,Frank Olsen,US-2017-107979,6/8/2017,35.168,9
FO-14305,Frank Olsen,US-2016-142251,10/31/2016,32.064,10
FO-14305,Frank Olsen,CA-2016-112578,12/29/2016,27.96,11
FO-14305,Frank Olsen,CA-2016-112578,12/29/2016,14.03,12
FO-14305,Frank Olsen,CA-2017-141992,6/19/2017,11.184,13
FO-14305,Frank Olsen,CA-2017-106943,11/14/2017,8.64,14
FO-14305,Frank Olsen,CA-2015-132136,3/8/2015,8.568,15
FP-14320,Frank Preis,CA-2016-111213,4/1/2016,1317.492,1
FP-14320,Frank Preis,CA-2014-138128,12/9/2014,1079.976,2
FP-14320,Frank Preis,US-2015-168704,4/13/2015,609.98,3
FP-14320,Frank Preis,CA-2017-137099,12/7/2017,374.376,4
FP-14320,Frank Preis,US-2015-168704,4/13/2015,239.976,5
FP-14320,Frank Preis,US-2015-168704,4/13/2015,211.372,6
FP-14320,Frank Preis,CA-2016-111213,4/1/2016,63.84,7
FP-14320,Frank Preis,CA-2016-125850,1/22/2016,44.4,8
FP-14320,Frank Preis,US-2016-153129,12/26/2016,33.9,9
FP-14320,Frank Preis,CA-2014-138128,12/9/2014,30.672,10
FP-14320,Frank Preis,CA-2016-125850,1/22/2016,20.65,11
FP-14320,Frank Preis,CA-2014-138737,12/7/2014,8.64,12
FP-14320,Frank Preis,CA-2017-113572,11/7/2017,7.88,13
FP-14320,Frank Preis,CA-2016-111213,4/1/2016,3.592,14
FW-14395,Fred Wasserman,CA-2016-139409,9/5/2016,43.6,1
FW-14395,Fred Wasserman,CA-2015-121552,3/22/2015,19.56,2
FW-14395,Fred Wasserman,CA-2017-118668,1/2/2017,16.59,3
GA-14515,George Ashbrook,CA-2015-155306,4/17/2015,1447.65,1
GA-14515,George Ashbrook,CA-2015-155306,4/17/2015,783.96,2
GA-14515,George Ashbrook,CA-2016-132731,11/24/2016,657.552,3
GA-14515,George Ashbrook,CA-2015-155306,4/17/2015,323.37,4
GA-14515,George Ashbrook,CA-2017-136350,6/24/2017,276.69,5
GA-14515,George Ashbrook,CA-2017-136350,6/24/2017,172.764,6
GA-14515,George Ashbrook,US-2017-143175,8/3/2017,99.87,7
GA-14515,George Ashbrook,CA-2017-138870,6/19/2017,50.32,8
GA-14515,George Ashbrook,CA-2014-120950,11/6/2014,43.68,9
GA-14515,George Ashbrook,CA-2017-138870,6/19/2017,24.56,10
GA-14515,George Ashbrook,CA-2016-106915,11/26/2016,17.856,11
GA-14515,George Ashbrook,CA-2015-155306,4/17/2015,11.96,12
GA-14515,George Ashbrook,CA-2015-155306,4/17/2015,5.56,13
GA-14515,George Ashbrook,CA-2014-133963,5/18/2014,3.984,14
GA-14725,Guy Armstrong,CA-2014-168368,2/11/2014,332.94,1
GA-14725,Guy Armstrong,CA-2014-131247,3/30/2014,205.666,2
GA-14725,Guy Armstrong,CA-2017-114636,8/25/2017,192.16,3
GA-14725,Guy Armstrong,CA-2017-110842,11/11/2017,121.6,4
GA-14725,Guy Armstrong,CA-2014-168368,2/11/2014,64.96,5
GA-14725,Guy Armstrong,CA-2014-168368,2/11/2014,60.89,6
GA-14725,Guy Armstrong,CA-2014-168368,2/11/2014,51.9,7
GA-14725,Guy Armstrong,CA-2017-107503,1/1/2017,48.896,8
GA-14725,Guy Armstrong,CA-2017-134194,12/25/2017,44.688,9
GA-14725,Guy Armstrong,CA-2017-134194,12/25/2017,40.98,10
GA-14725,Guy Armstrong,CA-2017-152786,3/12/2017,40.41,11
GA-14725,Guy Armstrong,CA-2017-134194,12/25/2017,39.582,12
GA-14725,Guy Armstrong,CA-2017-134194,12/25/2017,31.744,13
GA-14725,Guy Armstrong,CA-2014-138072,12/30/2014,27.968,14
GA-14725,Guy Armstrong,CA-2017-110842,11/11/2017,19.44,15
GA-14725,Guy Armstrong,US-2015-126235,10/15/2015,17.14,16
GA-14725,Guy Armstrong,CA-2014-168368,2/11/2014,14.94,17
GA-14725,Guy Armstrong,CA-2015-149993,3/19/2015,10.9,18
GA-14725,Guy Armstrong,CA-2017-110842,11/11/2017,10.89,19
GA-14725,Guy Armstrong,CA-2014-168368,2/11/2014,9.64,20
GA-14725,Guy Armstrong,US-2015-110163,11/1/2015,7.88,21
GA-14725,Guy Armstrong,CA-2017-134194,12/25/2017,3.168,22
GB-14530,George Bell,CA-2016-159912,8/29/2016,241.92,1
GB-14530,George Bell,CA-2016-164672,5/8/2016,211.96,2
GB-14530,George Bell,CA-2015-131422,11/5/2015,207.0,3
GB-14530,George Bell,CA-2016-149314,7/2/2016,195.184,4
GB-14530,George Bell,CA-2014-140228,4/28/2014,177.568,5
GB-14530,George Bell,CA-2016-159912,8/29/2016,163.88,6
GB-14530,George Bell,CA-2017-129028,4/1/2017,127.95,7
GB-14530,George Bell,CA-2017-160983,10/29/2017,46.96,8
GB-14530,George Bell,CA-2015-149566,12/5/2015,39.0,9
GB-14530,George Bell,CA-2014-140228,4/28/2014,27.096,10
GB-14530,George Bell,CA-2015-126186,9/11/2015,24.64,11
GB-14530,George Bell,CA-2015-167745,9/18/2015,24.4,12
GB-14530,George Bell,CA-2015-167745,9/18/2015,16.9,13
GB-14530,George Bell,CA-2015-149566,12/5/2015,12.6,14
GB-14530,George Bell,CA-2015-167745,9/18/2015,11.68,15
GB-14530,George Bell,CA-2016-159912,8/29/2016,10.584,16
GB-14530,George Bell,CA-2016-128923,12/9/2016,9.392,17
GB-14530,George Bell,CA-2016-128923,12/9/2016,9.328,18
GB-14530,George Bell,CA-2014-140228,4/28/2014,6.912,19
GB-14530,George Bell,CA-2016-159912,8/29/2016,3.486,20
GB-14575,Giulietta Baptist,CA-2015-158421,9/21/2015,1690.04,1
GB-14575,Giulietta Baptist,CA-2015-158421,9/21/2015,887.84,2
GB-14575,Giulietta Baptist,CA-2015-158421,9/21/2015,629.95,3
GB-14575,Giulietta Baptist,CA-2017-130309,12/17/2017,544.38,4
GB-14575,Giulietta Baptist,US-2017-147984,1/28/2017,279.9,5
GB-14575,Giulietta Baptist,CA-2015-158421,9/21/2015,121.96,6
GB-14575,Giulietta Baptist,CA-2015-158421,9/21/2015,113.73,7
GB-14575,Giulietta Baptist,CA-2016-137337,3/8/2016,113.6,8
GB-14575,Giulietta Baptist,CA-2015-158421,9/21/2015,85.96,9
GB-14575,Giulietta Baptist,CA-2016-137337,3/8/2016,69.456,10
GB-14575,Giulietta Baptist,CA-2015-158421,9/21/2015,63.96,11
GB-14575,Giulietta Baptist,CA-2015-139850,6/12/2015,43.296,12
GB-14575,Giulietta Baptist,CA-2015-158421,9/21/2015,23.92,13
GB-14575,Giulietta Baptist,CA-2015-139850,6/12/2015,20.736,14
GB-14575,Giulietta Baptist,CA-2015-158421,9/21/2015,14.6,15
GB-14575,Giulietta Baptist,CA-2016-137337,3/8/2016,12.96,16
GD-14590,Giulietta Dortch,CA-2017-150420,6/3/2017,1099.5,1
GD-14590,Giulietta Dortch,CA-2016-121223,9/11/2016,728.946,2
GD-14590,Giulietta Dortch,CA-2014-111934,5/5/2014,35.44,3
GD-14590,Giulietta Dortch,CA-2014-111934,5/5/2014,11.88,4
GD-14590,Giulietta Dortch,CA-2016-121223,9/11/2016,8.448,5
GD-14590,Giulietta Dortch,CA-2017-162880,12/25/2017,3.856,6
GG-14650,Greg Guthrie,CA-2017-131807,10/5/2017,435.168,1
GG-14650,Greg Guthrie,CA-2014-106439,10/31/2014,405.64,2
GG-14650,Greg Guthrie,CA-2014-106439,10/31/2014,251.91,3
GG-14650,Greg Guthrie,CA-2017-131807,10/5/2017,206.352,4
GG-14650,Greg Guthrie,US-2015-136476,4/5/2015,157.794,5
GG-14650,Greg Guthrie,CA-2014-106439,10/31/2014,146.352,6
GG-14650,Greg Guthrie,CA-2016-129686,11/27/2016,97.984,7
GG-14650,Greg Guthrie,CA-2014-106439,10/31/2014,80.3,8
GG-14650,Greg Guthrie,CA-2017-131807,10/5/2017,72.9,9
GG-14650,Greg Guthrie,CA-2014-106439,10/31/2014,64.74,10
GG-14650,Greg Guthrie,CA-2016-129686,11/27/2016,62.4,11
GG-14650,Greg Guthrie,US-2017-145597,11/2/2017,54.336,12
GG-14650,Greg Guthrie,CA-2016-153353,8/18/2016,39.99,13
GG-14650,Greg Guthrie,US-2016-114776,12/6/2016,19.44,14
GG-14650,Greg Guthrie,CA-2014-106439,10/31/2014,19.296,15
GG-14650,Greg Guthrie,CA-2014-106439,10/31/2014,15.968,16
GG-14650,Greg Guthrie,CA-2017-131807,10/5/2017,15.8,17
GG-14650,Greg Guthrie,CA-2017-131807,10/5/2017,14.9,18
GG-14650,Greg Guthrie,CA-2017-118122,11/17/2017,13.904,19
GG-14650,Greg Guthrie,CA-2014-106439,10/31/2014,12.39,20
GG-14650,Greg Guthrie,CA-2017-157112,4/23/2017,11.76,21
GG-14650,Greg Guthrie,CA-2014-106439,10/31/2014,11.34,22
GG-14650,Greg Guthrie,CA-2017-131807,10/5/2017,7.992,23
GG-14650,Greg Guthrie,CA-2017-157112,4/23/2017,5.344,24
GH-14410,Gary Hansen,CA-2017-163006,6/30/2017,1001.584,1
GH-14410,Gary Hansen,CA-2017-159282,10/16/2017,599.985,2
GH-14410,Gary Hansen,CA-2017-163006,6/30/2017,569.058,3
GH-14410,Gary Hansen,CA-2017-132647,2/17/2017,166.45,4
GH-14410,Gary Hansen,US-2015-164966,7/30/2015,155.88,5
GH-14410,Gary Hansen,CA-2014-128986,8/3/2014,93.024,6
GH-14410,Gary Hansen,CA-2016-144540,9/5/2016,62.79,7
GH-14410,Gary Hansen,CA-2014-114125,7/9/2014,41.904,8
GH-14410,Gary Hansen,CA-2016-144540,9/5/2016,28.44,9
GH-14410,Gary Hansen,US-2017-131849,6/6/2017,26.4,10
GH-14410,Gary Hansen,CA-2014-114125,7/9/2014,23.92,11
GH-14410,Gary Hansen,CA-2017-163006,6/30/2017,14.224,12
GH-14410,Gary Hansen,CA-2016-118934,8/9/2016,11.88,13
GH-14410,Gary Hansen,CA-2017-132647,2/17/2017,11.76,14
GH-14410,Gary Hansen,US-2017-131849,6/6/2017,4.95,15
GH-14410,Gary Hansen,CA-2016-118934,8/9/2016,4.338,16
GH-14410,Gary Hansen,CA-2014-114125,7/9/2014,2.88,17
GH-14425,Gary Hwang,CA-2014-144414,6/17/2014,3266.376,1
GH-14425,Gary Hwang,CA-2015-144806,12/6/2015,247.104,2
GH-14425,Gary Hwang,CA-2015-144806,12/6/2015,206.112,3
GH-14425,Gary Hwang,CA-2015-144806,12/6/2015,198.272,4
GH-14425,Gary Hwang,CA-2017-141138,11/10/2017,111.79,5
GH-14425,Gary Hwang,CA-2015-144806,12/6/2015,86.304,6
GH-14425,Gary Hwang,CA-2015-144806,12/6/2015,19.92,7
GH-14425,Gary Hwang,CA-2014-144414,6/17/2014,17.9,8
GH-14425,Gary Hwang,US-2015-120572,12/11/2015,12.828,9
GH-14425,Gary Hwang,CA-2014-144414,6/17/2014,6.24,10
GH-14485,Gene Hale,CA-2016-117590,12/8/2016,1097.544,1
GH-14485,Gene Hale,CA-2016-117590,12/8/2016,190.92,2
GH-14485,Gene Hale,CA-2015-131352,10/8/2015,72.78,3
GH-14665,Greg Hansen,CA-2017-136539,12/28/2017,78.8528,1
GH-14665,Greg Hansen,CA-2015-163090,11/17/2015,40.92,2
GH-14665,Greg Hansen,CA-2017-136539,12/28/2017,27.168,3
GK-14620,Grace Kelly,US-2016-116729,12/25/2016,2575.944,1
GK-14620,Grace Kelly,CA-2016-101546,12/18/2016,1793.98,2
GK-14620,Grace Kelly,CA-2015-161767,11/20/2015,479.988,3
GK-14620,Grace Kelly,US-2014-165862,7/13/2014,351.216,4
GK-14620,Grace Kelly,CA-2014-164469,6/25/2014,263.96,5
GK-14620,Grace Kelly,US-2016-116729,12/25/2016,254.24,6
GK-14620,Grace Kelly,CA-2016-162138,4/23/2016,251.52,7
GK-14620,Grace Kelly,CA-2015-164567,6/15/2015,225.576,8
GK-14620,Grace Kelly,CA-2016-162138,4/23/2016,99.99,9
GK-14620,Grace Kelly,CA-2014-164469,6/25/2014,71.632,10
GK-14620,Grace Kelly,CA-2015-133396,8/13/2015,64.68,11
GK-14620,Grace Kelly,US-2016-116729,12/25/2016,45.36,12
GK-14620,Grace Kelly,CA-2017-139444,9/9/2017,9.856,13
GK-14620,Grace Kelly,CA-2014-164469,6/25/2014,9.328,14
GM-14440,Gary McGarr,CA-2014-154893,12/21/2014,1325.76,1
GM-14440,Gary McGarr,CA-2016-161025,12/3/2016,772.68,2
GM-14440,Gary McGarr,CA-2014-154893,12/21/2014,572.16,3
GM-14440,Gary McGarr,US-2017-121251,3/26/2017,257.568,4
GM-14440,Gary McGarr,US-2014-155544,3/21/2014,218.376,5
GM-14440,Gary McGarr,US-2017-168613,10/8/2017,145.764,6
GM-14440,Gary McGarr,US-2017-121251,3/26/2017,119.96,7
GM-14440,Gary McGarr,CA-2017-146031,7/29/2017,60.12,8
GM-14440,Gary McGarr,US-2014-155544,3/21/2014,59.2,9
GM-14440,Gary McGarr,US-2014-155544,3/21/2014,32.952,10
GM-14440,Gary McGarr,CA-2017-135783,4/22/2017,18.28,11
GM-14455,Gary Mitchum,CA-2017-151981,8/6/2017,824.95,1
GM-14455,Gary Mitchum,CA-2014-138940,4/11/2014,758.352,2
GM-14455,Gary Mitchum,US-2016-161396,4/19/2016,419.4,3
GM-14455,Gary Mitchum,CA-2017-122595,12/14/2017,227.976,4
GM-14455,Gary Mitchum,CA-2017-151981,8/6/2017,227.88,5
GM-14455,Gary Mitchum,US-2016-161396,4/19/2016,205.176,6
GM-14455,Gary Mitchum,CA-2016-159695,4/5/2016,158.368,7
GM-14455,Gary Mitchum,US-2014-143231,12/31/2014,113.97,8
GM-14455,Gary Mitchum,US-2014-143231,12/31/2014,63.2,9
GM-14455,Gary Mitchum,CA-2017-122595,12/14/2017,52.68,10
GM-14455,Gary Mitchum,CA-2017-151981,8/6/2017,24.64,11
GM-14455,Gary Mitchum,CA-2017-122595,12/14/2017,2.032,12
GM-14500,Gene McClure,CA-2015-127173,9/26/2015,629.93,1
GM-14500,Gene McClure,US-2017-111241,8/20/2017,239.12,2
GM-14500,Gene McClure,US-2017-123834,7/21/2017,124.404,3
GM-14500,Gene McClure,CA-2015-127173,9/26/2015,79.056,4
GM-14500,Gene McClure,CA-2016-137393,5/6/2016,41.6,5
GM-14500,Gene McClure,CA-2015-167374,3/26/2015,40.032,6
GM-14500,Gene McClure,CA-2015-127173,9/26/2015,34.44,7
GM-14500,Gene McClure,CA-2015-167374,3/26/2015,16.776,8
GM-14500,Gene McClure,CA-2016-119445,6/26/2016,14.9,9
GM-14500,Gene McClure,CA-2017-134418,9/15/2017,12.42,10
GM-14500,Gene McClure,CA-2015-169733,10/22/2015,9.952,11
GM-14500,Gene McClure,CA-2016-117625,5/10/2016,7.072,12
GM-14500,Gene McClure,CA-2014-141901,8/9/2014,5.98,13
GM-14680,Greg Matthias,CA-2014-103310,5/10/2014,1432.0,1
GM-14680,Greg Matthias,CA-2016-106243,9/30/2016,523.92,2
GM-14680,Greg Matthias,CA-2016-139157,10/1/2016,330.588,3
GM-14680,Greg Matthias,CA-2017-126144,7/31/2017,285.576,4
GM-14680,Greg Matthias,CA-2014-103310,5/10/2014,256.784,5
GM-14680,Greg Matthias,US-2016-139710,6/9/2016,177.48,6
GM-14680,Greg Matthias,CA-2014-103310,5/10/2014,41.04,7
GM-14680,Greg Matthias,CA-2014-127012,8/11/2014,40.97,8
GM-14680,Greg Matthias,CA-2014-103310,5/10/2014,39.96,9
GM-14680,Greg Matthias,CA-2014-127012,8/11/2014,22.96,10
GM-14680,Greg Matthias,CA-2014-127012,8/11/2014,12.35,11
GM-14695,Greg Maxwell,CA-2014-102988,4/5/2014,4164.05,1
GM-14695,Greg Maxwell,CA-2017-102750,9/4/2017,1322.352,2
GM-14695,Greg Maxwell,CA-2016-100244,9/20/2016,271.984,3
GM-14695,Greg Maxwell,CA-2016-100244,9/20/2016,77.52,4
GM-14695,Greg Maxwell,CA-2016-100244,9/20/2016,65.79,5
GM-14695,Greg Maxwell,CA-2016-100244,9/20/2016,48.64,6
GM-14695,Greg Maxwell,CA-2014-102988,4/5/2014,28.99,7
GM-14695,Greg Maxwell,CA-2014-102988,4/5/2014,22.96,8
GM-14695,Greg Maxwell,CA-2014-102988,4/5/2014,22.96,9
GM-14695,Greg Maxwell,CA-2014-102988,4/5/2014,12.96,10
GM-14695,Greg Maxwell,CA-2016-100244,9/20/2016,11.76,11
GP-14740,Guy Phonely,CA-2015-117961,11/26/2015,104.9,1
GP-14740,Guy Phonely,CA-2015-117961,11/26/2015,61.04,2
GP-14740,Guy Phonely,CA-2014-136742,4/6/2014,44.91,3
GP-14740,Guy Phonely,CA-2015-117961,11/26/2015,14.73,4
GP-14740,Guy Phonely,CA-2015-117961,11/26/2015,10.95,5
GR-14560,Georgia Rosenberg,US-2014-123183,11/19/2014,1025.88,1
GR-14560,Georgia Rosenberg,US-2014-123183,11/19/2014,213.08,2
GR-14560,Georgia Rosenberg,US-2014-123183,11/19/2014,22.5,3
GR-14560,Georgia Rosenberg,CA-2014-103401,11/21/2014,12.96,4
GR-14560,Georgia Rosenberg,US-2014-123183,11/19/2014,9.96,5
GT-14635,Grant Thornton,US-2017-168116,11/4/2017,7999.98,1
GT-14635,Grant Thornton,CA-2014-159520,6/6/2014,991.764,2
GT-14635,Grant Thornton,US-2017-168116,11/4/2017,167.44,3
GT-14635,Grant Thornton,CA-2014-159520,6/6/2014,149.544,4
GT-14635,Grant Thornton,CA-2015-144386,11/5/2015,25.344,5
GT-14635,Grant Thornton,CA-2014-159520,6/6/2014,17.14,6
GT-14710,Greg Tran,CA-2014-128209,11/17/2014,4007.84,1
GT-14710,Greg Tran,CA-2014-128209,11/17/2014,2152.776,2
GT-14710,Greg Tran,CA-2015-124450,4/27/2015,1379.92,3
GT-14710,Greg Tran,CA-2015-124450,4/27/2015,1267.53,4
GT-14710,Greg Tran,CA-2017-161774,5/14/2017,899.43,5
GT-14710,Greg Tran,US-2016-169040,12/6/2016,431.976,6
GT-14710,Greg Tran,US-2016-169040,12/6/2016,248.08,7
GT-14710,Greg Tran,CA-2016-123274,2/19/2016,242.94,8
GT-14710,Greg Tran,US-2014-135881,5/23/2014,208.16,9
GT-14710,Greg Tran,US-2016-169040,12/6/2016,189.7,10
GT-14710,Greg Tran,US-2016-169040,12/6/2016,156.792,11
GT-14710,Greg Tran,CA-2017-161774,5/14/2017,76.864,12
GT-14710,Greg Tran,CA-2016-106460,2/19/2016,70.88,13
GT-14710,Greg Tran,US-2016-169040,12/6/2016,59.808,14
GT-14710,Greg Tran,CA-2017-161774,5/14/2017,47.952,15
GT-14710,Greg Tran,US-2016-169040,12/6/2016,47.208,16
GT-14710,Greg Tran,CA-2017-161774,5/14/2017,46.2,17
GT-14710,Greg Tran,CA-2016-123274,2/19/2016,44.46,18
GT-14710,Greg Tran,CA-2017-126956,8/21/2017,37.24,19
GT-14710,Greg Tran,US-2016-169040,12/6/2016,35.89,20
GT-14710,Greg Tran,CA-2017-126956,8/21/2017,35.0,21
GT-14710,Greg Tran,CA-2016-126795,6/13/2016,33.568,22
GT-14710,Greg Tran,CA-2015-124450,4/27/2015,22.74,23
GT-14710,Greg Tran,CA-2017-151190,6/27/2017,20.07,24
GT-14710,Greg Tran,US-2014-135881,5/23/2014,17.96,25
GT-14710,Greg Tran,CA-2017-126956,8/21/2017,15.28,26
GT-14710,Greg Tran,CA-2017-101945,11/24/2017,10.824,27
GT-14710,Greg Tran,CA-2017-161774,5/14/2017,7.992,28
GT-14710,Greg Tran,US-2014-135881,5/23/2014,5.04,29
GT-14755,Guy Thornton,CA-2015-105725,2/18/2015,61.06,1
GT-14755,Guy Thornton,CA-2017-104745,5/29/2017,53.424,2
GT-14755,Guy Thornton,CA-2015-105725,2/18/2015,35.544,3
GT-14755,Guy Thornton,CA-2017-130526,11/26/2017,33.568,4
GT-14755,Guy Thornton,CA-2017-104745,5/29/2017,25.92,5
GT-14755,Guy Thornton,CA-2016-130029,7/3/2016,12.96,6
GT-14755,Guy Thornton,CA-2016-130029,7/3/2016,3.96,7
GW-14605,Giulietta Weimer,CA-2017-155075,12/2/2017,631.176,1
GW-14605,Giulietta Weimer,CA-2014-168312,3/1/2014,376.509,2
GW-14605,Giulietta Weimer,CA-2016-108105,2/16/2016,318.08,3
GW-14605,Giulietta Weimer,CA-2015-135489,9/19/2015,279.86,4
GW-14605,Giulietta Weimer,CA-2014-124709,7/27/2014,238.0,5
GW-14605,Giulietta Weimer,CA-2014-168312,3/1/2014,137.352,6
GW-14605,Giulietta Weimer,CA-2016-169334,10/21/2016,111.672,7
GW-14605,Giulietta Weimer,US-2017-113852,7/29/2017,90.57,8
GW-14605,Giulietta Weimer,CA-2016-108105,2/16/2016,5.8,9
GZ-14470,Gary Zandusky,CA-2016-131737,3/17/2016,971.5,1
GZ-14470,Gary Zandusky,CA-2016-131737,3/17/2016,901.95,2
GZ-14470,Gary Zandusky,CA-2015-123141,11/14/2015,883.84,3
GZ-14470,Gary Zandusky,CA-2014-124723,8/5/2014,489.23,4
GZ-14470,Gary Zandusky,CA-2017-126928,9/17/2017,480.0,5
GZ-14470,Gary Zandusky,CA-2015-123141,11/14/2015,230.352,6
GZ-14470,Gary Zandusky,CA-2016-131737,3/17/2016,199.9,7
GZ-14470,Gary Zandusky,CA-2017-156769,5/6/2017,54.66,8
GZ-14470,Gary Zandusky,CA-2014-132500,9/8/2014,49.98,9
GZ-14470,Gary Zandusky,CA-2017-126928,9/17/2017,34.05,10
GZ-14470,Gary Zandusky,CA-2016-129903,12/1/2016,23.92,11
GZ-14470,Gary Zandusky,CA-2015-154795,12/20/2015,14.368,12
GZ-14470,Gary Zandusky,US-2017-123463,12/23/2017,13.48,13
GZ-14470,Gary Zandusky,CA-2015-154795,12/20/2015,7.92,14
GZ-14545,George Zrebassa,US-2017-167318,7/26/2017,1649.95,1
GZ-14545,George Zrebassa,CA-2017-140515,3/19/2017,381.36,2
GZ-14545,George Zrebassa,US-2017-167318,7/26/2017,362.352,3
GZ-14545,George Zrebassa,CA-2014-107153,9/28/2014,46.26,4
GZ-14545,George Zrebassa,CA-2017-137001,6/10/2017,14.7,5
HA-14905,Helen Abelman,CA-2017-130141,10/22/2017,579.136,1
HA-14905,Helen Abelman,CA-2016-145611,9/20/2016,393.25,2
HA-14905,Helen Abelman,CA-2015-134075,12/12/2015,360.38,3
HA-14905,Helen Abelman,CA-2014-146640,6/30/2014,334.768,4
HA-14905,Helen Abelman,CA-2017-123036,9/10/2017,259.896,5
HA-14905,Helen Abelman,CA-2015-134075,12/12/2015,166.5,6
HA-14905,Helen Abelman,CA-2017-123036,9/10/2017,37.056,7
HA-14905,Helen Abelman,CA-2015-153073,11/13/2015,17.496,8
HA-14905,Helen Abelman,CA-2015-105634,11/8/2015,11.65,9
HA-14905,Helen Abelman,CA-2017-130141,10/22/2017,3.168,10
HA-14920,Helen Andreada,CA-2015-110744,9/7/2015,671.93,1
HA-14920,Helen Andreada,US-2016-113649,8/9/2016,569.536,2
HA-14920,Helen Andreada,CA-2014-157924,10/11/2014,433.568,3
HA-14920,Helen Andreada,CA-2015-155334,7/30/2015,209.93,4
HA-14920,Helen Andreada,CA-2016-154018,10/13/2016,191.976,5
HA-14920,Helen Andreada,CA-2015-136735,7/26/2015,167.86,6
HA-14920,Helen Andreada,CA-2016-154018,10/13/2016,139.92,7
HA-14920,Helen Andreada,US-2016-113649,8/9/2016,44.784,8
HA-14920,Helen Andreada,CA-2014-157924,10/11/2014,31.92,9
HA-14920,Helen Andreada,US-2016-113649,8/9/2016,30.816,10
HA-14920,Helen Andreada,CA-2017-117044,9/11/2017,20.544,11
HA-14920,Helen Andreada,CA-2016-154018,10/13/2016,15.872,12
HA-14920,Helen Andreada,CA-2017-157651,12/10/2017,14.2,13
HA-14920,Helen Andreada,CA-2015-155334,7/30/2015,10.92,14
HA-14920,Helen Andreada,CA-2017-117044,9/11/2017,10.528,15
HA-14920,Helen Andreada,CA-2016-154018,10/13/2016,8.288,16
HA-14920,Helen Andreada,CA-2016-154018,10/13/2016,6.286,17
HA-14920,Helen Andreada,CA-2015-155334,7/30/2015,5.28,18
HD-14785,Harold Dahlen,CA-2014-119172,5/11/2014,104.58,1
HD-14785,Harold Dahlen,CA-2015-162376,11/22/2015,59.94,2
HD-14785,Harold Dahlen,CA-2015-157343,6/7/2015,25.92,3
HD-14785,Harold Dahlen,CA-2015-157343,6/7/2015,18.312,4
HD-14785,Harold Dahlen,CA-2014-119172,5/11/2014,17.472,5
HD-14785,Harold Dahlen,CA-2015-162376,11/22/2015,17.12,6
HD-14785,Harold Dahlen,CA-2015-157343,6/7/2015,8.016,7
HE-14800,Harold Engle,CA-2017-140480,7/8/2017,174.95,1
HE-14800,Harold Engle,CA-2016-114944,1/30/2016,156.512,2
HE-14800,Harold Engle,CA-2017-140480,7/8/2017,141.9,3
HE-14800,Harold Engle,CA-2016-146374,12/5/2016,109.69,4
HE-14800,Harold Engle,CA-2017-143252,12/18/2017,99.95,5
HE-14800,Harold Engle,CA-2017-140480,7/8/2017,83.92,6
HE-14800,Harold Engle,CA-2017-140480,7/8/2017,39.98,7
HE-14800,Harold Engle,CA-2017-143252,12/18/2017,29.34,8
HE-14800,Harold Engle,CA-2017-140480,7/8/2017,28.91,9
HE-14800,Harold Engle,CA-2016-146374,12/5/2016,13.4,10
HE-14800,Harold Engle,CA-2016-146374,12/5/2016,4.98,11
HF-14995,Herbert Flentye,CA-2016-117681,4/9/2016,556.665,1
HF-14995,Herbert Flentye,CA-2016-164784,5/1/2016,370.62,2
HF-14995,Herbert Flentye,US-2016-147711,9/3/2016,344.94,3
HF-14995,Herbert Flentye,CA-2016-104276,11/27/2016,331.023,4
HF-14995,Herbert Flentye,CA-2014-153969,9/21/2014,239.984,5
HF-14995,Herbert Flentye,CA-2014-158029,5/26/2014,225.296,6
HF-14995,Herbert Flentye,CA-2016-104276,11/27/2016,116.76,7
HF-14995,Herbert Flentye,CA-2014-153969,9/21/2014,78.35,8
HF-14995,Herbert Flentye,CA-2014-153969,9/21/2014,59.52,9
HF-14995,Herbert Flentye,US-2016-147711,9/3/2016,58.48,10
HF-14995,Herbert Flentye,CA-2014-153969,9/21/2014,38.52,11
HF-14995,Herbert Flentye,CA-2017-129833,12/9/2017,33.45,12
HF-14995,Herbert Flentye,CA-2014-153969,9/21/2014,19.35,13
HF-14995,Herbert Flentye,CA-2014-153969,9/21/2014,15.56,14
HF-14995,Herbert Flentye,US-2016-147711,9/3/2016,14.76,15
HF-14995,Herbert Flentye,US-2016-147711,9/3/2016,12.76,16
HF-14995,Herbert Flentye,CA-2017-129833,12/9/2017,10.4,17
HF-14995,Herbert Flentye,CA-2016-164784,5/1/2016,3.984,18
HF-14995,Herbert Flentye,CA-2016-164784,5/1/2016,2.742,19
HG-14845,Harry Greene,CA-2017-141873,10/9/2017,314.352,1
HG-14845,Harry Greene,CA-2017-122763,3/20/2017,274.064,2
HG-14845,Harry Greene,CA-2017-122763,3/20/2017,56.704,3
HG-14845,Harry Greene,CA-2014-142727,4/29/2014,51.96,4
HG-14845,Harry Greene,CA-2017-141873,10/9/2017,18.98,5
HG-14845,Harry Greene,CA-2017-141873,10/9/2017,18.24,6
HG-14845,Harry Greene,CA-2017-150504,11/6/2017,18.16,7
HG-14845,Harry Greene,CA-2014-142727,4/29/2014,17.94,8
HG-14845,Harry Greene,CA-2017-141873,10/9/2017,12.816,9
HG-14845,Harry Greene,US-2015-161347,9/13/2015,2.412,10
HG-14965,Henry Goldwyn,US-2017-122714,12/7/2017,1889.99,1
HG-14965,Henry Goldwyn,CA-2016-145919,12/18/2016,579.3,2
HG-14965,Henry Goldwyn,US-2017-122672,11/4/2017,194.352,3
HG-14965,Henry Goldwyn,CA-2016-145919,12/18/2016,183.84,4
HG-14965,Henry Goldwyn,US-2017-122672,11/4/2017,70.72,5
HG-14965,Henry Goldwyn,CA-2015-169201,9/28/2015,43.56,6
HG-14965,Henry Goldwyn,CA-2015-169201,9/28/2015,43.26,7
HG-14965,Henry Goldwyn,CA-2016-146437,1/28/2016,39.68,8
HG-14965,Henry Goldwyn,CA-2016-145919,12/18/2016,38.88,9
HG-14965,Henry Goldwyn,CA-2015-122168,8/21/2015,35.76,10
HG-14965,Henry Goldwyn,CA-2016-109407,1/24/2016,31.36,11
HG-14965,Henry Goldwyn,US-2017-160143,3/31/2017,29.7,12
HG-14965,Henry Goldwyn,CA-2015-102806,5/21/2015,24.588,13
HG-14965,Henry Goldwyn,CA-2015-122168,8/21/2015,17.52,14
HG-14965,Henry Goldwyn,CA-2015-156118,12/8/2015,15.696,15
HG-14965,Henry Goldwyn,CA-2014-126480,9/20/2014,8.56,16
HG-14965,Henry Goldwyn,US-2014-152723,9/26/2014,0.876,17
HG-15025,Hunter Glantz,CA-2014-163748,10/14/2014,1999.96,1
HG-15025,Hunter Glantz,CA-2015-165162,5/14/2015,1117.92,2
HG-15025,Hunter Glantz,CA-2017-169978,12/24/2017,271.764,3
HG-15025,Hunter Glantz,CA-2016-111794,10/1/2016,79.512,4
HG-15025,Hunter Glantz,US-2016-156692,8/13/2016,71.98,5
HG-15025,Hunter Glantz,CA-2017-117821,6/12/2017,63.92,6
HG-15025,Hunter Glantz,CA-2016-111794,10/1/2016,28.352,7
HG-15025,Hunter Glantz,CA-2017-146724,11/20/2017,22.0,8
HG-15025,Hunter Glantz,US-2016-156692,8/13/2016,17.34,9
HG-15025,Hunter Glantz,CA-2017-169978,12/24/2017,14.376,10
HG-15025,Hunter Glantz,CA-2014-163748,10/14/2014,3.16,11
HH-15010,Hilary Holden,CA-2014-135699,8/29/2014,109.92,1
HH-15010,Hilary Holden,CA-2017-131492,10/19/2017,31.5,2
HH-15010,Hilary Holden,CA-2017-131492,10/19/2017,30.56,3
HH-15010,Hilary Holden,CA-2017-131492,10/19/2017,24.368,4
HH-15010,Hilary Holden,CA-2014-135699,8/29/2014,13.36,5
HH-15010,Hilary Holden,CA-2017-131492,10/19/2017,8.96,6
HJ-14875,Heather Jas,CA-2016-166772,9/20/2016,163.88,1
HJ-14875,Heather Jas,CA-2015-100216,4/13/2015,54.816,2
HJ-14875,Heather Jas,CA-2017-132584,8/26/2017,53.72,3
HJ-14875,Heather Jas,CA-2016-118500,11/17/2016,49.5,4
HJ-14875,Heather Jas,CA-2015-100216,4/13/2015,31.104,5
HJ-14875,Heather Jas,CA-2016-165470,11/25/2016,5.08,6
HK-14890,Heather Kirkland,US-2017-141677,3/26/2017,2399.96,1
HK-14890,Heather Kirkland,CA-2015-150875,11/16/2015,696.42,2
HK-14890,Heather Kirkland,CA-2014-144281,6/10/2014,491.55,3
HK-14890,Heather Kirkland,CA-2015-150875,11/16/2015,304.776,4
HK-14890,Heather Kirkland,CA-2015-109862,10/25/2015,291.1,5
HK-14890,Heather Kirkland,CA-2015-109862,10/25/2015,158.99,6
HK-14890,Heather Kirkland,US-2017-141677,3/26/2017,143.96,7
HK-14890,Heather Kirkland,US-2017-141677,3/26/2017,87.168,8
HK-14890,Heather Kirkland,US-2017-141677,3/26/2017,74.352,9
HK-14890,Heather Kirkland,CA-2017-124576,8/1/2017,54.896,10
HK-14890,Heather Kirkland,CA-2016-165484,10/23/2016,54.816,11
HK-14890,Heather Kirkland,CA-2016-130001,4/23/2016,36.24,12
HK-14890,Heather Kirkland,CA-2017-126382,6/3/2017,35.168,13
HK-14890,Heather Kirkland,US-2017-141677,3/26/2017,32.232,14
HK-14890,Heather Kirkland,CA-2016-165484,10/23/2016,16.156,15
HL-15040,Hunter Lopez,CA-2017-166709,11/17/2017,10499.97,1
HL-15040,Hunter Lopez,US-2014-147627,1/20/2014,1067.94,2
HL-15040,Hunter Lopez,US-2014-147627,1/20/2014,699.93,3
HL-15040,Hunter Lopez,CA-2016-101987,6/24/2016,440.91,4
HL-15040,Hunter Lopez,US-2014-147627,1/20/2014,38.6,5
HL-15040,Hunter Lopez,CA-2014-127159,5/12/2014,34.79,6
HL-15040,Hunter Lopez,US-2014-147627,1/20/2014,23.34,7
HL-15040,Hunter Lopez,US-2014-147627,1/20/2014,22.96,8
HL-15040,Hunter Lopez,CA-2017-134607,10/3/2017,22.58,9
HL-15040,Hunter Lopez,CA-2016-140634,10/3/2016,15.648,10
HL-15040,Hunter Lopez,US-2014-147627,1/20/2014,6.63,11
HM-14860,Harry Marie,US-2015-128587,12/24/2015,4899.93,1
HM-14860,Harry Marie,US-2016-110170,9/27/2016,956.6648,2
HM-14860,Harry Marie,CA-2014-129189,7/21/2014,657.93,3
HM-14860,Harry Marie,CA-2016-100510,5/12/2016,631.96,4
HM-14860,Harry Marie,CA-2017-125199,10/19/2017,309.576,5
HM-14860,Harry Marie,CA-2015-118871,12/4/2015,271.44,6
HM-14860,Harry Marie,CA-2017-125199,10/19/2017,123.256,7
HM-14860,Harry Marie,CA-2015-118871,12/4/2015,110.352,8
HM-14860,Harry Marie,CA-2014-129189,7/21/2014,87.92,9
HM-14860,Harry Marie,CA-2017-127117,4/14/2017,74.45,10
HM-14860,Harry Marie,CA-2015-118871,12/4/2015,36.4,11
HM-14860,Harry Marie,CA-2017-125199,10/19/2017,23.68,12
HM-14860,Harry Marie,CA-2016-100510,5/12/2016,10.02,13
HM-14860,Harry Marie,US-2015-128587,12/24/2015,9.68,14
HM-14860,Harry Marie,CA-2017-132738,8/4/2017,8.784,15
HM-14860,Harry Marie,CA-2017-132738,8/4/2017,7.968,16
HM-14860,Harry Marie,CA-2017-129805,12/28/2017,7.4,17
HM-14860,Harry Marie,CA-2014-129189,7/21/2014,4.992,18
HM-14860,Harry Marie,CA-2017-146367,8/4/2017,3.318,19
HM-14860,Harry Marie,CA-2014-129189,7/21/2014,1.044,20
HM-14980,Henry MacAllister,CA-2015-129917,10/2/2015,503.96,1
HM-14980,Henry MacAllister,CA-2017-151281,4/27/2017,139.58,2
HM-14980,Henry MacAllister,CA-2015-129917,10/2/2015,53.568,3
HM-14980,Henry MacAllister,CA-2017-130904,4/11/2017,20.992,4
HM-14980,Henry MacAllister,CA-2015-129917,10/2/2015,11.808,5
HM-14980,Henry MacAllister,CA-2016-106075,9/18/2016,4.616,6
HM-14980,Henry MacAllister,CA-2017-130904,4/11/2017,1.752,7
HP-14815,Harold Pawlan,CA-2017-111689,11/30/2017,1242.9,1
HP-14815,Harold Pawlan,CA-2015-156853,12/3/2015,184.66,2
HP-14815,Harold Pawlan,CA-2014-121664,5/6/2014,140.736,3
HP-14815,Harold Pawlan,CA-2014-122217,11/24/2014,111.15,4
HP-14815,Harold Pawlan,CA-2017-161893,1/23/2017,95.984,5
HP-14815,Harold Pawlan,CA-2015-122259,10/31/2015,70.12,6
HP-14815,Harold Pawlan,US-2015-118983,11/22/2015,68.81,7
HP-14815,Harold Pawlan,CA-2017-111689,11/30/2017,68.472,8
HP-14815,Harold Pawlan,CA-2017-161893,1/23/2017,4.938,9
HP-14815,Harold Pawlan,US-2015-118983,11/22/2015,2.544,10
HR-14770,Hallie Redmond,CA-2015-103954,8/9/2015,687.4,1
HR-14770,Hallie Redmond,CA-2017-165904,4/7/2017,219.184,2
HR-14770,Hallie Redmond,CA-2017-113278,1/14/2017,159.8,3
HR-14770,Hallie Redmond,CA-2017-113278,1/14/2017,67.8,4
HR-14770,Hallie Redmond,CA-2017-113278,1/14/2017,67.4,5
HR-14770,Hallie Redmond,CA-2017-113278,1/14/2017,18.96,6
HR-14770,Hallie Redmond,CA-2017-113278,1/14/2017,18.76,7
HR-14770,Hallie Redmond,CA-2017-165904,4/7/2017,16.256,8
HR-14770,Hallie Redmond,CA-2017-113278,1/14/2017,12.12,9
HR-14770,Hallie Redmond,CA-2017-106964,12/17/2017,11.808,10
HR-14770,Hallie Redmond,CA-2017-113278,1/14/2017,11.34,11
HR-14770,Hallie Redmond,US-2014-143707,3/1/2014,5.94,12
HR-14770,Hallie Redmond,CA-2017-113278,1/14/2017,2.52,13
HR-14830,Harold Ryan,US-2017-135013,7/24/2017,2399.96,1
HR-14830,Harold Ryan,CA-2015-135538,12/24/2015,883.84,2
HR-14830,Harold Ryan,CA-2014-127131,11/24/2014,485.88,3
HR-14830,Harold Ryan,CA-2017-166184,3/24/2017,469.99,4
HR-14830,Harold Ryan,CA-2015-157287,12/22/2015,422.625,5
HR-14830,Harold Ryan,CA-2017-166184,3/24/2017,207.846,6
HR-14830,Harold Ryan,CA-2014-127131,11/24/2014,197.58,7
HR-14830,Harold Ryan,CA-2017-166184,3/24/2017,47.01,8
HR-14830,Harold Ryan,CA-2015-110632,3/17/2015,33.82,9
HR-14830,Harold Ryan,CA-2015-157287,12/22/2015,33.568,10
HR-14830,Harold Ryan,CA-2014-127131,11/24/2014,25.92,11
HR-14830,Harold Ryan,CA-2015-110632,3/17/2015,15.02,12
HR-14830,Harold Ryan,CA-2015-147011,6/18/2015,13.632,13
HR-14830,Harold Ryan,CA-2014-127131,11/24/2014,12.096,14
HW-14935,Helen Wasserman,CA-2017-121559,6/1/2017,2405.2,1
HW-14935,Helen Wasserman,CA-2017-121559,6/1/2017,1925.88,2
HW-14935,Helen Wasserman,CA-2017-121027,8/18/2017,1496.16,3
HW-14935,Helen Wasserman,CA-2017-121027,8/18/2017,843.9,4
HW-14935,Helen Wasserman,CA-2017-140326,9/4/2017,825.174,5
HW-14935,Helen Wasserman,CA-2016-140130,10/31/2016,368.97,6
HW-14935,Helen Wasserman,CA-2016-136133,8/18/2016,355.32,7
HW-14935,Helen Wasserman,CA-2016-140130,10/31/2016,332.94,8
HW-14935,Helen Wasserman,CA-2017-165491,3/20/2017,265.93,9
HW-14935,Helen Wasserman,CA-2017-105809,2/20/2017,215.968,10
HW-14935,Helen Wasserman,CA-2017-121559,6/1/2017,83.97,11
HW-14935,Helen Wasserman,CA-2017-121559,6/1/2017,39.89,12
HW-14935,Helen Wasserman,CA-2015-103072,9/27/2015,25.92,13
HW-14935,Helen Wasserman,CA-2017-105809,2/20/2017,22.23,14
HW-14935,Helen Wasserman,CA-2016-140130,10/31/2016,21.96,15
HW-14935,Helen Wasserman,CA-2017-140326,9/4/2017,17.76,16
HW-14935,Helen Wasserman,CA-2017-121559,6/1/2017,17.38,17
HW-14935,Helen Wasserman,CA-2015-103072,9/27/2015,16.4,18
HW-14935,Helen Wasserman,CA-2016-140130,10/31/2016,12.39,19
HW-14935,Helen Wasserman,CA-2017-140326,9/4/2017,6.912,20
HZ-14950,Henia Zydlo,CA-2017-124765,11/25/2017,723.92,1
HZ-14950,Henia Zydlo,CA-2017-168739,5/29/2017,65.424,2
HZ-14950,Henia Zydlo,CA-2017-157420,11/21/2017,55.176,3
HZ-14950,Henia Zydlo,US-2016-154361,3/14/2016,21.88,4
HZ-14950,Henia Zydlo,CA-2017-108931,9/14/2017,11.56,5
HZ-14950,Henia Zydlo,CA-2017-108931,9/14/2017,8.56,6
IG-15085,Ivan Gibson,CA-2015-101000,4/9/2015,370.14,1
IG-15085,Ivan Gibson,CA-2017-158743,10/20/2017,145.85,2
IG-15085,Ivan Gibson,CA-2016-159345,6/17/2016,111.96,3
IG-15085,Ivan Gibson,CA-2014-143168,10/18/2014,61.96,4
IG-15085,Ivan Gibson,CA-2017-158743,10/20/2017,39.96,5
IG-15085,Ivan Gibson,CA-2017-158743,10/20/2017,13.36,6
IG-15085,Ivan Gibson,CA-2014-143168,10/18/2014,1.344,7
IL-15100,Ivan Liston,CA-2017-143063,8/10/2017,1454.49,1
IL-15100,Ivan Liston,US-2015-114741,12/6/2015,1325.85,2
IL-15100,Ivan Liston,CA-2015-156482,2/6/2015,1268.82,3
IL-15100,Ivan Liston,CA-2015-151722,10/5/2015,288.0,4
IL-15100,Ivan Liston,CA-2015-156482,2/6/2015,283.92,5
IL-15100,Ivan Liston,CA-2017-143063,8/10/2017,121.3,6
IL-15100,Ivan Liston,CA-2016-111318,7/23/2016,115.136,7
IL-15100,Ivan Liston,CA-2017-143063,8/10/2017,70.08,8
IL-15100,Ivan Liston,CA-2016-169971,9/4/2016,62.376,9
IL-15100,Ivan Liston,CA-2014-152296,8/1/2014,19.752,10
IL-15100,Ivan Liston,US-2015-114741,12/6/2015,14.94,11
IL-15100,Ivan Liston,US-2015-114741,12/6/2015,6.48,12
IL-15100,Ivan Liston,CA-2015-156482,2/6/2015,5.68,13
IL-15100,Ivan Liston,CA-2016-169971,9/4/2016,3.912,14
IM-15055,Ionia McGrath,CA-2016-129630,9/4/2016,2799.96,1
IM-15055,Ionia McGrath,CA-2014-102645,1/23/2014,40.08,2
IM-15055,Ionia McGrath,CA-2016-129630,9/4/2016,24.27,3
IM-15055,Ionia McGrath,CA-2016-124527,11/16/2016,8.32,4
IM-15070,Irene Maddox,CA-2014-120768,12/19/2014,1819.86,1
IM-15070,Irene Maddox,CA-2015-154956,7/4/2015,1099.96,2
IM-15070,Irene Maddox,CA-2016-161389,12/5/2016,407.976,3
IM-15070,Irene Maddox,CA-2015-104346,12/11/2015,364.95,4
IM-15070,Irene Maddox,CA-2016-140501,6/23/2016,324.9,5
IM-15070,Irene Maddox,CA-2014-120768,12/19/2014,152.76,6
IM-15070,Irene Maddox,CA-2016-140501,6/23/2016,146.73,7
IM-15070,Irene Maddox,CA-2016-140501,6/23/2016,122.12,8
IM-15070,Irene Maddox,CA-2015-104346,12/11/2015,85.056,9
IM-15070,Irene Maddox,CA-2016-109925,11/6/2016,84.84,10
IM-15070,Irene Maddox,CA-2015-104346,12/11/2015,69.576,11
IM-15070,Irene Maddox,CA-2015-104346,12/11/2015,58.08,12
IM-15070,Irene Maddox,CA-2015-104346,12/11/2015,54.92,13
IM-15070,Irene Maddox,CA-2015-104346,12/11/2015,52.416,14
IM-15070,Irene Maddox,CA-2015-104346,12/11/2015,27.696,15
IM-15070,Irene Maddox,CA-2016-140501,6/23/2016,18.45,16
IM-15070,Irene Maddox,CA-2015-104346,12/11/2015,13.12,17
IM-15070,Irene Maddox,CA-2015-100545,11/22/2015,11.61,18
IM-15070,Irene Maddox,CA-2014-120768,12/19/2014,7.27,19
IM-15070,Irene Maddox,CA-2015-104346,12/11/2015,4.224,20
IM-15070,Irene Maddox,CA-2016-140501,6/23/2016,3.96,21
JA-15970,Joseph Airdo,CA-2017-158379,9/22/2017,4663.736,1
JA-15970,Joseph Airdo,CA-2014-151295,11/12/2014,629.064,2
JA-15970,Joseph Airdo,CA-2016-116526,9/1/2016,376.74,3
JA-15970,Joseph Airdo,US-2017-150070,9/7/2017,161.568,4
JA-15970,Joseph Airdo,CA-2014-131947,9/17/2014,148.704,5
JA-15970,Joseph Airdo,CA-2017-158379,9/22/2017,79.984,6
JA-15970,Joseph Airdo,CA-2014-131947,9/17/2014,55.92,7
JA-15970,Joseph Airdo,CA-2017-128335,9/29/2017,51.55,8
JA-15970,Joseph Airdo,CA-2014-131947,9/17/2014,40.24,9
JA-15970,Joseph Airdo,CA-2014-131947,9/17/2014,38.256,10
JA-15970,Joseph Airdo,CA-2014-131947,9/17/2014,29.925,11
JA-15970,Joseph Airdo,CA-2017-102414,5/15/2017,29.592,12
JA-15970,Joseph Airdo,CA-2016-116526,9/1/2016,29.52,13
JA-15970,Joseph Airdo,CA-2016-116526,9/1/2016,26.4,14
JA-15970,Joseph Airdo,CA-2016-116526,9/1/2016,24.1,15
JA-15970,Joseph Airdo,CA-2017-128335,9/29/2017,23.34,16
JA-15970,Joseph Airdo,CA-2017-152261,3/2/2017,18.528,17
JA-15970,Joseph Airdo,CA-2017-102414,5/15/2017,15.552,18
JA-15970,Joseph Airdo,CA-2014-151295,11/12/2014,11.96,19
JA-15970,Joseph Airdo,CA-2016-116526,9/1/2016,11.96,20
JA-15970,Joseph Airdo,CA-2016-116526,9/1/2016,8.78,21
JA-15970,Joseph Airdo,CA-2017-158379,9/22/2017,5.607,22
JA-15970,Joseph Airdo,CA-2014-131947,9/17/2014,5.248,23
JA-15970,Joseph Airdo,CA-2017-102414,5/15/2017,4.752,24
JB-15400,Jennifer Braxton,CA-2017-132339,8/19/2017,387.99,1
JB-15400,Jennifer Braxton,CA-2016-165316,7/23/2016,265.475,2
JB-15400,Jennifer Braxton,CA-2017-158246,11/9/2017,215.976,3
JB-15400,Jennifer Braxton,CA-2017-117443,12/23/2017,175.872,4
JB-15400,Jennifer Braxton,CA-2015-121608,9/3/2015,137.62,5
JB-15400,Jennifer Braxton,US-2015-104185,9/3/2015,120.33,6
JB-15400,Jennifer Braxton,CA-2015-121608,9/3/2015,100.49,7
JB-15400,Jennifer Braxton,CA-2016-101189,2/4/2016,93.02,8
JB-15400,Jennifer Braxton,CA-2015-145821,5/1/2015,88.752,9
JB-15400,Jennifer Braxton,US-2014-100853,9/14/2014,52.448,10
JB-15400,Jennifer Braxton,CA-2017-142125,10/21/2017,38.82,11
JB-15400,Jennifer Braxton,CA-2016-165316,7/23/2016,35.216,12
JB-15400,Jennifer Braxton,CA-2016-165316,7/23/2016,23.696,13
JB-15400,Jennifer Braxton,CA-2017-142125,10/21/2017,21.9,14
JB-15400,Jennifer Braxton,US-2014-100853,9/14/2014,20.16,15
JB-15400,Jennifer Braxton,CA-2017-117443,12/23/2017,13.84,16
JB-15925,Joni Blumstein,CA-2015-169397,12/24/2015,479.988,1
JB-15925,Joni Blumstein,CA-2014-150203,12/5/2014,250.26,2
JB-15925,Joni Blumstein,CA-2015-169397,12/24/2015,72.704,3
JB-15925,Joni Blumstein,CA-2015-169397,12/24/2015,27.168,4
JB-15925,Joni Blumstein,CA-2015-169397,12/24/2015,22.704,5
JB-15925,Joni Blumstein,US-2015-167220,12/12/2015,22.368,6
JB-15925,Joni Blumstein,CA-2015-169397,12/24/2015,19.776,7
JB-15925,Joni Blumstein,CA-2015-169397,12/24/2015,5.584,8
JB-16000,Joy Bell-,CA-2017-124674,11/17/2017,327.7328,1
JB-16000,Joy Bell-,CA-2017-107713,3/13/2017,174.3,2
JB-16000,Joy Bell-,US-2017-157224,9/14/2017,56.7,3
JB-16000,Joy Bell-,CA-2016-163937,1/10/2016,24.85,4
JB-16000,Joy Bell-,CA-2016-121993,6/10/2016,23.616,5
JB-16000,Joy Bell-,CA-2017-168179,11/2/2017,19.44,6
JB-16000,Joy Bell-,US-2017-159562,9/9/2017,17.48,7
JB-16045,Julia Barnett,CA-2016-139269,5/25/2016,1267.65,1
JB-16045,Julia Barnett,CA-2015-107937,5/3/2015,665.88,2
JB-16045,Julia Barnett,US-2016-155173,3/6/2016,431.94,3
JB-16045,Julia Barnett,US-2016-155173,3/6/2016,68.238,4
JB-16045,Julia Barnett,CA-2017-110625,12/23/2017,27.46,5
JB-16045,Julia Barnett,CA-2016-139269,5/25/2016,24.96,6
JB-16045,Julia Barnett,CA-2016-139269,5/25/2016,19.36,7
JB-16045,Julia Barnett,CA-2016-158302,12/8/2016,10.584,8
JB-16045,Julia Barnett,US-2016-155173,3/6/2016,2.043,9
JC-15340,Jasper Cacioppo,US-2017-129441,9/7/2017,47.94,1
JC-15340,Jasper Cacioppo,CA-2016-102792,12/13/2016,9.84,2
JC-15340,Jasper Cacioppo,CA-2016-154536,9/5/2016,9.555,3
JC-15340,Jasper Cacioppo,CA-2014-100328,1/28/2014,3.928,4
JC-15385,Jenna Caffey,CA-2017-108560,7/8/2017,786.48,1
JC-15385,Jenna Caffey,CA-2017-108560,7/8/2017,198.46,2
JC-15385,Jenna Caffey,CA-2017-108560,7/8/2017,50.0,3
JC-15385,Jenna Caffey,CA-2017-108560,7/8/2017,23.168,4
JC-15775,John Castell,CA-2016-118626,8/15/2016,705.544,1
JC-15775,John Castell,CA-2017-112039,3/25/2017,470.376,2
JC-15775,John Castell,CA-2017-109393,6/30/2017,435.999,3
JC-15775,John Castell,CA-2017-121293,7/25/2017,259.92,4
JC-15775,John Castell,CA-2015-127824,10/18/2015,249.584,5
JC-15775,John Castell,US-2017-120607,5/19/2017,195.64,6
JC-15775,John Castell,CA-2014-159184,9/14/2014,142.4,7
JC-15775,John Castell,CA-2017-121293,7/25/2017,138.588,8
JC-15775,John Castell,CA-2017-118360,4/1/2017,42.93,9
JC-15775,John Castell,CA-2017-121293,7/25/2017,37.752,10
JC-15775,John Castell,CA-2017-121293,7/25/2017,20.736,11
JC-15775,John Castell,CA-2017-121293,7/25/2017,20.096,12
JC-15775,John Castell,CA-2015-127824,10/18/2015,17.94,13
JC-15775,John Castell,CA-2014-109127,12/21/2014,17.28,14
JC-15775,John Castell,CA-2015-127824,10/18/2015,10.11,15
JC-15775,John Castell,CA-2014-159184,9/14/2014,7.16,16
JC-16105,Julie Creighton,US-2014-167738,12/24/2014,292.272,1
JC-16105,Julie Creighton,CA-2015-149734,9/3/2015,200.984,2
JC-16105,Julie Creighton,US-2014-167738,12/24/2014,142.86,3
JC-16105,Julie Creighton,CA-2017-139913,10/23/2017,69.08,4
JC-16105,Julie Creighton,CA-2014-141173,11/18/2014,67.15,5
JC-16105,Julie Creighton,CA-2017-139913,10/23/2017,35.88,6
JC-16105,Julie Creighton,CA-2017-139913,10/23/2017,26.4,7
JC-16105,Julie Creighton,CA-2017-126046,11/3/2017,12.39,8
JC-16105,Julie Creighton,CA-2017-139913,10/23/2017,11.56,9
JD-15790,John Dryer,CA-2015-134719,10/10/2015,1801.632,1
JD-15790,John Dryer,CA-2016-134138,2/16/2016,227.96,2
JD-15790,John Dryer,US-2015-159513,4/2/2015,71.976,3
JD-15790,John Dryer,CA-2017-152485,9/4/2017,16.784,4
JD-15790,John Dryer,CA-2017-152485,9/4/2017,13.12,5
JD-15790,John Dryer,CA-2017-143294,6/2/2017,10.688,6
JD-15790,John Dryer,CA-2017-152485,9/4/2017,10.192,7
JD-15895,Jonathan Doherty,CA-2016-143805,12/1/2016,2104.55,1
JD-15895,Jonathan Doherty,CA-2016-144218,10/31/2016,1085.42,2
JD-15895,Jonathan Doherty,CA-2016-142545,10/28/2016,1082.48,3
JD-15895,Jonathan Doherty,CA-2014-127866,7/20/2014,535.41,4
JD-15895,Jonathan Doherty,CA-2014-122336,4/13/2014,509.97,5
JD-15895,Jonathan Doherty,CA-2016-168046,1/25/2016,428.68,6
JD-15895,Jonathan Doherty,CA-2016-136329,7/9/2016,408.006,7
JD-15895,Jonathan Doherty,CA-2016-168046,1/25/2016,313.722,8
JD-15895,Jonathan Doherty,CA-2016-136329,7/9/2016,165.28,9
JD-15895,Jonathan Doherty,CA-2015-127481,12/12/2015,97.88,10
JD-15895,Jonathan Doherty,CA-2016-110366,9/5/2016,82.8,11
JD-15895,Jonathan Doherty,CA-2016-142545,10/28/2016,77.6,12
JD-15895,Jonathan Doherty,CA-2016-157161,7/16/2016,75.98,13
JD-15895,Jonathan Doherty,CA-2014-122336,4/13/2014,71.928,14
JD-15895,Jonathan Doherty,CA-2014-138436,3/26/2014,66.3,15
JD-15895,Jonathan Doherty,CA-2016-157161,7/16/2016,60.12,16
JD-15895,Jonathan Doherty,CA-2016-142545,10/28/2016,56.91,17
JD-15895,Jonathan Doherty,CA-2016-168046,1/25/2016,45.98,18
JD-15895,Jonathan Doherty,CA-2016-168046,1/25/2016,43.12,19
JD-15895,Jonathan Doherty,CA-2014-127866,7/20/2014,41.94,20
JD-15895,Jonathan Doherty,CA-2016-143805,12/1/2016,40.7,21
JD-15895,Jonathan Doherty,CA-2016-142545,10/28/2016,32.4,22
JD-15895,Jonathan Doherty,CA-2015-127481,12/12/2015,32.4,23
JD-15895,Jonathan Doherty,CA-2014-122336,4/13/2014,30.992,24
JD-15895,Jonathan Doherty,CA-2016-157161,7/16/2016,24.1,25
JD-15895,Jonathan Doherty,CA-2016-157161,7/16/2016,22.32,26
JD-15895,Jonathan Doherty,CA-2014-122336,4/13/2014,17.856,27
JD-15895,Jonathan Doherty,CA-2016-142545,10/28/2016,14.28,28
JD-15895,Jonathan Doherty,CA-2014-127866,7/20/2014,13.12,29
JD-15895,Jonathan Doherty,CA-2014-127866,7/20/2014,11.96,30
JD-15895,Jonathan Doherty,CA-2016-157161,7/16/2016,10.2,31
JD-15895,Jonathan Doherty,CA-2016-157161,7/16/2016,6.46,32
JD-16015,Joy Daniels,CA-2017-156818,7/11/2017,132.6,1
JD-16015,Joy Daniels,CA-2014-110611,10/6/2014,83.92,2
JD-16015,Joy Daniels,US-2017-152569,5/15/2017,56.704,3
JD-16015,Joy Daniels,CA-2014-148950,12/14/2014,35.016,4
JD-16015,Joy Daniels,CA-2014-102085,10/4/2014,29.24,5
JD-16015,Joy Daniels,CA-2017-152198,9/9/2017,17.712,6
JD-16015,Joy Daniels,US-2017-152569,5/15/2017,11.12,7
JD-16015,Joy Daniels,CA-2017-152198,9/9/2017,6.258,8
JD-16015,Joy Daniels,CA-2014-148950,12/14/2014,5.104,9
JD-16015,Joy Daniels,CA-2017-152198,9/9/2017,4.86,10
JD-16015,Joy Daniels,CA-2014-148950,12/14/2014,2.896,11
JD-16060,Julia Dunbar,CA-2017-168123,3/5/2017,221.16,1
JD-16060,Julia Dunbar,CA-2014-123344,9/24/2014,211.96,2
JD-16060,Julia Dunbar,CA-2017-168123,3/5/2017,127.96,3
JD-16060,Julia Dunbar,US-2015-125374,3/23/2015,107.772,4
JD-16060,Julia Dunbar,CA-2017-168123,3/5/2017,18.69,5
JD-16060,Julia Dunbar,CA-2017-168123,3/5/2017,7.9,6
JD-16150,Justin Deggeller,CA-2017-168858,11/19/2017,2504.74,1
JD-16150,Justin Deggeller,CA-2017-155880,3/25/2017,1526.56,2
JD-16150,Justin Deggeller,US-2015-163279,3/22/2015,1487.976,3
JD-16150,Justin Deggeller,CA-2016-116911,9/15/2016,1128.39,4
JD-16150,Justin Deggeller,US-2015-147739,12/25/2015,547.136,5
JD-16150,Justin Deggeller,CA-2017-155880,3/25/2017,368.97,6
JD-16150,Justin Deggeller,CA-2014-119144,11/16/2014,344.91,7
JD-16150,Justin Deggeller,CA-2014-119144,11/16/2014,305.9745,8
JD-16150,Justin Deggeller,US-2015-163279,3/22/2015,105.52,9
JD-16150,Justin Deggeller,CA-2015-145184,11/27/2015,104.97,10
JD-16150,Justin Deggeller,US-2015-163279,3/22/2015,91.96,11
JD-16150,Justin Deggeller,CA-2017-155880,3/25/2017,90.99,12
JD-16150,Justin Deggeller,CA-2015-145184,11/27/2015,83.97,13
JD-16150,Justin Deggeller,CA-2014-119144,11/16/2014,79.968,14
JD-16150,Justin Deggeller,CA-2016-116911,9/15/2016,20.416,15
JD-16150,Justin Deggeller,CA-2016-147067,12/18/2016,18.84,16
JD-16150,Justin Deggeller,CA-2017-168858,11/19/2017,16.74,17
JE-15475,Jeremy Ellison,CA-2016-133795,12/18/2016,772.47,1
JE-15475,Jeremy Ellison,CA-2015-112116,3/16/2015,171.96,2
JE-15475,Jeremy Ellison,CA-2017-132934,6/20/2017,149.95,3
JE-15475,Jeremy Ellison,CA-2016-133795,12/18/2016,72.64,4
JE-15475,Jeremy Ellison,CA-2017-132934,6/20/2017,51.312,5
JE-15475,Jeremy Ellison,CA-2016-152632,10/27/2016,40.2,6
JE-15475,Jeremy Ellison,CA-2016-133795,12/18/2016,39.92,7
JE-15475,Jeremy Ellison,CA-2015-163762,11/27/2015,29.79,8
JE-15475,Jeremy Ellison,US-2016-132577,11/22/2016,24.032,9
JE-15475,Jeremy Ellison,US-2016-132577,11/22/2016,23.616,10
JE-15475,Jeremy Ellison,US-2016-132577,11/22/2016,6.216,11
JE-15475,Jeremy Ellison,US-2016-132577,11/22/2016,4.488,12
JE-15475,Jeremy Ellison,US-2016-132577,11/22/2016,2.088,13
JE-15610,Jim Epp,CA-2017-133263,3/31/2017,2999.95,1
JE-15610,Jim Epp,CA-2015-121720,6/11/2015,1123.92,2
JE-15610,Jim Epp,CA-2015-121720,6/11/2015,1036.624,3
JE-15610,Jim Epp,CA-2015-121720,6/11/2015,563.808,4
JE-15610,Jim Epp,CA-2017-119494,11/9/2017,523.392,5
JE-15610,Jim Epp,US-2014-146353,10/14/2014,269.9,6
JE-15610,Jim Epp,CA-2015-121720,6/11/2015,249.584,7
JE-15610,Jim Epp,CA-2016-154081,5/22/2016,222.384,8
JE-15610,Jim Epp,CA-2017-166317,9/22/2017,219.84,9
JE-15610,Jim Epp,CA-2017-166317,9/22/2017,98.16,10
JE-15610,Jim Epp,CA-2017-166317,9/22/2017,86.97,11
JE-15610,Jim Epp,CA-2015-121720,6/11/2015,78.6,12
JE-15610,Jim Epp,CA-2017-133263,3/31/2017,64.12,13
JE-15610,Jim Epp,CA-2015-121720,6/11/2015,60.768,14
JE-15610,Jim Epp,CA-2015-121720,6/11/2015,48.672,15
JE-15610,Jim Epp,CA-2017-133263,3/31/2017,34.54,16
JE-15610,Jim Epp,CA-2017-166317,9/22/2017,33.04,17
JE-15610,Jim Epp,US-2014-146353,10/14/2014,22.92,18
JE-15610,Jim Epp,US-2017-136707,11/12/2017,14.016,19
JE-15610,Jim Epp,CA-2015-121720,6/11/2015,3.768,20
JE-15715,Joe Elijah,CA-2016-169670,12/25/2016,2563.056,1
JE-15715,Joe Elijah,CA-2016-105081,12/25/2016,1747.25,2
JE-15715,Joe Elijah,CA-2016-106950,9/2/2016,1012.68,3
JE-15715,Joe Elijah,CA-2016-105081,12/25/2016,698.352,4
JE-15715,Joe Elijah,CA-2017-126914,6/15/2017,698.352,5
JE-15715,Joe Elijah,CA-2016-112109,7/8/2016,662.88,6
JE-15715,Joe Elijah,CA-2016-106950,9/2/2016,472.518,7
JE-15715,Joe Elijah,CA-2016-106950,9/2/2016,309.456,8
JE-15715,Joe Elijah,CA-2015-110877,10/23/2015,150.384,9
JE-15715,Joe Elijah,CA-2017-126914,6/15/2017,77.728,10
JE-15715,Joe Elijah,CA-2015-129770,2/21/2015,49.12,11
JE-15715,Joe Elijah,CA-2015-110877,10/23/2015,36.288,12
JE-15715,Joe Elijah,CA-2017-124261,11/14/2017,34.24,13
JE-15715,Joe Elijah,CA-2016-112109,7/8/2016,33.488,14
JE-15715,Joe Elijah,US-2017-105697,8/25/2017,25.696,15
JE-15715,Joe Elijah,CA-2014-126200,8/25/2014,25.68,16
JE-15715,Joe Elijah,CA-2016-106950,9/2/2016,22.911,17
JE-15715,Joe Elijah,CA-2016-112109,7/8/2016,19.968,18
JE-15715,Joe Elijah,CA-2016-106950,9/2/2016,19.456,19
JE-15715,Joe Elijah,CA-2016-106950,9/2/2016,17.22,20
JE-15715,Joe Elijah,CA-2014-126200,8/25/2014,12.384,21
JE-15715,Joe Elijah,CA-2016-112109,7/8/2016,8.736,22
JE-15745,Joel Eaton,CA-2015-139731,10/15/2015,2453.43,1
JE-15745,Joel Eaton,US-2015-134026,4/26/2015,831.936,2
JE-15745,Joel Eaton,CA-2017-161053,9/22/2017,691.96,3
JE-15745,Joel Eaton,US-2015-101511,11/21/2015,396.802,4
JE-15745,Joel Eaton,CA-2017-129462,6/16/2017,301.96,5
JE-15745,Joel Eaton,CA-2015-139731,10/15/2015,263.88,6
JE-15745,Joel Eaton,CA-2017-108070,4/16/2017,205.92,7
JE-15745,Joel Eaton,CA-2014-142048,6/22/2014,196.752,8
JE-15745,Joel Eaton,CA-2017-129462,6/16/2017,191.98,9
JE-15745,Joel Eaton,CA-2017-129462,6/16/2017,180.66,10
JE-15745,Joel Eaton,CA-2016-113621,12/1/2016,179.97,11
JE-15745,Joel Eaton,CA-2016-113621,12/1/2016,172.5,12
JE-15745,Joel Eaton,CA-2016-144729,10/21/2016,154.44,13
JE-15745,Joel Eaton,CA-2017-108070,4/16/2017,102.833,14
JE-15745,Joel Eaton,US-2015-134026,4/26/2015,97.04,15
JE-15745,Joel Eaton,US-2015-134026,4/26/2015,72.784,16
JE-15745,Joel Eaton,CA-2017-129462,6/16/2017,65.99,17
JE-15745,Joel Eaton,US-2016-162026,10/8/2016,61.96,18
JE-15745,Joel Eaton,US-2017-141852,11/9/2017,47.12,19
JE-15745,Joel Eaton,CA-2017-161053,9/22/2017,34.95,20
JE-15745,Joel Eaton,US-2015-168914,5/21/2015,20.768,21
JE-15745,Joel Eaton,US-2014-147606,11/26/2014,19.3,22
JE-15745,Joel Eaton,US-2015-101511,11/21/2015,15.88,23
JE-16165,Justin Ellison,CA-2016-114489,12/5/2016,1951.84,1
JE-16165,Justin Ellison,CA-2016-114489,12/5/2016,384.45,2
JE-16165,Justin Ellison,CA-2016-114489,12/5/2016,171.55,3
JE-16165,Justin Ellison,CA-2016-114489,12/5/2016,149.97,4
JE-16165,Justin Ellison,US-2017-146416,10/20/2017,20.928,5
JE-16165,Justin Ellison,US-2017-135503,12/10/2017,14.76,6
JE-16165,Justin Ellison,US-2017-146416,10/20/2017,3.75,7
JF-15190,Jamie Frazer,US-2016-155103,12/2/2016,415.176,1
JF-15190,Jamie Frazer,CA-2014-116407,11/15/2014,333.056,2
JF-15190,Jamie Frazer,CA-2017-121083,7/9/2017,274.8,3
JF-15190,Jamie Frazer,CA-2017-121083,7/9/2017,257.98,4
JF-15190,Jamie Frazer,CA-2017-121083,7/9/2017,195.64,5
JF-15190,Jamie Frazer,US-2017-123862,1/7/2017,153.78,6
JF-15190,Jamie Frazer,CA-2017-121083,7/9/2017,119.04,7
JF-15190,Jamie Frazer,US-2017-110646,10/26/2017,118.65,8
JF-15190,Jamie Frazer,US-2017-123862,1/7/2017,110.11,9
JF-15190,Jamie Frazer,US-2017-123862,1/7/2017,61.02,10
JF-15190,Jamie Frazer,US-2016-155103,12/2/2016,54.96,11
JF-15190,Jamie Frazer,CA-2015-105508,9/24/2015,39.98,12
JF-15190,Jamie Frazer,US-2016-155103,12/2/2016,35.232,13
JF-15190,Jamie Frazer,US-2017-110646,10/26/2017,33.282,14
JF-15190,Jamie Frazer,US-2017-123281,4/2/2017,25.11,15
JF-15190,Jamie Frazer,CA-2014-116407,11/15/2014,24.896,16
JF-15190,Jamie Frazer,US-2017-110646,10/26/2017,14.76,17
JF-15190,Jamie Frazer,US-2017-123862,1/7/2017,7.89,18
JF-15190,Jamie Frazer,CA-2014-116407,11/15/2014,4.224,19
JF-15295,Jason Fortune-,US-2017-110604,5/15/2017,220.96,1
JF-15295,Jason Fortune-,CA-2016-163594,4/12/2016,194.352,2
JF-15295,Jason Fortune-,CA-2017-122077,5/19/2017,95.992,3
JF-15295,Jason Fortune-,CA-2014-114510,3/14/2014,82.8,4
JF-15295,Jason Fortune-,CA-2014-114510,3/14/2014,80.98,5
JF-15295,Jason Fortune-,CA-2014-114510,3/14/2014,62.048,6
JF-15295,Jason Fortune-,US-2017-110604,5/15/2017,42.624,7
JF-15295,Jason Fortune-,US-2017-110604,5/15/2017,39.96,8
JF-15295,Jason Fortune-,CA-2016-163594,4/12/2016,36.624,9
JF-15295,Jason Fortune-,CA-2014-114510,3/14/2014,33.088,10
JF-15295,Jason Fortune-,CA-2014-114510,3/14/2014,21.36,11
JF-15295,Jason Fortune-,CA-2016-163594,4/12/2016,19.44,12
JF-15295,Jason Fortune-,CA-2017-122077,5/19/2017,13.216,13
JF-15295,Jason Fortune-,CA-2016-167290,10/30/2016,11.68,14
JF-15355,Jay Fein,CA-2015-132486,10/23/2015,842.352,1
JF-15355,Jay Fein,CA-2015-132486,10/23/2015,240.784,2
JF-15355,Jay Fein,CA-2015-132486,10/23/2015,191.968,3
JF-15355,Jay Fein,CA-2015-132486,10/23/2015,148.32,4
JF-15355,Jay Fein,CA-2017-136651,4/23/2017,92.88,5
JF-15355,Jay Fein,CA-2017-141103,7/30/2017,89.95,6
JF-15355,Jay Fein,CA-2017-136651,4/23/2017,66.36,7
JF-15355,Jay Fein,CA-2016-152163,7/1/2016,58.34,8
JF-15355,Jay Fein,CA-2017-144113,9/16/2017,55.992,9
JF-15355,Jay Fein,CA-2017-169474,2/4/2017,32.67,10
JF-15355,Jay Fein,CA-2017-136651,4/23/2017,24.14,11
JF-15355,Jay Fein,CA-2017-144113,9/16/2017,17.568,12
JF-15355,Jay Fein,CA-2016-152163,7/1/2016,14.2,13
JF-15355,Jay Fein,CA-2016-152163,7/1/2016,12.96,14
JF-15355,Jay Fein,CA-2015-132486,10/23/2015,11.8,15
JF-15355,Jay Fein,CA-2015-132486,10/23/2015,11.56,16
JF-15415,Jennifer Ferguson,US-2017-142188,9/11/2017,1471.96,1
JF-15415,Jennifer Ferguson,CA-2015-102855,4/5/2015,239.94,2
JF-15415,Jennifer Ferguson,US-2017-142188,9/11/2017,177.568,3
JF-15415,Jennifer Ferguson,US-2017-142188,9/11/2017,79.96,4
JF-15415,Jennifer Ferguson,CA-2015-105844,10/25/2015,79.36,5
JF-15415,Jennifer Ferguson,CA-2017-164826,12/28/2017,72.45,6
JF-15415,Jennifer Ferguson,US-2017-142188,9/11/2017,71.28,7
JF-15415,Jennifer Ferguson,CA-2014-156342,6/17/2014,62.016,8
JF-15415,Jennifer Ferguson,CA-2017-164826,12/28/2017,33.264,9
JF-15415,Jennifer Ferguson,CA-2015-102855,4/5/2015,23.84,10
JF-15415,Jennifer Ferguson,US-2017-142188,9/11/2017,19.44,11
JF-15415,Jennifer Ferguson,CA-2017-164826,12/28/2017,14.85,12
JF-15415,Jennifer Ferguson,CA-2017-164826,12/28/2017,13.96,13
JF-15415,Jennifer Ferguson,US-2014-166828,8/22/2014,11.56,14
JF-15490,Jeremy Farry,CA-2015-133445,10/5/2015,291.168,1
JF-15490,Jeremy Farry,US-2014-106334,12/27/2014,230.28,2
JF-15490,Jeremy Farry,CA-2015-141740,11/1/2015,205.164,3
JF-15490,Jeremy Farry,US-2017-162124,5/6/2017,191.968,4
JF-15490,Jeremy Farry,CA-2015-133445,10/5/2015,66.294,5
JF-15490,Jeremy Farry,CA-2016-164483,1/30/2016,17.456,6
JF-15490,Jeremy Farry,CA-2016-159653,5/22/2016,14.73,7
JF-15490,Jeremy Farry,CA-2014-117317,10/19/2014,13.44,8
JF-15490,Jeremy Farry,US-2014-106334,12/27/2014,12.84,9
JF-15490,Jeremy Farry,CA-2017-159884,8/31/2017,10.744,10
JF-15490,Jeremy Farry,US-2017-150847,4/30/2017,10.368,11
JF-15490,Jeremy Farry,CA-2017-159884,8/31/2017,8.376,12
JF-15490,Jeremy Farry,CA-2015-130736,12/7/2015,3.96,13
JF-15490,Jeremy Farry,US-2017-120649,1/20/2017,3.52,14
JF-15490,Jeremy Farry,CA-2015-130736,12/7/2015,2.61,15
JF-15565,Jill Fjeld,CA-2016-102162,9/11/2016,1599.92,1
JF-15565,Jill Fjeld,CA-2017-167941,11/6/2017,499.584,2
JF-15565,Jill Fjeld,US-2015-153374,2/9/2015,479.952,3
JF-15565,Jill Fjeld,CA-2016-105781,2/16/2016,326.646,4
JF-15565,Jill Fjeld,US-2014-126571,10/11/2014,281.904,5
JF-15565,Jill Fjeld,CA-2017-167941,11/6/2017,259.136,6
JF-15565,Jill Fjeld,CA-2015-137750,6/25/2015,204.85,7
JF-15565,Jill Fjeld,US-2014-126571,10/11/2014,201.432,8
JF-15565,Jill Fjeld,CA-2016-166373,10/21/2016,106.08,9
JF-15565,Jill Fjeld,CA-2016-105781,2/16/2016,89.97,10
JF-15565,Jill Fjeld,CA-2016-121034,8/8/2016,53.952,11
JF-15565,Jill Fjeld,CA-2017-167941,11/6/2017,31.104,12
JF-15565,Jill Fjeld,CA-2017-167941,11/6/2017,28.272,13
JF-15565,Jill Fjeld,CA-2017-167941,11/6/2017,13.272,14
JF-15565,Jill Fjeld,CA-2016-121034,8/8/2016,11.168,15
JF-15565,Jill Fjeld,CA-2016-102162,9/11/2016,11.09,16
JG-15115,Jack Garza,US-2014-135972,9/21/2014,1799.97,1
JG-15115,Jack Garza,US-2014-135972,9/21/2014,246.384,2
JG-15115,Jack Garza,CA-2015-123092,12/3/2015,105.584,3
JG-15115,Jack Garza,CA-2015-123092,12/3/2015,95.97,4
JG-15115,Jack Garza,CA-2015-123092,12/3/2015,77.952,5
JG-15115,Jack Garza,CA-2014-142951,10/8/2014,23.472,6
JG-15115,Jack Garza,CA-2015-123092,12/3/2015,9.344,7
JG-15160,James Galang,CA-2015-157084,12/19/2015,1265.85,1
JG-15160,James Galang,CA-2014-141796,6/21/2014,1214.85,2
JG-15160,James Galang,CA-2015-157084,12/19/2015,675.96,3
JG-15160,James Galang,CA-2015-131856,5/12/2015,619.152,4
JG-15160,James Galang,US-2017-116897,5/27/2017,477.15,5
JG-15160,James Galang,CA-2016-108434,12/5/2016,465.18,6
JG-15160,James Galang,CA-2017-118885,12/29/2017,393.568,7
JG-15160,James Galang,CA-2017-118885,12/29/2017,302.376,8
JG-15160,James Galang,US-2017-116897,5/27/2017,302.376,9
JG-15160,James Galang,CA-2016-124772,12/5/2016,191.82,10
JG-15160,James Galang,CA-2015-131856,5/12/2015,127.904,11
JG-15160,James Galang,CA-2017-138548,8/15/2017,97.84,12
JG-15160,James Galang,CA-2016-102498,7/24/2016,73.2,13
JG-15160,James Galang,CA-2014-105872,5/30/2014,70.368,14
JG-15160,James Galang,US-2017-116897,5/27/2017,35.0,15
JG-15160,James Galang,CA-2015-131856,5/12/2015,21.968,16
JG-15160,James Galang,CA-2016-123176,9/27/2016,17.94,17
JG-15160,James Galang,CA-2016-123176,9/27/2016,13.89,18
JG-15310,Jason Gross,CA-2017-119578,12/22/2017,695.16,1
JG-15310,Jason Gross,CA-2016-116799,3/3/2016,563.43,2
JG-15310,Jason Gross,CA-2017-101322,12/28/2017,340.704,3
JG-15310,Jason Gross,CA-2017-119578,12/22/2017,220.98,4
JG-15310,Jason Gross,CA-2016-129728,5/30/2016,167.84,5
JG-15310,Jason Gross,CA-2016-141957,7/21/2016,99.488,6
JG-15310,Jason Gross,CA-2016-141957,7/21/2016,66.688,7
JG-15310,Jason Gross,CA-2016-116799,3/3/2016,42.784,8
JG-15310,Jason Gross,CA-2016-141957,7/21/2016,18.656,9
JG-15310,Jason Gross,CA-2017-103765,11/24/2017,13.762,10
JG-15310,Jason Gross,CA-2016-141957,7/21/2016,11.088,11
JG-15805,John Grady,CA-2016-100790,6/26/2016,704.25,1
JG-15805,John Grady,CA-2017-167899,5/21/2017,520.05,2
JG-15805,John Grady,CA-2014-132801,10/7/2014,107.44,3
JG-15805,John Grady,CA-2014-151001,4/5/2014,52.096,4
JG-15805,John Grady,CA-2014-151001,4/5/2014,49.632,5
JG-15805,John Grady,CA-2014-104829,11/18/2014,21.98,6
JG-15805,John Grady,CA-2015-120446,11/16/2015,18.9,7
JG-15805,John Grady,CA-2017-167899,5/21/2017,17.97,8
JG-15805,John Grady,CA-2016-100790,6/26/2016,14.7,9
JH-15430,Jennifer Halladay,CA-2017-105620,12/25/2017,120.0,1
JH-15430,Jennifer Halladay,US-2017-108014,11/19/2017,59.913,2
JH-15430,Jennifer Halladay,US-2014-137680,2/24/2014,32.896,3
JH-15430,Jennifer Halladay,CA-2017-121818,11/20/2017,28.728,4
JH-15430,Jennifer Halladay,CA-2017-121818,11/20/2017,23.968,5
JH-15430,Jennifer Halladay,US-2014-137680,2/24/2014,22.776,6
JH-15430,Jennifer Halladay,CA-2017-105620,12/25/2017,21.0,7
JH-15820,John Huston,CA-2017-132122,7/9/2017,228.92,1
JH-15820,John Huston,CA-2017-117870,1/27/2017,107.982,2
JH-15820,John Huston,CA-2017-117870,1/27/2017,71.976,3
JH-15820,John Huston,US-2014-107699,5/19/2014,57.42,4
JH-15820,John Huston,CA-2015-133536,3/28/2015,22.92,5
JH-15820,John Huston,CA-2015-102778,11/21/2015,18.176,6
JH-15820,John Huston,CA-2017-117870,1/27/2017,14.016,7
JH-15820,John Huston,CA-2015-169537,9/3/2015,7.5,8
JH-15910,Jonathan Howell,CA-2016-130162,10/28/2016,302.376,1
JH-15910,Jonathan Howell,US-2017-152380,11/19/2017,219.075,2
JH-15910,Jonathan Howell,CA-2015-118843,9/13/2015,129.93,3
JH-15910,Jonathan Howell,CA-2016-130162,10/28/2016,93.06,4
JH-15910,Jonathan Howell,CA-2015-118843,9/13/2015,69.93,5
JH-15910,Jonathan Howell,CA-2015-104115,6/12/2015,55.984,6
JH-15910,Jonathan Howell,US-2017-112613,5/28/2017,54.368,7
JH-15910,Jonathan Howell,US-2016-115952,10/6/2016,28.85,8
JH-15910,Jonathan Howell,CA-2017-152226,5/12/2017,5.904,9
JH-15985,Joseph Holt,CA-2015-116638,1/28/2015,4297.644,1
JH-15985,Joseph Holt,CA-2014-169726,8/9/2014,2060.744,2
JH-15985,Joseph Holt,CA-2015-109638,12/15/2015,899.91,3
JH-15985,Joseph Holt,CA-2017-135860,12/1/2017,131.98,4
JH-15985,Joseph Holt,CA-2015-109638,12/15/2015,103.92,5
JH-15985,Joseph Holt,CA-2016-151372,9/5/2016,96.08,6
JH-15985,Joseph Holt,CA-2017-135860,12/1/2017,91.99,7
JH-15985,Joseph Holt,CA-2017-135860,12/1/2017,83.92,8
JH-15985,Joseph Holt,CA-2016-148908,11/5/2016,53.248,9
JH-15985,Joseph Holt,CA-2017-135860,12/1/2017,52.29,10
JH-15985,Joseph Holt,CA-2015-109638,12/15/2015,51.312,11
JH-15985,Joseph Holt,CA-2017-135860,12/1/2017,15.92,12
JH-15985,Joseph Holt,CA-2016-151372,9/5/2016,11.68,13
JH-15985,Joseph Holt,CA-2016-151372,9/5/2016,4.36,14
JH-16180,Justin Hirsh,CA-2015-138898,5/25/2015,845.728,1
JH-16180,Justin Hirsh,CA-2016-161907,4/5/2016,769.184,2
JH-16180,Justin Hirsh,CA-2015-126739,11/1/2015,327.564,3
JH-16180,Justin Hirsh,US-2016-114293,11/21/2016,195.136,4
JH-16180,Justin Hirsh,CA-2016-161907,4/5/2016,118.782,5
JJ-15445,Jennifer Jackson,CA-2015-120915,9/28/2015,307.98,1
JJ-15445,Jennifer Jackson,CA-2015-120915,9/28/2015,293.52,2
JJ-15445,Jennifer Jackson,CA-2016-163986,9/3/2016,54.5,3
JJ-15445,Jennifer Jackson,CA-2015-127418,6/13/2015,36.624,4
JJ-15445,Jennifer Jackson,CA-2016-137127,6/16/2016,9.45,5
JJ-15445,Jennifer Jackson,CA-2015-151785,3/5/2015,7.104,6
JJ-15760,Joel Jenkins,CA-2015-103205,12/8/2015,119.96,1
JJ-15760,Joel Jenkins,CA-2015-115091,10/5/2015,46.2,2
JJ-15760,Joel Jenkins,CA-2015-115091,10/5/2015,28.84,3
JK-15205,Jamie Kunitz,CA-2015-125976,9/27/2015,1871.88,1
JK-15205,Jamie Kunitz,CA-2017-123491,10/30/2017,1702.12,2
JK-15205,Jamie Kunitz,CA-2014-166555,7/11/2014,164.85,3
JK-15205,Jamie Kunitz,CA-2015-125976,9/27/2015,154.9,4
JK-15205,Jamie Kunitz,CA-2017-123491,10/30/2017,148.48,5
JK-15205,Jamie Kunitz,CA-2015-116484,11/20/2015,141.552,6
JK-15205,Jamie Kunitz,CA-2017-123491,10/30/2017,71.992,7
JK-15205,Jamie Kunitz,CA-2015-116484,11/20/2015,63.824,8
JK-15205,Jamie Kunitz,CA-2017-123491,10/30/2017,43.86,9
JK-15205,Jamie Kunitz,CA-2016-116918,10/1/2016,30.976,10
JK-15205,Jamie Kunitz,CA-2017-123491,10/30/2017,19.9,11
JK-15205,Jamie Kunitz,CA-2017-123491,10/30/2017,7.42,12
JK-15205,Jamie Kunitz,CA-2016-116918,10/1/2016,5.388,13
JK-15325,Jason Klamczynski,US-2014-168501,11/21/2014,267.96,1
JK-15325,Jason Klamczynski,CA-2017-122007,3/18/2017,90.86,2
JK-15325,Jason Klamczynski,CA-2016-158043,1/31/2016,23.36,3
JK-15325,Jason Klamczynski,US-2014-168501,11/21/2014,1.632,4
JK-15370,Jay Kimmel,CA-2016-122581,8/21/2016,573.174,1
JK-15370,Jay Kimmel,CA-2015-127453,12/19/2015,434.352,2
JK-15370,Jay Kimmel,US-2014-102715,4/11/2014,383.976,3
JK-15370,Jay Kimmel,CA-2015-142027,4/9/2015,369.912,4
JK-15370,Jay Kimmel,US-2014-102715,4/11/2014,335.944,5
JK-15370,Jay Kimmel,US-2017-155999,8/7/2017,159.96,6
JK-15370,Jay Kimmel,CA-2015-127453,12/19/2015,88.832,7
JK-15370,Jay Kimmel,US-2017-103828,8/13/2017,83.79,8
JK-15370,Jay Kimmel,CA-2016-132549,11/25/2016,73.36,9
JK-15370,Jay Kimmel,US-2017-103828,8/13/2017,59.52,10
JK-15370,Jay Kimmel,CA-2017-100601,11/16/2017,48.86,11
JK-15370,Jay Kimmel,US-2017-103828,8/13/2017,31.92,12
JK-15370,Jay Kimmel,US-2017-103828,8/13/2017,31.44,13
JK-15370,Jay Kimmel,US-2017-155999,8/7/2017,13.76,14
JK-15370,Jay Kimmel,US-2014-102715,4/11/2014,10.368,15
JK-15370,Jay Kimmel,US-2014-102715,4/11/2014,6.912,16
JK-15370,Jay Kimmel,CA-2015-127453,12/19/2015,3.552,17
JK-15625,Jim Karlsson,CA-2015-113152,12/25/2015,843.9,1
JK-15625,Jim Karlsson,CA-2014-166051,5/31/2014,659.97,2
JK-15625,Jim Karlsson,CA-2017-142622,10/30/2017,614.272,3
JK-15625,Jim Karlsson,CA-2014-135608,12/8/2014,603.92,4
JK-15625,Jim Karlsson,CA-2015-113152,12/25/2015,449.568,5
JK-15625,Jim Karlsson,CA-2017-142622,10/30/2017,199.98,6
JK-15625,Jim Karlsson,CA-2014-166051,5/31/2014,113.73,7
JK-15625,Jim Karlsson,CA-2015-138331,8/7/2015,106.8,8
JK-15625,Jim Karlsson,CA-2017-142622,10/30/2017,97.568,9
JK-15625,Jim Karlsson,CA-2014-135608,12/8/2014,45.68,10
JK-15625,Jim Karlsson,CA-2014-111773,6/29/2014,13.92,11
JK-15625,Jim Karlsson,CA-2014-121727,8/19/2014,10.72,12
JK-15640,Jim Kriz,CA-2017-168109,7/3/2017,2395.2,1
JK-15640,Jim Kriz,CA-2017-168109,7/3/2017,1687.8,2
JK-15640,Jim Kriz,CA-2015-143980,12/25/2015,414.96,3
JK-15640,Jim Kriz,CA-2015-134082,12/11/2015,110.528,4
JK-15640,Jim Kriz,CA-2017-168109,7/3/2017,59.98,5
JK-15640,Jim Kriz,CA-2014-147900,9/23/2014,28.8,6
JK-15640,Jim Kriz,US-2015-137533,12/18/2015,20.736,7
JK-15640,Jim Kriz,US-2015-150231,3/16/2015,17.52,8
JK-15640,Jim Kriz,CA-2017-168109,7/3/2017,7.992,9
JK-15640,Jim Kriz,CA-2015-157434,4/29/2015,7.968,10
JK-15640,Jim Kriz,CA-2014-159849,9/19/2014,5.67,11
JK-15640,Jim Kriz,CA-2015-137225,12/15/2015,3.28,12
JK-15730,Joe Kamberova,CA-2016-105256,5/20/2016,1363.96,1
JK-15730,Joe Kamberova,CA-2014-150798,12/1/2014,909.72,2
JK-15730,Joe Kamberova,CA-2014-150798,12/1/2014,659.988,3
JK-15730,Joe Kamberova,CA-2014-163468,11/18/2014,424.116,4
JK-15730,Joe Kamberova,CA-2014-163468,11/18/2014,381.72,5
JK-15730,Joe Kamberova,CA-2014-163468,11/18/2014,292.1,6
JK-15730,Joe Kamberova,US-2017-153255,9/3/2017,239.666,7
JK-15730,Joe Kamberova,CA-2016-108616,9/29/2016,209.97,8
JK-15730,Joe Kamberova,CA-2015-111199,11/13/2015,115.296,9
JK-15730,Joe Kamberova,CA-2017-137918,9/29/2017,97.3,10
JK-15730,Joe Kamberova,CA-2016-108616,9/29/2016,62.94,11
JK-15730,Joe Kamberova,CA-2014-150798,12/1/2014,36.288,12
JK-15730,Joe Kamberova,CA-2016-108616,9/29/2016,25.92,13
JK-15730,Joe Kamberova,CA-2015-127607,3/20/2015,18.864,14
JK-15730,Joe Kamberova,CA-2014-163468,11/18/2014,8.544,15
JK-15730,Joe Kamberova,CA-2014-150798,12/1/2014,8.128,16
JK-15730,Joe Kamberova,CA-2017-128426,10/7/2017,4.24,17
JK-15730,Joe Kamberova,CA-2017-155936,6/22/2017,3.036,18
JK-15730,Joe Kamberova,CA-2014-163468,11/18/2014,2.892,19
JK-15730,Joe Kamberova,CA-2015-127607,3/20/2015,2.512,20
JK-16090,Juliana Krohn,CA-2017-160885,12/2/2017,2479.96,1
JK-16090,Juliana Krohn,CA-2015-107678,4/21/2015,469.95,2
JK-16090,Juliana Krohn,CA-2017-141117,10/2/2017,217.764,3
JK-16090,Juliana Krohn,CA-2015-107678,4/21/2015,209.88,4
JK-16090,Juliana Krohn,CA-2015-107678,4/21/2015,191.96,5
JK-16090,Juliana Krohn,CA-2017-141117,10/2/2017,95.144,6
JK-16090,Juliana Krohn,CA-2017-141117,10/2/2017,39.072,7
JK-16090,Juliana Krohn,CA-2017-141117,10/2/2017,22.638,8
JK-16090,Juliana Krohn,CA-2015-107678,4/21/2015,21.3,9
JK-16120,Julie Kriz,CA-2016-150945,12/18/2016,900.08,1
JK-16120,Julie Kriz,CA-2014-120670,11/2/2014,799.92,2
JK-16120,Julie Kriz,CA-2017-154039,2/17/2017,480.96,3
JK-16120,Julie Kriz,CA-2016-117849,4/15/2016,143.7,4
JK-16120,Julie Kriz,CA-2017-154039,2/17/2017,124.792,5
JK-16120,Julie Kriz,CA-2016-113425,11/21/2016,113.568,6
JK-16120,Julie Kriz,US-2016-100566,9/3/2016,83.952,7
JK-16120,Julie Kriz,CA-2017-140298,5/11/2017,74.416,8
JK-16120,Julie Kriz,CA-2015-134859,10/4/2015,64.944,9
JK-16120,Julie Kriz,CA-2015-130022,8/10/2015,41.4,10
JK-16120,Julie Kriz,CA-2017-100783,9/4/2017,30.384,11
JK-16120,Julie Kriz,CA-2015-130022,8/10/2015,29.79,12
JK-16120,Julie Kriz,CA-2015-134859,10/4/2015,20.736,13
JK-16120,Julie Kriz,CA-2017-140298,5/11/2017,7.996,14
JK-16120,Julie Kriz,CA-2017-140298,5/11/2017,6.848,15
JK-16120,Julie Kriz,CA-2017-140298,5/11/2017,5.248,16
JK-16120,Julie Kriz,CA-2015-130022,8/10/2015,3.75,17
JL-15130,Jack Lebron,CA-2017-150910,12/22/2017,934.956,1
JL-15130,Jack Lebron,CA-2017-150910,12/22/2017,59.24,2
JL-15130,Jack Lebron,CA-2017-150910,12/22/2017,46.864,3
JL-15130,Jack Lebron,CA-2014-165428,9/1/2014,31.104,4
JL-15130,Jack Lebron,CA-2017-120894,4/28/2017,28.08,5
JL-15130,Jack Lebron,US-2017-100482,4/11/2017,27.12,6
JL-15130,Jack Lebron,CA-2017-150910,12/22/2017,26.16,7
JL-15130,Jack Lebron,CA-2017-150910,12/22/2017,23.128,8
JL-15130,Jack Lebron,US-2017-100482,4/11/2017,16.768,9
JL-15130,Jack Lebron,CA-2014-138198,7/18/2014,13.904,10
JL-15130,Jack Lebron,CA-2016-138933,4/24/2016,3.984,11
JL-15130,Jack Lebron,CA-2014-165428,9/1/2014,3.648,12
JL-15175,James Lanier,CA-2017-128734,12/24/2017,842.376,1
JL-15175,James Lanier,US-2014-133949,12/31/2014,475.944,2
JL-15175,James Lanier,CA-2016-140977,6/16/2016,91.475,3
JL-15175,James Lanier,CA-2015-158701,1/5/2015,87.36,4
JL-15175,James Lanier,CA-2015-158701,1/5/2015,56.16,5
JL-15175,James Lanier,US-2017-156083,11/4/2017,9.664,6
JL-15175,James Lanier,CA-2017-128734,12/24/2017,8.544,7
JL-15235,Janet Lee,CA-2017-137631,4/28/2017,751.984,1
JL-15235,Janet Lee,CA-2015-137925,11/30/2015,681.408,2
JL-15235,Janet Lee,CA-2016-165169,6/5/2016,360.38,3
JL-15235,Janet Lee,US-2017-163657,9/2/2017,236.528,4
JL-15235,Janet Lee,US-2014-130379,5/25/2014,75.6,5
JL-15235,Janet Lee,US-2014-130379,5/25/2014,29.32,6
JL-15235,Janet Lee,CA-2015-137925,11/30/2015,23.66,7
JL-15235,Janet Lee,US-2017-163657,9/2/2017,18.72,8
JL-15235,Janet Lee,CA-2016-165169,6/5/2016,14.94,9
JL-15235,Janet Lee,CA-2016-165169,6/5/2016,11.16,10
JL-15505,Jeremy Lonsdale,CA-2017-156776,8/7/2017,1473.1,1
JL-15505,Jeremy Lonsdale,CA-2017-156776,8/7/2017,707.88,2
JL-15505,Jeremy Lonsdale,CA-2016-138520,4/8/2016,388.704,3
JL-15505,Jeremy Lonsdale,CA-2017-156776,8/7/2017,207.184,4
JL-15505,Jeremy Lonsdale,CA-2014-103590,11/30/2014,62.28,5
JL-15505,Jeremy Lonsdale,CA-2017-156776,8/7/2017,55.76,6
JL-15505,Jeremy Lonsdale,CA-2017-156776,8/7/2017,51.75,7
JL-15505,Jeremy Lonsdale,CA-2017-112473,5/25/2017,50.136,8
JL-15505,Jeremy Lonsdale,CA-2016-138520,4/8/2016,34.4,9
JL-15505,Jeremy Lonsdale,CA-2017-156776,8/7/2017,31.128,10
JL-15505,Jeremy Lonsdale,CA-2017-167976,11/11/2017,25.5,11
JL-15505,Jeremy Lonsdale,CA-2017-156776,8/7/2017,24.56,12
JL-15505,Jeremy Lonsdale,CA-2016-138520,4/8/2016,17.04,13
JL-15505,Jeremy Lonsdale,CA-2014-162362,11/14/2014,12.72,14
JL-15505,Jeremy Lonsdale,CA-2017-156776,8/7/2017,11.952,15
JL-15505,Jeremy Lonsdale,CA-2014-162362,11/14/2014,11.52,16
JL-15505,Jeremy Lonsdale,CA-2016-138520,4/8/2016,8.26,17
JL-15835,John Lee,CA-2014-127299,9/19/2014,2624.985,1
JL-15835,John Lee,US-2017-161935,7/14/2017,1889.946,2
JL-15835,John Lee,US-2017-167920,12/9/2017,1399.98,3
JL-15835,John Lee,US-2015-138121,12/17/2015,546.66,4
JL-15835,John Lee,US-2017-161935,7/14/2017,396.92,5
JL-15835,John Lee,CA-2017-167913,7/30/2017,330.4,6
JL-15835,John Lee,US-2015-138121,12/17/2015,302.94,7
JL-15835,John Lee,CA-2014-110849,4/18/2014,287.968,8
JL-15835,John Lee,US-2017-161935,7/14/2017,239.456,9
JL-15835,John Lee,CA-2017-164028,11/24/2017,223.58,10
JL-15835,John Lee,US-2017-167920,12/9/2017,214.9,11
JL-15835,John Lee,US-2015-138121,12/17/2015,212.13,12
JL-15835,John Lee,US-2014-138758,7/7/2014,172.186,13
JL-15835,John Lee,US-2017-167920,12/9/2017,146.45,14
JL-15835,John Lee,US-2015-138121,12/17/2015,142.36,15
JL-15835,John Lee,CA-2017-161333,2/2/2017,139.04,16
JL-15835,John Lee,CA-2017-161333,2/2/2017,86.26,17
JL-15835,John Lee,US-2014-138758,7/7/2014,69.008,18
JL-15835,John Lee,CA-2014-127299,9/19/2014,67.344,19
JL-15835,John Lee,US-2017-161935,7/14/2017,62.04,20
JL-15835,John Lee,CA-2017-161333,2/2/2017,46.8,21
JL-15835,John Lee,US-2015-138121,12/17/2015,29.52,22
JL-15835,John Lee,US-2017-167920,12/9/2017,29.36,23
JL-15835,John Lee,CA-2017-167913,7/30/2017,26.25,24
JL-15835,John Lee,US-2017-167920,12/9/2017,15.92,25
JL-15835,John Lee,US-2017-167920,12/9/2017,15.14,26
JL-15835,John Lee,CA-2014-110849,4/18/2014,13.12,27
JL-15835,John Lee,US-2017-161935,7/14/2017,13.12,28
JL-15835,John Lee,CA-2014-110849,4/18/2014,11.62,29
JL-15835,John Lee,CA-2017-105193,3/25/2017,11.05,30
JL-15835,John Lee,CA-2014-110849,4/18/2014,10.75,31
JL-15835,John Lee,US-2017-161935,7/14/2017,9.248,32
JL-15835,John Lee,CA-2016-154788,4/30/2016,7.712,33
JL-15835,John Lee,US-2017-167920,12/9/2017,5.76,34
JL-15850,John Lucas,CA-2015-142944,3/6/2015,1119.984,1
JL-15850,John Lucas,CA-2015-120880,5/29/2015,540.57,2
JL-15850,John Lucas,CA-2015-142944,3/6/2015,435.26,3
JL-15850,John Lucas,CA-2015-112557,4/25/2015,206.43,4
JL-15850,John Lucas,CA-2015-120880,5/29/2015,167.76,5
JL-15850,John Lucas,US-2015-142811,4/2/2015,87.8,6
JL-15850,John Lucas,US-2016-150147,4/25/2016,82.8,7
JL-15850,John Lucas,CA-2015-120880,5/29/2015,32.4,8
JL-15850,John Lucas,US-2014-164644,7/22/2014,26.632,9
JL-15850,John Lucas,US-2016-150147,4/25/2016,20.724,10
JL-15850,John Lucas,US-2016-150147,4/25/2016,4.896,11
JM-15250,Janet Martin,CA-2017-128853,4/21/2017,908.82,1
JM-15250,Janet Martin,CA-2017-151750,1/1/2017,454.56,2
JM-15250,Janet Martin,CA-2017-105921,8/14/2017,418.296,3
JM-15250,Janet Martin,CA-2016-167556,3/29/2016,414.0,4
JM-15250,Janet Martin,CA-2017-151750,1/1/2017,310.744,5
JM-15250,Janet Martin,CA-2017-139353,10/28/2017,147.184,6
JM-15250,Janet Martin,CA-2017-151750,1/1/2017,141.42,7
JM-15250,Janet Martin,CA-2017-139353,10/28/2017,77.952,8
JM-15250,Janet Martin,CA-2017-119004,11/23/2017,74.112,9
JM-15250,Janet Martin,CA-2017-139353,10/28/2017,47.952,10
JM-15250,Janet Martin,CA-2016-167556,3/29/2016,41.328,11
JM-15250,Janet Martin,CA-2016-167556,3/29/2016,29.8,12
JM-15250,Janet Martin,CA-2017-119004,11/23/2017,27.992,13
JM-15250,Janet Martin,CA-2017-151750,1/1/2017,15.224,14
JM-15250,Janet Martin,CA-2017-151750,1/1/2017,13.748,15
JM-15250,Janet Martin,CA-2016-167556,3/29/2016,13.48,16
JM-15250,Janet Martin,CA-2017-151750,1/1/2017,12.736,17
JM-15250,Janet Martin,CA-2017-151750,1/1/2017,6.47,18
JM-15250,Janet Martin,CA-2017-119004,11/23/2017,3.304,19
JM-15265,Janet Molinari,CA-2016-105816,12/11/2016,1029.95,1
JM-15265,Janet Molinari,CA-2017-149160,11/23/2017,287.92,2
JM-15265,Janet Molinari,CA-2015-100818,5/31/2015,173.488,3
JM-15265,Janet Molinari,CA-2014-104178,8/25/2014,95.1,4
JM-15265,Janet Molinari,CA-2015-100818,5/31/2015,51.56,5
JM-15265,Janet Molinari,CA-2014-104178,8/25/2014,48.84,6
JM-15265,Janet Molinari,CA-2016-126858,11/19/2016,31.96,7
JM-15265,Janet Molinari,CA-2017-149160,11/23/2017,28.4,8
JM-15265,Janet Molinari,CA-2014-104178,8/25/2014,25.92,9
JM-15265,Janet Molinari,CA-2016-105816,12/11/2016,15.26,10
JM-15265,Janet Molinari,CA-2014-104178,8/25/2014,6.28,11
JM-15265,Janet Molinari,CA-2015-100818,5/31/2015,5.904,12
JM-15265,Janet Molinari,CA-2015-100818,5/31/2015,3.564,13
JM-15535,Jessica Myrick,CA-2016-157259,12/24/2016,799.56,1
JM-15535,Jessica Myrick,CA-2016-108735,4/17/2016,257.499,2
JM-15535,Jessica Myrick,CA-2014-132962,9/13/2014,252.0,3
JM-15535,Jessica Myrick,CA-2015-138534,7/17/2015,195.466,4
JM-15535,Jessica Myrick,CA-2015-148712,4/17/2015,99.6,5
JM-15535,Jessica Myrick,CA-2015-148712,4/17/2015,62.296,6
JM-15535,Jessica Myrick,US-2017-148866,9/19/2017,32.4,7
JM-15535,Jessica Myrick,CA-2014-132962,9/13/2014,15.552,8
JM-15535,Jessica Myrick,CA-2015-148712,4/17/2015,10.71,9
JM-15535,Jessica Myrick,CA-2017-103611,9/12/2017,8.36,10
JM-15580,Jill Matthias,CA-2016-136021,8/14/2016,105.552,1
JM-15580,Jill Matthias,CA-2016-155138,9/8/2016,64.704,2
JM-15580,Jill Matthias,CA-2016-167416,5/12/2016,54.9,3
JM-15580,Jill Matthias,CA-2016-155138,9/8/2016,35.168,4
JM-15580,Jill Matthias,CA-2016-166625,4/14/2016,25.06,5
JM-15580,Jill Matthias,CA-2016-136021,8/14/2016,15.54,6
JM-15580,Jill Matthias,CA-2017-156720,12/30/2017,3.024,7
JM-15655,Jim Mitchum,US-2016-108777,12/12/2016,383.952,1
JM-15655,Jim Mitchum,CA-2017-151225,10/27/2017,189.576,2
JM-15655,Jim Mitchum,CA-2017-151225,10/27/2017,71.96,3
JM-15655,Jim Mitchum,CA-2017-115931,12/22/2017,67.04,4
JM-15655,Jim Mitchum,CA-2016-112389,10/29/2016,40.74,5
JM-15655,Jim Mitchum,CA-2017-115931,12/22/2017,37.32,6
JM-15655,Jim Mitchum,CA-2014-100363,4/8/2014,19.008,7
JM-15655,Jim Mitchum,US-2016-108777,12/12/2016,18.693,8
JM-15655,Jim Mitchum,CA-2017-115931,12/22/2017,18.45,9
JM-15655,Jim Mitchum,CA-2016-112389,10/29/2016,11.67,10
JM-15655,Jim Mitchum,CA-2017-115931,12/22/2017,4.17,11
JM-15655,Jim Mitchum,CA-2014-100363,4/8/2014,2.368,12
JM-15865,John Murray,CA-2014-144624,11/19/2014,4548.81,1
JM-15865,John Murray,US-2015-128090,8/16/2015,1879.96,2
JM-15865,John Murray,US-2015-128090,8/16/2015,313.024,3
JM-15865,John Murray,CA-2016-130393,12/1/2016,248.43,4
JM-15865,John Murray,CA-2017-166576,5/16/2017,221.024,5
JM-15865,John Murray,US-2017-109582,9/12/2017,166.44,6
JM-15865,John Murray,CA-2016-130393,12/1/2016,85.246,7
JM-15865,John Murray,CA-2015-107685,11/30/2015,80.96,8
JM-15865,John Murray,CA-2015-158148,12/20/2015,36.27,9
JM-15865,John Murray,CA-2015-107685,11/30/2015,25.92,10
JM-15865,John Murray,CA-2016-130393,12/1/2016,11.648,11
JM-15865,John Murray,US-2015-128090,8/16/2015,5.04,12
JM-15865,John Murray,US-2015-128090,8/16/2015,2.304,13
JM-16195,Justin MacKendrick,CA-2014-160094,4/30/2014,826.0,1
JM-16195,Justin MacKendrick,CA-2017-158169,8/12/2017,542.94,2
JM-16195,Justin MacKendrick,CA-2015-116092,2/15/2015,541.44,3
JM-16195,Justin MacKendrick,CA-2014-160094,4/30/2014,174.95,4
JM-16195,Justin MacKendrick,CA-2017-151008,9/7/2017,126.56,5
JM-16195,Justin MacKendrick,US-2015-136427,6/20/2015,125.944,6
JM-16195,Justin MacKendrick,CA-2016-158547,5/30/2016,123.92,7
JM-16195,Justin MacKendrick,CA-2014-157721,9/2/2014,70.71,8
JM-16195,Justin MacKendrick,CA-2015-145485,11/5/2015,62.8,9
JM-16195,Justin MacKendrick,CA-2017-158169,8/12/2017,54.92,10
JM-16195,Justin MacKendrick,CA-2015-116092,2/15/2015,41.72,11
JM-16195,Justin MacKendrick,CA-2017-151008,9/7/2017,25.16,12
JM-16195,Justin MacKendrick,US-2016-117541,11/14/2016,19.92,13
JM-16195,Justin MacKendrick,CA-2014-157721,9/2/2014,19.9,14
JM-16195,Justin MacKendrick,CA-2015-116092,2/15/2015,19.44,15
JM-16195,Justin MacKendrick,US-2016-117541,11/14/2016,16.45,16
JM-16195,Justin MacKendrick,CA-2017-130834,11/3/2017,16.272,17
JM-16195,Justin MacKendrick,CA-2015-116092,2/15/2015,13.36,18
JM-16195,Justin MacKendrick,CA-2015-116092,2/15/2015,11.52,19
JO-15145,Jack O'Briant,US-2016-100461,1/8/2016,1565.88,1
JO-15145,Jack O'Briant,CA-2017-130764,10/27/2017,556.665,2
JO-15145,Jack O'Briant,CA-2017-125913,1/16/2017,399.672,3
JO-15145,Jack O'Briant,CA-2014-167486,11/27/2014,199.9,4
JO-15145,Jack O'Briant,CA-2014-159121,7/26/2014,111.93,5
JO-15145,Jack O'Briant,US-2016-100461,1/8/2016,106.05,6
JO-15145,Jack O'Briant,CA-2017-130764,10/27/2017,95.84,7
JO-15145,Jack O'Briant,CA-2016-116344,7/29/2016,84.784,8
JO-15145,Jack O'Briant,CA-2014-152562,11/1/2014,69.52,9
JO-15145,Jack O'Briant,CA-2017-125913,1/16/2017,27.92,10
JO-15145,Jack O'Briant,US-2017-168802,11/3/2017,18.368,11
JO-15145,Jack O'Briant,CA-2014-106054,1/6/2014,12.78,12
JO-15145,Jack O'Briant,CA-2014-152562,11/1/2014,5.64,13
JO-15280,Jas O'Carroll,CA-2015-130890,11/2/2015,1038.84,1
JO-15280,Jas O'Carroll,CA-2015-109197,12/31/2015,487.984,2
JO-15280,Jas O'Carroll,CA-2017-118402,9/29/2017,243.92,3
JO-15280,Jas O'Carroll,US-2016-115819,4/19/2016,73.2,4
JO-15280,Jas O'Carroll,US-2016-115819,4/19/2016,39.96,5
JO-15280,Jas O'Carroll,US-2016-115819,4/19/2016,22.72,6
JO-15280,Jas O'Carroll,US-2016-115819,4/19/2016,9.336,7
JO-15280,Jas O'Carroll,CA-2014-116673,12/15/2014,6.16,8
JO-15280,Jas O'Carroll,US-2016-115819,4/19/2016,5.84,9
JO-15280,Jas O'Carroll,US-2016-115819,4/19/2016,5.46,10
JO-15280,Jas O'Carroll,CA-2014-112403,3/31/2014,0.852,11
JO-15550,Jesus Ocampo,CA-2015-132101,3/19/2015,453.576,1
JO-15550,Jesus Ocampo,CA-2015-119291,5/14/2015,200.984,2
JO-15550,Jesus Ocampo,CA-2015-119291,5/14/2015,198.272,3
JO-15550,Jesus Ocampo,CA-2015-119291,5/14/2015,97.696,4
JO-15550,Jesus Ocampo,CA-2015-119291,5/14/2015,47.36,5
JO-15550,Jesus Ocampo,US-2017-138086,4/16/2017,40.74,6
JO-15550,Jesus Ocampo,CA-2017-144568,5/29/2017,23.55,7
JO-15550,Jesus Ocampo,CA-2015-119291,5/14/2015,18.588,8
JO-15550,Jesus Ocampo,CA-2015-119291,5/14/2015,4.896,9
JO-15550,Jesus Ocampo,CA-2015-119291,5/14/2015,2.696,10
JO-15550,Jesus Ocampo,CA-2015-126466,11/9/2015,2.48,11
JP-15460,Jennifer Patt,CA-2016-158001,8/23/2016,1040.8,1
JP-15460,Jennifer Patt,CA-2017-156622,11/23/2017,127.785,2
JP-15460,Jennifer Patt,US-2015-137008,10/2/2015,94.85,3
JP-15460,Jennifer Patt,US-2015-137008,10/2/2015,90.0,4
JP-15460,Jennifer Patt,CA-2017-156622,11/23/2017,78.304,5
JP-15460,Jennifer Patt,US-2015-137008,10/2/2015,51.12,6
JP-15460,Jennifer Patt,CA-2017-156622,11/23/2017,36.288,7
JP-15460,Jennifer Patt,CA-2016-161676,7/18/2016,33.8,8
JP-15460,Jennifer Patt,CA-2016-158001,8/23/2016,29.34,9
JP-15460,Jennifer Patt,CA-2016-158001,8/23/2016,21.3,10
JP-15460,Jennifer Patt,CA-2017-104906,2/13/2017,17.94,11
JP-15460,Jennifer Patt,CA-2016-158925,10/24/2016,15.552,12
JP-15460,Jennifer Patt,CA-2014-107916,8/24/2014,13.28,13
JP-15460,Jennifer Patt,CA-2014-107916,8/24/2014,12.672,14
JP-15460,Jennifer Patt,CA-2017-156622,11/23/2017,6.104,15
JP-15520,Jeremy Pistek,CA-2017-117324,12/8/2017,1089.75,1
JP-15520,Jeremy Pistek,CA-2014-144666,11/9/2014,703.968,2
JP-15520,Jeremy Pistek,CA-2017-117324,12/8/2017,459.92,3
JP-15520,Jeremy Pistek,CA-2014-144666,11/9/2014,340.92,4
JP-15520,Jeremy Pistek,CA-2016-117604,9/4/2016,239.5,5
JP-15520,Jeremy Pistek,CA-2014-144666,11/9/2014,222.666,6
JP-15520,Jeremy Pistek,CA-2017-117324,12/8/2017,178.11,7
JP-15520,Jeremy Pistek,CA-2014-144666,11/9/2014,94.85,8
JP-15520,Jeremy Pistek,CA-2014-144666,11/9/2014,92.52,9
JP-15520,Jeremy Pistek,CA-2014-144666,11/9/2014,62.65,10
JP-15520,Jeremy Pistek,CA-2017-117324,12/8/2017,61.06,11
JP-15520,Jeremy Pistek,CA-2016-113117,8/16/2016,32.4,12
JP-15520,Jeremy Pistek,CA-2017-117324,12/8/2017,27.52,13
JP-15520,Jeremy Pistek,CA-2015-145401,1/30/2015,14.304,14
JP-15520,Jeremy Pistek,CA-2017-145310,12/22/2017,7.824,15
JP-15520,Jeremy Pistek,CA-2014-130918,8/22/2014,7.632,16
JP-16135,Julie Prescott,CA-2016-146171,3/11/2016,481.32,1
JP-16135,Julie Prescott,US-2016-111528,12/30/2016,481.32,2
JP-16135,Julie Prescott,CA-2016-134180,11/3/2016,470.155,3
JP-16135,Julie Prescott,CA-2016-146171,3/11/2016,76.92,4
JP-16135,Julie Prescott,CA-2016-134180,11/3/2016,72.0,5
JP-16135,Julie Prescott,CA-2017-139787,9/19/2017,35.4,6
JP-16135,Julie Prescott,CA-2015-152513,7/4/2015,22.848,7
JP-16135,Julie Prescott,CA-2014-113964,9/23/2014,18.464,8
JP-16135,Julie Prescott,CA-2017-150525,2/20/2017,13.11,9
JP-16135,Julie Prescott,CA-2016-124562,12/8/2016,12.957,10
JP-16135,Julie Prescott,US-2017-106796,5/12/2017,10.272,11
JP-16135,Julie Prescott,CA-2017-150525,2/20/2017,6.56,12
JP-16135,Julie Prescott,US-2016-111528,12/30/2016,6.384,13
JR-15670,Jim Radford,US-2015-103471,12/24/2015,590.058,1
JR-15670,Jim Radford,CA-2016-122133,5/16/2016,552.56,2
JR-15670,Jim Radford,US-2015-103471,12/24/2015,14.04,3
JR-15700,Jocasta Rupert,CA-2017-117079,10/23/2017,863.88,1
JR-16210,Justin Ritter,CA-2015-142202,9/18/2015,717.12,1
JR-16210,Justin Ritter,CA-2017-159506,11/27/2017,497.94,2
JR-16210,Justin Ritter,CA-2017-143378,9/19/2017,409.216,3
JR-16210,Justin Ritter,CA-2017-143378,9/19/2017,191.976,4
JR-16210,Justin Ritter,CA-2017-159506,11/27/2017,158.28,5
JR-16210,Justin Ritter,US-2016-112396,2/9/2016,89.97,6
JR-16210,Justin Ritter,CA-2017-143378,9/19/2017,72.588,7
JR-16210,Justin Ritter,US-2016-112396,2/9/2016,31.86,8
JR-16210,Justin Ritter,CA-2017-143378,9/19/2017,23.832,9
JR-16210,Justin Ritter,US-2016-114622,4/10/2016,8.904,10
JS-15595,Jill Stevenson,CA-2016-153318,10/25/2016,783.96,1
JS-15595,Jill Stevenson,US-2014-127978,3/3/2014,302.45,2
JS-15595,Jill Stevenson,CA-2017-111220,9/2/2017,235.92,3
JS-15595,Jill Stevenson,US-2014-127978,3/3/2014,44.672,4
JS-15595,Jill Stevenson,CA-2017-111220,9/2/2017,16.0,5
JS-15595,Jill Stevenson,US-2014-127978,3/3/2014,15.12,6
JS-15595,Jill Stevenson,CA-2015-143602,4/25/2015,13.944,7
JS-15595,Jill Stevenson,CA-2017-111220,9/2/2017,5.588,8
JS-15685,Jim Sink,CA-2017-104864,11/18/2017,389.056,1
JS-15685,Jim Sink,CA-2016-155747,6/14/2016,337.176,2
JS-15685,Jim Sink,CA-2017-169999,6/19/2017,129.3,3
JS-15685,Jim Sink,CA-2017-104864,11/18/2017,81.36,4
JS-15685,Jim Sink,CA-2016-109806,9/17/2016,73.584,5
JS-15685,Jim Sink,CA-2017-104864,11/18/2017,41.472,6
JS-15685,Jim Sink,CA-2017-104864,11/18/2017,20.736,7
JS-15685,Jim Sink,CA-2017-104864,11/18/2017,20.232,8
JS-15685,Jim Sink,CA-2016-109806,9/17/2016,20.1,9
JS-15685,Jim Sink,CA-2017-169999,6/19/2017,11.568,10
JS-15685,Jim Sink,CA-2016-109806,9/17/2016,6.48,11
JS-15880,John Stevenson,US-2015-126214,12/21/2015,1618.37,1
JS-15880,John Stevenson,CA-2016-110492,2/12/2016,1350.12,2
JS-15880,John Stevenson,CA-2016-162082,3/14/2016,241.332,3
JS-15880,John Stevenson,CA-2016-115483,7/14/2016,219.84,4
JS-15880,John Stevenson,CA-2014-121769,4/8/2014,172.11,5
JS-15880,John Stevenson,CA-2016-162082,3/14/2016,145.544,6
JS-15880,John Stevenson,US-2015-126214,12/21/2015,99.6,7
JS-15880,John Stevenson,CA-2016-110492,2/12/2016,15.92,8
JS-15880,John Stevenson,CA-2016-162082,3/14/2016,5.184,9
JS-15940,Joni Sundaresam,US-2015-101399,1/17/2015,254.744,1
JS-15940,Joni Sundaresam,US-2016-134908,6/5/2016,124.608,2
JS-15940,Joni Sundaresam,CA-2016-124016,9/23/2016,28.0,3
JS-15940,Joni Sundaresam,CA-2014-130274,5/3/2014,21.56,4
JS-15940,Joni Sundaresam,CA-2016-124016,9/23/2016,12.201,5
JS-15940,Joni Sundaresam,CA-2016-124016,9/23/2016,11.952,6
JS-15940,Joni Sundaresam,US-2014-166310,9/21/2014,8.544,7
JS-15940,Joni Sundaresam,US-2016-134908,6/5/2016,7.56,8
JS-16030,Joy Smith,CA-2017-163265,2/16/2017,600.558,1
JS-16030,Joy Smith,CA-2016-163776,7/19/2016,504.9,2
JS-16030,Joy Smith,US-2017-147221,12/2/2017,294.62,3
JS-16030,Joy Smith,CA-2016-163776,7/19/2016,245.94,4
JS-16030,Joy Smith,CA-2016-160220,10/20/2016,191.98,5
JS-16030,Joy Smith,CA-2016-163776,7/19/2016,185.58,6
JS-16030,Joy Smith,CA-2016-160220,10/20/2016,125.7,7
JS-16030,Joy Smith,CA-2016-163776,7/19/2016,87.92,8
JS-16030,Joy Smith,CA-2016-163776,7/19/2016,77.56,9
JS-16030,Joy Smith,CA-2017-163265,2/16/2017,50.352,10
JS-16030,Joy Smith,CA-2017-125990,10/19/2017,39.624,11
JS-16030,Joy Smith,CA-2017-163265,2/16/2017,28.032,12
JS-16030,Joy Smith,CA-2016-160220,10/20/2016,20.86,13
JS-16030,Joy Smith,CA-2014-156545,2/27/2014,19.456,14
JS-16030,Joy Smith,CA-2017-163265,2/16/2017,18.368,15
JS-16030,Joy Smith,US-2017-147221,12/2/2017,8.752,16
JS-16030,Joy Smith,CA-2016-163776,7/19/2016,8.6,17
JS-16030,Joy Smith,CA-2017-163265,2/16/2017,7.692,18
JW-15220,Jane Waco,CA-2017-135909,10/13/2017,5083.96,1
JW-15220,Jane Waco,CA-2016-133935,9/18/2016,885.528,2
JW-15220,Jane Waco,CA-2016-133935,9/18/2016,801.568,3
JW-15220,Jane Waco,CA-2016-133935,9/18/2016,368.91,4
JW-15220,Jane Waco,CA-2017-135909,10/13/2017,209.94,5
JW-15220,Jane Waco,US-2015-115238,4/30/2015,209.5,6
JW-15220,Jane Waco,US-2017-158946,11/18/2017,38.864,7
JW-15220,Jane Waco,CA-2017-135909,10/13/2017,31.984,8
JW-15220,Jane Waco,US-2015-115238,4/30/2015,31.4,9
JW-15220,Jane Waco,US-2015-115238,4/30/2015,24.3,10
JW-15220,Jane Waco,CA-2017-116113,10/2/2017,10.16,11
JW-15220,Jane Waco,CA-2017-139661,10/30/2017,9.64,12
JW-15220,Jane Waco,US-2015-115238,4/30/2015,9.48,13
JW-15220,Jane Waco,US-2015-115238,4/30/2015,6.48,14
JW-15955,Joni Wasserman,CA-2017-163510,12/25/2017,304.45,1
JW-15955,Joni Wasserman,US-2015-164238,8/16/2015,301.47,2
JW-15955,Joni Wasserman,CA-2017-107209,7/27/2017,194.848,3
JW-15955,Joni Wasserman,CA-2017-166198,4/21/2017,162.6,4
JW-15955,Joni Wasserman,CA-2017-117023,8/7/2017,104.8,5
JW-15955,Joni Wasserman,CA-2017-163510,12/25/2017,95.94,6
JW-15955,Joni Wasserman,US-2015-164238,8/16/2015,44.688,7
JW-15955,Joni Wasserman,CA-2017-117023,8/7/2017,11.68,8
JW-15955,Joni Wasserman,CA-2017-166198,4/21/2017,11.54,9
JW-15955,Joni Wasserman,CA-2017-168837,10/14/2017,9.46,10
JW-15955,Joni Wasserman,CA-2016-111605,12/27/2016,2.61,11
JW-16075,Julia West,CA-2015-120621,3/21/2015,962.08,1
JW-16075,Julia West,CA-2015-120621,3/21/2015,295.456,2
JW-16075,Julia West,CA-2016-109176,5/9/2016,79.36,3
JW-16075,Julia West,CA-2015-106208,12/10/2015,53.088,4
JW-16075,Julia West,CA-2016-101385,9/25/2016,16.56,5
JW-16075,Julia West,CA-2015-120621,3/21/2015,12.843,6
JW-16075,Julia West,CA-2016-109176,5/9/2016,9.344,7
KA-16525,Kelly Andreada,CA-2017-168641,11/24/2017,321.568,1
KA-16525,Kelly Andreada,CA-2015-152611,2/20/2015,286.79,2
KA-16525,Kelly Andreada,US-2017-110996,11/20/2017,283.92,3
KA-16525,Kelly Andreada,CA-2016-124051,12/29/2016,186.048,4
KA-16525,Kelly Andreada,CA-2017-168641,11/24/2017,167.96,5
KA-16525,Kelly Andreada,CA-2014-158337,3/11/2014,108.92,6
KA-16525,Kelly Andreada,CA-2015-142993,10/12/2015,81.96,7
KA-16525,Kelly Andreada,CA-2017-116498,5/30/2017,35.1,8
KA-16525,Kelly Andreada,CA-2015-142993,10/12/2015,17.9,9
KA-16525,Kelly Andreada,CA-2017-168641,11/24/2017,16.38,10
KA-16525,Kelly Andreada,CA-2017-168641,11/24/2017,12.96,11
KB-16240,Karen Bern,CA-2017-162015,7/11/2017,1287.45,1
KB-16240,Karen Bern,CA-2017-142034,9/24/2017,655.9,2
KB-16240,Karen Bern,CA-2017-142034,9/24/2017,603.92,3
KB-16240,Karen Bern,CA-2015-102848,11/7/2015,190.72,4
KB-16240,Karen Bern,CA-2017-162015,7/11/2017,168.1,5
KB-16240,Karen Bern,CA-2016-125017,2/6/2016,132.224,6
KB-16240,Karen Bern,CA-2017-142034,9/24/2017,72.0,7
KB-16240,Karen Bern,CA-2015-134922,11/7/2015,24.4,8
KB-16240,Karen Bern,CA-2017-136238,12/26/2017,16.032,9
KB-16240,Karen Bern,CA-2014-101770,3/31/2014,1.869,10
KB-16315,Karl Braun,CA-2017-147354,3/9/2017,479.984,1
KB-16315,Karl Braun,US-2015-147662,2/14/2015,323.982,2
KB-16315,Karl Braun,US-2014-159611,12/27/2014,182.352,3
KB-16315,Karl Braun,US-2014-159611,12/27/2014,118.16,4
KB-16315,Karl Braun,CA-2016-133123,9/6/2016,95.952,5
KB-16315,Karl Braun,US-2015-147662,2/14/2015,71.976,6
KB-16315,Karl Braun,CA-2015-149587,1/31/2015,53.34,7
KB-16315,Karl Braun,CA-2015-131758,5/28/2015,47.82,8
KB-16315,Karl Braun,CA-2015-149587,1/31/2015,32.96,9
KB-16315,Karl Braun,CA-2017-147354,3/9/2017,30.84,10
KB-16315,Karl Braun,CA-2014-103331,8/26/2014,17.34,11
KB-16315,Karl Braun,CA-2015-111703,7/2/2015,15.552,12
KB-16315,Karl Braun,US-2015-147662,2/14/2015,14.952,13
KB-16315,Karl Braun,US-2015-147662,2/14/2015,14.352,14
KB-16315,Karl Braun,CA-2015-131758,5/28/2015,13.05,15
KB-16315,Karl Braun,CA-2015-149587,1/31/2015,12.96,16
KB-16315,Karl Braun,CA-2015-168277,5/29/2015,12.39,17
KB-16315,Karl Braun,CA-2015-111703,7/2/2015,11.952,18
KB-16315,Karl Braun,CA-2014-103331,8/26/2014,10.68,19
KB-16315,Karl Braun,CA-2014-103331,8/26/2014,3.38,20
KB-16315,Karl Braun,CA-2016-133123,9/6/2016,3.204,21
KB-16315,Karl Braun,US-2015-147662,2/14/2015,2.286,22
KB-16405,Katrina Bavinger,CA-2017-161067,9/3/2017,419.4,1
KB-16405,Katrina Bavinger,CA-2017-161067,9/3/2017,181.764,2
KB-16405,Katrina Bavinger,CA-2015-112305,11/20/2015,119.04,3
KB-16405,Katrina Bavinger,CA-2017-161067,9/3/2017,90.801,4
KB-16405,Katrina Bavinger,CA-2017-101182,9/4/2017,43.176,5
KB-16405,Katrina Bavinger,CA-2015-112305,11/20/2015,22.14,6
KB-16405,Katrina Bavinger,CA-2015-112305,11/20/2015,13.98,7
KB-16405,Katrina Bavinger,CA-2017-101182,9/4/2017,12.96,8
KB-16405,Katrina Bavinger,CA-2017-161067,9/3/2017,5.56,9
KB-16585,Ken Black,CA-2014-153913,12/16/2014,1013.832,1
KB-16585,Ken Black,CA-2017-129357,5/14/2017,440.19,2
KB-16585,Ken Black,CA-2014-149538,4/4/2014,232.55,3
KB-16585,Ken Black,CA-2015-138674,11/14/2015,159.968,4
KB-16585,Ken Black,CA-2014-149538,4/4/2014,99.98,5
KB-16585,Ken Black,CA-2015-138674,11/14/2015,91.176,6
KB-16585,Ken Black,US-2015-118906,3/10/2015,89.82,7
KB-16585,Ken Black,CA-2016-116547,1/10/2016,79.92,8
KB-16585,Ken Black,CA-2016-108868,9/8/2016,70.368,9
KB-16585,Ken Black,CA-2016-116547,1/10/2016,69.98,10
KB-16585,Ken Black,CA-2017-159352,3/12/2017,69.93,11
KB-16585,Ken Black,CA-2017-129357,5/14/2017,64.4,12
KB-16585,Ken Black,CA-2016-137330,12/9/2016,60.34,13
KB-16585,Ken Black,CA-2016-108868,9/8/2016,59.96,14
KB-16585,Ken Black,CA-2015-103716,4/30/2015,34.65,15
KB-16585,Ken Black,CA-2015-103716,4/30/2015,19.8,16
KB-16585,Ken Black,CA-2016-137330,12/9/2016,19.46,17
KB-16585,Ken Black,CA-2014-149538,4/4/2014,19.44,18
KB-16585,Ken Black,CA-2014-129168,8/17/2014,15.552,19
KB-16585,Ken Black,CA-2014-149538,4/4/2014,12.96,20
KB-16585,Ken Black,CA-2015-101924,9/4/2015,9.762,21
KB-16585,Ken Black,CA-2015-138674,11/14/2015,8.72,22
KB-16585,Ken Black,CA-2014-153913,12/16/2014,1.984,23
KB-16600,Ken Brennan,CA-2017-159156,11/13/2017,629.95,1
KB-16600,Ken Brennan,CA-2017-158673,12/29/2017,209.7,2
KB-16600,Ken Brennan,CA-2016-149671,6/5/2016,61.38,3
KB-16600,Ken Brennan,CA-2015-157035,12/9/2015,34.02,4
KB-16600,Ken Brennan,US-2017-118038,12/9/2017,27.24,5
KB-16600,Ken Brennan,CA-2014-130960,12/30/2014,9.84,6
KB-16600,Ken Brennan,US-2017-118038,12/9/2017,9.708,7
KB-16600,Ken Brennan,US-2017-118038,12/9/2017,1.248,8
KB-16600,Ken Brennan,CA-2016-168361,6/21/2016,0.836,9
KC-16255,Karen Carlisle,US-2016-138408,11/18/2016,1319.96,1
KC-16255,Karen Carlisle,CA-2015-109470,12/31/2015,364.8,2
KC-16255,Karen Carlisle,CA-2015-109470,12/31/2015,94.74,3
KC-16255,Karen Carlisle,CA-2014-163293,9/8/2014,83.88,4
KC-16255,Karen Carlisle,CA-2015-109470,12/31/2015,76.3,5
KC-16255,Karen Carlisle,US-2016-128293,6/2/2016,64.784,6
KC-16255,Karen Carlisle,CA-2015-109470,12/31/2015,60.64,7
KC-16255,Karen Carlisle,CA-2014-163293,9/8/2014,32.97,8
KC-16255,Karen Carlisle,CA-2016-105760,6/19/2016,17.12,9
KC-16255,Karen Carlisle,CA-2015-159590,7/18/2015,5.76,10
KC-16540,Kelly Collister,CA-2016-145625,9/11/2016,3347.37,1
KC-16540,Kelly Collister,CA-2015-125416,11/2/2015,447.93,2
KC-16540,Kelly Collister,CA-2017-108910,9/24/2017,103.056,3
KC-16540,Kelly Collister,CA-2016-145625,9/11/2016,7.61,4
KC-16540,Kelly Collister,CA-2016-134691,11/14/2016,2.296,5
KC-16675,Kimberly Carter,CA-2016-138695,5/28/2016,390.272,1
KC-16675,Kimberly Carter,CA-2017-142636,11/3/2017,307.136,2
KC-16675,Kimberly Carter,CA-2017-123687,5/26/2017,208.44,3
KC-16675,Kimberly Carter,CA-2017-142636,11/3/2017,139.86,4
KC-16675,Kimberly Carter,CA-2016-138695,5/28/2016,62.192,5
KC-16675,Kimberly Carter,CA-2017-123687,5/26/2017,25.76,6
KC-16675,Kimberly Carter,CA-2014-129819,12/13/2014,12.39,7
KD-16270,Karen Daniels,US-2016-143819,3/1/2016,4899.93,1
KD-16270,Karen Daniels,CA-2014-165309,11/11/2014,896.99,2
KD-16270,Karen Daniels,US-2016-143819,3/1/2016,836.592,3
KD-16270,Karen Daniels,US-2016-143819,3/1/2016,362.92,4
KD-16270,Karen Daniels,CA-2015-110870,12/12/2015,299.94,5
KD-16270,Karen Daniels,CA-2014-165309,11/11/2014,262.336,6
KD-16270,Karen Daniels,CA-2014-165309,11/11/2014,241.176,7
KD-16270,Karen Daniels,CA-2014-165309,11/11/2014,148.48,8
KD-16270,Karen Daniels,CA-2016-119823,6/4/2016,75.88,9
KD-16270,Karen Daniels,CA-2016-130407,9/2/2016,75.48,10
KD-16270,Karen Daniels,CA-2014-165309,11/11/2014,67.56,11
KD-16270,Karen Daniels,CA-2016-130407,9/2/2016,39.98,12
KD-16270,Karen Daniels,US-2016-143819,3/1/2016,26.38,13
KD-16270,Karen Daniels,CA-2015-110870,12/12/2015,25.76,14
KD-16270,Karen Daniels,CA-2014-165309,11/11/2014,21.72,15
KD-16270,Karen Daniels,CA-2014-165309,11/11/2014,1.234,16
KD-16345,Katherine Ducich,CA-2015-145814,11/19/2015,861.76,1
KD-16345,Katherine Ducich,US-2015-123218,12/20/2015,359.058,2
KD-16345,Katherine Ducich,US-2015-123218,12/20/2015,255.968,3
KD-16345,Katherine Ducich,US-2015-123218,12/20/2015,159.984,4
KD-16345,Katherine Ducich,CA-2014-113579,12/13/2014,90.24,5
KD-16345,Katherine Ducich,US-2014-138828,9/2/2014,57.75,6
KD-16345,Katherine Ducich,CA-2017-157833,6/17/2017,51.312,7
KD-16345,Katherine Ducich,CA-2017-121468,11/19/2017,31.968,8
KD-16345,Katherine Ducich,US-2014-138828,9/2/2014,14.94,9
KD-16345,Katherine Ducich,CA-2015-145814,11/19/2015,5.984,10
KD-16495,Keith Dawkins,CA-2015-114811,11/8/2015,4643.8,1
KD-16495,Keith Dawkins,CA-2015-121650,12/10/2015,801.96,2
KD-16495,Keith Dawkins,CA-2015-114811,11/8/2015,577.764,3
KD-16495,Keith Dawkins,CA-2015-114811,11/8/2015,549.98,4
KD-16495,Keith Dawkins,CA-2017-104619,1/24/2017,276.784,5
KD-16495,Keith Dawkins,CA-2016-123337,9/16/2016,273.666,6
KD-16495,Keith Dawkins,CA-2015-121650,12/10/2015,191.96,7
KD-16495,Keith Dawkins,CA-2017-104619,1/24/2017,110.352,8
KD-16495,Keith Dawkins,US-2016-113985,12/2/2016,104.184,9
KD-16495,Keith Dawkins,CA-2017-100825,9/9/2017,99.87,10
KD-16495,Keith Dawkins,CA-2014-125136,9/28/2014,96.256,11
KD-16495,Keith Dawkins,CA-2015-114811,11/8/2015,67.15,12
KD-16495,Keith Dawkins,US-2015-148817,12/1/2015,63.96,13
KD-16495,Keith Dawkins,US-2015-148817,12/1/2015,61.68,14
KD-16495,Keith Dawkins,US-2016-113985,12/2/2016,59.7,15
KD-16495,Keith Dawkins,CA-2015-125066,12/14/2015,56.3,16
KD-16495,Keith Dawkins,CA-2017-104619,1/24/2017,25.86,17
KD-16495,Keith Dawkins,US-2016-113985,12/2/2016,24.704,18
KD-16495,Keith Dawkins,CA-2017-167542,8/13/2017,17.544,19
KD-16495,Keith Dawkins,CA-2016-123337,9/16/2016,17.48,20
KD-16495,Keith Dawkins,US-2016-113985,12/2/2016,14.52,21
KD-16495,Keith Dawkins,CA-2015-114811,11/8/2015,11.82,22
KD-16495,Keith Dawkins,CA-2014-125136,9/28/2014,10.688,23
KD-16495,Keith Dawkins,CA-2016-117226,12/30/2016,6.924,24
KD-16495,Keith Dawkins,CA-2015-125066,12/14/2015,6.16,25
KD-16495,Keith Dawkins,CA-2015-121650,12/10/2015,3.9,26
KD-16495,Keith Dawkins,US-2016-104794,12/16/2016,3.68,27
KD-16495,Keith Dawkins,CA-2015-121650,12/10/2015,2.61,28
KD-16615,Ken Dana,US-2015-129007,9/13/2015,717.72,1
KD-16615,Ken Dana,CA-2017-129294,3/16/2017,310.12,2
KD-16615,Ken Dana,US-2015-129007,9/13/2015,209.7,3
KD-16615,Ken Dana,US-2015-129007,9/13/2015,207.35,4
KD-16615,Ken Dana,US-2016-102141,8/26/2016,146.688,5
KD-16615,Ken Dana,CA-2017-129294,3/16/2017,140.67,6
KD-16615,Ken Dana,US-2015-129007,9/13/2015,131.88,7
KD-16615,Ken Dana,CA-2016-144792,4/30/2016,111.888,8
KD-16615,Ken Dana,CA-2017-155712,3/2/2017,107.648,9
KD-16615,Ken Dana,CA-2017-129294,3/16/2017,70.464,10
KD-16615,Ken Dana,US-2015-129007,9/13/2015,44.67,11
KD-16615,Ken Dana,US-2015-129007,9/13/2015,25.032,12
KD-16615,Ken Dana,CA-2017-129294,3/16/2017,19.68,13
KE-16420,Katrina Edelman,US-2015-166520,7/16/2015,599.9,1
KE-16420,Katrina Edelman,CA-2017-113873,11/13/2017,205.9992,2
KE-16420,Katrina Edelman,CA-2014-120096,7/4/2014,177.536,3
KE-16420,Katrina Edelman,US-2014-109162,6/8/2014,170.352,4
KE-16420,Katrina Edelman,CA-2014-112291,4/3/2014,159.98,5
KE-16420,Katrina Edelman,US-2015-166520,7/16/2015,80.88,6
KE-16420,Katrina Edelman,CA-2014-112291,4/3/2014,62.31,7
KE-16420,Katrina Edelman,CA-2017-113873,11/13/2017,61.792,8
KE-16420,Katrina Edelman,CA-2016-140417,9/25/2016,60.048,9
KE-16420,Katrina Edelman,US-2015-163685,6/1/2015,42.24,10
KE-16420,Katrina Edelman,CA-2014-120096,7/4/2014,32.432,11
KE-16420,Katrina Edelman,CA-2017-147550,12/4/2017,11.352,12
KE-16420,Katrina Edelman,CA-2014-112291,4/3/2014,11.16,13
KE-16420,Katrina Edelman,US-2015-163685,6/1/2015,5.728,14
KE-16420,Katrina Edelman,CA-2016-140417,9/25/2016,5.022,15
KF-16285,Karen Ferguson,CA-2016-159016,3/10/2016,4158.912,1
KF-16285,Karen Ferguson,CA-2017-112333,4/8/2017,2591.56,2
KF-16285,Karen Ferguson,CA-2017-149559,9/11/2017,2054.272,3
KF-16285,Karen Ferguson,CA-2014-132451,9/26/2014,585.552,4
KF-16285,Karen Ferguson,US-2017-148362,7/1/2017,443.92,5
KF-16285,Karen Ferguson,CA-2017-166296,3/13/2017,314.55,6
KF-16285,Karen Ferguson,US-2017-148362,7/1/2017,169.99,7
KF-16285,Karen Ferguson,US-2017-132675,9/24/2017,89.9,8
KF-16285,Karen Ferguson,CA-2017-112333,4/8/2017,41.95,9
KF-16285,Karen Ferguson,US-2017-148362,7/1/2017,25.92,10
KF-16285,Karen Ferguson,CA-2017-149559,9/11/2017,22.18,11
KF-16285,Karen Ferguson,CA-2014-132451,9/26/2014,19.44,12
KF-16285,Karen Ferguson,US-2017-132675,9/24/2017,15.75,13
KF-16285,Karen Ferguson,US-2017-132675,9/24/2017,15.51,14
KF-16285,Karen Ferguson,CA-2016-159016,3/10/2016,14.9,15
KF-16285,Karen Ferguson,US-2017-132675,9/24/2017,14.28,16
KF-16285,Karen Ferguson,CA-2017-149559,9/11/2017,12.96,17
KF-16285,Karen Ferguson,US-2017-132675,9/24/2017,12.72,18
KH-16330,Katharine Harms,CA-2014-140396,11/20/2014,833.94,1
KH-16330,Katharine Harms,CA-2017-128944,6/19/2017,760.116,2
KH-16330,Katharine Harms,CA-2017-120404,11/20/2017,569.99,3
KH-16330,Katharine Harms,CA-2016-153577,6/27/2016,539.658,4
KH-16330,Katharine Harms,CA-2016-157763,7/18/2016,140.81,5
KH-16330,Katharine Harms,CA-2017-128944,6/19/2017,122.328,6
KH-16330,Katharine Harms,CA-2014-138359,4/1/2014,66.96,7
KH-16330,Katharine Harms,CA-2017-120404,11/20/2017,50.97,8
KH-16330,Katharine Harms,CA-2014-160738,5/5/2014,45.248,9
KH-16330,Katharine Harms,CA-2017-128944,6/19/2017,38.784,10
KH-16330,Katharine Harms,CA-2016-153577,6/27/2016,37.464,11
KH-16330,Katharine Harms,CA-2014-140396,11/20/2014,34.74,12
KH-16330,Katharine Harms,CA-2014-140396,11/20/2014,25.92,13
KH-16330,Katharine Harms,CA-2017-158120,11/17/2017,19.608,14
KH-16330,Katharine Harms,CA-2014-140396,11/20/2014,12.96,15
KH-16330,Katharine Harms,CA-2014-138359,4/1/2014,6.24,16
KH-16330,Katharine Harms,CA-2017-158120,11/17/2017,4.158,17
KH-16330,Katharine Harms,CA-2017-120404,11/20/2017,2.97,18
KH-16360,Katherine Hughes,US-2017-158526,12/29/2017,1207.84,1
KH-16360,Katherine Hughes,CA-2016-137743,7/30/2016,1036.624,2
KH-16360,Katherine Hughes,US-2017-158526,12/29/2017,300.98,3
KH-16360,Katherine Hughes,US-2017-158526,12/29/2017,258.75,4
KH-16360,Katherine Hughes,CA-2014-127166,5/21/2014,107.772,5
KH-16360,Katherine Hughes,CA-2014-127166,5/21/2014,56.064,6
KH-16360,Katherine Hughes,US-2017-158526,12/29/2017,34.58,7
KH-16360,Katherine Hughes,CA-2017-131156,4/3/2017,25.472,8
KH-16360,Katherine Hughes,CA-2014-118304,4/29/2014,19.98,9
KH-16360,Katherine Hughes,CA-2014-127166,5/21/2014,18.24,10
KH-16360,Katherine Hughes,US-2017-158526,12/29/2017,12.53,11
KH-16360,Katherine Hughes,CA-2016-137743,7/30/2016,9.248,12
KH-16360,Katherine Hughes,CA-2016-101469,7/2/2016,7.7,13
KH-16360,Katherine Hughes,CA-2014-127166,5/21/2014,4.832,14
KH-16510,Keith Herrera,CA-2017-117457,12/8/2017,1336.829,1
KH-16510,Keith Herrera,CA-2017-117457,12/8/2017,1199.976,2
KH-16510,Keith Herrera,CA-2017-117457,12/8/2017,1004.024,3
KH-16510,Keith Herrera,CA-2015-104948,11/13/2015,683.332,4
KH-16510,Keith Herrera,CA-2015-133242,6/18/2015,467.97,5
KH-16510,Keith Herrera,CA-2015-133242,6/18/2015,450.04,6
KH-16510,Keith Herrera,CA-2017-117457,12/8/2017,179.95,7
KH-16510,Keith Herrera,CA-2017-117457,12/8/2017,113.568,8
KH-16510,Keith Herrera,CA-2014-152233,10/5/2014,99.98,9
KH-16510,Keith Herrera,CA-2015-133242,6/18/2015,60.84,10
KH-16510,Keith Herrera,CA-2017-117457,12/8/2017,55.98,11
KH-16510,Keith Herrera,CA-2015-133242,6/18/2015,34.6,12
KH-16510,Keith Herrera,CA-2015-133242,6/18/2015,33.02,13
KH-16510,Keith Herrera,US-2014-109036,12/20/2014,31.05,14
KH-16510,Keith Herrera,CA-2014-138023,8/15/2014,30.96,15
KH-16510,Keith Herrera,CA-2015-104948,11/13/2015,29.96,16
KH-16510,Keith Herrera,CA-2017-117457,12/8/2017,28.35,17
KH-16510,Keith Herrera,CA-2017-117457,12/8/2017,27.15,18
KH-16510,Keith Herrera,CA-2017-111262,10/28/2017,26.176,19
KH-16510,Keith Herrera,CA-2017-111262,10/28/2017,24.0,20
KH-16510,Keith Herrera,CA-2017-111262,10/28/2017,15.552,21
KH-16510,Keith Herrera,CA-2015-104948,11/13/2015,9.872,22
KH-16510,Keith Herrera,CA-2017-117457,12/8/2017,9.68,23
KH-16630,Ken Heidel,CA-2015-109575,9/18/2015,1259.93,1
KH-16630,Ken Heidel,CA-2014-102673,11/1/2014,978.84,2
KH-16630,Ken Heidel,CA-2015-109575,9/18/2015,636.86,3
KH-16630,Ken Heidel,CA-2015-109575,9/18/2015,499.99,4
KH-16630,Ken Heidel,CA-2017-166898,9/11/2017,143.952,5
KH-16630,Ken Heidel,CA-2017-147403,9/10/2017,85.056,6
KH-16630,Ken Heidel,CA-2015-109575,9/18/2015,65.08,7
KH-16630,Ken Heidel,CA-2016-100153,12/13/2016,63.88,8
KH-16630,Ken Heidel,CA-2014-102673,11/1/2014,47.808,9
KH-16630,Ken Heidel,CA-2015-109575,9/18/2015,41.96,10
KH-16630,Ken Heidel,CA-2017-164049,11/2/2017,23.85,11
KH-16630,Ken Heidel,CA-2017-166898,9/11/2017,19.44,12
KH-16630,Ken Heidel,CA-2016-103037,7/25/2016,15.712,13
KH-16630,Ken Heidel,CA-2015-132633,2/3/2015,12.144,14
KH-16630,Ken Heidel,CA-2014-102673,11/1/2014,10.272,15
KH-16630,Ken Heidel,CA-2014-102673,11/1/2014,7.52,16
KH-16630,Ken Heidel,CA-2017-152275,10/1/2017,6.672,17
KH-16690,Kristen Hastings,CA-2014-163223,3/21/2014,3499.93,1
KH-16690,Kristen Hastings,CA-2017-163979,12/28/2017,725.84,2
KH-16690,Kristen Hastings,CA-2015-150714,10/26/2015,718.64,3
KH-16690,Kristen Hastings,CA-2015-150714,10/26/2015,203.88,4
KH-16690,Kristen Hastings,CA-2015-150714,10/26/2015,146.544,5
KH-16690,Kristen Hastings,CA-2015-150714,10/26/2015,131.904,6
KH-16690,Kristen Hastings,CA-2014-163223,3/21/2014,122.97,7
KH-16690,Kristen Hastings,CA-2014-163223,3/21/2014,122.94,8
KH-16690,Kristen Hastings,CA-2017-118864,6/15/2017,119.96,9
KH-16690,Kristen Hastings,CA-2016-103891,7/12/2016,95.76,10
KH-16690,Kristen Hastings,CA-2015-119102,5/23/2015,51.45,11
KH-16690,Kristen Hastings,CA-2014-163223,3/21/2014,14.4,12
KH-16690,Kristen Hastings,CA-2015-150714,10/26/2015,14.301,13
KH-16690,Kristen Hastings,US-2015-120957,12/7/2015,12.96,14
KH-16690,Kristen Hastings,CA-2014-163223,3/21/2014,9.32,15
KL-16555,Kelly Lampkin,CA-2017-147760,11/4/2017,1359.96,1
KL-16555,Kelly Lampkin,US-2014-141215,6/15/2014,797.944,2
KL-16555,Kelly Lampkin,US-2016-129469,9/23/2016,532.704,3
KL-16555,Kelly Lampkin,CA-2017-147760,11/4/2017,523.764,4
KL-16555,Kelly Lampkin,CA-2014-111451,12/26/2014,300.416,5
KL-16555,Kelly Lampkin,CA-2014-111451,12/26/2014,230.352,6
KL-16555,Kelly Lampkin,CA-2014-111451,12/26/2014,218.352,7
KL-16555,Kelly Lampkin,US-2016-153815,11/6/2016,207.984,8
KL-16555,Kelly Lampkin,CA-2017-147333,12/14/2017,159.8,9
KL-16555,Kelly Lampkin,CA-2017-160395,12/31/2016,159.768,10
KL-16555,Kelly Lampkin,US-2014-141215,6/15/2014,99.918,11
KL-16555,Kelly Lampkin,CA-2017-103478,7/21/2017,94.192,12
KL-16555,Kelly Lampkin,US-2016-153815,11/6/2016,88.768,13
KL-16555,Kelly Lampkin,CA-2014-111451,12/26/2014,78.6,14
KL-16555,Kelly Lampkin,CA-2017-147333,12/14/2017,44.75,15
KL-16555,Kelly Lampkin,US-2016-153815,11/6/2016,36.112,16
KL-16555,Kelly Lampkin,US-2016-153815,11/6/2016,35.568,17
KL-16555,Kelly Lampkin,CA-2014-111451,12/26/2014,27.552,18
KL-16555,Kelly Lampkin,US-2014-141215,6/15/2014,8.568,19
KL-16555,Kelly Lampkin,US-2016-129469,9/23/2016,4.912,20
KL-16555,Kelly Lampkin,CA-2017-160395,12/31/2016,3.64,21
KL-16555,Kelly Lampkin,CA-2017-103478,7/21/2017,2.864,22
KL-16645,Ken Lonsdale,CA-2014-143917,7/25/2014,8187.65,1
KL-16645,Ken Lonsdale,CA-2016-133725,5/23/2016,1979.928,2
KL-16645,Ken Lonsdale,CA-2016-133550,7/31/2016,635.96,3
KL-16645,Ken Lonsdale,CA-2017-112900,4/9/2017,478.24,4
KL-16645,Ken Lonsdale,CA-2016-157749,6/4/2016,419.68,5
KL-16645,Ken Lonsdale,CA-2015-115798,11/13/2015,377.97,6
KL-16645,Ken Lonsdale,CA-2014-154641,8/11/2014,375.34,7
KL-16645,Ken Lonsdale,CA-2015-115798,11/13/2015,299.97,8
KL-16645,Ken Lonsdale,CA-2016-133550,7/31/2016,283.14,9
KL-16645,Ken Lonsdale,CA-2016-133550,7/31/2016,272.94,10
KL-16645,Ken Lonsdale,CA-2016-157749,6/4/2016,177.225,11
KL-16645,Ken Lonsdale,CA-2016-133550,7/31/2016,118.99,12
KL-16645,Ken Lonsdale,CA-2015-131072,11/5/2015,98.352,13
KL-16645,Ken Lonsdale,CA-2015-115798,11/13/2015,89.98,14
KL-16645,Ken Lonsdale,CA-2014-143917,7/25/2014,77.92,15
KL-16645,Ken Lonsdale,CA-2014-143917,7/25/2014,53.72,16
KL-16645,Ken Lonsdale,CA-2017-164042,5/23/2017,48.816,17
KL-16645,Ken Lonsdale,CA-2015-115798,11/13/2015,42.28,18
KL-16645,Ken Lonsdale,CA-2016-157749,6/4/2016,31.984,19
KL-16645,Ken Lonsdale,CA-2016-157742,12/29/2016,27.792,20
KL-16645,Ken Lonsdale,CA-2016-157749,6/4/2016,25.92,21
KL-16645,Ken Lonsdale,US-2017-140312,11/13/2017,22.0,22
KL-16645,Ken Lonsdale,CA-2017-164042,5/23/2017,18.32,23
KL-16645,Ken Lonsdale,CA-2016-157749,6/4/2016,11.688,24
KL-16645,Ken Lonsdale,CA-2016-157749,6/4/2016,7.408,25
KL-16645,Ken Lonsdale,CA-2015-128167,6/22/2015,4.96,26
KL-16645,Ken Lonsdale,CA-2016-157749,6/4/2016,4.044,27
KL-16645,Ken Lonsdale,CA-2017-164042,5/23/2017,1.824,28
KL-16645,Ken Lonsdale,CA-2017-164042,5/23/2017,1.188,29
KM-16225,Kalyca Meade,CA-2015-108665,7/6/2015,601.65,1
KM-16225,Kalyca Meade,US-2015-138093,12/10/2015,542.94,2
KM-16225,Kalyca Meade,CA-2017-137463,12/16/2017,189.95,3
KM-16225,Kalyca Meade,CA-2015-108665,7/6/2015,155.82,4
KM-16225,Kalyca Meade,CA-2017-137463,12/16/2017,149.95,5
KM-16225,Kalyca Meade,US-2015-138093,12/10/2015,134.99,6
KM-16225,Kalyca Meade,CA-2015-108665,7/6/2015,124.95,7
KM-16225,Kalyca Meade,CA-2016-119935,11/10/2016,81.96,8
KM-16225,Kalyca Meade,US-2015-138093,12/10/2015,44.75,9
KM-16225,Kalyca Meade,CA-2017-137463,12/16/2017,44.4,10
KM-16225,Kalyca Meade,CA-2016-119935,11/10/2016,37.3,11
KM-16225,Kalyca Meade,CA-2017-137463,12/16/2017,29.95,12
KM-16225,Kalyca Meade,CA-2017-116358,11/2/2017,27.78,13
KM-16225,Kalyca Meade,US-2015-138093,12/10/2015,27.36,14
KM-16225,Kalyca Meade,US-2015-138093,12/10/2015,26.4,15
KM-16225,Kalyca Meade,CA-2017-116358,11/2/2017,18.24,16
KM-16225,Kalyca Meade,CA-2015-108665,7/6/2015,13.96,17
KM-16225,Kalyca Meade,CA-2017-137463,12/16/2017,5.984,18
KM-16225,Kalyca Meade,CA-2017-148012,12/9/2017,2.624,19
KM-16375,Katherine Murray,CA-2014-133592,12/31/2014,1687.8,1
KM-16375,Katherine Murray,CA-2014-143903,7/20/2014,981.372,2
KM-16375,Katherine Murray,CA-2014-133592,12/31/2014,605.88,3
KM-16375,Katherine Murray,CA-2017-135937,2/20/2017,386.91,4
KM-16375,Katherine Murray,CA-2014-143903,7/20/2014,342.864,5
KM-16375,Katherine Murray,CA-2014-133592,12/31/2014,341.96,6
KM-16375,Katherine Murray,CA-2017-135937,2/20/2017,333.576,7
KM-16375,Katherine Murray,CA-2016-159212,11/1/2016,251.79,8
KM-16375,Katherine Murray,CA-2015-163734,6/19/2015,228.92,9
KM-16375,Katherine Murray,CA-2014-133592,12/31/2014,195.64,10
KM-16375,Katherine Murray,CA-2017-135937,2/20/2017,68.704,11
KM-16375,Katherine Murray,CA-2017-135937,2/20/2017,51.168,12
KM-16375,Katherine Murray,CA-2015-148628,12/6/2015,32.75,13
KM-16375,Katherine Murray,CA-2017-135937,2/20/2017,31.992,14
KM-16375,Katherine Murray,CA-2016-159212,11/1/2016,21.8,15
KM-16375,Katherine Murray,CA-2014-143903,7/20/2014,16.74,16
KM-16375,Katherine Murray,CA-2014-133592,12/31/2014,14.94,17
KM-16375,Katherine Murray,CA-2017-135937,2/20/2017,10.64,18
KM-16375,Katherine Murray,CA-2016-149454,7/25/2016,10.44,19
KM-16375,Katherine Murray,CA-2017-159135,11/4/2017,4.3,20
KM-16660,Khloe Miller,CA-2017-154116,12/15/2017,196.776,1
KM-16660,Khloe Miller,US-2015-168732,12/10/2015,101.94,2
KM-16660,Khloe Miller,CA-2017-154116,12/15/2017,54.32,3
KM-16660,Khloe Miller,US-2015-168732,12/10/2015,25.92,4
KM-16660,Khloe Miller,CA-2017-154116,12/15/2017,22.83,5
KM-16660,Khloe Miller,CA-2016-132990,8/1/2016,19.312,6
KM-16660,Khloe Miller,CA-2016-140046,7/28/2016,18.9,7
KM-16660,Khloe Miller,CA-2014-133543,12/22/2014,11.76,8
KM-16660,Khloe Miller,US-2015-168732,12/10/2015,1.78,9
KM-16720,Kunst Miller,CA-2017-167395,12/2/2017,979.95,1
KM-16720,Kunst Miller,CA-2014-126760,7/26/2014,911.984,2
KM-16720,Kunst Miller,CA-2014-126760,7/26/2014,674.352,3
KM-16720,Kunst Miller,CA-2016-109666,4/19/2016,459.88,4
KM-16720,Kunst Miller,CA-2014-100678,4/18/2014,317.058,5
KM-16720,Kunst Miller,CA-2017-167395,12/2/2017,286.86,6
KM-16720,Kunst Miller,CA-2014-100678,4/18/2014,227.976,7
KM-16720,Kunst Miller,CA-2014-126760,7/26/2014,170.97,8
KM-16720,Kunst Miller,CA-2014-100678,4/18/2014,149.352,9
KM-16720,Kunst Miller,CA-2015-135545,11/24/2015,146.73,10
KM-16720,Kunst Miller,CA-2014-126760,7/26/2014,134.01,11
KM-16720,Kunst Miller,CA-2015-135545,11/24/2015,79.76,12
KM-16720,Kunst Miller,CA-2016-109666,4/19/2016,71.96,13
KM-16720,Kunst Miller,CA-2016-109666,4/19/2016,54.9,14
KM-16720,Kunst Miller,CA-2014-169033,3/30/2014,49.65,15
KM-16720,Kunst Miller,US-2014-157021,4/1/2014,29.6,16
KM-16720,Kunst Miller,CA-2016-109666,4/19/2016,25.98,17
KM-16720,Kunst Miller,CA-2015-135545,11/24/2015,25.824,18
KM-16720,Kunst Miller,US-2015-106873,9/24/2015,23.2,19
KM-16720,Kunst Miller,US-2014-157021,4/1/2014,17.088,20
KM-16720,Kunst Miller,US-2015-106873,9/24/2015,16.464,21
KM-16720,Kunst Miller,US-2015-106873,9/24/2015,14.576,22
KM-16720,Kunst Miller,CA-2015-135545,11/24/2015,13.98,23
KM-16720,Kunst Miller,CA-2016-109666,4/19/2016,9.28,24
KM-16720,Kunst Miller,CA-2016-109666,4/19/2016,7.76,25
KM-16720,Kunst Miller,CA-2017-167395,12/2/2017,4.36,26
KM-16720,Kunst Miller,CA-2016-109666,4/19/2016,3.28,27
KM-16720,Kunst Miller,CA-2014-100678,4/18/2014,2.688,28
KN-16390,Katherine Nockton,CA-2015-154823,8/21/2015,598.458,1
KN-16390,Katherine Nockton,CA-2015-109001,3/5/2015,466.158,2
KN-16390,Katherine Nockton,CA-2017-113908,6/3/2017,384.768,3
KN-16390,Katherine Nockton,CA-2015-132388,10/10/2015,362.136,4
KN-16390,Katherine Nockton,CA-2017-113460,11/7/2017,272.97,5
KN-16390,Katherine Nockton,CA-2017-129581,12/11/2017,128.85,6
KN-16390,Katherine Nockton,CA-2014-132864,12/2/2014,119.8,7
KN-16390,Katherine Nockton,CA-2017-113908,6/3/2017,78.66,8
KN-16390,Katherine Nockton,CA-2017-140802,4/21/2017,47.976,9
KN-16390,Katherine Nockton,CA-2017-113908,6/3/2017,45.36,10
KN-16390,Katherine Nockton,CA-2015-132388,10/10/2015,31.05,11
KN-16390,Katherine Nockton,CA-2015-154823,8/21/2015,25.984,12
KN-16390,Katherine Nockton,CA-2017-140802,4/21/2017,20.736,13
KN-16390,Katherine Nockton,CA-2015-154823,8/21/2015,12.828,14
KN-16390,Katherine Nockton,CA-2015-109001,3/5/2015,10.312,15
KN-16390,Katherine Nockton,CA-2017-164959,7/11/2017,8.67,16
KN-16390,Katherine Nockton,CA-2015-109001,3/5/2015,2.556,17
KN-16450,Kean Nguyen,CA-2014-154599,4/12/2014,1075.088,1
KN-16450,Kean Nguyen,CA-2014-154599,4/12/2014,438.368,2
KN-16450,Kean Nguyen,CA-2014-154599,4/12/2014,308.499,3
KN-16450,Kean Nguyen,CA-2017-155621,11/8/2017,274.2,4
KN-16450,Kean Nguyen,CA-2015-123456,7/9/2015,48.632,5
KN-16450,Kean Nguyen,CA-2014-154599,4/12/2014,18.088,6
KN-16450,Kean Nguyen,CA-2015-155145,12/27/2015,7.92,7
KN-16450,Kean Nguyen,CA-2014-112718,12/16/2014,1.167,8
KN-16705,Kristina Nunn,CA-2017-126067,8/28/2017,1137.75,1
KN-16705,Kristina Nunn,CA-2014-157609,3/16/2014,471.92,2
KN-16705,Kristina Nunn,US-2014-143287,11/11/2014,223.92,3
KN-16705,Kristina Nunn,CA-2017-126067,8/28/2017,99.68,4
KN-16705,Kristina Nunn,CA-2016-140613,7/22/2016,86.2,5
KN-16705,Kristina Nunn,CA-2015-105613,10/18/2015,73.164,6
KN-16705,Kristina Nunn,US-2014-143287,11/11/2014,46.35,7
KN-16705,Kristina Nunn,CA-2014-107524,3/2/2014,36.4,8
KN-16705,Kristina Nunn,CA-2017-126067,8/28/2017,35.168,9
KN-16705,Kristina Nunn,CA-2015-105613,10/18/2015,27.696,10
KN-16705,Kristina Nunn,CA-2017-138422,9/23/2017,14.352,11
KN-16705,Kristina Nunn,CA-2014-107524,3/2/2014,11.36,12
KN-16705,Kristina Nunn,US-2014-143287,11/11/2014,7.3,13
KN-16705,Kristina Nunn,CA-2017-126067,8/28/2017,5.56,14
KN-16705,Kristina Nunn,CA-2017-102554,6/11/2017,3.76,15
KS-16300,Karen Seio,CA-2017-155824,3/10/2017,48.784,1
KS-16300,Karen Seio,CA-2015-155124,3/15/2015,16.776,2
KS-16300,Karen Seio,CA-2017-155824,3/10/2017,13.092,3
KS-16300,Karen Seio,CA-2015-169677,1/13/2015,9.82,4
KT-16465,Kean Takahito,CA-2014-146283,9/8/2014,966.7,1
KT-16465,Kean Takahito,CA-2016-112669,4/14/2016,933.536,2
KT-16465,Kean Takahito,US-2016-133879,3/21/2016,528.43,3
KT-16465,Kean Takahito,CA-2014-146283,9/8/2014,182.112,4
KT-16465,Kean Takahito,US-2014-151925,9/26/2014,145.568,5
KT-16465,Kean Takahito,CA-2016-112060,12/4/2016,104.85,6
KT-16465,Kean Takahito,US-2014-117170,9/17/2014,47.984,7
KT-16465,Kean Takahito,CA-2015-158456,12/24/2015,45.92,8
KT-16465,Kean Takahito,CA-2016-112669,4/14/2016,42.976,9
KT-16465,Kean Takahito,CA-2015-158456,12/24/2015,19.936,10
KT-16465,Kean Takahito,CA-2014-146283,9/8/2014,17.904,11
KT-16465,Kean Takahito,US-2016-133879,3/21/2016,13.392,12
KT-16465,Kean Takahito,US-2014-117170,9/17/2014,4.624,13
KT-16465,Kean Takahito,US-2016-133879,3/21/2016,3.168,14
KT-16480,Kean Thornton,CA-2014-116666,5/8/2014,1799.97,1
KT-16480,Kean Thornton,CA-2016-146206,9/10/2016,719.96,2
KT-16480,Kean Thornton,CA-2014-155887,5/12/2014,700.056,3
KT-16480,Kean Thornton,US-2014-140116,3/10/2014,636.408,4
KT-16480,Kean Thornton,CA-2016-146206,9/10/2016,300.93,5
KT-16480,Kean Thornton,CA-2017-142461,5/30/2017,204.6664,6
KT-16480,Kean Thornton,US-2014-140116,3/10/2014,83.168,7
KT-16480,Kean Thornton,CA-2017-123351,9/21/2017,80.48,8
KT-16480,Kean Thornton,CA-2015-132570,10/31/2015,79.96,9
KT-16480,Kean Thornton,CA-2017-105326,8/20/2017,25.92,10
KT-16480,Kean Thornton,CA-2017-126718,4/29/2017,4.91,11
KT-16480,Kean Thornton,CA-2017-159107,6/24/2017,2.88,12
KT-16480,Kean Thornton,CA-2015-132570,10/31/2015,2.78,13
KW-16435,Katrina Willman,CA-2015-102491,8/24/2015,3080.0,1
KW-16435,Katrina Willman,CA-2015-102491,8/24/2015,587.97,2
KW-16435,Katrina Willman,CA-2017-144904,9/25/2017,488.646,3
KW-16435,Katrina Willman,CA-2015-102491,8/24/2015,79.96,4
KW-16435,Katrina Willman,CA-2016-146682,10/29/2016,67.0,5
KW-16435,Katrina Willman,CA-2017-144904,9/25/2017,47.12,6
KW-16435,Katrina Willman,CA-2017-115805,7/31/2017,36.792,7
KW-16435,Katrina Willman,CA-2017-144904,9/25/2017,20.7,8
KW-16435,Katrina Willman,CA-2017-144904,9/25/2017,5.56,9
KW-16435,Katrina Willman,US-2015-149692,12/6/2015,2.772,10
KW-16570,Kelly Williams,US-2015-124219,8/7/2015,212.94,1
KW-16570,Kelly Williams,CA-2015-102722,4/18/2015,106.5,2
KW-16570,Kelly Williams,CA-2014-140886,9/30/2014,69.216,3
KW-16570,Kelly Williams,US-2015-158589,11/20/2015,32.04,4
KW-16570,Kelly Williams,US-2015-124219,8/7/2015,28.4,5
LA-16780,Laura Armstrong,CA-2016-122903,5/27/2016,3504.9,1
LA-16780,Laura Armstrong,CA-2014-163552,7/11/2014,854.94,2
LA-16780,Laura Armstrong,CA-2014-107811,4/29/2014,561.584,3
LA-16780,Laura Armstrong,CA-2016-132829,12/23/2016,453.576,4
LA-16780,Laura Armstrong,CA-2016-164091,9/17/2016,437.85,5
LA-16780,Laura Armstrong,CA-2016-108882,1/9/2016,377.928,6
LA-16780,Laura Armstrong,CA-2016-108882,1/9/2016,349.95,7
LA-16780,Laura Armstrong,CA-2016-122903,5/27/2016,314.55,8
LA-16780,Laura Armstrong,CA-2016-132829,12/23/2016,287.88,9
LA-16780,Laura Armstrong,CA-2016-123806,11/24/2016,207.76,10
LA-16780,Laura Armstrong,CA-2014-163552,7/11/2014,197.97,11
LA-16780,Laura Armstrong,CA-2014-163552,7/11/2014,177.2,12
LA-16780,Laura Armstrong,CA-2016-122903,5/27/2016,144.12,13
LA-16780,Laura Armstrong,CA-2016-132829,12/23/2016,131.88,14
LA-16780,Laura Armstrong,CA-2017-130771,7/29/2017,124.792,15
LA-16780,Laura Armstrong,CA-2014-163552,7/11/2014,124.11,16
LA-16780,Laura Armstrong,CA-2016-164091,9/17/2016,109.48,17
LA-16780,Laura Armstrong,CA-2014-107811,4/29/2014,99.92,18
LA-16780,Laura Armstrong,CA-2016-132829,12/23/2016,45.36,19
LA-16780,Laura Armstrong,CA-2016-155187,9/24/2016,41.96,20
LA-16780,Laura Armstrong,CA-2015-125395,6/26/2015,41.9,21
LA-16780,Laura Armstrong,CA-2016-155187,9/24/2016,41.7,22
LA-16780,Laura Armstrong,CA-2015-129700,5/4/2015,22.288,23
LA-16780,Laura Armstrong,CA-2014-163552,7/11/2014,14.4,24
LA-16780,Laura Armstrong,CA-2017-130771,7/29/2017,2.896,25
LA-16780,Laura Armstrong,CA-2016-132829,12/23/2016,2.328,26
LB-16735,Larry Blacks,CA-2017-154088,11/12/2017,26.72,1
LB-16735,Larry Blacks,CA-2016-111115,7/25/2016,21.48,2
LB-16735,Larry Blacks,CA-2017-160045,4/26/2017,1.988,3
LB-16795,Laurel Beltran,US-2016-155768,12/1/2016,1112.94,1
LB-16795,Laurel Beltran,CA-2017-147032,7/31/2017,849.95,2
LB-16795,Laurel Beltran,US-2016-157490,10/6/2016,703.71,3
LB-16795,Laurel Beltran,CA-2016-131968,11/11/2016,671.544,4
LB-16795,Laurel Beltran,CA-2017-118199,5/9/2017,286.85,5
LB-16795,Laurel Beltran,US-2014-150119,4/23/2014,281.372,6
LB-16795,Laurel Beltran,US-2014-150119,4/23/2014,281.372,7
LB-16795,Laurel Beltran,CA-2017-118199,5/9/2017,199.98,8
LB-16795,Laurel Beltran,CA-2017-118199,5/9/2017,147.92,9
LB-16795,Laurel Beltran,CA-2017-118199,5/9/2017,104.28,10
LB-16795,Laurel Beltran,US-2016-157490,10/6/2016,67.96,11
LB-16795,Laurel Beltran,CA-2017-118199,5/9/2017,66.96,12
LB-16795,Laurel Beltran,US-2016-155768,12/1/2016,47.9,13
LB-16795,Laurel Beltran,US-2016-155768,12/1/2016,31.96,14
LB-16795,Laurel Beltran,US-2016-155768,12/1/2016,22.92,15
LB-16795,Laurel Beltran,US-2014-150119,4/23/2014,22.336,16
LB-16795,Laurel Beltran,US-2016-157490,10/6/2016,17.904,17
LB-16795,Laurel Beltran,CA-2016-124583,9/1/2016,12.78,18
LB-16795,Laurel Beltran,US-2016-157490,10/6/2016,11.976,19
LB-16795,Laurel Beltran,CA-2017-147032,7/31/2017,11.54,20
LB-16795,Laurel Beltran,CA-2017-147032,7/31/2017,11.01,21
LB-16795,Laurel Beltran,CA-2016-131968,11/11/2016,9.888,22
LB-16795,Laurel Beltran,US-2014-150119,4/23/2014,7.488,23
LB-16795,Laurel Beltran,US-2016-162103,11/13/2016,3.136,24
LC-16870,Lena Cacioppo,CA-2015-150770,5/3/2015,339.96,1
LC-16870,Lena Cacioppo,CA-2017-113705,3/27/2017,332.94,2
LC-16870,Lena Cacioppo,CA-2017-113705,3/27/2017,292.1,3
LC-16870,Lena Cacioppo,US-2015-156867,11/13/2015,238.896,4
LC-16870,Lena Cacioppo,CA-2017-113705,3/27/2017,206.1,5
LC-16870,Lena Cacioppo,CA-2016-110898,3/6/2016,159.04,6
LC-16870,Lena Cacioppo,CA-2016-110898,3/6/2016,145.98,7
LC-16870,Lena Cacioppo,CA-2016-111283,2/29/2016,111.104,8
LC-16870,Lena Cacioppo,US-2015-156867,11/13/2015,102.36,9
LC-16870,Lena Cacioppo,CA-2017-118017,12/3/2017,102.336,10
LC-16870,Lena Cacioppo,CA-2017-118017,12/3/2017,76.752,11
LC-16870,Lena Cacioppo,US-2017-125647,9/23/2017,73.176,12
LC-16870,Lena Cacioppo,CA-2015-150770,5/3/2015,62.496,13
LC-16870,Lena Cacioppo,CA-2015-150770,5/3/2015,49.568,14
LC-16870,Lena Cacioppo,CA-2017-118017,12/3/2017,47.32,15
LC-16870,Lena Cacioppo,US-2017-125647,9/23/2017,39.984,16
LC-16870,Lena Cacioppo,US-2015-156867,11/13/2015,36.882,17
LC-16870,Lena Cacioppo,CA-2017-118017,12/3/2017,23.376,18
LC-16870,Lena Cacioppo,US-2017-125647,9/23/2017,20.736,19
LC-16870,Lena Cacioppo,CA-2017-113705,3/27/2017,17.76,20
LC-16870,Lena Cacioppo,CA-2017-113705,3/27/2017,17.64,21
LC-16870,Lena Cacioppo,CA-2017-118017,12/3/2017,16.72,22
LC-16870,Lena Cacioppo,CA-2017-118017,12/3/2017,16.192,23
LC-16870,Lena Cacioppo,CA-2017-118017,12/3/2017,13.344,24
LC-16870,Lena Cacioppo,CA-2017-118017,12/3/2017,10.32,25
LC-16870,Lena Cacioppo,CA-2015-150770,5/3/2015,8.82,26
LC-16870,Lena Cacioppo,CA-2017-113705,3/27/2017,8.26,27
LC-16870,Lena Cacioppo,CA-2016-167584,8/12/2016,6.48,28
LC-16870,Lena Cacioppo,CA-2016-110898,3/6/2016,2.334,29
LC-16870,Lena Cacioppo,CA-2016-110898,3/6/2016,1.728,30
LC-16885,Lena Creighton,US-2015-163825,6/16/2015,3050.376,1
LC-16885,Lena Creighton,CA-2014-139192,5/27/2014,1113.504,2
LC-16885,Lena Creighton,US-2017-113992,12/14/2017,974.988,3
LC-16885,Lena Creighton,CA-2015-124058,11/20/2015,572.16,4
LC-16885,Lena Creighton,CA-2016-107146,6/17/2016,483.136,5
LC-16885,Lena Creighton,CA-2014-110100,4/25/2014,302.376,6
LC-16885,Lena Creighton,CA-2016-107146,6/17/2016,266.352,7
LC-16885,Lena Creighton,CA-2015-157133,11/28/2015,151.96,8
LC-16885,Lena Creighton,US-2015-163825,6/16/2015,133.98,9
LC-16885,Lena Creighton,CA-2017-157448,11/16/2017,119.94,10
LC-16885,Lena Creighton,CA-2014-139192,5/27/2014,99.99,11
LC-16885,Lena Creighton,CA-2016-145583,10/13/2016,76.176,12
LC-16885,Lena Creighton,CA-2015-124058,11/20/2015,72.744,13
LC-16885,Lena Creighton,CA-2016-145583,10/13/2016,65.88,14
LC-16885,Lena Creighton,CA-2016-145583,10/13/2016,43.12,15
LC-16885,Lena Creighton,CA-2016-145583,10/13/2016,35.44,16
LC-16885,Lena Creighton,CA-2016-103359,12/22/2016,25.584,17
LC-16885,Lena Creighton,CA-2016-145583,10/13/2016,20.04,18
LC-16885,Lena Creighton,CA-2017-143861,6/12/2017,17.088,19
LC-16885,Lena Creighton,CA-2017-157448,11/16/2017,12.42,20
LC-16885,Lena Creighton,CA-2016-145583,10/13/2016,11.52,21
LC-16885,Lena Creighton,CA-2015-106362,12/11/2015,10.332,22
LC-16885,Lena Creighton,CA-2016-145583,10/13/2016,4.02,23
LC-16930,Linda Cazamias,CA-2016-107202,5/21/2016,2396.4,1
LC-16930,Linda Cazamias,CA-2016-152289,8/26/2016,1024.716,2
LC-16930,Linda Cazamias,US-2017-137491,11/19/2017,305.312,3
LC-16930,Linda Cazamias,CA-2016-111913,8/4/2016,302.384,4
LC-16930,Linda Cazamias,CA-2016-152289,8/26/2016,159.984,5
LC-16930,Linda Cazamias,CA-2017-120999,9/10/2017,147.168,6
LC-16930,Linda Cazamias,CA-2014-109491,2/20/2014,62.31,7
LC-16930,Linda Cazamias,CA-2016-111913,8/4/2016,20.952,8
LC-16930,Linda Cazamias,CA-2016-143476,9/11/2016,20.736,9
LC-16930,Linda Cazamias,CA-2014-109491,2/20/2014,20.32,10
LC-16930,Linda Cazamias,CA-2016-111913,8/4/2016,11.784,11
LC-16930,Linda Cazamias,CA-2016-143476,9/11/2016,9.568,12
LC-16930,Linda Cazamias,CA-2017-167080,6/10/2017,8.4,13
LC-16930,Linda Cazamias,CA-2016-143476,9/11/2016,2.912,14
LC-16960,Lindsay Castell,CA-2015-111038,12/1/2015,2676.672,1
LC-16960,Lindsay Castell,US-2016-139262,2/21/2016,432.456,2
LC-16960,Lindsay Castell,CA-2016-105753,10/20/2016,61.1,3
LC-16960,Lindsay Castell,US-2016-139262,2/21/2016,34.86,4
LC-16960,Lindsay Castell,CA-2015-132276,2/23/2015,26.88,5
LC-16960,Lindsay Castell,CA-2015-132276,2/23/2015,10.896,6
LC-16960,Lindsay Castell,US-2016-139262,2/21/2016,3.762,7
LC-17050,Liz Carlisle,CA-2016-118514,2/3/2016,866.4,1
LC-17050,Liz Carlisle,CA-2014-129147,11/2/2014,539.964,2
LC-17050,Liz Carlisle,CA-2014-115161,1/31/2014,290.666,3
LC-17050,Liz Carlisle,CA-2017-137498,9/9/2017,243.92,4
LC-17050,Liz Carlisle,CA-2014-129147,11/2/2014,50.232,5
LC-17050,Liz Carlisle,CA-2017-137498,9/9/2017,47.52,6
LC-17050,Liz Carlisle,US-2017-119319,11/6/2017,30.56,7
LC-17050,Liz Carlisle,CA-2014-129147,11/2/2014,19.242,8
LC-17050,Liz Carlisle,CA-2017-137498,9/9/2017,6.56,9
LC-17140,Logan Currie,CA-2017-162789,9/22/2017,1071.0,1
LC-17140,Logan Currie,CA-2016-137043,12/23/2016,572.76,2
LC-17140,Logan Currie,CA-2016-137043,12/23/2016,286.38,3
LC-17140,Logan Currie,CA-2014-102869,9/9/2014,135.516,4
LC-17140,Logan Currie,CA-2016-101693,6/25/2016,85.246,5
LC-17140,Logan Currie,US-2017-116701,12/17/2017,66.284,6
LC-17140,Logan Currie,CA-2017-169439,9/9/2017,66.112,7
LC-17140,Logan Currie,CA-2016-130477,4/8/2016,64.96,8
LC-17140,Logan Currie,CA-2014-102869,9/9/2014,64.704,9
LC-17140,Logan Currie,CA-2015-119907,12/1/2015,55.424,10
LC-17140,Logan Currie,CA-2016-101693,6/25/2016,32.712,11
LC-17140,Logan Currie,CA-2017-169439,9/9/2017,25.92,12
LC-17140,Logan Currie,CA-2016-130477,4/8/2016,20.04,13
LC-17140,Logan Currie,CA-2014-102869,9/9/2014,17.472,14
LC-17140,Logan Currie,CA-2014-102869,9/9/2014,15.552,15
LC-17140,Logan Currie,CA-2017-133431,12/17/2017,15.24,16
LC-17140,Logan Currie,CA-2017-133431,12/17/2017,13.23,17
LC-17140,Logan Currie,CA-2016-130477,4/8/2016,12.96,18
LC-17140,Logan Currie,CA-2017-162789,9/22/2017,12.07,19
LD-16855,Lela Donovan,CA-2016-152331,6/26/2016,5.304,1
LD-17005,Lisa DeCherney,CA-2014-124856,9/29/2014,1395.54,1
LD-17005,Lisa DeCherney,CA-2016-139878,11/11/2016,257.98,2
LD-17005,Lisa DeCherney,CA-2014-124856,9/29/2014,117.36,3
LD-17005,Lisa DeCherney,CA-2014-124856,9/29/2014,77.52,4
LD-17005,Lisa DeCherney,CA-2016-116379,11/7/2016,57.584,5
LD-17005,Lisa DeCherney,CA-2016-142762,5/23/2016,37.05,6
LD-17005,Lisa DeCherney,CA-2014-124856,9/29/2014,18.9,7
LE-16810,Laurel Elliston,CA-2016-157245,5/19/2016,641.96,1
LE-16810,Laurel Elliston,CA-2017-108329,12/9/2017,444.768,2
LE-16810,Laurel Elliston,US-2017-150595,5/22/2017,181.986,3
LE-16810,Laurel Elliston,CA-2014-100706,12/16/2014,99.98,4
LE-16810,Laurel Elliston,CA-2015-131779,6/12/2015,29.9,5
LE-16810,Laurel Elliston,CA-2014-100706,12/16/2014,29.46,6
LE-16810,Laurel Elliston,US-2017-150595,5/22/2017,22.344,7
LE-16810,Laurel Elliston,US-2014-117058,5/27/2014,17.46,8
LE-16810,Laurel Elliston,US-2017-150595,5/22/2017,1.592,9
LF-17185,Luke Foster,CA-2014-169019,7/26/2014,2177.584,1
LF-17185,Luke Foster,CA-2015-109512,3/5/2015,563.4,2
LF-17185,Luke Foster,CA-2014-169019,7/26/2014,431.136,3
LF-17185,Luke Foster,CA-2015-109512,3/5/2015,383.607,4
LF-17185,Luke Foster,CA-2017-148264,12/8/2017,128.9,5
LF-17185,Luke Foster,CA-2017-148264,12/8/2017,60.12,6
LF-17185,Luke Foster,CA-2017-118521,2/16/2017,37.94,7
LF-17185,Luke Foster,CA-2017-148264,12/8/2017,29.79,8
LF-17185,Luke Foster,CA-2015-109512,3/5/2015,29.34,9
LF-17185,Luke Foster,CA-2014-110030,12/6/2014,23.976,10
LF-17185,Luke Foster,CA-2014-169019,7/26/2014,17.496,11
LF-17185,Luke Foster,CA-2014-169019,7/26/2014,16.784,12
LF-17185,Luke Foster,CA-2014-113166,12/24/2014,9.568,13
LF-17185,Luke Foster,CA-2014-169019,7/26/2014,8.88,14
LF-17185,Luke Foster,CA-2016-106341,10/20/2016,7.152,15
LF-17185,Luke Foster,CA-2014-169019,7/26/2014,4.836,16
LH-16750,Larry Hughes,CA-2017-133235,8/1/2017,271.96,1
LH-16750,Larry Hughes,CA-2017-129707,4/25/2017,8.896,2
LH-16750,Larry Hughes,CA-2014-117478,9/21/2014,6.57,3
LH-16900,Lena Hernandez,US-2014-156559,8/19/2014,638.82,1
LH-16900,Lena Hernandez,CA-2014-109855,9/1/2014,357.0,2
LH-16900,Lena Hernandez,US-2015-136749,12/25/2015,275.88,3
LH-16900,Lena Hernandez,CA-2016-113733,12/8/2016,249.584,4
LH-16900,Lena Hernandez,US-2017-169320,7/23/2017,159.75,5
LH-16900,Lena Hernandez,US-2015-136749,12/25/2015,157.9,6
LH-16900,Lena Hernandez,US-2017-103814,12/9/2017,143.856,7
LH-16900,Lena Hernandez,CA-2014-123323,11/7/2014,123.144,8
LH-16900,Lena Hernandez,CA-2016-113733,12/8/2016,68.112,9
LH-16900,Lena Hernandez,CA-2016-169194,6/20/2016,45.0,10
LH-16900,Lena Hernandez,CA-2014-109855,9/1/2014,23.744,11
LH-16900,Lena Hernandez,CA-2016-169194,6/20/2016,21.8,12
LH-16900,Lena Hernandez,CA-2016-113733,12/8/2016,16.56,13
LH-16900,Lena Hernandez,US-2017-169320,7/23/2017,11.68,14
LH-16900,Lena Hernandez,CA-2014-126277,9/13/2014,2.502,15
LH-17020,Lisa Hazard,CA-2015-114923,2/8/2015,107.982,1
LH-17020,Lisa Hazard,CA-2017-105991,5/5/2017,89.991,2
LH-17020,Lisa Hazard,US-2014-115987,9/8/2014,51.184,3
LH-17020,Lisa Hazard,CA-2016-166443,11/4/2016,38.29,4
LH-17020,Lisa Hazard,CA-2017-105991,5/5/2017,21.24,5
LH-17020,Lisa Hazard,CA-2017-105991,5/5/2017,9.552,6
LH-17155,Logan Haushalter,US-2016-131149,7/10/2016,338.04,1
LH-17155,Logan Haushalter,CA-2016-154739,12/10/2016,321.568,2
LH-17155,Logan Haushalter,CA-2015-121965,6/19/2015,186.69,3
LH-17155,Logan Haushalter,CA-2016-144092,11/5/2016,158.13,4
LH-17155,Logan Haushalter,US-2016-131149,7/10/2016,154.24,5
LH-17155,Logan Haushalter,CA-2016-144092,11/5/2016,113.888,6
LH-17155,Logan Haushalter,CA-2016-141019,5/14/2016,79.384,7
LH-17155,Logan Haushalter,CA-2016-144092,11/5/2016,72.0,8
LH-17155,Logan Haushalter,US-2016-139486,5/21/2016,66.26,9
LH-17155,Logan Haushalter,CA-2016-133340,12/9/2016,61.929,10
LH-17155,Logan Haushalter,CA-2016-133340,12/9/2016,59.98,11
LH-17155,Logan Haushalter,US-2016-139486,5/21/2016,55.176,12
LH-17155,Logan Haushalter,CA-2015-121965,6/19/2015,12.56,13
LH-17155,Logan Haushalter,CA-2014-113320,12/12/2014,12.54,14
LH-17155,Logan Haushalter,US-2016-131912,10/29/2016,11.744,15
LH-17155,Logan Haushalter,CA-2016-133340,12/9/2016,10.9,16
LH-17155,Logan Haushalter,CA-2014-113320,12/12/2014,9.24,17
LH-17155,Logan Haushalter,CA-2014-113320,12/12/2014,8.94,18
LH-17155,Logan Haushalter,CA-2015-121965,6/19/2015,6.48,19
LL-16840,Lauren Leatherbury,CA-2015-137974,4/16/2015,1196.86,1
LL-16840,Lauren Leatherbury,CA-2015-137974,4/16/2015,569.64,2
LL-16840,Lauren Leatherbury,CA-2015-137974,4/16/2015,523.26,3
LL-16840,Lauren Leatherbury,CA-2014-153927,8/12/2014,272.61,4
LL-16840,Lauren Leatherbury,CA-2017-120222,4/25/2017,73.344,5
LL-16840,Lauren Leatherbury,US-2017-163195,2/17/2017,29.16,6
LL-16840,Lauren Leatherbury,CA-2017-120222,4/25/2017,19.05,7
LL-16840,Lauren Leatherbury,CA-2014-134061,4/29/2014,17.46,8
LL-16840,Lauren Leatherbury,CA-2014-153927,8/12/2014,14.04,9
LL-16840,Lauren Leatherbury,CA-2015-164833,6/4/2015,9.26,10
LL-16840,Lauren Leatherbury,CA-2015-137974,4/16/2015,9.14,11
LL-16840,Lauren Leatherbury,CA-2015-164833,6/4/2015,7.38,12
LM-17065,Liz MacKendrick,US-2015-120161,12/18/2015,646.776,1
LM-17065,Liz MacKendrick,CA-2014-104283,6/27/2014,306.2,2
LM-17065,Liz MacKendrick,CA-2014-104283,6/27/2014,223.96,3
LM-17065,Liz MacKendrick,CA-2014-104283,6/27/2014,85.98,4
LM-17065,Liz MacKendrick,CA-2016-105263,8/6/2016,38.34,5
LM-17065,Liz MacKendrick,CA-2015-169740,2/20/2015,29.99,6
LM-17065,Liz MacKendrick,CA-2016-105277,12/4/2016,15.528,7
LO-17170,Lori Olson,CA-2017-141572,5/28/2017,247.44,1
LO-17170,Lori Olson,CA-2015-104038,2/6/2015,146.73,2
LO-17170,Lori Olson,CA-2017-163860,12/28/2017,113.372,3
LO-17170,Lori Olson,CA-2017-118367,10/28/2017,47.98,4
LO-17170,Lori Olson,CA-2015-143238,9/6/2015,46.32,5
LO-17170,Lori Olson,CA-2015-104038,2/6/2015,29.9,6
LO-17170,Lori Olson,CA-2017-163860,12/28/2017,7.968,7
LO-17170,Lori Olson,CA-2017-163860,12/28/2017,2.96,8
LO-17170,Lori Olson,CA-2017-163860,12/28/2017,1.68,9
LP-17080,Liz Pelletier,CA-2016-116722,11/11/2016,451.152,1
LP-17080,Liz Pelletier,CA-2017-118731,11/20/2017,84.056,2
LP-17080,Liz Pelletier,CA-2017-118731,11/20/2017,42.6,3
LP-17080,Liz Pelletier,CA-2016-116722,11/11/2016,41.96,4
LP-17080,Liz Pelletier,CA-2017-133823,5/11/2017,37.59,5
LP-17080,Liz Pelletier,CA-2017-133823,5/11/2017,37.44,6
LP-17080,Liz Pelletier,CA-2016-116722,11/11/2016,31.504,7
LP-17080,Liz Pelletier,CA-2017-133823,5/11/2017,26.032,8
LP-17080,Liz Pelletier,CA-2014-159814,6/24/2014,4.272,9
LP-17095,Liz Preis,CA-2017-121790,1/30/2017,2003.168,1
LP-17095,Liz Preis,CA-2016-112830,6/6/2016,466.32,2
LP-17095,Liz Preis,CA-2017-106782,12/21/2017,375.34,3
LP-17095,Liz Preis,CA-2016-103709,9/8/2016,261.74,4
LP-17095,Liz Preis,CA-2017-102736,9/5/2017,89.568,5
LP-17095,Liz Preis,CA-2016-112830,6/6/2016,82.64,6
LP-17095,Liz Preis,CA-2017-121804,3/3/2017,72.8,7
LP-17095,Liz Preis,CA-2017-102736,9/5/2017,71.96,8
LP-17095,Liz Preis,CA-2017-121790,1/30/2017,69.375,9
LP-17095,Liz Preis,CA-2016-118969,10/2/2016,54.792,10
LP-17095,Liz Preis,CA-2016-103709,9/8/2016,34.24,11
LP-17095,Liz Preis,CA-2017-121790,1/30/2017,31.68,12
LP-17095,Liz Preis,CA-2017-102736,9/5/2017,15.552,13
LP-17095,Liz Preis,CA-2016-103709,9/8/2016,14.88,14
LP-17095,Liz Preis,CA-2017-121790,1/30/2017,9.344,15
LR-16915,Lena Radford,CA-2014-131450,8/8/2014,1199.976,1
LR-16915,Lena Radford,CA-2016-126732,9/2/2016,1091.168,2
LR-16915,Lena Radford,CA-2017-109183,12/4/2017,649.0,3
LR-16915,Lena Radford,CA-2016-126732,9/2/2016,568.728,4
LR-16915,Lena Radford,CA-2014-131450,8/8/2014,445.96,5
LR-16915,Lena Radford,CA-2015-141327,11/30/2015,335.744,6
LR-16915,Lena Radford,CA-2014-131450,8/8/2014,327.76,7
LR-16915,Lena Radford,CA-2016-125206,1/3/2016,114.46,8
LR-16915,Lena Radford,CA-2015-141327,11/30/2015,98.352,9
LR-16915,Lena Radford,CA-2016-126732,9/2/2016,94.68,10
LR-16915,Lena Radford,US-2016-148803,12/11/2016,85.224,11
LR-16915,Lena Radford,CA-2014-131450,8/8/2014,76.12,12
LR-16915,Lena Radford,CA-2016-126732,9/2/2016,23.67,13
LR-16915,Lena Radford,CA-2016-126732,9/2/2016,18.69,14
LR-16915,Lena Radford,CA-2016-126732,9/2/2016,7.312,15
LR-16915,Lena Radford,CA-2015-141327,11/30/2015,6.048,16
LR-17035,Lisa Ryan,CA-2015-102876,9/7/2015,791.964,1
LR-17035,Lisa Ryan,CA-2016-143406,9/26/2016,454.965,2
LR-17035,Lisa Ryan,CA-2017-119011,8/20/2017,226.56,3
LR-17035,Lisa Ryan,CA-2017-119011,8/20/2017,107.88,4
LR-17035,Lisa Ryan,CA-2016-143406,9/26/2016,93.032,5
LR-17035,Lisa Ryan,CA-2014-109918,9/7/2014,83.92,6
LR-17035,Lisa Ryan,CA-2017-103506,7/23/2017,41.4,7
LR-17035,Lisa Ryan,CA-2014-109918,9/7/2014,27.36,8
LR-17035,Lisa Ryan,CA-2014-109918,9/7/2014,20.56,9
LR-17035,Lisa Ryan,CA-2017-119011,8/20/2017,17.22,10
LR-17035,Lisa Ryan,CA-2015-102876,9/7/2015,9.522,11
LR-17035,Lisa Ryan,CA-2015-102876,9/7/2015,4.923,12
LS-16945,Linda Southworth,CA-2016-114727,7/18/2016,854.352,1
LS-16945,Linda Southworth,CA-2016-114727,7/18/2016,593.568,2
LS-16945,Linda Southworth,CA-2016-114727,7/18/2016,544.008,3
LS-16945,Linda Southworth,CA-2016-114727,7/18/2016,338.04,4
LS-16945,Linda Southworth,CA-2017-100223,7/5/2017,332.028,5
LS-16945,Linda Southworth,US-2017-128832,4/24/2017,69.98,6
LS-16945,Linda Southworth,CA-2017-100223,7/5/2017,31.104,7
LS-16945,Linda Southworth,CA-2015-115420,4/25/2015,21.34,8
LS-16945,Linda Southworth,CA-2016-134362,9/29/2016,15.936,9
LS-16945,Linda Southworth,CA-2017-100223,7/5/2017,15.552,10
LS-16945,Linda Southworth,CA-2017-100223,7/5/2017,11.394,11
LS-16945,Linda Southworth,CA-2017-108000,1/12/2017,9.78,12
LS-16945,Linda Southworth,CA-2017-100223,7/5/2017,6.316,13
LS-16945,Linda Southworth,CA-2016-114727,7/18/2016,1.872,14
LS-16975,Lindsay Shagiari,CA-2017-117702,11/28/2017,1049.2,1
LS-16975,Lindsay Shagiari,CA-2014-137092,10/20/2014,505.32,2
LS-16975,Lindsay Shagiari,US-2015-138919,9/17/2015,344.22,3
LS-16975,Lindsay Shagiari,CA-2014-137092,10/20/2014,319.968,4
LS-16975,Lindsay Shagiari,US-2016-125969,11/6/2016,238.56,5
LS-16975,Lindsay Shagiari,US-2014-147648,11/26/2014,81.98,6
LS-16975,Lindsay Shagiari,US-2016-125969,11/6/2016,81.424,7
LS-16975,Lindsay Shagiari,CA-2017-164168,11/12/2017,77.952,8
LS-16975,Lindsay Shagiari,CA-2017-164168,11/12/2017,67.992,9
LS-16975,Lindsay Shagiari,CA-2017-164168,11/12/2017,44.784,10
LS-16975,Lindsay Shagiari,CA-2017-108294,12/10/2017,34.5,11
LS-16975,Lindsay Shagiari,CA-2017-164168,11/12/2017,30.56,12
LS-16975,Lindsay Shagiari,CA-2014-137092,10/20/2014,24.424,13
LS-16975,Lindsay Shagiari,CA-2017-164168,11/12/2017,22.848,14
LS-16975,Lindsay Shagiari,CA-2017-117702,11/28/2017,20.9,15
LS-16975,Lindsay Shagiari,CA-2017-164168,11/12/2017,12.224,16
LS-16975,Lindsay Shagiari,CA-2016-112025,7/30/2016,9.264,17
LS-16975,Lindsay Shagiari,CA-2014-137092,10/20/2014,8.682,18
LS-16975,Lindsay Shagiari,US-2015-118766,10/15/2015,4.464,19
LS-16975,Lindsay Shagiari,US-2015-118766,10/15/2015,3.96,20
LS-16975,Lindsay Shagiari,CA-2014-137092,10/20/2014,3.808,21
LS-16975,Lindsay Shagiari,CA-2017-117702,11/28/2017,1.64,22
LS-17200,Luke Schmidt,CA-2014-115084,10/18/2014,605.34,1
LS-17200,Luke Schmidt,US-2017-165869,7/31/2017,155.88,2
LS-17200,Luke Schmidt,CA-2016-160129,11/23/2016,70.448,3
LS-17200,Luke Schmidt,CA-2014-141110,11/26/2014,40.54,4
LS-17200,Luke Schmidt,CA-2017-169929,9/25/2017,39.9,5
LS-17200,Luke Schmidt,US-2017-165869,7/31/2017,17.52,6
LS-17200,Luke Schmidt,CA-2016-160129,11/23/2016,15.8,7
LS-17200,Luke Schmidt,CA-2014-141110,11/26/2014,14.94,8
LS-17200,Luke Schmidt,CA-2016-160129,11/23/2016,14.368,9
LS-17200,Luke Schmidt,CA-2017-131618,6/17/2017,12.224,10
LS-17200,Luke Schmidt,CA-2017-131618,6/17/2017,9.36,11
LS-17200,Luke Schmidt,CA-2014-141110,11/26/2014,7.312,12
LS-17200,Luke Schmidt,CA-2014-141110,11/26/2014,4.32,13
LS-17200,Luke Schmidt,CA-2017-131618,6/17/2017,2.304,14
LS-17230,Lycoris Saunders,CA-2015-118955,6/16/2015,197.372,1
LS-17230,Lycoris Saunders,US-2015-111927,11/14/2015,76.14,2
LS-17230,Lycoris Saunders,CA-2015-118955,6/16/2015,28.752,3
LS-17230,Lycoris Saunders,CA-2015-118955,6/16/2015,27.216,4
LS-17230,Lycoris Saunders,US-2015-111927,11/14/2015,19.96,5
LS-17230,Lycoris Saunders,CA-2014-130813,1/6/2014,19.44,6
LS-17245,Lynn Smith,CA-2014-124730,11/26/2014,279.96,1
LS-17245,Lynn Smith,US-2014-109456,10/16/2014,179.97,2
LS-17245,Lynn Smith,CA-2016-152765,6/15/2016,173.488,3
LS-17245,Lynn Smith,CA-2017-135307,11/26/2017,126.3,4
LS-17245,Lynn Smith,CA-2014-124730,11/26/2014,93.15,5
LS-17245,Lynn Smith,CA-2015-165414,12/21/2015,47.976,6
LS-17245,Lynn Smith,CA-2017-135307,11/26/2017,38.04,7
LS-17245,Lynn Smith,CA-2014-124730,11/26/2014,17.088,8
LS-17245,Lynn Smith,US-2014-109456,10/16/2014,14.352,9
LS-17245,Lynn Smith,CA-2016-136994,5/27/2016,13.38,10
LS-17245,Lynn Smith,CA-2014-124730,11/26/2014,12.912,11
LS-17245,Lynn Smith,CA-2014-124730,11/26/2014,11.52,12
LT-16765,Larry Tron,US-2015-122910,5/12/2015,201.584,1
LT-16765,Larry Tron,CA-2017-160031,12/4/2017,74.352,2
LT-16765,Larry Tron,CA-2014-126522,9/1/2014,53.94,3
LT-17110,Liz Thompson,US-2014-165659,6/1/2014,881.93,1
LT-17110,Liz Thompson,CA-2016-159373,3/13/2016,557.585,2
LT-17110,Liz Thompson,CA-2015-168207,11/2/2015,512.499,3
LT-17110,Liz Thompson,CA-2015-154620,12/12/2015,348.928,4
LT-17110,Liz Thompson,CA-2017-122700,11/26/2017,220.752,5
LT-17110,Liz Thompson,CA-2015-168207,11/2/2015,117.488,6
LT-17110,Liz Thompson,CA-2015-168207,11/2/2015,96.96,7
LT-17110,Liz Thompson,CA-2017-147725,9/14/2017,70.95,8
LT-17110,Liz Thompson,CA-2016-159373,3/13/2016,70.08,9
LT-17110,Liz Thompson,US-2014-165659,6/1/2014,22.2,10
LT-17110,Liz Thompson,CA-2016-157364,11/19/2016,18.48,11
LT-17110,Liz Thompson,CA-2015-168207,11/2/2015,11.952,12
LT-17110,Liz Thompson,US-2015-104430,10/22/2015,5.176,13
LT-17110,Liz Thompson,CA-2016-159373,3/13/2016,1.272,14
LW-16825,Laurel Workman,CA-2014-160773,7/1/2014,575.92,1
LW-16825,Laurel Workman,CA-2014-103429,5/30/2014,464.0,2
LW-16825,Laurel Workman,CA-2014-164721,11/25/2014,320.88,3
LW-16825,Laurel Workman,CA-2016-109827,12/25/2016,269.97,4
LW-16825,Laurel Workman,CA-2014-103429,5/30/2014,235.95,5
LW-16825,Laurel Workman,CA-2016-109827,12/25/2016,100.8,6
LW-16825,Laurel Workman,CA-2016-109827,12/25/2016,47.968,7
LW-16825,Laurel Workman,CA-2016-109827,12/25/2016,45.12,8
LW-16825,Laurel Workman,CA-2014-103429,5/30/2014,39.96,9
LW-16825,Laurel Workman,CA-2016-109827,12/25/2016,35.445,10
LW-16825,Laurel Workman,CA-2014-164721,11/25/2014,26.76,11
LW-16825,Laurel Workman,CA-2014-103429,5/30/2014,25.584,12
LW-16825,Laurel Workman,CA-2014-164721,11/25/2014,23.88,13
LW-16825,Laurel Workman,CA-2017-144820,10/3/2017,20.64,14
LW-16825,Laurel Workman,CA-2014-160773,7/1/2014,5.184,15
LW-16990,Lindsay Williams,US-2016-102239,5/5/2016,1685.88,1
LW-16990,Lindsay Williams,CA-2017-152142,11/14/2017,321.568,2
LW-16990,Lindsay Williams,CA-2017-162978,5/4/2017,300.904,3
LW-16990,Lindsay Williams,CA-2017-101245,11/27/2017,244.55,4
LW-16990,Lindsay Williams,CA-2017-102834,3/9/2017,199.98,5
LW-16990,Lindsay Williams,CA-2017-162978,5/4/2017,183.96,6
LW-16990,Lindsay Williams,CA-2017-101245,11/27/2017,166.16,7
LW-16990,Lindsay Williams,CA-2017-158407,6/4/2017,71.984,8
LW-16990,Lindsay Williams,CA-2017-158407,6/4/2017,31.984,9
LW-16990,Lindsay Williams,CA-2017-162978,5/4/2017,17.61,10
LW-16990,Lindsay Williams,US-2016-102239,5/5/2016,5.728,11
LW-17125,Liz Willingham,CA-2016-157280,11/5/2016,756.8,1
LW-17125,Liz Willingham,CA-2016-157280,11/5/2016,273.96,2
LW-17125,Liz Willingham,CA-2014-112837,9/11/2014,127.95,3
LW-17125,Liz Willingham,CA-2016-157280,11/5/2016,89.97,4
LW-17125,Liz Willingham,CA-2017-117436,6/8/2017,10.36,5
LW-17215,Luke Weiss,CA-2014-116246,9/12/2014,3785.292,1
LW-17215,Luke Weiss,CA-2016-132997,11/7/2016,359.97,2
LW-17215,Luke Weiss,CA-2016-132997,11/7/2016,276.784,3
LW-17215,Luke Weiss,CA-2016-132997,11/7/2016,263.96,4
LW-17215,Luke Weiss,CA-2016-111416,9/17/2016,232.4,5
LW-17215,Luke Weiss,CA-2017-166128,4/11/2017,199.95,6
LW-17215,Luke Weiss,CA-2016-132997,11/7/2016,116.82,7
LW-17215,Luke Weiss,CA-2017-102659,12/9/2017,54.9,8
LW-17215,Luke Weiss,CA-2017-166128,4/11/2017,41.86,9
LW-17215,Luke Weiss,US-2016-117037,5/17/2016,30.528,10
LW-17215,Luke Weiss,US-2016-117037,5/17/2016,22.608,11
LW-17215,Luke Weiss,CA-2016-132997,11/7/2016,12.96,12
LW-17215,Luke Weiss,CA-2017-102218,9/2/2017,11.696,13
LW-17215,Luke Weiss,US-2016-117037,5/17/2016,7.896,14
LW-17215,Luke Weiss,US-2016-117037,5/17/2016,2.89,15
MA-17560,Matt Abelman,CA-2015-143105,12/10/2015,799.984,1
MA-17560,Matt Abelman,CA-2014-140732,11/11/2014,575.928,2
MA-17560,Matt Abelman,CA-2014-124478,8/8/2014,549.99,3
MA-17560,Matt Abelman,CA-2015-130974,11/27/2015,446.068,4
MA-17560,Matt Abelman,CA-2014-124478,8/8/2014,299.98,5
MA-17560,Matt Abelman,CA-2015-130974,11/27/2015,259.98,6
MA-17560,Matt Abelman,CA-2015-143105,12/10/2015,184.66,7
MA-17560,Matt Abelman,CA-2015-130974,11/27/2015,170.98,8
MA-17560,Matt Abelman,CA-2014-124478,8/8/2014,167.535,9
MA-17560,Matt Abelman,CA-2015-130974,11/27/2015,154.9,10
MA-17560,Matt Abelman,CA-2014-140732,11/11/2014,123.92,11
MA-17560,Matt Abelman,CA-2015-130974,11/27/2015,59.94,12
MA-17560,Matt Abelman,CA-2014-124478,8/8/2014,53.88,13
MA-17560,Matt Abelman,CA-2017-158722,10/20/2017,45.528,14
MA-17560,Matt Abelman,CA-2015-143105,12/10/2015,41.28,15
MA-17560,Matt Abelman,CA-2015-130974,11/27/2015,40.08,16
MA-17560,Matt Abelman,CA-2015-130974,11/27/2015,38.97,17
MA-17560,Matt Abelman,CA-2014-124478,8/8/2014,38.34,18
MA-17560,Matt Abelman,US-2016-117793,8/23/2016,37.59,19
MA-17560,Matt Abelman,CA-2017-107727,10/19/2017,29.472,20
MA-17560,Matt Abelman,CA-2017-110373,10/27/2017,27.184,21
MA-17560,Matt Abelman,US-2016-117793,8/23/2016,25.2,22
MA-17560,Matt Abelman,CA-2014-168823,9/21/2014,20.808,23
MA-17560,Matt Abelman,CA-2015-110324,12/1/2015,19.44,24
MA-17560,Matt Abelman,CA-2015-110324,12/1/2015,18.54,25
MA-17560,Matt Abelman,US-2016-117793,8/23/2016,14.97,26
MA-17560,Matt Abelman,CA-2014-168823,9/21/2014,11.352,27
MA-17560,Matt Abelman,CA-2016-128916,8/18/2016,9.552,28
MA-17560,Matt Abelman,CA-2014-140732,11/11/2014,7.78,29
MA-17560,Matt Abelman,CA-2015-143105,12/10/2015,7.31,30
MA-17560,Matt Abelman,CA-2017-110373,10/27/2017,7.056,31
MA-17560,Matt Abelman,CA-2016-128916,8/18/2016,5.344,32
MA-17560,Matt Abelman,CA-2015-110324,12/1/2015,3.64,33
MA-17560,Matt Abelman,US-2016-117793,8/23/2016,1.98,34
MA-17995,Michelle Arnett,CA-2016-152247,11/7/2016,1603.136,1
MA-17995,Michelle Arnett,CA-2014-132010,10/13/2014,315.2,2
MA-17995,Michelle Arnett,CA-2017-123638,6/27/2017,191.646,3
MA-17995,Michelle Arnett,US-2016-165078,11/5/2016,104.9,4
MA-17995,Michelle Arnett,US-2016-165078,11/5/2016,51.75,5
MA-17995,Michelle Arnett,CA-2014-133704,9/20/2014,43.92,6
MA-17995,Michelle Arnett,US-2016-165078,11/5/2016,39.68,7
MA-17995,Michelle Arnett,CA-2014-132010,10/13/2014,36.4,8
MA-17995,Michelle Arnett,CA-2014-132010,10/13/2014,22.96,9
MA-17995,Michelle Arnett,CA-2014-133704,9/20/2014,20.232,10
MA-17995,Michelle Arnett,CA-2014-132010,10/13/2014,15.18,11
MA-17995,Michelle Arnett,CA-2015-157028,11/28/2015,8.28,12
MB-17305,Maria Bertelson,CA-2016-118759,11/14/2016,408.006,1
MB-17305,Maria Bertelson,CA-2017-163125,10/9/2017,254.058,2
MB-17305,Maria Bertelson,CA-2015-168529,10/8/2015,145.9,3
MB-17305,Maria Bertelson,CA-2017-169124,7/3/2017,129.39,4
MB-17305,Maria Bertelson,CA-2014-151708,8/8/2014,121.376,5
MB-17305,Maria Bertelson,CA-2014-151708,8/8/2014,95.976,6
MB-17305,Maria Bertelson,CA-2017-149944,11/12/2017,76.12,7
MB-17305,Maria Bertelson,CA-2017-163125,10/9/2017,67.144,8
MB-17305,Maria Bertelson,CA-2015-145828,10/5/2015,53.04,9
MB-17305,Maria Bertelson,CA-2016-118759,11/14/2016,40.44,10
MB-17305,Maria Bertelson,CA-2015-113131,9/24/2015,33.568,11
MB-17305,Maria Bertelson,CA-2015-113131,9/24/2015,24.424,12
MB-17305,Maria Bertelson,CA-2017-105074,6/24/2017,21.744,13
MB-17305,Maria Bertelson,CA-2017-149944,11/12/2017,18.24,14
MB-17305,Maria Bertelson,CA-2015-113131,9/24/2015,17.12,15
MB-17305,Maria Bertelson,CA-2015-113131,9/24/2015,15.84,16
MB-17305,Maria Bertelson,CA-2015-144288,12/25/2015,10.368,17
MB-17305,Maria Bertelson,CA-2015-144288,12/25/2015,9.216,18
MB-17305,Maria Bertelson,CA-2015-113131,9/24/2015,6.732,19
MB-18085,Mick Brown,CA-2017-144498,5/6/2017,627.168,1
MB-18085,Mick Brown,CA-2016-142524,9/4/2016,279.95,2
MB-18085,Mick Brown,US-2016-128902,3/11/2016,244.006,3
MB-18085,Mick Brown,CA-2017-144498,5/6/2017,122.12,4
MB-18085,Mick Brown,CA-2017-144498,5/6/2017,68.541,5
MB-18085,Mick Brown,CA-2014-141817,1/5/2014,19.536,6
MB-18085,Mick Brown,CA-2016-112382,5/9/2016,19.136,7
MB-18085,Mick Brown,CA-2017-122945,11/16/2017,17.31,8
MB-18085,Mick Brown,CA-2016-142524,9/4/2016,16.56,9
MB-18085,Mick Brown,CA-2017-151071,4/25/2017,13.904,10
MC-17275,Marc Crier,CA-2014-107818,9/8/2014,975.92,1
MC-17275,Marc Crier,CA-2015-143119,9/24/2015,517.5,2
MC-17275,Marc Crier,CA-2014-107818,9/8/2014,485.88,3
MC-17275,Marc Crier,CA-2014-107818,9/8/2014,303.84,4
MC-17275,Marc Crier,CA-2016-118899,3/22/2016,167.888,5
MC-17275,Marc Crier,CA-2015-114237,3/13/2015,141.96,6
MC-17275,Marc Crier,CA-2015-168459,11/22/2015,55.104,7
MC-17275,Marc Crier,CA-2015-105599,9/7/2015,27.414,8
MC-17275,Marc Crier,CA-2017-154949,10/15/2017,14.73,9
MC-17275,Marc Crier,CA-2015-105599,9/7/2015,13.96,10
MC-17275,Marc Crier,CA-2016-146318,1/22/2016,12.96,11
MC-17275,Marc Crier,CA-2014-107818,9/8/2014,5.88,12
MC-17275,Marc Crier,CA-2015-168459,11/22/2015,2.946,13
MC-17425,Mark Cousins,CA-2016-133711,11/26/2016,3040.0,1
MC-17425,Mark Cousins,CA-2014-140473,5/30/2014,719.976,2
MC-17425,Mark Cousins,US-2016-168095,7/15/2016,230.28,3
MC-17425,Mark Cousins,US-2016-168095,7/15/2016,105.52,4
MC-17425,Mark Cousins,CA-2016-133711,11/26/2016,91.68,5
MC-17425,Mark Cousins,CA-2016-133711,11/26/2016,70.98,6
MC-17425,Mark Cousins,CA-2015-161711,11/28/2015,68.16,7
MC-17425,Mark Cousins,CA-2015-161711,11/28/2015,62.24,8
MC-17425,Mark Cousins,CA-2016-133711,11/26/2016,33.75,9
MC-17425,Mark Cousins,CA-2016-130050,7/16/2016,9.552,10
MC-17575,Matt Collins,CA-2015-117772,9/10/2015,353.88,1
MC-17575,Matt Collins,CA-2017-167703,2/3/2017,285.552,2
MC-17575,Matt Collins,CA-2015-135314,7/9/2015,269.982,3
MC-17575,Matt Collins,CA-2017-115175,8/7/2017,244.55,4
MC-17575,Matt Collins,US-2017-149510,12/3/2017,45.216,5
MC-17575,Matt Collins,US-2016-157840,12/20/2016,33.9,6
MC-17575,Matt Collins,US-2017-149510,12/3/2017,28.782,7
MC-17575,Matt Collins,US-2017-149510,12/3/2017,24.448,8
MC-17575,Matt Collins,CA-2015-125423,12/13/2015,9.96,9
MC-17575,Matt Collins,CA-2017-167703,2/3/2017,5.229,10
MC-17575,Matt Collins,CA-2014-101147,12/2/2014,2.394,11
MC-17590,Matt Collister,CA-2014-127446,11/25/2014,1218.735,1
MC-17590,Matt Collister,CA-2016-131835,7/17/2016,597.0,2
MC-17590,Matt Collister,CA-2016-131835,7/17/2016,162.64,3
MC-17590,Matt Collister,CA-2017-159597,11/9/2017,99.99,4
MC-17590,Matt Collister,CA-2014-130673,5/20/2014,66.96,5
MC-17590,Matt Collister,CA-2017-159597,11/9/2017,63.56,6
MC-17590,Matt Collister,CA-2016-131835,7/17/2016,55.48,7
MC-17590,Matt Collister,CA-2016-113082,9/12/2016,40.48,8
MC-17590,Matt Collister,CA-2016-157868,12/23/2016,24.85,9
MC-17590,Matt Collister,CA-2014-127446,11/25/2014,24.672,10
MC-17590,Matt Collister,CA-2014-130673,5/20/2014,20.784,11
MC-17590,Matt Collister,CA-2014-127446,11/25/2014,15.696,12
MC-17590,Matt Collister,CA-2014-130673,5/20/2014,10.368,13
MC-17590,Matt Collister,CA-2014-130673,5/20/2014,10.332,14
MC-17590,Matt Collister,CA-2014-127446,11/25/2014,6.096,15
MC-17590,Matt Collister,CA-2014-127446,11/25/2014,5.904,16
MC-17590,Matt Collister,CA-2014-127446,11/25/2014,2.52,17
MC-17605,Matt Connell,US-2014-161613,12/1/2014,674.058,1
MC-17605,Matt Connell,CA-2014-103989,3/19/2014,323.976,2
MC-17605,Matt Connell,CA-2015-145394,11/16/2015,239.976,3
MC-17605,Matt Connell,CA-2017-145142,1/23/2017,210.98,4
MC-17605,Matt Connell,CA-2017-134810,5/9/2017,207.0,5
MC-17605,Matt Connell,CA-2014-103989,3/19/2014,170.24,6
MC-17605,Matt Connell,US-2017-146213,9/9/2017,159.96,7
MC-17605,Matt Connell,CA-2017-134810,5/9/2017,65.232,8
MC-17605,Matt Connell,CA-2016-145492,11/20/2016,39.0,9
MC-17605,Matt Connell,CA-2015-145394,11/16/2015,34.504,10
MC-17605,Matt Connell,CA-2014-103989,3/19/2014,33.57,11
MC-17605,Matt Connell,CA-2014-103989,3/19/2014,26.16,12
MC-17605,Matt Connell,CA-2015-145394,11/16/2015,21.488,13
MC-17605,Matt Connell,CA-2014-103989,3/19/2014,20.016,14
MC-17605,Matt Connell,CA-2014-103989,3/19/2014,11.808,15
MC-17605,Matt Connell,CA-2017-160962,4/28/2017,8.384,16
MC-17605,Matt Connell,CA-2017-160962,4/28/2017,6.848,17
MC-17605,Matt Connell,CA-2014-103989,3/19/2014,4.992,18
MC-17635,Matthew Clasen,CA-2016-139010,2/21/2016,449.15,1
MC-17635,Matthew Clasen,US-2017-151316,6/24/2017,182.994,2
MC-17635,Matthew Clasen,US-2014-120175,11/28/2014,64.02,3
MC-17635,Matthew Clasen,CA-2016-139010,2/21/2016,31.248,4
MC-17635,Matthew Clasen,CA-2014-164861,12/3/2014,25.92,5
MC-17635,Matthew Clasen,CA-2016-139010,2/21/2016,18.56,6
MC-17635,Matthew Clasen,CA-2016-139010,2/21/2016,12.99,7
MC-17635,Matthew Clasen,US-2017-151316,6/24/2017,10.272,8
MC-17845,Michael Chen,CA-2017-148446,12/10/2017,1669.6,1
MC-17845,Michael Chen,CA-2014-156594,12/20/2014,487.984,2
MC-17845,Michael Chen,CA-2014-157784,7/5/2014,479.97,3
MC-17845,Michael Chen,US-2017-128447,11/10/2017,400.8,4
MC-17845,Michael Chen,CA-2016-116337,11/7/2016,314.088,5
MC-17845,Michael Chen,CA-2014-156594,12/20/2014,155.12,6
MC-17845,Michael Chen,CA-2016-146143,12/14/2016,133.38,7
MC-17845,Michael Chen,CA-2014-156594,12/20/2014,47.3,8
MC-17845,Michael Chen,CA-2016-116337,11/7/2016,44.46,9
MC-17845,Michael Chen,US-2017-128447,11/10/2017,28.792,10
MC-17845,Michael Chen,CA-2014-157784,7/5/2014,19.44,11
MC-17845,Michael Chen,CA-2014-157784,7/5/2014,14.62,12
MC-17845,Michael Chen,US-2017-102638,12/29/2017,6.03,13
MC-17845,Michael Chen,CA-2014-156594,12/20/2014,4.13,14
MC-18100,Mick Crebagga,CA-2014-101602,12/15/2014,763.28,1
MC-18100,Mick Crebagga,CA-2017-152807,10/30/2017,442.4,2
MC-18100,Mick Crebagga,CA-2017-126242,11/19/2017,305.01,3
MC-18100,Mick Crebagga,US-2015-129637,12/17/2015,180.016,4
MC-18100,Mick Crebagga,CA-2014-123855,6/18/2014,139.8,5
MC-18100,Mick Crebagga,CA-2016-139808,10/7/2016,93.36,6
MC-18100,Mick Crebagga,CA-2015-111073,12/26/2015,51.588,7
MC-18100,Mick Crebagga,US-2015-129637,12/17/2015,41.552,8
MC-18100,Mick Crebagga,CA-2014-101602,12/15/2014,40.68,9
MC-18100,Mick Crebagga,CA-2017-113075,9/2/2017,40.68,10
MC-18100,Mick Crebagga,CA-2017-152807,10/30/2017,20.736,11
MC-18100,Mick Crebagga,CA-2015-168809,8/25/2015,20.104,12
MC-18100,Mick Crebagga,CA-2017-126242,11/19/2017,18.7,13
MC-18100,Mick Crebagga,CA-2015-116512,4/9/2015,17.94,14
MC-18100,Mick Crebagga,US-2015-129637,12/17/2015,13.12,15
MC-18100,Mick Crebagga,CA-2017-152807,10/30/2017,11.168,16
MC-18100,Mick Crebagga,CA-2015-168809,8/25/2015,7.88,17
MC-18100,Mick Crebagga,CA-2017-152807,10/30/2017,7.168,18
MC-18100,Mick Crebagga,CA-2015-168809,8/25/2015,3.798,19
MC-18130,Mike Caudle,CA-2016-129868,12/26/2016,902.712,1
MC-18130,Mike Caudle,CA-2016-129868,12/26/2016,302.384,2
MC-18130,Mike Caudle,CA-2016-129868,12/26/2016,146.352,3
MC-18130,Mike Caudle,CA-2014-132787,9/19/2014,92.52,4
MC-18130,Mike Caudle,CA-2016-129868,12/26/2016,53.97,5
MC-18130,Mike Caudle,CA-2015-148432,11/7/2015,26.18,6
MC-18130,Mike Caudle,CA-2016-129868,12/26/2016,17.76,7
MC-18130,Mike Caudle,CA-2016-115504,3/12/2016,12.96,8
MC-18130,Mike Caudle,CA-2015-163104,3/19/2015,11.96,9
MC-18130,Mike Caudle,CA-2016-129868,12/26/2016,7.9,10
MC-18130,Mike Caudle,CA-2015-148432,11/7/2015,7.3,11
MD-17350,Maribeth Dona,CA-2014-114251,11/5/2014,1080.096,1
MD-17350,Maribeth Dona,CA-2014-143371,12/28/2014,998.82,2
MD-17350,Maribeth Dona,CA-2017-132290,3/10/2017,933.408,3
MD-17350,Maribeth Dona,CA-2014-114251,11/5/2014,273.568,4
MD-17350,Maribeth Dona,CA-2015-134782,12/27/2015,105.42,5
MD-17350,Maribeth Dona,CA-2016-162383,9/5/2016,85.246,6
MD-17350,Maribeth Dona,CA-2014-114251,11/5/2014,58.416,7
MD-17350,Maribeth Dona,CA-2014-114251,11/5/2014,51.56,8
MD-17350,Maribeth Dona,CA-2014-143371,12/28/2014,51.15,9
MD-17350,Maribeth Dona,CA-2017-149181,5/8/2017,47.992,10
MD-17350,Maribeth Dona,CA-2017-109757,9/4/2017,25.56,11
MD-17350,Maribeth Dona,CA-2014-114251,11/5/2014,13.194,12
MD-17350,Maribeth Dona,CA-2017-109757,9/4/2017,11.52,13
MD-17350,Maribeth Dona,CA-2016-162383,9/5/2016,8.952,14
MD-17350,Maribeth Dona,CA-2016-162383,9/5/2016,8.856,15
MD-17350,Maribeth Dona,CA-2017-109757,9/4/2017,8.256,16
MD-17350,Maribeth Dona,CA-2017-109757,9/4/2017,4.368,17
MD-17860,Michael Dominguez,CA-2017-154410,10/21/2017,909.12,1
MD-17860,Michael Dominguez,CA-2017-100055,5/28/2017,125.13,2
MD-17860,Michael Dominguez,US-2014-117744,12/2/2014,58.36,3
MD-17860,Michael Dominguez,US-2014-117744,12/2/2014,39.96,4
MD-17860,Michael Dominguez,CA-2017-100055,5/28/2017,27.46,5
MD-17860,Michael Dominguez,CA-2017-153654,11/24/2017,19.008,6
MD-17860,Michael Dominguez,US-2014-117744,12/2/2014,16.464,7
MD-17860,Michael Dominguez,CA-2017-104024,8/29/2017,9.408,8
ME-17320,Maria Etezadi,CA-2016-160717,6/6/2016,3023.928,1
ME-17320,Maria Etezadi,CA-2014-167199,1/6/2014,2573.82,2
ME-17320,Maria Etezadi,CA-2016-152555,3/29/2016,844.116,3
ME-17320,Maria Etezadi,CA-2016-152555,3/29/2016,812.736,4
ME-17320,Maria Etezadi,CA-2014-167199,1/6/2014,755.96,5
ME-17320,Maria Etezadi,CA-2014-167199,1/6/2014,609.98,6
ME-17320,Maria Etezadi,CA-2016-160717,6/6/2016,477.6,7
ME-17320,Maria Etezadi,CA-2017-148474,6/12/2017,452.94,8
ME-17320,Maria Etezadi,CA-2014-167199,1/6/2014,391.98,9
ME-17320,Maria Etezadi,CA-2017-137624,11/10/2017,241.424,10
ME-17320,Maria Etezadi,CA-2016-159142,4/4/2016,149.97,11
ME-17320,Maria Etezadi,CA-2017-148474,6/12/2017,91.2,12
ME-17320,Maria Etezadi,CA-2017-129910,3/30/2017,59.76,13
ME-17320,Maria Etezadi,CA-2016-152555,3/29/2016,45.528,14
ME-17320,Maria Etezadi,CA-2014-167199,1/6/2014,31.12,15
ME-17320,Maria Etezadi,CA-2016-159142,4/4/2016,27.81,16
ME-17320,Maria Etezadi,CA-2016-160717,6/6/2016,26.96,17
ME-17320,Maria Etezadi,CA-2017-143434,11/18/2017,19.76,18
ME-17320,Maria Etezadi,US-2017-124926,11/13/2017,9.324,19
ME-17320,Maria Etezadi,CA-2014-167199,1/6/2014,6.54,20
ME-17320,Maria Etezadi,CA-2015-144302,6/19/2015,5.792,21
ME-17320,Maria Etezadi,CA-2014-167199,1/6/2014,5.48,22
ME-17725,Max Engle,CA-2017-143756,12/2/2017,701.96,1
ME-17725,Max Engle,CA-2017-137449,6/29/2017,409.9992,2
ME-17725,Max Engle,CA-2017-137449,6/29/2017,307.314,3
ME-17725,Max Engle,CA-2017-116645,11/30/2017,155.94,4
ME-17725,Max Engle,US-2016-123470,8/15/2016,122.328,5
ME-17725,Max Engle,CA-2015-155635,5/9/2015,48.81,6
ME-17725,Max Engle,CA-2015-161830,9/24/2015,35.96,7
ME-17725,Max Engle,CA-2014-124807,7/12/2014,35.856,8
ME-17725,Max Engle,CA-2014-124807,7/12/2014,23.84,9
ME-17725,Max Engle,CA-2017-137449,6/29/2017,21.392,10
ME-17725,Max Engle,US-2016-123470,8/15/2016,18.882,11
ME-17725,Max Engle,CA-2015-161830,9/24/2015,14.952,12
ME-17725,Max Engle,CA-2017-166415,2/19/2017,11.22,13
ME-18010,Michelle Ellison,CA-2014-116932,7/21/2014,801.568,1
ME-18010,Michelle Ellison,CA-2014-116932,7/21/2014,272.848,2
ME-18010,Michelle Ellison,CA-2014-116932,7/21/2014,99.2,3
ME-18010,Michelle Ellison,CA-2017-148138,9/29/2017,51.168,4
ME-18010,Michelle Ellison,CA-2015-169278,5/21/2015,26.976,5
ME-18010,Michelle Ellison,CA-2014-126333,12/23/2014,5.184,6
MF-17665,Maureen Fritzler,US-2014-169789,12/30/2014,551.985,1
MF-17665,Maureen Fritzler,US-2016-102232,8/5/2016,197.05,2
MF-17665,Maureen Fritzler,CA-2016-114307,7/22/2016,51.84,3
MF-17665,Maureen Fritzler,CA-2016-165827,11/4/2016,50.496,4
MF-17665,Maureen Fritzler,CA-2016-114307,7/22/2016,37.68,5
MF-17665,Maureen Fritzler,CA-2016-114307,7/22/2016,27.42,6
MF-17665,Maureen Fritzler,CA-2016-126543,1/9/2016,15.168,7
MF-17665,Maureen Fritzler,CA-2016-114307,7/22/2016,5.4,8
MF-18250,Monica Federle,US-2017-162670,12/23/2017,494.97,1
MF-18250,Monica Federle,US-2017-162670,12/23/2017,367.96,2
MF-18250,Monica Federle,CA-2015-162964,11/12/2015,223.888,3
MF-18250,Monica Federle,US-2017-162670,12/23/2017,182.94,4
MF-18250,Monica Federle,CA-2015-128013,8/9/2015,144.12,5
MF-18250,Monica Federle,CA-2014-149594,9/15/2014,103.936,6
MF-18250,Monica Federle,CA-2015-162964,11/12/2015,64.784,7
MF-18250,Monica Federle,US-2017-162670,12/23/2017,62.04,8
MF-18250,Monica Federle,US-2017-162670,12/23/2017,44.96,9
MF-18250,Monica Federle,CA-2015-144722,3/16/2015,43.13,10
MF-18250,Monica Federle,CA-2015-162964,11/12/2015,15.552,11
MF-18250,Monica Federle,CA-2015-128013,8/9/2015,10.02,12
MG-17650,Matthew Grinstein,CA-2014-166471,8/9/2014,1091.168,1
MG-17650,Matthew Grinstein,CA-2017-152933,10/12/2017,791.88,2
MG-17650,Matthew Grinstein,CA-2016-139395,12/12/2016,657.93,3
MG-17650,Matthew Grinstein,CA-2017-152135,3/16/2017,445.44,4
MG-17650,Matthew Grinstein,CA-2017-152933,10/12/2017,369.544,5
MG-17650,Matthew Grinstein,CA-2014-166471,8/9/2014,219.168,6
MG-17650,Matthew Grinstein,US-2017-169502,8/28/2017,91.6,7
MG-17650,Matthew Grinstein,CA-2016-139395,12/12/2016,33.48,8
MG-17650,Matthew Grinstein,CA-2016-139395,12/12/2016,26.86,9
MG-17650,Matthew Grinstein,US-2017-169502,8/28/2017,21.81,10
MG-17650,Matthew Grinstein,CA-2016-139395,12/12/2016,13.9,11
MG-17650,Matthew Grinstein,CA-2017-152933,10/12/2017,10.368,12
MG-17650,Matthew Grinstein,CA-2017-145660,12/1/2017,7.712,13
MG-17650,Matthew Grinstein,CA-2016-105284,11/24/2016,4.416,14
MG-17680,Maureen Gastineau,US-2017-109316,6/8/2017,1497.666,1
MG-17680,Maureen Gastineau,CA-2017-121300,9/29/2017,344.22,2
MG-17680,Maureen Gastineau,CA-2017-121300,9/29/2017,239.976,3
MG-17680,Maureen Gastineau,CA-2014-110072,10/22/2014,93.888,4
MG-17680,Maureen Gastineau,CA-2017-121300,9/29/2017,63.686,5
MG-17680,Maureen Gastineau,CA-2015-151043,11/14/2015,47.984,6
MG-17680,Maureen Gastineau,CA-2017-121300,9/29/2017,21.248,7
MG-17680,Maureen Gastineau,US-2017-109316,6/8/2017,17.52,8
MG-17680,Maureen Gastineau,CA-2017-121300,9/29/2017,15.552,9
MG-17680,Maureen Gastineau,CA-2017-121300,9/29/2017,8.448,10
MG-17695,Maureen Gnade,US-2016-142685,6/23/2016,835.17,1
MG-17695,Maureen Gnade,CA-2014-139598,12/26/2014,227.136,2
MG-17695,Maureen Gnade,CA-2015-164007,6/8/2015,143.128,3
MG-17695,Maureen Gnade,CA-2014-139598,12/26/2014,81.552,4
MG-17695,Maureen Gnade,CA-2014-139598,12/26/2014,34.656,5
MG-17695,Maureen Gnade,CA-2014-139598,12/26/2014,18.264,6
MG-17695,Maureen Gnade,CA-2015-164007,6/8/2015,2.376,7
MG-17875,Michael Grace,CA-2015-124975,6/22/2015,796.425,1
MG-17875,Michael Grace,CA-2016-131499,9/8/2016,207.48,2
MG-17875,Michael Grace,CA-2017-120705,9/5/2017,147.184,3
MG-17875,Michael Grace,CA-2015-134992,9/22/2015,47.98,4
MG-17875,Michael Grace,CA-2015-134992,9/22/2015,32.4,5
MG-17875,Michael Grace,CA-2014-103744,2/23/2014,6.936,6
MG-17875,Michael Grace,CA-2014-103744,2/23/2014,4.428,7
MG-17890,Michael Granlund,CA-2017-121125,5/30/2017,156.792,1
MG-17890,Michael Granlund,CA-2015-146948,7/16/2015,150.98,2
MG-17890,Michael Granlund,CA-2015-146948,7/16/2015,137.25,3
MG-17890,Michael Granlund,CA-2016-163972,10/17/2016,120.666,4
MG-17890,Michael Granlund,CA-2017-102967,9/22/2017,67.4,5
MG-17890,Michael Granlund,CA-2017-136672,3/7/2017,49.08,6
MG-17890,Michael Granlund,CA-2017-121125,5/30/2017,35.36,7
MG-17890,Michael Granlund,CA-2016-154053,3/4/2016,16.99,8
MG-17890,Michael Granlund,CA-2017-121125,5/30/2017,13.592,9
MG-17890,Michael Granlund,CA-2015-146948,7/16/2015,11.52,10
MG-17890,Michael Granlund,CA-2014-118276,12/29/2014,8.736,11
MG-17890,Michael Granlund,CA-2017-127712,8/31/2017,6.208,12
MG-17890,Michael Granlund,CA-2017-166933,4/24/2017,1.81,13
MG-18145,Mike Gockenbach,CA-2017-108574,10/7/2017,1115.91,1
MG-18145,Mike Gockenbach,CA-2014-137274,3/29/2014,890.841,2
MG-18145,Mike Gockenbach,US-2015-138303,9/3/2015,666.248,3
MG-18145,Mike Gockenbach,CA-2017-108574,10/7/2017,128.744,4
MG-18145,Mike Gockenbach,CA-2017-123239,7/27/2017,91.032,5
MG-18145,Mike Gockenbach,CA-2017-108574,10/7/2017,79.92,6
MG-18145,Mike Gockenbach,US-2015-138303,9/3/2015,52.512,7
MG-18145,Mike Gockenbach,US-2015-138303,9/3/2015,36.336,8
MG-18205,Mitch Gastineau,CA-2017-115070,4/10/2017,12.32,1
MG-18205,Mitch Gastineau,CA-2017-115070,4/10/2017,4.419,2
MH-17290,Marc Harrigan,US-2017-141558,3/11/2017,776.85,1
MH-17290,Marc Harrigan,US-2016-108497,6/14/2016,599.165,2
MH-17290,Marc Harrigan,CA-2017-169327,9/2/2017,511.5,3
MH-17290,Marc Harrigan,US-2017-141558,3/11/2017,154.764,4
MH-17290,Marc Harrigan,CA-2017-169327,9/2/2017,147.92,5
MH-17290,Marc Harrigan,US-2017-141558,3/11/2017,43.28,6
MH-17290,Marc Harrigan,CA-2017-169327,9/2/2017,43.1,7
MH-17290,Marc Harrigan,US-2016-135209,12/29/2016,37.408,8
MH-17290,Marc Harrigan,US-2016-135209,12/29/2016,25.344,9
MH-17290,Marc Harrigan,CA-2014-116785,4/26/2014,21.4,10
MH-17290,Marc Harrigan,CA-2014-116785,4/26/2014,12.6,11
MH-17290,Marc Harrigan,US-2017-141558,3/11/2017,12.294,12
MH-17290,Marc Harrigan,CA-2015-137603,9/19/2015,8.4,13
MH-17440,Mark Haberlin,CA-2016-163048,2/8/2016,241.5,1
MH-17440,Mark Haberlin,CA-2016-141523,12/19/2016,34.248,2
MH-17440,Mark Haberlin,US-2014-164763,3/17/2014,32.67,3
MH-17440,Mark Haberlin,US-2014-164763,3/17/2014,30.44,4
MH-17440,Mark Haberlin,CA-2014-104808,2/4/2014,17.248,5
MH-17440,Mark Haberlin,US-2014-164763,3/17/2014,16.0,6
MH-17440,Mark Haberlin,US-2014-164763,3/17/2014,12.96,7
MH-17440,Mark Haberlin,US-2014-164763,3/17/2014,11.43,8
MH-17440,Mark Haberlin,CA-2016-141523,12/19/2016,3.52,9
MH-17455,Mark Hamilton,US-2016-143448,12/10/2016,1424.9,1
MH-17455,Mark Hamilton,CA-2017-146269,10/6/2017,290.336,2
MH-17455,Mark Hamilton,CA-2016-113341,11/25/2016,194.352,3
MH-17455,Mark Hamilton,CA-2014-160157,12/20/2014,190.848,4
MH-17455,Mark Hamilton,CA-2017-136364,7/13/2017,91.008,5
MH-17455,Mark Hamilton,CA-2017-154809,2/13/2017,90.64,6
MH-17455,Mark Hamilton,CA-2014-133305,7/11/2014,49.12,7
MH-17455,Mark Hamilton,CA-2015-100888,4/6/2015,47.952,8
MH-17455,Mark Hamilton,CA-2017-136364,7/13/2017,39.594,9
MH-17455,Mark Hamilton,CA-2017-146269,10/6/2017,19.152,10
MH-17455,Mark Hamilton,CA-2014-133305,7/11/2014,18.28,11
MH-17620,Matt Hagelstein,CA-2017-130841,7/28/2017,1145.6,1
MH-17620,Matt Hagelstein,CA-2015-156440,12/5/2015,44.46,2
MH-17620,Matt Hagelstein,CA-2016-153185,9/3/2016,30.96,3
MH-17620,Matt Hagelstein,CA-2017-130841,7/28/2017,14.98,4
MH-17620,Matt Hagelstein,CA-2017-130841,7/28/2017,9.984,5
MH-17620,Matt Hagelstein,CA-2016-132017,9/26/2016,6.816,6
MH-17785,Maya Herman,CA-2014-124702,11/18/2014,730.2,1
MH-17785,Maya Herman,CA-2014-124429,5/27/2014,567.12,2
MH-17785,Maya Herman,CA-2014-124429,5/27/2014,359.32,3
MH-17785,Maya Herman,CA-2014-124702,11/18/2014,137.54,4
MH-17785,Maya Herman,CA-2015-138954,11/15/2015,119.04,5
MH-17785,Maya Herman,CA-2016-108959,3/10/2016,104.696,6
MH-17785,Maya Herman,CA-2015-138954,11/15/2015,70.95,7
MH-17785,Maya Herman,CA-2015-154144,12/20/2015,55.48,8
MH-17785,Maya Herman,CA-2015-138954,11/15/2015,34.944,9
MH-17785,Maya Herman,CA-2014-159478,9/30/2014,15.24,10
MH-17785,Maya Herman,CA-2017-103520,9/23/2017,9.248,11
MH-18025,Michelle Huthwaite,CA-2017-103212,10/13/2017,1504.52,1
MH-18025,Michelle Huthwaite,CA-2015-148635,7/25/2015,704.9,2
MH-18025,Michelle Huthwaite,CA-2015-148635,7/25/2015,561.568,3
MH-18025,Michelle Huthwaite,CA-2017-115448,11/11/2017,88.92,4
MH-18025,Michelle Huthwaite,CA-2014-150301,7/8/2014,63.882,5
MH-18025,Michelle Huthwaite,CA-2017-103212,10/13/2017,25.92,6
MH-18025,Michelle Huthwaite,CA-2015-148635,7/25/2015,12.96,7
MH-18025,Michelle Huthwaite,CA-2017-103212,10/13/2017,11.07,8
MH-18025,Michelle Huthwaite,CA-2015-148635,7/25/2015,9.42,9
MH-18025,Michelle Huthwaite,CA-2017-125878,2/25/2017,1.788,10
MH-18115,Mick Hernandez,CA-2017-121839,9/24/2017,1169.694,1
MH-18115,Mick Hernandez,US-2016-160528,8/23/2016,727.296,2
MH-18115,Mick Hernandez,US-2016-160528,8/23/2016,666.4,3
MH-18115,Mick Hernandez,CA-2017-114055,12/25/2017,629.1,4
MH-18115,Mick Hernandez,CA-2017-127026,1/21/2017,619.95,5
MH-18115,Mick Hernandez,CA-2017-137785,5/13/2017,458.43,6
MH-18115,Mick Hernandez,CA-2017-127026,1/21/2017,350.973,7
MH-18115,Mick Hernandez,US-2017-108315,4/30/2017,220.704,8
MH-18115,Mick Hernandez,CA-2017-127026,1/21/2017,164.99,9
MH-18115,Mick Hernandez,CA-2017-114055,12/25/2017,96.08,10
MH-18115,Mick Hernandez,CA-2017-114055,12/25/2017,90.48,11
MH-18115,Mick Hernandez,CA-2017-127026,1/21/2017,89.52,12
MH-18115,Mick Hernandez,US-2017-114657,11/16/2017,52.44,13
MH-18115,Mick Hernandez,CA-2017-144638,3/10/2017,43.872,14
MH-18115,Mick Hernandez,CA-2017-144638,3/10/2017,35.91,15
MH-18115,Mick Hernandez,CA-2017-161088,5/25/2017,29.84,16
MH-18115,Mick Hernandez,US-2016-160528,8/23/2016,22.608,17
MH-18115,Mick Hernandez,CA-2017-127026,1/21/2017,14.4,18
MH-18115,Mick Hernandez,CA-2017-144638,3/10/2017,6.696,19
MH-18115,Mick Hernandez,CA-2017-144638,3/10/2017,5.248,20
MH-18115,Mick Hernandez,US-2017-108315,4/30/2017,4.842,21
MH-18115,Mick Hernandez,CA-2017-114055,12/25/2017,3.62,22
MJ-17740,Max Jones,CA-2016-100300,6/24/2016,4476.8,1
MJ-17740,Max Jones,CA-2017-147291,3/11/2017,895.92,2
MJ-17740,Max Jones,CA-2016-100300,6/24/2016,241.44,3
MJ-17740,Max Jones,CA-2016-124149,4/23/2016,108.336,4
MJ-17740,Max Jones,CA-2016-100300,6/24/2016,104.85,5
MJ-17740,Max Jones,US-2017-131961,12/8/2017,83.988,6
MJ-17740,Max Jones,CA-2016-124149,4/23/2016,78.304,7
MJ-17740,Max Jones,CA-2015-101868,6/9/2015,72.6,8
MJ-17740,Max Jones,CA-2015-101868,6/9/2015,64.2,9
MJ-17740,Max Jones,CA-2016-124149,4/23/2016,55.92,10
MJ-17740,Max Jones,CA-2016-106397,7/7/2016,45.98,11
MJ-17740,Max Jones,CA-2015-101868,6/9/2015,38.52,12
MJ-17740,Max Jones,CA-2016-113817,11/7/2016,27.68,13
MJ-17740,Max Jones,US-2017-131961,12/8/2017,13.248,14
MJ-17740,Max Jones,CA-2016-106397,7/7/2016,12.96,15
MK-17905,Michael Kennedy,CA-2016-155516,10/21/2016,1043.92,1
MK-17905,Michael Kennedy,CA-2016-132479,9/24/2016,442.372,2
MK-17905,Michael Kennedy,CA-2014-161032,11/18/2014,392.94,3
MK-17905,Michael Kennedy,CA-2016-155516,10/21/2016,104.79,4
MK-17905,Michael Kennedy,US-2016-148901,5/14/2016,57.582,5
MK-17905,Michael Kennedy,CA-2017-164917,12/2/2017,47.96,6
MK-17905,Michael Kennedy,US-2016-148901,5/14/2016,43.6,7
MK-17905,Michael Kennedy,CA-2017-100580,8/13/2017,36.024,8
MK-17905,Michael Kennedy,US-2016-148901,5/14/2016,31.104,9
MK-17905,Michael Kennedy,US-2016-148901,5/14/2016,30.192,10
MK-17905,Michael Kennedy,CA-2016-155516,10/21/2016,23.2,11
MK-17905,Michael Kennedy,US-2016-148901,5/14/2016,13.392,12
MK-17905,Michael Kennedy,US-2016-148901,5/14/2016,10.38,13
MK-17905,Michael Kennedy,CA-2016-155516,10/21/2016,7.36,14
MK-17905,Michael Kennedy,CA-2015-107468,12/18/2015,6.848,15
MK-17905,Michael Kennedy,US-2017-132206,6/16/2017,5.936,16
MK-17905,Michael Kennedy,US-2016-148901,5/14/2016,4.768,17
MK-18160,Mike Kennedy,CA-2017-128755,5/4/2017,571.44,1
MK-18160,Mike Kennedy,US-2014-150574,12/19/2014,247.8,2
MK-18160,Mike Kennedy,US-2016-108455,12/2/2016,40.46,3
MK-18160,Mike Kennedy,US-2016-108455,12/2/2016,33.87,4
MK-18160,Mike Kennedy,CA-2017-128755,5/4/2017,32.4,5
MK-18160,Mike Kennedy,US-2016-108455,12/2/2016,25.92,6
MK-18160,Mike Kennedy,CA-2017-163209,5/3/2017,25.92,7
MK-18160,Mike Kennedy,CA-2017-163209,5/3/2017,22.96,8
MK-18160,Mike Kennedy,CA-2017-128755,5/4/2017,16.91,9
MK-18160,Mike Kennedy,CA-2017-128755,5/4/2017,9.11,10
MK-18160,Mike Kennedy,US-2014-150574,12/19/2014,4.812,11
ML-17395,Marina Lichtenstein,CA-2016-168830,11/7/2016,479.97,1
ML-17395,Marina Lichtenstein,CA-2014-156349,5/26/2014,290.666,2
ML-17395,Marina Lichtenstein,CA-2014-134215,8/4/2014,259.74,3
ML-17395,Marina Lichtenstein,CA-2014-134215,8/4/2014,255.42,4
ML-17395,Marina Lichtenstein,CA-2014-164742,10/13/2014,245.98,5
ML-17395,Marina Lichtenstein,CA-2014-121762,2/14/2014,239.97,6
ML-17395,Marina Lichtenstein,CA-2014-121762,2/14/2014,238.62,7
ML-17395,Marina Lichtenstein,CA-2014-156349,5/26/2014,201.584,8
ML-17395,Marina Lichtenstein,CA-2016-137673,9/5/2016,116.0,9
ML-17395,Marina Lichtenstein,CA-2014-134215,8/4/2014,101.96,10
ML-17395,Marina Lichtenstein,CA-2014-156349,5/26/2014,83.984,11
ML-17395,Marina Lichtenstein,CA-2014-121762,2/14/2014,81.96,12
ML-17395,Marina Lichtenstein,CA-2017-156363,10/22/2017,32.7,13
ML-17395,Marina Lichtenstein,CA-2017-156363,10/22/2017,31.68,14
ML-17395,Marina Lichtenstein,CA-2017-150602,2/9/2017,21.12,15
ML-17395,Marina Lichtenstein,CA-2014-164742,10/13/2014,18.94,16
ML-17395,Marina Lichtenstein,CA-2015-120845,9/25/2015,10.48,17
ML-17395,Marina Lichtenstein,CA-2015-120845,9/25/2015,6.336,18
ML-17395,Marina Lichtenstein,CA-2015-120845,9/25/2015,3.264,19
ML-17395,Marina Lichtenstein,CA-2015-120845,9/25/2015,2.469,20
ML-17410,Maris LaWare,CA-2014-125556,11/14/2014,832.93,1
ML-17410,Maris LaWare,US-2017-142573,7/18/2017,801.6,2
ML-17410,Maris LaWare,CA-2017-121580,5/29/2017,465.16,3
ML-17410,Maris LaWare,US-2017-142573,7/18/2017,311.976,4
ML-17410,Maris LaWare,US-2017-142573,7/18/2017,161.568,5
ML-17410,Maris LaWare,CA-2017-154109,11/6/2017,127.372,6
ML-17410,Maris LaWare,CA-2017-154109,11/6/2017,47.952,7
ML-17410,Maris LaWare,CA-2014-125556,11/14/2014,43.8,8
ML-17410,Maris LaWare,CA-2017-121580,5/29/2017,43.41,9
ML-17410,Maris LaWare,CA-2016-125794,9/29/2016,36.24,10
ML-17410,Maris LaWare,US-2017-142573,7/18/2017,16.096,11
ML-17410,Maris LaWare,CA-2017-152079,1/20/2017,11.52,12
ML-17410,Maris LaWare,CA-2017-121580,5/29/2017,7.98,13
ML-17410,Maris LaWare,US-2017-142573,7/18/2017,7.656,14
ML-17410,Maris LaWare,CA-2017-121580,5/29/2017,6.24,15
ML-17755,Max Ludwig,US-2017-120089,11/30/2017,663.936,1
ML-17755,Max Ludwig,CA-2017-103968,12/1/2017,629.64,2
ML-17755,Max Ludwig,CA-2017-140242,5/6/2017,408.744,3
ML-17755,Max Ludwig,CA-2016-110254,8/4/2016,109.8,4
ML-17755,Max Ludwig,CA-2017-107265,4/6/2017,106.32,5
ML-17755,Max Ludwig,CA-2017-133648,6/25/2017,71.04,6
ML-17755,Max Ludwig,CA-2016-110254,8/4/2016,35.06,7
ML-17755,Max Ludwig,CA-2017-133648,6/25/2017,11.304,8
ML-17755,Max Ludwig,CA-2017-143455,11/11/2017,10.368,9
ML-17755,Max Ludwig,CA-2016-110254,8/4/2016,9.82,10
ML-17755,Max Ludwig,CA-2017-140242,5/6/2017,6.408,11
ML-17755,Max Ludwig,CA-2017-133648,6/25/2017,5.344,12
ML-17755,Max Ludwig,CA-2016-110254,8/4/2016,4.13,13
ML-18040,Michelle Lonsdale,CA-2017-168655,10/12/2017,595.0,1
ML-18040,Michelle Lonsdale,CA-2017-168655,10/12/2017,79.872,2
ML-18040,Michelle Lonsdale,CA-2017-113208,3/26/2017,60.84,3
ML-18040,Michelle Lonsdale,CA-2017-158953,6/4/2017,6.37,4
ML-18265,Muhammed Lee,CA-2017-132262,9/21/2017,79.98,1
ML-18265,Muhammed Lee,CA-2017-132262,9/21/2017,71.98,2
ML-18265,Muhammed Lee,CA-2015-136224,5/31/2015,10.272,3
MM-17260,Magdelene Morse,CA-2016-120355,9/18/2016,631.782,1
MM-17260,Magdelene Morse,CA-2017-166142,7/15/2017,310.443,2
MM-17260,Magdelene Morse,CA-2017-138156,2/11/2017,147.568,3
MM-17260,Magdelene Morse,CA-2014-108861,5/28/2014,136.96,4
MM-17260,Magdelene Morse,CA-2016-120355,9/18/2016,60.72,5
MM-17260,Magdelene Morse,CA-2017-166142,7/15/2017,26.55,6
MM-17920,Michael Moore,US-2016-121013,9/5/2016,1652.94,1
MM-17920,Michael Moore,US-2015-157154,1/10/2015,1018.104,2
MM-17920,Michael Moore,CA-2016-122063,12/3/2016,581.96,3
MM-17920,Michael Moore,CA-2014-115049,9/26/2014,153.824,4
MM-17920,Michael Moore,CA-2017-164329,1/30/2017,129.3,5
MM-17920,Michael Moore,CA-2014-118192,1/13/2014,37.408,6
MM-17920,Michael Moore,CA-2017-128160,12/19/2017,36.672,7
MM-17920,Michael Moore,CA-2016-101329,4/22/2016,32.13,8
MM-17920,Michael Moore,CA-2016-122063,12/3/2016,29.98,9
MM-17920,Michael Moore,CA-2017-121216,12/23/2017,29.312,10
MM-17920,Michael Moore,CA-2017-121216,12/23/2017,28.672,11
MM-17920,Michael Moore,US-2016-121013,9/5/2016,25.06,12
MM-17920,Michael Moore,CA-2017-117394,9/4/2017,19.04,13
MM-17920,Michael Moore,CA-2014-101266,8/27/2014,13.36,14
MM-17920,Michael Moore,CA-2014-118192,1/13/2014,3.438,15
MM-17920,Michael Moore,CA-2016-101329,4/22/2016,2.88,16
MM-18055,Michelle Moray,US-2017-124968,9/8/2017,765.625,1
MM-18055,Michelle Moray,CA-2017-164378,7/15/2017,664.146,2
MM-18055,Michelle Moray,CA-2014-144029,5/26/2014,359.772,3
MM-18055,Michelle Moray,CA-2014-110555,4/11/2014,217.44,4
MM-18055,Michelle Moray,US-2015-165743,11/20/2015,145.764,5
MM-18055,Michelle Moray,CA-2014-110555,4/11/2014,105.584,6
MM-18055,Michelle Moray,CA-2014-144029,5/26/2014,102.624,7
MM-18055,Michelle Moray,CA-2017-127285,10/30/2017,88.752,8
MM-18055,Michelle Moray,CA-2014-110555,4/11/2014,87.08,9
MM-18055,Michelle Moray,US-2017-104451,5/8/2017,81.08,10
MM-18055,Michelle Moray,CA-2017-164378,7/15/2017,41.9,11
MM-18055,Michelle Moray,US-2015-141684,6/29/2015,24.96,12
MM-18055,Michelle Moray,CA-2017-127285,10/30/2017,13.904,13
MM-18055,Michelle Moray,CA-2014-144029,5/26/2014,13.392,14
MM-18055,Michelle Moray,US-2015-165743,11/20/2015,9.612,15
MM-18055,Michelle Moray,CA-2017-164378,7/15/2017,8.96,16
MM-18055,Michelle Moray,CA-2017-164378,7/15/2017,7.83,17
MM-18055,Michelle Moray,CA-2017-164378,7/15/2017,6.56,18
MM-18055,Michelle Moray,US-2015-165743,11/20/2015,4.896,19
MM-18280,Muhammed MacIntyre,CA-2015-132941,5/25/2015,207.984,1
MM-18280,Muhammed MacIntyre,CA-2016-124793,3/14/2016,196.784,2
MM-18280,Muhammed MacIntyre,US-2016-134656,9/28/2016,99.136,3
MM-18280,Muhammed MacIntyre,US-2014-147774,1/20/2014,67.194,4
MM-18280,Muhammed MacIntyre,CA-2015-168760,9/22/2015,61.44,5
MM-18280,Muhammed MacIntyre,CA-2017-109099,10/6/2017,40.99,6
MM-18280,Muhammed MacIntyre,CA-2015-132941,5/25/2015,32.368,7
MM-18280,Muhammed MacIntyre,CA-2015-132941,5/25/2015,22.368,8
MM-18280,Muhammed MacIntyre,CA-2017-148068,9/18/2017,19.44,9
MM-18280,Muhammed MacIntyre,CA-2017-112172,6/10/2017,14.13,10
MM-18280,Muhammed MacIntyre,CA-2017-148068,9/18/2017,9.82,11
MM-18280,Muhammed MacIntyre,CA-2015-119592,12/14/2015,3.76,12
MN-17935,Michael Nguyen,CA-2017-100097,11/26/2017,979.95,1
MN-17935,Michael Nguyen,CA-2017-165204,11/13/2017,720.064,2
MN-17935,Michael Nguyen,CA-2014-123225,7/11/2014,575.968,3
MN-17935,Michael Nguyen,CA-2017-100097,11/26/2017,135.3,4
MN-17935,Michael Nguyen,CA-2017-123659,2/10/2017,23.12,5
MN-17935,Michael Nguyen,CA-2016-165673,5/15/2016,15.232,6
MN-17935,Michael Nguyen,CA-2014-123225,7/11/2014,10.368,7
MN-17935,Michael Nguyen,CA-2017-165204,11/13/2017,8.904,8
MN-17935,Michael Nguyen,CA-2014-122567,2/16/2014,7.96,9
MN-17935,Michael Nguyen,CA-2014-122567,2/16/2014,1.08,10
MO-17500,Mary O'Rourke,CA-2016-102981,9/6/2016,722.352,1
MO-17500,Mary O'Rourke,CA-2017-117653,10/19/2017,91.275,2
MO-17500,Mary O'Rourke,CA-2016-121601,10/4/2016,59.752,3
MO-17500,Mary O'Rourke,CA-2016-102981,9/6/2016,31.86,4
MO-17500,Mary O'Rourke,CA-2014-121167,11/28/2014,17.248,5
MO-17800,Meg O'Connel,CA-2017-157931,9/17/2017,723.92,1
MO-17800,Meg O'Connel,CA-2017-169054,4/22/2017,254.352,2
MO-17800,Meg O'Connel,CA-2015-139094,11/22/2015,206.962,3
MO-17800,Meg O'Connel,CA-2017-145506,6/3/2017,136.26,4
MO-17800,Meg O'Connel,US-2017-106663,6/9/2017,108.925,5
MO-17800,Meg O'Connel,CA-2017-157931,9/17/2017,106.32,6
MO-17800,Meg O'Connel,US-2017-106663,6/9/2017,36.352,7
MO-17800,Meg O'Connel,CA-2017-163020,9/15/2017,35.56,8
MO-17800,Meg O'Connel,CA-2015-133025,9/17/2015,32.4,9
MO-17800,Meg O'Connel,US-2017-106663,6/9/2017,23.976,10
MO-17800,Meg O'Connel,CA-2016-128727,8/29/2016,22.0,11
MO-17950,Michael Oakman,US-2015-122140,4/2/2015,50.12,1
MO-17950,Michael Oakman,US-2015-122140,4/2/2015,47.976,2
MO-17950,Michael Oakman,US-2015-122140,4/2/2015,32.192,3
MO-17950,Michael Oakman,US-2017-166233,7/3/2017,24.0,4
MP-17470,Mark Packer,CA-2015-102281,10/12/2015,899.136,1
MP-17470,Mark Packer,CA-2015-102281,10/12/2015,626.352,2
MP-17470,Mark Packer,CA-2014-145926,11/17/2014,479.9,3
MP-17470,Mark Packer,CA-2014-162089,3/30/2014,335.72,4
MP-17470,Mark Packer,CA-2014-162089,3/30/2014,251.944,5
MP-17470,Mark Packer,CA-2015-103772,6/28/2015,140.75,6
MP-17470,Mark Packer,CA-2014-162089,3/30/2014,127.302,7
MP-17470,Mark Packer,CA-2015-103772,6/28/2015,119.56,8
MP-17470,Mark Packer,CA-2015-102281,10/12/2015,71.76,9
MP-17470,Mark Packer,CA-2016-141887,1/11/2016,54.992,10
MP-17470,Mark Packer,CA-2015-102281,10/12/2015,51.84,11
MP-17470,Mark Packer,CA-2015-102281,10/12/2015,19.9,12
MP-17470,Mark Packer,CA-2014-147914,6/4/2014,16.224,13
MP-17470,Mark Packer,CA-2015-147851,12/3/2015,10.752,14
MP-17965,Michael Paige,CA-2016-142335,12/15/2016,1652.94,1
MP-17965,Michael Paige,CA-2015-110765,10/16/2015,824.97,2
MP-17965,Michael Paige,CA-2016-142335,12/15/2016,296.37,3
MP-17965,Michael Paige,CA-2017-155152,7/7/2017,252.0,4
MP-17965,Michael Paige,US-2015-163433,4/18/2015,244.768,5
MP-17965,Michael Paige,US-2015-149629,7/17/2015,231.92,6
MP-17965,Michael Paige,US-2015-163433,4/18/2015,97.968,7
MP-17965,Michael Paige,US-2015-163433,4/18/2015,74.352,8
MP-17965,Michael Paige,US-2015-163433,4/18/2015,56.686,9
MP-17965,Michael Paige,CA-2017-125388,10/19/2017,56.56,10
MP-17965,Michael Paige,US-2015-163433,4/18/2015,41.424,11
MP-17965,Michael Paige,CA-2016-139689,12/29/2016,38.088,12
MP-17965,Michael Paige,CA-2017-125388,10/19/2017,32.7,13
MP-17965,Michael Paige,US-2015-145121,10/2/2015,26.9,14
MP-17965,Michael Paige,CA-2016-116974,10/9/2016,23.976,15
MP-17965,Michael Paige,US-2015-163433,4/18/2015,15.552,16
MP-17965,Michael Paige,US-2015-163433,4/18/2015,7.872,17
MP-17965,Michael Paige,US-2015-163433,4/18/2015,4.312,18
MP-17965,Michael Paige,CA-2016-139689,12/29/2016,2.808,19
MP-17965,Michael Paige,US-2015-163433,4/18/2015,1.476,20
MP-18175,Mike Pelletier,CA-2014-119151,11/25/2014,1117.92,1
MP-18175,Mike Pelletier,CA-2015-135685,11/16/2015,999.96,2
MP-18175,Mike Pelletier,CA-2015-135685,11/16/2015,653.55,3
MP-18175,Mike Pelletier,US-2016-127334,12/15/2016,564.195,4
MP-18175,Mike Pelletier,US-2014-117380,3/28/2014,330.588,5
MP-18175,Mike Pelletier,CA-2014-119151,11/25/2014,275.952,6
MP-18175,Mike Pelletier,CA-2015-135685,11/16/2015,214.11,7
MP-18175,Mike Pelletier,CA-2017-124086,2/10/2017,203.983,8
MP-18175,Mike Pelletier,CA-2015-135685,11/16/2015,185.58,9
MP-18175,Mike Pelletier,CA-2015-135685,11/16/2015,179.82,10
MP-18175,Mike Pelletier,US-2016-127334,12/15/2016,87.168,11
MP-18175,Mike Pelletier,CA-2017-169859,12/14/2017,64.96,12
MP-18175,Mike Pelletier,CA-2017-167661,10/5/2017,61.96,13
MP-18175,Mike Pelletier,CA-2017-169859,12/14/2017,43.7,14
MP-18175,Mike Pelletier,CA-2017-167661,10/5/2017,39.92,15
MP-18175,Mike Pelletier,CA-2017-169859,12/14/2017,26.25,16
MP-18175,Mike Pelletier,CA-2017-167661,10/5/2017,19.936,17
MP-18175,Mike Pelletier,CA-2015-166338,12/6/2015,14.832,18
MP-18175,Mike Pelletier,CA-2016-163636,12/5/2016,3.536,19
MR-17545,Mathew Reese,US-2017-139465,8/27/2017,347.97,1
MR-17545,Mathew Reese,CA-2014-117429,10/7/2014,129.92,2
MR-17545,Mathew Reese,US-2017-139465,8/27/2017,63.84,3
MR-17545,Mathew Reese,CA-2017-111759,7/8/2017,52.76,4
MR-17545,Mathew Reese,US-2017-139465,8/27/2017,37.008,5
MR-17545,Mathew Reese,US-2014-120236,9/3/2014,7.68,6
MS-17365,Maribeth Schnelling,CA-2016-107104,11/26/2016,3406.664,1
MS-17365,Maribeth Schnelling,CA-2015-130659,12/4/2015,1799.75,2
MS-17365,Maribeth Schnelling,CA-2016-107104,11/26/2016,595.38,3
MS-17365,Maribeth Schnelling,CA-2015-130659,12/4/2015,384.174,4
MS-17365,Maribeth Schnelling,CA-2014-120278,11/7/2014,245.88,5
MS-17365,Maribeth Schnelling,CA-2015-140221,3/5/2015,180.98,6
MS-17365,Maribeth Schnelling,CA-2017-147942,4/1/2017,121.68,7
MS-17365,Maribeth Schnelling,CA-2015-120103,12/24/2015,111.984,8
MS-17365,Maribeth Schnelling,CA-2015-120103,12/24/2015,106.232,9
MS-17365,Maribeth Schnelling,CA-2014-144407,9/9/2014,103.6,10
MS-17365,Maribeth Schnelling,CA-2016-150077,2/4/2016,90.48,11
MS-17365,Maribeth Schnelling,CA-2016-107104,11/26/2016,64.96,12
MS-17365,Maribeth Schnelling,CA-2015-140221,3/5/2015,60.416,13
MS-17365,Maribeth Schnelling,CA-2016-107104,11/26/2016,37.17,14
MS-17365,Maribeth Schnelling,CA-2014-120278,11/7/2014,36.63,15
MS-17365,Maribeth Schnelling,CA-2014-120278,11/7/2014,22.58,16
MS-17365,Maribeth Schnelling,CA-2015-130659,12/4/2015,17.94,17
MS-17365,Maribeth Schnelling,CA-2014-120278,11/7/2014,12.39,18
MS-17365,Maribeth Schnelling,CA-2015-140221,3/5/2015,11.212,19
MS-17365,Maribeth Schnelling,CA-2016-150658,11/17/2016,10.776,20
MS-17365,Maribeth Schnelling,CA-2015-120103,12/24/2015,7.712,21
MS-17365,Maribeth Schnelling,CA-2017-147942,4/1/2017,5.78,22
MS-17365,Maribeth Schnelling,CA-2015-140221,3/5/2015,4.712,23
MS-17365,Maribeth Schnelling,CA-2014-127488,9/22/2014,4.608,24
MS-17530,MaryBeth Skach,CA-2015-108119,11/1/2015,301.96,1
MS-17530,MaryBeth Skach,CA-2016-169887,10/22/2016,101.94,2
MS-17530,MaryBeth Skach,CA-2014-149244,11/4/2014,35.34,3
MS-17530,MaryBeth Skach,CA-2014-133809,11/18/2014,11.808,4
MS-17530,MaryBeth Skach,CA-2014-133809,11/18/2014,9.588,5
MS-17530,MaryBeth Skach,CA-2016-169887,10/22/2016,8.34,6
MS-17530,MaryBeth Skach,CA-2016-169887,10/22/2016,6.68,7
MS-17710,Maurice Satty,CA-2015-134257,3/16/2015,491.55,1
MS-17710,Maurice Satty,CA-2015-123939,8/24/2015,435.504,2
MS-17710,Maurice Satty,CA-2016-119186,5/26/2016,388.43,3
MS-17710,Maurice Satty,CA-2014-133228,4/4/2014,79.36,4
MS-17710,Maurice Satty,CA-2016-119186,5/26/2016,63.992,5
MS-17710,Maurice Satty,CA-2014-143637,3/24/2014,40.48,6
MS-17710,Maurice Satty,CA-2016-134348,11/12/2016,31.984,7
MS-17710,Maurice Satty,CA-2015-123939,8/24/2015,26.982,8
MS-17710,Maurice Satty,CA-2016-119186,5/26/2016,14.352,9
MS-17710,Maurice Satty,CA-2016-119186,5/26/2016,10.368,10
MS-17710,Maurice Satty,CA-2015-134257,3/16/2015,7.38,11
MS-17710,Maurice Satty,CA-2015-123939,8/24/2015,6.912,12
MS-17710,Maurice Satty,CA-2016-134348,11/12/2016,6.27,13
MS-17710,Maurice Satty,CA-2014-133228,4/4/2014,5.47,14
MS-17710,Maurice Satty,CA-2016-134348,11/12/2016,4.368,15
MS-17770,Maxwell Schwartz,CA-2016-150350,8/23/2016,837.6,1
MS-17770,Maxwell Schwartz,CA-2015-135020,5/28/2015,535.41,2
MS-17770,Maxwell Schwartz,CA-2016-150350,8/23/2016,532.704,3
MS-17770,Maxwell Schwartz,CA-2014-137589,11/3/2014,286.344,4
MS-17770,Maxwell Schwartz,US-2016-144547,11/10/2016,279.944,5
MS-17770,Maxwell Schwartz,CA-2017-132619,8/31/2017,193.95,6
MS-17770,Maxwell Schwartz,CA-2016-150350,8/23/2016,135.9,7
MS-17770,Maxwell Schwartz,US-2014-164616,8/19/2014,76.776,8
MS-17770,Maxwell Schwartz,CA-2015-135020,5/28/2015,45.99,9
MS-17770,Maxwell Schwartz,CA-2015-135020,5/28/2015,45.36,10
MS-17770,Maxwell Schwartz,CA-2016-150350,8/23/2016,43.1,11
MS-17770,Maxwell Schwartz,CA-2016-150350,8/23/2016,34.68,12
MS-17770,Maxwell Schwartz,CA-2015-164623,10/20/2015,24.56,13
MS-17770,Maxwell Schwartz,CA-2014-138709,7/4/2014,21.84,14
MS-17770,Maxwell Schwartz,CA-2016-150350,8/23/2016,15.88,15
MS-17770,Maxwell Schwartz,CA-2014-138709,7/4/2014,15.6,16
MS-17770,Maxwell Schwartz,US-2014-164616,8/19/2014,9.184,17
MS-17770,Maxwell Schwartz,CA-2015-135020,5/28/2015,6.096,18
MS-17770,Maxwell Schwartz,CA-2014-119032,11/27/2014,3.76,19
MS-17830,Melanie Seite,CA-2016-131296,10/4/2016,239.372,1
MS-17830,Melanie Seite,CA-2015-135272,12/7/2015,79.92,2
MS-17830,Melanie Seite,CA-2014-135405,1/9/2014,31.2,3
MS-17830,Melanie Seite,CA-2015-124044,7/23/2015,10.512,4
MS-17830,Melanie Seite,CA-2014-135405,1/9/2014,9.344,5
MS-17980,Michael Stewart,CA-2017-117667,12/4/2017,255.968,1
MS-17980,Michael Stewart,CA-2017-117667,12/4/2017,239.96,2
MS-17980,Michael Stewart,CA-2015-142377,12/4/2015,85.96,3
MS-17980,Michael Stewart,CA-2015-153906,3/16/2015,85.9,4
MS-17980,Michael Stewart,CA-2017-117667,12/4/2017,54.768,5
MS-17980,Michael Stewart,CA-2015-160794,8/6/2015,27.216,6
MS-17980,Michael Stewart,CA-2014-116757,6/30/2014,25.92,7
MS-17980,Michael Stewart,CA-2017-117667,12/4/2017,23.92,8
MS-17980,Michael Stewart,CA-2014-116757,6/30/2014,21.312,9
MS-17980,Michael Stewart,CA-2015-101007,2/9/2015,20.8,10
MS-17980,Michael Stewart,CA-2017-117667,12/4/2017,13.392,11
MT-17815,Meg Tillman,CA-2016-104157,7/25/2016,2430.08,1
MT-17815,Meg Tillman,US-2017-146906,3/13/2017,299.9,2
MT-17815,Meg Tillman,CA-2016-104157,7/25/2016,65.5,3
MT-17815,Meg Tillman,CA-2017-154137,11/11/2017,35.48,4
MT-17815,Meg Tillman,CA-2016-162726,12/27/2016,23.68,5
MT-17815,Meg Tillman,CA-2016-162726,12/27/2016,10.368,6
MT-17815,Meg Tillman,CA-2016-104157,7/25/2016,7.89,7
MT-17815,Meg Tillman,CA-2015-105312,11/6/2015,7.08,8
MT-17815,Meg Tillman,CA-2015-127502,12/10/2015,5.76,9
MT-17815,Meg Tillman,CA-2015-105312,11/6/2015,4.401,10
MT-18070,Michelle Tran,CA-2017-140963,6/10/2017,514.165,1
MT-18070,Michelle Tran,US-2014-112914,9/25/2014,300.5328,2
MT-18070,Michelle Tran,CA-2017-140963,6/10/2017,279.96,3
MT-18070,Michelle Tran,CA-2016-128671,8/11/2016,77.56,4
MT-18070,Michelle Tran,CA-2016-128671,8/11/2016,41.86,5
MT-18070,Michelle Tran,US-2014-112914,9/25/2014,33.792,6
MT-18070,Michelle Tran,CA-2016-128671,8/11/2016,32.4,7
MT-18070,Michelle Tran,CA-2017-140963,6/10/2017,29.6,8
MT-18070,Michelle Tran,CA-2015-156608,10/24/2015,3.592,9
MT-18070,Michelle Tran,US-2014-112914,9/25/2014,3.264,10
MT-18070,Michelle Tran,US-2014-112914,9/25/2014,2.724,11
MV-17485,Mark Van Huff,CA-2017-169894,11/24/2017,415.872,1
MV-17485,Mark Van Huff,CA-2017-122994,2/6/2017,359.97,2
MV-17485,Mark Van Huff,CA-2017-122308,3/24/2017,271.764,3
MV-17485,Mark Van Huff,CA-2016-133319,9/5/2016,192.16,4
MV-17485,Mark Van Huff,CA-2015-132948,3/27/2015,83.7,5
MV-17485,Mark Van Huff,CA-2015-119690,6/25/2015,75.384,6
MV-17485,Mark Van Huff,CA-2015-119690,6/25/2015,47.952,7
MV-17485,Mark Van Huff,CA-2017-169894,11/24/2017,20.724,8
MV-17485,Mark Van Huff,CA-2014-148614,1/20/2014,19.36,9
MV-17485,Mark Van Huff,CA-2014-148614,1/20/2014,19.3,10
MV-17485,Mark Van Huff,CA-2016-161361,3/26/2016,17.64,11
MV-17485,Mark Van Huff,CA-2016-161361,3/26/2016,17.04,12
MV-17485,Mark Van Huff,CA-2017-103415,12/3/2017,13.592,13
MV-17485,Mark Van Huff,CA-2015-119690,6/25/2015,4.608,14
MV-17485,Mark Van Huff,CA-2015-119690,6/25/2015,0.984,15
MV-18190,Mike Vittorini,CA-2016-127698,12/1/2016,863.928,1
MV-18190,Mike Vittorini,CA-2016-123512,6/17/2016,239.666,2
MV-18190,Mike Vittorini,CA-2014-134103,1/30/2014,229.94,3
MV-18190,Mike Vittorini,CA-2016-123512,6/17/2016,219.84,4
MV-18190,Mike Vittorini,CA-2017-101798,12/11/2017,39.98,5
MV-18190,Mike Vittorini,CA-2015-107020,7/10/2015,39.92,6
MV-18190,Mike Vittorini,CA-2015-120320,3/5/2015,31.92,7
MV-18190,Mike Vittorini,CA-2017-101798,12/11/2017,23.36,8
MV-18190,Mike Vittorini,CA-2016-123512,6/17/2016,22.5,9
MV-18190,Mike Vittorini,CA-2016-114895,11/21/2016,12.96,10
MV-18190,Mike Vittorini,CA-2014-134103,1/30/2014,10.56,11
MW-18220,Mitch Webber,CA-2014-125997,9/20/2014,1349.91,1
MW-18220,Mitch Webber,CA-2014-103660,8/25/2014,1007.944,2
MW-18220,Mitch Webber,CA-2014-125997,9/20/2014,801.568,3
MW-18220,Mitch Webber,CA-2014-125997,9/20/2014,631.782,4
MW-18220,Mitch Webber,CA-2014-125997,9/20/2014,629.95,5
MW-18220,Mitch Webber,CA-2014-150518,11/19/2014,281.97,6
MW-18220,Mitch Webber,CA-2014-150518,11/19/2014,221.16,7
MW-18220,Mitch Webber,US-2015-137960,12/18/2015,166.24,8
MW-18220,Mitch Webber,CA-2014-125997,9/20/2014,75.18,9
MW-18220,Mitch Webber,CA-2016-138667,12/27/2016,40.0,10
MW-18220,Mitch Webber,CA-2015-164336,7/5/2015,38.976,11
MW-18220,Mitch Webber,CA-2015-164336,7/5/2015,34.8,12
MW-18220,Mitch Webber,CA-2017-107986,12/13/2017,31.44,13
MW-18220,Mitch Webber,CA-2014-125997,9/20/2014,30.98,14
MW-18235,Mitch Willingham,CA-2014-117639,5/21/2014,2715.93,1
MW-18235,Mitch Willingham,CA-2017-136308,11/16/2017,1919.976,2
MW-18235,Mitch Willingham,CA-2014-117639,5/21/2014,617.97,3
MY-17380,Maribeth Yedwab,US-2016-105578,5/30/2016,801.568,1
MY-17380,Maribeth Yedwab,CA-2017-132234,10/16/2017,547.3,2
MY-17380,Maribeth Yedwab,CA-2017-163902,3/2/2017,479.94,3
MY-17380,Maribeth Yedwab,CA-2017-163902,3/2/2017,196.776,4
MY-17380,Maribeth Yedwab,US-2017-128118,11/24/2017,64.848,5
MY-17380,Maribeth Yedwab,US-2017-101721,7/23/2017,63.312,6
MY-17380,Maribeth Yedwab,US-2016-105578,5/30/2016,32.792,7
MY-17380,Maribeth Yedwab,US-2016-105578,5/30/2016,22.62,8
MY-17380,Maribeth Yedwab,US-2016-105578,5/30/2016,14.952,9
MY-17380,Maribeth Yedwab,US-2017-128118,11/24/2017,11.673,10
MY-17380,Maribeth Yedwab,CA-2017-138618,12/1/2017,10.368,11
MY-17380,Maribeth Yedwab,CA-2015-139290,10/26/2015,5.76,12
MY-17380,Maribeth Yedwab,US-2016-105578,5/30/2016,2.376,13
MY-18295,Muhammed Yedwab,CA-2014-105984,11/24/2014,1049.97,1
MY-18295,Muhammed Yedwab,CA-2016-164770,12/2/2016,781.864,2
MY-18295,Muhammed Yedwab,CA-2014-105984,11/24/2014,611.058,3
MY-18295,Muhammed Yedwab,CA-2016-149272,3/15/2016,528.43,4
MY-18295,Muhammed Yedwab,CA-2014-118976,4/28/2014,497.61,5
MY-18295,Muhammed Yedwab,CA-2016-139549,10/20/2016,387.136,6
MY-18295,Muhammed Yedwab,CA-2017-167626,9/3/2017,100.8,7
MY-18295,Muhammed Yedwab,US-2016-132423,4/15/2016,33.488,8
MY-18295,Muhammed Yedwab,CA-2016-164770,12/2/2016,30.816,9
MY-18295,Muhammed Yedwab,CA-2016-149272,3/15/2016,22.386,10
MY-18295,Muhammed Yedwab,CA-2014-118976,4/28/2014,20.86,11
MY-18295,Muhammed Yedwab,US-2017-115252,10/20/2017,15.984,12
MY-18295,Muhammed Yedwab,US-2017-115252,10/20/2017,14.352,13
MY-18295,Muhammed Yedwab,US-2016-160206,4/1/2016,12.99,14
MY-18295,Muhammed Yedwab,CA-2017-133067,5/4/2017,9.396,15
MY-18295,Muhammed Yedwab,CA-2017-167626,9/3/2017,8.904,16
MY-18295,Muhammed Yedwab,US-2016-132423,4/15/2016,8.04,17
MY-18295,Muhammed Yedwab,CA-2016-151169,10/21/2016,7.92,18
MY-18295,Muhammed Yedwab,CA-2014-118976,4/28/2014,5.34,19
MY-18295,Muhammed Yedwab,CA-2014-118976,4/28/2014,3.15,20
MY-18295,Muhammed Yedwab,CA-2017-133067,5/4/2017,2.202,21
MZ-17335,Maria Zettner,CA-2015-117611,11/8/2015,371.97,1
MZ-17335,Maria Zettner,CA-2016-114748,10/9/2016,169.568,2
MZ-17335,Maria Zettner,CA-2017-107314,11/30/2017,25.83,3
MZ-17335,Maria Zettner,CA-2017-147144,3/26/2017,19.83,4
MZ-17335,Maria Zettner,CA-2015-117611,11/8/2015,5.0,5
MZ-17335,Maria Zettner,CA-2016-114748,10/9/2016,1.408,6
MZ-17515,Mary Zewe,CA-2014-128524,11/11/2014,2033.584,1
MZ-17515,Mary Zewe,CA-2017-136511,3/23/2017,347.58,2
MZ-17515,Mary Zewe,CA-2014-128524,11/11/2014,102.13,3
MZ-17515,Mary Zewe,CA-2014-128524,11/11/2014,22.98,4
MZ-17515,Mary Zewe,CA-2015-125178,10/3/2015,15.008,5
MZ-17515,Mary Zewe,CA-2015-131457,10/31/2015,14.28,6
MZ-17515,Mary Zewe,CA-2016-169922,6/11/2016,12.544,7
MZ-17515,Mary Zewe,CA-2016-169922,6/11/2016,8.272,8
MZ-17515,Mary Zewe,US-2014-128685,4/4/2014,7.184,9
MZ-17515,Mary Zewe,CA-2016-169922,6/11/2016,1.344,10
NB-18580,Nicole Brennan,CA-2014-164385,9/26/2014,143.952,1
NB-18580,Nicole Brennan,CA-2014-151967,10/22/2014,129.92,2
NB-18655,Nona Balk,CA-2016-140928,9/18/2016,383.438,1
NB-18655,Nona Balk,CA-2016-161816,4/28/2016,369.576,2
NB-18655,Nona Balk,CA-2014-125542,12/5/2014,348.488,3
NB-18655,Nona Balk,CA-2015-110289,10/29/2015,210.84,4
NB-18655,Nona Balk,CA-2014-125542,12/5/2014,172.736,5
NB-18655,Nona Balk,CA-2016-132066,10/16/2016,142.182,6
NB-18655,Nona Balk,CA-2017-107825,11/18/2017,92.52,7
NB-18655,Nona Balk,CA-2015-101126,2/10/2015,77.24,8
NB-18655,Nona Balk,CA-2017-110310,10/27/2017,56.784,9
NB-18655,Nona Balk,CA-2017-107825,11/18/2017,37.76,10
NB-18655,Nona Balk,CA-2015-110289,10/29/2015,33.4,11
NB-18655,Nona Balk,CA-2016-161816,4/28/2016,15.712,12
NB-18655,Nona Balk,CA-2017-107825,11/18/2017,7.38,13
NB-18655,Nona Balk,CA-2017-110310,10/27/2017,6.576,14
NB-18655,Nona Balk,US-2017-125213,12/11/2017,6.54,15
NB-18655,Nona Balk,CA-2017-107825,11/18/2017,5.82,16
NB-18655,Nona Balk,CA-2017-110310,10/27/2017,5.607,17
NC-18340,Nat Carroll,CA-2017-111332,5/20/2017,704.76,1
NC-18340,Nat Carroll,CA-2015-112452,4/4/2015,644.076,2
NC-18340,Nat Carroll,CA-2015-112452,4/4/2015,599.98,3
NC-18340,Nat Carroll,CA-2017-111332,5/20/2017,131.94,4
NC-18340,Nat Carroll,US-2014-113124,3/30/2014,129.3,5
NC-18340,Nat Carroll,CA-2016-124485,11/24/2016,88.4,6
NC-18340,Nat Carroll,CA-2014-111899,5/4/2014,37.84,7
NC-18340,Nat Carroll,CA-2017-111332,5/20/2017,25.92,8
NC-18340,Nat Carroll,CA-2017-111332,5/20/2017,21.5,9
NC-18340,Nat Carroll,CA-2016-124485,11/24/2016,17.216,10
NC-18340,Nat Carroll,CA-2015-112452,4/4/2015,12.76,11
NC-18340,Nat Carroll,CA-2016-124485,11/24/2016,11.56,12
NC-18340,Nat Carroll,CA-2015-112452,4/4/2015,10.95,13
NC-18340,Nat Carroll,CA-2017-111332,5/20/2017,7.41,14
NC-18340,Nat Carroll,CA-2016-124485,11/24/2016,6.48,15
NC-18340,Nat Carroll,CA-2015-112452,4/4/2015,5.84,16
NC-18340,Nat Carroll,CA-2014-111899,5/4/2014,5.472,17
NC-18415,Nathan Cano,CA-2017-131254,11/19/2017,1525.188,1
NC-18415,Nathan Cano,CA-2017-131254,11/19/2017,191.058,2
NC-18415,Nathan Cano,US-2015-113593,4/18/2015,115.44,3
NC-18415,Nathan Cano,CA-2016-156503,10/14/2016,102.592,4
NC-18415,Nathan Cano,CA-2016-156503,10/14/2016,93.024,5
NC-18415,Nathan Cano,CA-2014-135755,5/3/2014,40.176,6
NC-18415,Nathan Cano,CA-2016-156503,10/14/2016,39.152,7
NC-18415,Nathan Cano,CA-2016-156503,10/14/2016,35.008,8
NC-18415,Nathan Cano,CA-2016-156503,10/14/2016,22.704,9
NC-18415,Nathan Cano,CA-2017-131254,11/19/2017,13.04,10
NC-18415,Nathan Cano,CA-2015-144190,6/9/2015,12.96,11
NC-18415,Nathan Cano,CA-2016-156503,10/14/2016,12.768,12
NC-18415,Nathan Cano,CA-2014-135755,5/3/2014,10.896,13
NC-18415,Nathan Cano,CA-2014-165393,12/27/2014,4.984,14
NC-18535,Nick Crebassa,CA-2017-149881,4/1/2017,4799.984,1
NC-18535,Nick Crebassa,CA-2014-114321,8/20/2014,896.99,2
NC-18535,Nick Crebassa,CA-2014-145254,7/23/2014,604.752,3
NC-18535,Nick Crebassa,CA-2014-114321,8/20/2014,500.24,4
NC-18535,Nick Crebassa,CA-2017-149881,4/1/2017,482.664,5
NC-18535,Nick Crebassa,CA-2017-139402,12/9/2017,419.4,6
NC-18535,Nick Crebassa,CA-2014-145254,7/23/2014,302.376,7
NC-18535,Nick Crebassa,US-2016-131674,11/29/2016,58.416,8
NC-18535,Nick Crebassa,CA-2014-145254,7/23/2014,45.0,9
NC-18535,Nick Crebassa,CA-2014-145254,7/23/2014,40.7,10
NC-18535,Nick Crebassa,CA-2017-163874,11/10/2017,26.352,11
NC-18535,Nick Crebassa,CA-2014-114321,8/20/2014,20.12,12
NC-18535,Nick Crebassa,CA-2017-148355,12/24/2017,19.44,13
NC-18535,Nick Crebassa,CA-2017-139402,12/9/2017,13.005,14
NC-18535,Nick Crebassa,CA-2017-148355,12/24/2017,12.3,15
NC-18625,Noah Childs,US-2016-100839,10/13/2016,727.45,1
NC-18625,Noah Childs,CA-2017-100951,6/9/2017,720.76,2
NC-18625,Noah Childs,CA-2015-116687,5/2/2015,158.376,3
NC-18625,Noah Childs,CA-2014-166590,10/29/2014,75.88,4
NC-18625,Noah Childs,CA-2017-169404,4/9/2017,65.584,5
NC-18625,Noah Childs,CA-2017-169404,4/9/2017,37.896,6
NC-18625,Noah Childs,US-2016-100839,10/13/2016,24.96,7
NC-18625,Noah Childs,CA-2015-116687,5/2/2015,8.856,8
NC-18625,Noah Childs,CA-2014-166590,10/29/2014,1.98,9
ND-18370,Natalie DeCherney,CA-2015-114069,7/13/2015,1931.04,1
ND-18370,Natalie DeCherney,CA-2017-105410,3/19/2017,657.504,2
ND-18370,Natalie DeCherney,CA-2014-109232,1/13/2014,545.94,3
ND-18370,Natalie DeCherney,CA-2014-148915,11/1/2014,443.92,4
ND-18370,Natalie DeCherney,CA-2017-105410,3/19/2017,199.96,5
ND-18370,Natalie DeCherney,CA-2014-148915,11/1/2014,155.976,6
ND-18370,Natalie DeCherney,CA-2017-105410,3/19/2017,99.54,7
ND-18370,Natalie DeCherney,CA-2016-145247,5/5/2016,79.14,8
ND-18370,Natalie DeCherney,CA-2017-128699,12/3/2017,47.992,9
ND-18370,Natalie DeCherney,CA-2016-130778,11/19/2016,44.75,10
ND-18370,Natalie DeCherney,US-2017-156356,4/16/2017,32.544,11
ND-18370,Natalie DeCherney,US-2017-156356,4/16/2017,26.046,12
ND-18370,Natalie DeCherney,CA-2017-105410,3/19/2017,19.824,13
ND-18370,Natalie DeCherney,CA-2015-114069,7/13/2015,11.808,14
ND-18370,Natalie DeCherney,CA-2015-114069,7/13/2015,9.96,15
ND-18370,Natalie DeCherney,CA-2016-130778,11/19/2016,8.74,16
ND-18370,Natalie DeCherney,US-2017-117331,10/21/2017,8.559,17
ND-18370,Natalie DeCherney,US-2017-156356,4/16/2017,2.896,18
ND-18460,Neil Ducich,CA-2017-107167,6/10/2017,1347.52,1
ND-18460,Neil Ducich,CA-2017-164112,6/30/2017,1085.42,2
ND-18460,Neil Ducich,CA-2014-131905,2/6/2014,161.61,3
ND-18460,Neil Ducich,CA-2014-131905,2/6/2014,144.95,4
ND-18460,Neil Ducich,CA-2014-138177,9/19/2014,73.915,5
ND-18460,Neil Ducich,US-2015-140851,7/13/2015,38.88,6
ND-18460,Neil Ducich,CA-2017-127803,5/19/2017,26.16,7
ND-18460,Neil Ducich,CA-2014-131905,2/6/2014,15.0,8
NF-18385,Natalie Fritzler,CA-2015-147830,12/15/2015,2025.36,1
NF-18385,Natalie Fritzler,CA-2015-147830,12/15/2015,1799.994,2
NF-18385,Natalie Fritzler,CA-2014-127614,2/11/2014,1256.22,3
NF-18385,Natalie Fritzler,CA-2017-155705,8/21/2017,866.4,4
NF-18385,Natalie Fritzler,US-2016-157945,9/26/2016,747.558,5
NF-18385,Natalie Fritzler,CA-2017-130505,10/12/2017,673.344,6
NF-18385,Natalie Fritzler,CA-2015-147830,12/15/2015,262.864,7
NF-18385,Natalie Fritzler,US-2017-152842,7/16/2017,242.352,8
NF-18385,Natalie Fritzler,CA-2014-127614,2/11/2014,234.45,9
NF-18385,Natalie Fritzler,CA-2015-147830,12/15/2015,101.988,10
NF-18385,Natalie Fritzler,CA-2016-113551,8/18/2016,83.84,11
NF-18385,Natalie Fritzler,CA-2014-127614,2/11/2014,17.46,12
NF-18385,Natalie Fritzler,US-2016-157945,9/26/2016,8.928,13
NF-18385,Natalie Fritzler,CA-2016-113551,8/18/2016,2.068,14
NF-18475,Neil Französisch,US-2015-100069,6/29/2015,269.98,1
NF-18475,Neil Französisch,CA-2014-100293,3/14/2014,91.056,2
NF-18475,Neil Französisch,CA-2016-162404,7/23/2016,11.416,3
NF-18475,Neil Französisch,US-2014-132745,10/1/2014,4.71,4
NF-18595,Nicole Fjeld,US-2015-139675,3/13/2015,915.136,1
NF-18595,Nicole Fjeld,US-2015-139675,3/13/2015,327.76,2
NF-18595,Nicole Fjeld,CA-2017-151358,8/18/2017,323.1,3
NF-18595,Nicole Fjeld,CA-2015-110667,4/4/2015,108.4,4
NF-18595,Nicole Fjeld,CA-2015-110667,4/4/2015,82.344,5
NF-18595,Nicole Fjeld,CA-2014-169460,4/19/2014,76.14,6
NF-18595,Nicole Fjeld,CA-2017-100335,9/7/2017,73.008,7
NF-18595,Nicole Fjeld,US-2014-131870,9/9/2014,60.672,8
NF-18595,Nicole Fjeld,US-2014-131870,9/9/2014,30.816,9
NF-18595,Nicole Fjeld,CA-2015-160864,5/3/2015,13.848,10
NF-18595,Nicole Fjeld,CA-2015-110667,4/4/2015,11.16,11
NF-18595,Nicole Fjeld,CA-2015-110667,4/4/2015,9.088,12
NG-18355,Nat Gilpin,CA-2017-120019,2/16/2017,579.51,1
NG-18355,Nat Gilpin,US-2017-116659,11/12/2017,370.782,2
NG-18355,Nat Gilpin,CA-2014-100762,11/24/2014,196.62,3
NG-18355,Nat Gilpin,CA-2014-100762,11/24/2014,151.92,4
NG-18355,Nat Gilpin,CA-2014-100762,11/24/2014,144.12,5
NG-18355,Nat Gilpin,CA-2017-117947,8/18/2017,107.424,6
NG-18355,Nat Gilpin,CA-2017-117947,8/18/2017,88.02,7
NG-18355,Nat Gilpin,US-2015-130519,9/15/2015,55.968,8
NG-18355,Nat Gilpin,CA-2017-117947,8/18/2017,40.48,9
NG-18355,Nat Gilpin,CA-2017-117947,8/18/2017,37.91,10
NG-18355,Nat Gilpin,US-2015-130519,9/15/2015,24.672,11
NG-18355,Nat Gilpin,CA-2014-100762,11/24/2014,15.96,12
NG-18355,Nat Gilpin,US-2015-130519,9/15/2015,15.712,13
NG-18355,Nat Gilpin,US-2015-130519,9/15/2015,15.552,14
NG-18355,Nat Gilpin,CA-2017-120019,2/16/2017,14.99,15
NG-18355,Nat Gilpin,CA-2017-117947,8/18/2017,9.94,16
NG-18430,Nathan Gelder,CA-2017-130386,11/12/2017,540.048,1
NG-18430,Nathan Gelder,CA-2014-122749,12/3/2014,479.96,2
NG-18430,Nathan Gelder,CA-2017-130386,11/12/2017,223.056,3
NG-18430,Nathan Gelder,CA-2015-137708,11/22/2015,42.8,4
NG-18430,Nathan Gelder,CA-2015-137708,11/22/2015,37.94,5
NG-18430,Nathan Gelder,CA-2015-137708,11/22/2015,33.63,6
NG-18430,Nathan Gelder,CA-2015-103961,11/5/2015,19.824,7
NG-18430,Nathan Gelder,CA-2017-130386,11/12/2017,16.056,8
NG-18430,Nathan Gelder,CA-2014-115973,11/24/2014,2.624,9
NH-18610,Nicole Hansen,CA-2017-122693,2/19/2017,1245.86,1
NH-18610,Nicole Hansen,CA-2017-100384,6/24/2017,385.6,2
NH-18610,Nicole Hansen,US-2017-136721,4/8/2017,306.9,3
NH-18610,Nicole Hansen,US-2017-136721,4/8/2017,273.96,4
NH-18610,Nicole Hansen,CA-2014-111157,3/2/2014,151.2,5
NH-18610,Nicole Hansen,CA-2015-113901,10/19/2015,149.95,6
NH-18610,Nicole Hansen,CA-2015-147102,9/19/2015,66.36,7
NH-18610,Nicole Hansen,CA-2015-113901,10/19/2015,38.28,8
NH-18610,Nicole Hansen,CA-2017-100384,6/24/2017,35.82,9
NH-18610,Nicole Hansen,CA-2016-123722,9/25/2016,15.936,10
NH-18610,Nicole Hansen,CA-2014-111157,3/2/2014,3.424,11
NK-18490,Neil Knudson,CA-2016-102561,7/18/2016,284.08,1
NK-18490,Neil Knudson,CA-2017-126536,10/12/2017,101.84,2
NK-18490,Neil Knudson,CA-2017-162712,6/18/2017,74.352,3
NK-18490,Neil Knudson,CA-2017-130148,9/24/2017,31.08,4
NK-18490,Neil Knudson,CA-2016-102561,7/18/2016,18.496,5
NK-18490,Neil Knudson,CA-2016-141586,10/17/2016,18.16,6
NK-18490,Neil Knudson,CA-2017-148166,10/21/2017,17.856,7
NK-18490,Neil Knudson,CA-2016-102561,7/18/2016,11.264,8
NK-18490,Neil Knudson,CA-2017-130148,9/24/2017,7.3,9
NK-18490,Neil Knudson,CA-2015-118948,5/28/2015,6.63,10
NK-18490,Neil Knudson,CA-2017-126536,10/12/2017,0.99,11
NL-18310,Nancy Lomonaco,US-2017-163790,11/2/2017,590.352,1
NL-18310,Nancy Lomonaco,US-2017-163790,11/2/2017,452.55,2
NL-18310,Nancy Lomonaco,US-2015-139759,8/25/2015,105.96,3
NL-18310,Nancy Lomonaco,US-2017-163790,11/2/2017,76.58,4
NL-18310,Nancy Lomonaco,US-2014-120313,10/31/2014,73.584,5
NL-18310,Nancy Lomonaco,US-2015-139759,8/25/2015,40.784,6
NL-18310,Nancy Lomonaco,CA-2016-147473,5/30/2016,38.88,7
NL-18310,Nancy Lomonaco,US-2017-163790,11/2/2017,25.02,8
NL-18310,Nancy Lomonaco,US-2017-163790,11/2/2017,8.8,9
NL-18310,Nancy Lomonaco,US-2017-163790,11/2/2017,5.58,10
NM-18445,Nathan Mautz,CA-2014-164973,11/4/2014,3991.98,1
NM-18445,Nathan Mautz,CA-2015-136805,5/23/2015,850.5,2
NM-18445,Nathan Mautz,CA-2014-150581,4/8/2014,399.96,3
NM-18445,Nathan Mautz,CA-2014-164973,11/4/2014,360.0,4
NM-18445,Nathan Mautz,CA-2014-164973,11/4/2014,275.94,5
NM-18445,Nathan Mautz,CA-2014-164973,11/4/2014,135.882,6
NM-18445,Nathan Mautz,US-2015-152128,5/25/2015,127.96,7
NM-18445,Nathan Mautz,CA-2014-150581,4/8/2014,99.592,8
NM-18445,Nathan Mautz,CA-2015-136805,5/23/2015,75.33,9
NM-18445,Nathan Mautz,CA-2014-111857,4/23/2014,48.91,10
NM-18445,Nathan Mautz,CA-2014-164973,11/4/2014,43.57,11
NM-18445,Nathan Mautz,US-2015-152128,5/25/2015,21.24,12
NM-18445,Nathan Mautz,CA-2014-125759,2/8/2014,14.56,13
NM-18445,Nathan Mautz,CA-2017-125367,7/23/2017,13.92,14
NM-18520,Neoma Murray,CA-2016-153598,12/3/2016,1649.95,1
NM-18520,Neoma Murray,CA-2016-168844,5/31/2016,179.7,2
NM-18520,Neoma Murray,CA-2016-153598,12/3/2016,111.9,3
NM-18520,Neoma Murray,CA-2015-162166,9/8/2015,41.88,4
NM-18520,Neoma Murray,CA-2015-162166,9/8/2015,26.4,5
NM-18520,Neoma Murray,CA-2016-158806,1/7/2016,25.92,6
NM-18520,Neoma Murray,US-2015-100531,9/27/2015,24.288,7
NM-18520,Neoma Murray,CA-2016-158806,1/7/2016,23.076,8
NM-18520,Neoma Murray,CA-2016-112340,10/21/2016,22.92,9
NM-18520,Neoma Murray,US-2016-157308,8/17/2016,15.712,10
NM-18520,Neoma Murray,US-2015-100531,9/27/2015,15.08,11
NM-18520,Neoma Murray,CA-2016-168844,5/31/2016,7.152,12
NM-18520,Neoma Murray,US-2015-105676,12/1/2015,6.688,13
NM-18520,Neoma Murray,US-2017-107636,4/30/2017,5.76,14
NM-18520,Neoma Murray,CA-2016-136049,12/23/2016,5.553,15
NP-18325,Naresj Patel,CA-2015-131338,8/9/2015,1217.568,1
NP-18325,Naresj Patel,CA-2015-131338,8/9/2015,979.95,2
NP-18325,Naresj Patel,CA-2014-117464,7/22/2014,717.72,3
NP-18325,Naresj Patel,CA-2015-131338,8/9/2015,382.806,4
NP-18325,Naresj Patel,CA-2015-131338,8/9/2015,307.98,5
NP-18325,Naresj Patel,US-2014-117135,6/21/2014,284.82,6
NP-18325,Naresj Patel,CA-2015-131338,8/9/2015,247.8,7
NP-18325,Naresj Patel,CA-2014-117464,7/22/2014,236.5,8
NP-18325,Naresj Patel,CA-2015-143490,12/6/2015,219.184,9
NP-18325,Naresj Patel,CA-2014-117464,7/22/2014,170.352,10
NP-18325,Naresj Patel,CA-2014-114433,5/13/2014,149.97,11
NP-18325,Naresj Patel,CA-2015-131338,8/9/2015,143.7,12
NP-18325,Naresj Patel,CA-2015-143490,12/6/2015,120.15,13
NP-18325,Naresj Patel,US-2014-117135,6/21/2014,104.01,14
NP-18325,Naresj Patel,CA-2017-126865,12/5/2017,92.94,15
NP-18325,Naresj Patel,CA-2015-131338,8/9/2015,47.04,16
NP-18325,Naresj Patel,CA-2015-131338,8/9/2015,41.96,17
NP-18325,Naresj Patel,US-2014-117135,6/21/2014,36.84,18
NP-18325,Naresj Patel,CA-2014-117464,7/22/2014,11.52,19
NP-18325,Naresj Patel,CA-2015-131338,8/9/2015,10.65,20
NP-18325,Naresj Patel,CA-2015-131338,8/9/2015,6.16,21
NP-18670,Nora Paige,CA-2017-150091,10/12/2017,2154.9,1
NP-18670,Nora Paige,CA-2016-114104,11/20/2016,944.93,2
NP-18670,Nora Paige,CA-2015-138485,2/27/2015,538.92,3
NP-18670,Nora Paige,CA-2017-167227,11/2/2017,83.9,4
NP-18670,Nora Paige,CA-2016-162110,7/18/2016,55.992,5
NP-18670,Nora Paige,CA-2017-150091,10/12/2017,45.0,6
NP-18670,Nora Paige,CA-2017-150091,10/12/2017,40.48,7
NP-18670,Nora Paige,CA-2017-150091,10/12/2017,17.9,8
NP-18670,Nora Paige,CA-2016-114104,11/20/2016,14.62,9
NP-18670,Nora Paige,CA-2017-167227,11/2/2017,11.76,10
NP-18685,Nora Pelletier,CA-2015-156104,12/6/2015,999.98,1
NP-18685,Nora Pelletier,US-2014-131982,3/7/2014,107.648,2
NP-18685,Nora Pelletier,CA-2016-166653,9/22/2016,63.968,3
NP-18685,Nora Pelletier,CA-2016-113138,11/19/2016,17.712,4
NP-18685,Nora Pelletier,CA-2016-113138,11/19/2016,17.28,5
NP-18685,Nora Pelletier,CA-2015-141768,5/25/2015,14.73,6
NP-18685,Nora Pelletier,CA-2015-125696,10/2/2015,7.38,7
NP-18700,Nora Preis,CA-2014-168494,12/12/2014,3610.848,1
NP-18700,Nora Preis,CA-2016-105459,8/12/2016,1591.02,2
NP-18700,Nora Preis,CA-2014-168494,12/12/2014,764.688,3
NP-18700,Nora Preis,CA-2016-125094,11/5/2016,479.72,4
NP-18700,Nora Preis,CA-2017-138310,6/26/2017,431.928,5
NP-18700,Nora Preis,CA-2014-106572,9/5/2014,264.32,6
NP-18700,Nora Preis,CA-2014-168494,12/12/2014,254.9745,7
NP-18700,Nora Preis,CA-2016-105459,8/12/2016,209.148,8
NP-18700,Nora Preis,CA-2014-142510,12/22/2014,132.16,9
NP-18700,Nora Preis,CA-2014-142510,12/22/2014,124.032,10
NP-18700,Nora Preis,CA-2014-142510,12/22/2014,17.904,11
NP-18700,Nora Preis,CA-2017-169264,8/14/2017,16.68,12
NP-18700,Nora Preis,CA-2017-169264,8/14/2017,5.76,13
NR-18550,Nick Radford,CA-2017-140872,6/3/2017,503.96,1
NR-18550,Nick Radford,CA-2016-109400,5/2/2016,366.744,2
NR-18550,Nick Radford,CA-2016-152688,10/17/2016,315.98,3
NR-18550,Nick Radford,CA-2014-106229,6/7/2014,268.935,4
NR-18550,Nick Radford,CA-2017-140872,6/3/2017,241.568,5
NR-18550,Nick Radford,CA-2017-140872,6/3/2017,205.992,6
NR-18550,Nick Radford,CA-2014-112851,9/17/2014,182.94,7
NR-18550,Nick Radford,CA-2016-152688,10/17/2016,120.98,8
NR-18550,Nick Radford,CA-2017-140872,6/3/2017,110.4,9
NR-18550,Nick Radford,CA-2017-140872,6/3/2017,24.472,10
NR-18550,Nick Radford,CA-2017-140872,6/3/2017,15.552,11
NR-18550,Nick Radford,CA-2017-140872,6/3/2017,5.2,12
NR-18550,Nick Radford,CA-2017-140872,6/3/2017,4.554,13
NS-18505,Neola Schneider,CA-2017-153045,1/19/2017,887.271,1
NS-18505,Neola Schneider,CA-2017-153045,1/19/2017,429.6,2
NS-18505,Neola Schneider,CA-2016-128531,11/24/2016,297.576,3
NS-18505,Neola Schneider,CA-2017-121195,12/24/2017,264.32,4
NS-18505,Neola Schneider,CA-2017-129378,10/1/2017,241.96,5
NS-18505,Neola Schneider,CA-2017-129378,10/1/2017,108.608,6
NS-18505,Neola Schneider,CA-2016-128531,11/24/2016,94.992,7
NS-18505,Neola Schneider,CA-2016-128531,11/24/2016,74.352,8
NS-18505,Neola Schneider,CA-2017-129378,10/1/2017,61.776,9
NS-18505,Neola Schneider,CA-2016-128531,11/24/2016,41.92,10
NS-18505,Neola Schneider,CA-2017-153045,1/19/2017,31.968,11
NS-18505,Neola Schneider,CA-2017-153045,1/19/2017,21.696,12
NS-18505,Neola Schneider,CA-2016-128531,11/24/2016,14.04,13
NS-18505,Neola Schneider,CA-2016-128531,11/24/2016,4.344,14
NS-18505,Neola Schneider,CA-2017-129378,10/1/2017,1.44,15
NS-18640,Noel Staavos,CA-2016-162187,12/11/2016,458.43,1
NS-18640,Noel Staavos,CA-2014-159338,6/25/2014,447.84,2
NS-18640,Noel Staavos,CA-2016-162187,12/11/2016,387.136,3
NS-18640,Noel Staavos,CA-2015-123155,3/9/2015,359.88,4
NS-18640,Noel Staavos,CA-2016-162187,12/11/2016,328.59,5
NS-18640,Noel Staavos,US-2015-160563,10/20/2015,239.97,6
NS-18640,Noel Staavos,CA-2015-123155,3/9/2015,113.52,7
NS-18640,Noel Staavos,CA-2017-134635,4/15/2017,79.14,8
NS-18640,Noel Staavos,US-2015-117492,8/7/2015,77.58,9
NS-18640,Noel Staavos,CA-2016-144645,2/2/2016,73.784,10
NS-18640,Noel Staavos,CA-2016-162187,12/11/2016,64.96,11
NS-18640,Noel Staavos,CA-2016-169824,12/12/2016,60.35,12
NS-18640,Noel Staavos,CA-2017-115651,7/9/2017,58.464,13
NS-18640,Noel Staavos,CA-2015-108259,11/8/2015,39.879,14
NS-18640,Noel Staavos,CA-2016-169824,12/12/2016,35.52,15
NS-18640,Noel Staavos,CA-2015-108259,11/8/2015,31.504,16
NS-18640,Noel Staavos,CA-2017-141614,6/5/2017,20.736,17
NS-18640,Noel Staavos,US-2015-160563,10/20/2015,16.02,18
NS-18640,Noel Staavos,CA-2016-162187,12/11/2016,13.52,19
NS-18640,Noel Staavos,CA-2016-131639,12/17/2016,13.488,20
NS-18640,Noel Staavos,CA-2016-131639,12/17/2016,11.416,21
NS-18640,Noel Staavos,CA-2016-169824,12/12/2016,11.2,22
NS-18640,Noel Staavos,CA-2017-115651,7/9/2017,8.84,23
NS-18640,Noel Staavos,CA-2015-108259,11/8/2015,5.04,24
NS-18640,Noel Staavos,CA-2015-108259,11/8/2015,4.712,25
NS-18640,Noel Staavos,CA-2015-163895,8/7/2015,3.304,26
NW-18400,Natalie Webber,US-2015-160857,5/8/2015,2799.944,1
NW-18400,Natalie Webber,CA-2015-102582,9/15/2015,1056.86,2
NW-18400,Natalie Webber,CA-2015-102582,9/15/2015,801.96,3
NW-18400,Natalie Webber,CA-2014-168984,11/26/2014,669.08,4
NW-18400,Natalie Webber,CA-2014-168984,11/26/2014,438.336,5
NW-18400,Natalie Webber,US-2015-160857,5/8/2015,357.93,6
NW-18400,Natalie Webber,CA-2014-138317,6/21/2014,206.991,7
NW-18400,Natalie Webber,CA-2016-159023,11/3/2016,179.991,8
NW-18400,Natalie Webber,CA-2015-115511,11/21/2015,141.96,9
NW-18400,Natalie Webber,US-2015-160857,5/8/2015,127.764,10
NW-18400,Natalie Webber,CA-2014-138317,6/21/2014,95.968,11
NW-18400,Natalie Webber,US-2015-160857,5/8/2015,79.44,12
NW-18400,Natalie Webber,CA-2015-115511,11/21/2015,66.048,13
NW-18400,Natalie Webber,CA-2015-102582,9/15/2015,59.97,14
NW-18400,Natalie Webber,CA-2014-138317,6/21/2014,44.416,15
NW-18400,Natalie Webber,CA-2017-127656,7/11/2017,30.32,16
NW-18400,Natalie Webber,CA-2014-138317,6/21/2014,24.896,17
NW-18400,Natalie Webber,US-2015-160857,5/8/2015,19.44,18
NW-18400,Natalie Webber,CA-2014-168984,11/26/2014,15.552,19
NW-18400,Natalie Webber,CA-2014-138317,6/21/2014,9.006,20
NW-18400,Natalie Webber,CA-2016-159023,11/3/2016,4.158,21
NW-18400,Natalie Webber,CA-2014-138317,6/21/2014,3.984,22
NZ-18565,Nick Zandusky,US-2014-106299,8/2/2014,838.38,1
NZ-18565,Nick Zandusky,CA-2015-144267,8/21/2015,544.008,2
NZ-18565,Nick Zandusky,CA-2016-110772,11/20/2016,255.984,3
NZ-18565,Nick Zandusky,US-2017-148054,10/6/2017,227.84,4
NZ-18565,Nick Zandusky,CA-2017-154676,8/5/2017,151.056,5
NZ-18565,Nick Zandusky,CA-2016-110772,11/20/2016,86.97,6
NZ-18565,Nick Zandusky,CA-2015-144267,8/21/2015,59.94,7
NZ-18565,Nick Zandusky,CA-2016-134222,7/10/2016,44.856,8
NZ-18565,Nick Zandusky,US-2017-148054,10/6/2017,41.96,9
NZ-18565,Nick Zandusky,US-2017-148054,10/6/2017,37.94,10
NZ-18565,Nick Zandusky,CA-2016-164154,9/11/2016,37.52,11
NZ-18565,Nick Zandusky,US-2014-106299,8/2/2014,26.7,12
NZ-18565,Nick Zandusky,CA-2015-144267,8/21/2015,23.92,13
NZ-18565,Nick Zandusky,CA-2017-150609,4/30/2017,23.24,14
NZ-18565,Nick Zandusky,CA-2016-164154,9/11/2016,22.428,15
NZ-18565,Nick Zandusky,US-2014-106299,8/2/2014,21.2,16
NZ-18565,Nick Zandusky,CA-2016-110772,11/20/2016,19.096,17
NZ-18565,Nick Zandusky,CA-2016-110772,11/20/2016,18.496,18
NZ-18565,Nick Zandusky,CA-2015-144267,8/21/2015,4.28,19
NZ-18565,Nick Zandusky,US-2016-158680,7/1/2016,2.496,20
ON-18715,Odella Nelson,CA-2016-130820,11/15/2016,630.024,1
ON-18715,Odella Nelson,CA-2014-154095,12/2/2014,239.84,2
ON-18715,Odella Nelson,US-2016-151862,3/1/2016,159.984,3
ON-18715,Odella Nelson,CA-2014-154095,12/2/2014,146.82,4
ON-18715,Odella Nelson,CA-2014-140039,9/13/2014,79.4,5
ON-18715,Odella Nelson,CA-2014-154095,12/2/2014,60.72,6
ON-18715,Odella Nelson,CA-2014-121286,11/4/2014,58.24,7
ON-18715,Odella Nelson,CA-2015-112014,8/13/2015,50.8,8
ON-18715,Odella Nelson,CA-2016-118255,3/11/2016,45.98,9
ON-18715,Odella Nelson,US-2015-117184,5/17/2015,33.28,10
ON-18715,Odella Nelson,CA-2016-118255,3/11/2016,17.46,11
ON-18715,Odella Nelson,CA-2014-154095,12/2/2014,15.66,12
ON-18715,Odella Nelson,US-2015-117184,5/17/2015,14.088,13
ON-18715,Odella Nelson,CA-2014-121286,11/4/2014,8.376,14
ON-18715,Odella Nelson,US-2015-161466,9/24/2015,6.848,15
OT-18730,Olvera Toch,CA-2016-107783,7/28/2016,1369.764,1
OT-18730,Olvera Toch,CA-2016-113243,6/10/2016,1335.68,2
OT-18730,Olvera Toch,CA-2017-162173,10/26/2017,356.85,3
OT-18730,Olvera Toch,CA-2017-162173,10/26/2017,251.58,4
OT-18730,Olvera Toch,CA-2015-109169,4/20/2015,180.96,5
OT-18730,Olvera Toch,CA-2016-107783,7/28/2016,177.45,6
OT-18730,Olvera Toch,CA-2017-115364,6/26/2017,83.76,7
OT-18730,Olvera Toch,CA-2016-113243,6/10/2016,32.4,8
OT-18730,Olvera Toch,CA-2016-113243,6/10/2016,20.7,9
OT-18730,Olvera Toch,CA-2016-107783,7/28/2016,9.48,10
PA-19060,Pete Armstrong,CA-2015-129476,10/15/2015,339.96,1
PA-19060,Pete Armstrong,CA-2017-140508,9/18/2017,114.848,2
PA-19060,Pete Armstrong,CA-2015-105970,3/2/2015,101.88,3
PA-19060,Pete Armstrong,CA-2014-148761,5/17/2014,91.68,4
PA-19060,Pete Armstrong,US-2016-117387,10/27/2016,67.136,5
PA-19060,Pete Armstrong,CA-2015-105970,3/2/2015,10.16,6
PA-19060,Pete Armstrong,US-2016-158309,11/26/2016,3.744,7
PB-18805,Patrick Bzostek,CA-2017-156958,12/5/2017,199.9,1
PB-18805,Patrick Bzostek,CA-2017-156958,12/5/2017,172.752,2
PB-18805,Patrick Bzostek,CA-2017-156958,12/5/2017,83.92,3
PB-18805,Patrick Bzostek,CA-2016-125738,10/15/2016,71.6,4
PB-18805,Patrick Bzostek,CA-2016-125738,10/15/2016,60.12,5
PB-18805,Patrick Bzostek,CA-2016-125738,10/15/2016,45.68,6
PB-18805,Patrick Bzostek,CA-2016-125738,10/15/2016,41.72,7
PB-18805,Patrick Bzostek,CA-2017-156958,12/5/2017,31.176,8
PB-18805,Patrick Bzostek,CA-2015-146465,11/20/2015,24.192,9
PB-18805,Patrick Bzostek,CA-2017-156958,12/5/2017,9.296,10
PB-19105,Peter Bühler,CA-2014-128888,11/15/2014,604.656,1
PB-19105,Peter Bühler,US-2017-101518,11/3/2017,40.776,2
PB-19105,Peter Bühler,CA-2017-161970,9/22/2017,17.94,3
PB-19105,Peter Bühler,CA-2017-161970,9/22/2017,12.96,4
PB-19105,Peter Bühler,CA-2016-150889,3/20/2016,11.992,5
PB-19150,Philip Brown,CA-2015-137526,1/13/2015,464.85,1
PB-19150,Philip Brown,CA-2016-148796,4/14/2016,383.8,2
PB-19150,Philip Brown,CA-2017-142391,9/24/2017,199.8,3
PB-19150,Philip Brown,CA-2014-146843,11/30/2014,102.24,4
PB-19150,Philip Brown,CA-2015-137526,1/13/2015,77.6,5
PB-19150,Philip Brown,CA-2015-137526,1/13/2015,70.008,6
PB-19150,Philip Brown,US-2014-150532,7/14/2014,55.92,7
PB-19150,Philip Brown,CA-2014-146843,11/30/2014,47.992,8
PB-19150,Philip Brown,US-2014-111353,11/29/2014,25.06,9
PB-19150,Philip Brown,CA-2014-107573,12/12/2014,23.472,10
PB-19150,Philip Brown,CA-2015-167269,6/16/2015,6.208,11
PB-19210,Phillip Breyer,CA-2016-164938,2/11/2016,69.93,1
PB-19210,Phillip Breyer,CA-2014-149055,11/23/2014,62.808,2
PC-18745,Pamela Coakley,CA-2014-150245,12/31/2014,1573.488,1
PC-18745,Pamela Coakley,CA-2016-105494,11/10/2016,155.82,2
PC-18745,Pamela Coakley,CA-2016-105494,11/10/2016,70.008,3
PC-18745,Pamela Coakley,CA-2016-159639,11/27/2016,31.56,4
PC-18745,Pamela Coakley,US-2017-162068,12/28/2017,1.188,5
PC-19000,Pauline Chand,CA-2015-153388,8/1/2015,1004.976,1
PC-19000,Pauline Chand,US-2014-163797,4/8/2014,49.792,2
PC-19000,Pauline Chand,CA-2015-153388,8/1/2015,6.72,3
PF-19120,Peter Fuller,US-2015-126977,9/17/2015,4228.704,1
PF-19120,Peter Fuller,US-2015-126977,9/17/2015,2003.92,2
PF-19120,Peter Fuller,US-2015-126977,9/17/2015,659.9,3
PF-19120,Peter Fuller,CA-2015-140025,4/7/2015,463.248,4
PF-19120,Peter Fuller,CA-2015-140025,4/7/2015,383.952,5
PF-19120,Peter Fuller,CA-2015-129896,6/15/2015,364.704,6
PF-19120,Peter Fuller,US-2015-126977,9/17/2015,209.97,7
PF-19120,Peter Fuller,US-2015-126977,9/17/2015,199.764,8
PF-19120,Peter Fuller,US-2015-126977,9/17/2015,110.96,9
PF-19120,Peter Fuller,US-2015-126977,9/17/2015,94.6,10
PF-19120,Peter Fuller,US-2015-126977,9/17/2015,87.71,11
PF-19120,Peter Fuller,CA-2015-129896,6/15/2015,82.368,12
PF-19120,Peter Fuller,US-2015-126977,9/17/2015,67.8,13
PF-19120,Peter Fuller,CA-2015-129896,6/15/2015,40.256,14
PF-19120,Peter Fuller,CA-2014-166457,5/5/2014,24.56,15
PF-19120,Peter Fuller,US-2015-126977,9/17/2015,14.9,16
PF-19120,Peter Fuller,CA-2015-129896,6/15/2015,9.568,17
PF-19120,Peter Fuller,CA-2014-166457,5/5/2014,9.42,18
PF-19120,Peter Fuller,CA-2014-166457,5/5/2014,6.56,19
PF-19165,Philip Fox,CA-2016-162355,6/30/2016,1266.86,1
PF-19165,Philip Fox,US-2014-134614,9/20/2014,617.7,2
PF-19165,Philip Fox,CA-2016-138233,11/9/2016,479.97,3
PF-19165,Philip Fox,CA-2017-118437,6/17/2017,155.25,4
PF-19165,Philip Fox,CA-2015-101707,8/27/2015,114.2,5
PF-19165,Philip Fox,CA-2015-111458,9/26/2015,50.0,6
PF-19165,Philip Fox,CA-2016-162355,6/30/2016,35.97,7
PF-19165,Philip Fox,CA-2015-101707,8/27/2015,32.94,8
PF-19165,Philip Fox,CA-2017-118437,6/17/2017,14.03,9
PF-19165,Philip Fox,CA-2015-101707,8/27/2015,3.08,10
PF-19225,Phillip Flathmann,CA-2016-114972,11/3/2016,1101.48,1
PF-19225,Phillip Flathmann,US-2017-130687,9/7/2017,455.712,2
PF-19225,Phillip Flathmann,CA-2016-114972,11/3/2016,217.584,3
PF-19225,Phillip Flathmann,CA-2016-160234,6/26/2016,135.95,4
PF-19225,Phillip Flathmann,CA-2016-114972,11/3/2016,87.71,5
PF-19225,Phillip Flathmann,CA-2016-114972,11/3/2016,82.95,6
PF-19225,Phillip Flathmann,US-2017-130687,9/7/2017,80.96,7
PF-19225,Phillip Flathmann,US-2017-130687,9/7/2017,25.98,8
PF-19225,Phillip Flathmann,US-2016-163258,12/29/2016,11.232,9
PF-19225,Phillip Flathmann,CA-2017-110380,9/2/2017,6.57,10
PG-18820,Patrick Gardner,CA-2016-103464,11/18/2016,595.0,1
PG-18820,Patrick Gardner,CA-2016-151561,9/1/2016,468.9,2
PG-18820,Patrick Gardner,US-2016-162859,2/15/2016,398.352,3
PG-18820,Patrick Gardner,US-2015-155369,4/19/2015,310.392,4
PG-18820,Patrick Gardner,CA-2016-151561,9/1/2016,191.82,5
PG-18820,Patrick Gardner,US-2014-102071,5/9/2014,167.97,6
PG-18820,Patrick Gardner,CA-2016-144344,10/28/2016,165.048,7
PG-18820,Patrick Gardner,CA-2017-140186,9/29/2017,97.84,8
PG-18820,Patrick Gardner,CA-2017-140186,9/29/2017,72.784,9
PG-18820,Patrick Gardner,CA-2016-151561,9/1/2016,72.48,10
PG-18820,Patrick Gardner,US-2014-102071,5/9/2014,67.8,11
PG-18820,Patrick Gardner,CA-2016-144344,10/28/2016,63.968,12
PG-18820,Patrick Gardner,CA-2017-140186,9/29/2017,51.75,13
PG-18820,Patrick Gardner,CA-2016-144344,10/28/2016,47.952,14
PG-18820,Patrick Gardner,CA-2017-140186,9/29/2017,46.672,15
PG-18820,Patrick Gardner,CA-2016-144344,10/28/2016,37.425,16
PG-18820,Patrick Gardner,CA-2014-109890,7/21/2014,35.98,17
PG-18820,Patrick Gardner,US-2017-116491,11/11/2017,35.184,18
PG-18820,Patrick Gardner,CA-2017-140186,9/29/2017,35.0,19
PG-18820,Patrick Gardner,US-2015-129553,7/27/2015,29.97,20
PG-18820,Patrick Gardner,CA-2017-123701,11/24/2017,27.76,21
PG-18820,Patrick Gardner,US-2015-155369,4/19/2015,19.568,22
PG-18820,Patrick Gardner,CA-2016-150000,4/8/2016,17.92,23
PG-18820,Patrick Gardner,CA-2016-151561,9/1/2016,10.95,24
PG-18820,Patrick Gardner,CA-2016-106306,3/8/2016,9.702,25
PG-18820,Patrick Gardner,US-2016-162859,2/15/2016,8.72,26
PG-18895,Paul Gonzalez,US-2017-135986,6/20/2017,503.96,1
PG-18895,Paul Gonzalez,CA-2015-166464,9/12/2015,479.984,2
PG-18895,Paul Gonzalez,CA-2015-134117,12/17/2015,204.85,3
PG-18895,Paul Gonzalez,CA-2017-122056,6/13/2017,181.86,4
PG-18895,Paul Gonzalez,CA-2015-134117,12/17/2015,135.984,5
PG-18895,Paul Gonzalez,CA-2014-103849,5/11/2014,100.792,6
PG-18895,Paul Gonzalez,CA-2015-134117,12/17/2015,92.96,7
PG-18895,Paul Gonzalez,CA-2014-103849,5/11/2014,66.112,8
PG-18895,Paul Gonzalez,CA-2014-103849,5/11/2014,58.112,9
PG-18895,Paul Gonzalez,CA-2017-148320,11/3/2017,35.88,10
PG-18895,Paul Gonzalez,US-2017-135986,6/20/2017,32.4,11
PG-18895,Paul Gonzalez,CA-2016-147578,4/22/2016,31.56,12
PG-18895,Paul Gonzalez,CA-2017-155558,10/26/2017,19.99,13
PG-18895,Paul Gonzalez,CA-2015-134117,12/17/2015,16.4,14
PG-18895,Paul Gonzalez,CA-2015-166464,9/12/2015,12.6,15
PG-18895,Paul Gonzalez,CA-2016-111010,1/22/2016,7.56,16
PG-18895,Paul Gonzalez,CA-2017-155558,10/26/2017,6.16,17
PH-18790,Patricia Hirasaki,CA-2017-113558,10/21/2017,683.952,1
PH-18790,Patricia Hirasaki,CA-2017-113558,10/21/2017,45.696,2
PJ-18835,Patrick Jones,CA-2015-154746,11/14/2015,826.11,1
PJ-18835,Patrick Jones,CA-2015-137897,11/14/2015,59.9,2
PJ-18835,Patrick Jones,CA-2014-135993,5/28/2014,57.408,3
PJ-18835,Patrick Jones,CA-2017-105130,11/21/2017,40.736,4
PJ-18835,Patrick Jones,US-2017-108700,5/19/2017,38.016,5
PJ-18835,Patrick Jones,CA-2015-137897,11/14/2015,37.6,6
PJ-18835,Patrick Jones,CA-2015-137897,11/14/2015,37.0,7
PJ-18835,Patrick Jones,CA-2015-154746,11/14/2015,33.96,8
PJ-18835,Patrick Jones,CA-2014-135993,5/28/2014,27.6,9
PJ-18835,Patrick Jones,CA-2017-103009,11/3/2017,26.4,10
PJ-18835,Patrick Jones,CA-2016-112676,5/5/2016,14.352,11
PJ-18835,Patrick Jones,CA-2017-105130,11/21/2017,11.76,12
PJ-18835,Patrick Jones,CA-2016-160136,11/3/2016,9.248,13
PJ-19015,Pauline Johnson,CA-2017-143686,5/14/2017,1399.93,1
PJ-19015,Pauline Johnson,CA-2016-153101,9/8/2016,146.04,2
PJ-19015,Pauline Johnson,CA-2015-122973,7/18/2015,135.99,3
PJ-19015,Pauline Johnson,CA-2016-137939,7/20/2016,89.95,4
PJ-19015,Pauline Johnson,CA-2017-143686,5/14/2017,18.28,5
PJ-19015,Pauline Johnson,CA-2017-163069,8/18/2017,9.912,6
PJ-19015,Pauline Johnson,CA-2014-124023,4/7/2014,8.96,7
PJ-19015,Pauline Johnson,CA-2015-122973,7/18/2015,7.38,8
PJ-19015,Pauline Johnson,CA-2017-151218,6/20/2017,4.464,9
PJ-19015,Pauline Johnson,CA-2015-122973,7/18/2015,3.328,10
PK-18910,Paul Knutson,CA-2016-158099,9/3/2016,1141.47,1
PK-18910,Paul Knutson,CA-2016-158099,9/3/2016,280.782,2
PK-18910,Paul Knutson,CA-2014-105172,4/4/2014,18.9,3
PK-19075,Pete Kriz,US-2017-102183,8/21/2017,4305.552,1
PK-19075,Pete Kriz,CA-2017-116680,9/4/2017,1478.272,2
PK-19075,Pete Kriz,CA-2014-105893,11/11/2014,665.88,3
PK-19075,Pete Kriz,CA-2016-118332,12/16/2016,563.92,4
PK-19075,Pete Kriz,CA-2016-129126,12/14/2016,396.92,5
PK-19075,Pete Kriz,CA-2016-115756,9/5/2016,242.94,6
PK-19075,Pete Kriz,CA-2016-115756,9/5/2016,194.94,7
PK-19075,Pete Kriz,US-2016-134488,9/24/2016,155.372,8
PK-19075,Pete Kriz,CA-2016-166282,4/16/2016,123.088,9
PK-19075,Pete Kriz,CA-2017-132346,11/7/2017,100.94,10
PK-19075,Pete Kriz,CA-2016-115756,9/5/2016,91.36,11
PK-19075,Pete Kriz,CA-2016-115756,9/5/2016,70.95,12
PK-19075,Pete Kriz,CA-2016-166282,4/16/2016,35.168,13
PK-19075,Pete Kriz,US-2017-102183,8/21/2017,32.088,14
PK-19075,Pete Kriz,CA-2017-147753,3/5/2017,25.06,15
PK-19075,Pete Kriz,CA-2017-107461,12/21/2017,23.88,16
PK-19075,Pete Kriz,CA-2016-129126,12/14/2016,23.12,17
PK-19075,Pete Kriz,CA-2016-115756,9/5/2016,22.05,18
PK-19075,Pete Kriz,CA-2016-129126,12/14/2016,21.48,19
PK-19075,Pete Kriz,CA-2016-129126,12/14/2016,17.15,20
PK-19075,Pete Kriz,CA-2016-129126,12/14/2016,14.62,21
PK-19075,Pete Kriz,CA-2017-116680,9/4/2017,13.344,22
PK-19075,Pete Kriz,CA-2016-115756,9/5/2016,12.22,23
PK-19075,Pete Kriz,CA-2016-150343,8/16/2016,10.86,24
PK-19075,Pete Kriz,CA-2016-129126,12/14/2016,5.76,25
PL-18925,Paul Lucas,US-2016-113509,3/15/2016,83.976,1
PL-18925,Paul Lucas,CA-2014-168305,11/1/2014,44.4,2
PL-18925,Paul Lucas,CA-2017-165757,6/22/2017,31.155,3
PL-18925,Paul Lucas,CA-2017-119564,12/15/2017,22.77,4
PL-18925,Paul Lucas,CA-2014-168305,11/1/2014,21.4,5
PL-18925,Paul Lucas,CA-2017-109946,4/16/2017,16.52,6
PL-18925,Paul Lucas,CA-2017-165757,6/22/2017,10.332,7
PL-18925,Paul Lucas,CA-2017-165757,6/22/2017,8.928,8
PM-18940,Paul MacIntyre,CA-2016-102092,12/9/2016,1056.86,1
PM-18940,Paul MacIntyre,CA-2015-141250,1/19/2015,199.304,2
PM-18940,Paul MacIntyre,CA-2015-141250,1/19/2015,102.438,3
PM-18940,Paul MacIntyre,CA-2014-117709,5/4/2014,46.8,4
PM-19135,Peter McVee,US-2015-134558,12/19/2015,2249.91,1
PM-19135,Peter McVee,US-2015-134558,12/19/2015,1053.164,2
PM-19135,Peter McVee,CA-2017-159667,11/9/2017,499.168,3
PM-19135,Peter McVee,CA-2017-159667,11/9/2017,191.976,4
PM-19135,Peter McVee,CA-2016-149685,10/8/2016,60.144,5
PM-19135,Peter McVee,CA-2016-165148,10/22/2016,31.4,6
PM-19135,Peter McVee,US-2015-134558,12/19/2015,29.9,7
PN-18775,Parhena Norris,CA-2016-138597,12/18/2016,563.94,1
PN-18775,Parhena Norris,US-2017-132031,4/23/2017,387.136,2
PN-18775,Parhena Norris,CA-2017-161018,11/9/2017,96.53,3
PN-18775,Parhena Norris,US-2017-132031,4/23/2017,77.952,4
PN-18775,Parhena Norris,US-2017-148768,11/30/2017,71.976,5
PN-18775,Parhena Norris,CA-2017-132213,4/25/2017,67.92,6
PN-18775,Parhena Norris,US-2016-118780,9/10/2016,59.48,7
PN-18775,Parhena Norris,US-2017-132031,4/23/2017,45.408,8
PN-18775,Parhena Norris,CA-2017-132213,4/25/2017,42.048,9
PN-18775,Parhena Norris,CA-2016-155439,9/14/2016,25.92,10
PN-18775,Parhena Norris,CA-2015-141936,8/7/2015,19.152,11
PN-18775,Parhena Norris,US-2016-118780,9/10/2016,6.69,12
PN-18775,Parhena Norris,US-2017-132031,4/23/2017,3.0,13
PO-18850,Patrick O'Brill,CA-2017-129021,8/23/2017,4367.896,1
PO-18850,Patrick O'Brill,US-2016-141544,8/30/2016,786.744,2
PO-18850,Patrick O'Brill,CA-2015-130183,11/13/2015,613.9992,3
PO-18850,Patrick O'Brill,CA-2017-141705,10/24/2017,517.405,4
PO-18850,Patrick O'Brill,US-2016-141544,8/30/2016,290.898,5
PO-18850,Patrick O'Brill,CA-2017-129021,8/23/2017,161.376,6
PO-18850,Patrick O'Brill,US-2017-101784,7/6/2017,122.136,7
PO-18850,Patrick O'Brill,CA-2014-159681,12/7/2014,105.52,8
PO-18850,Patrick O'Brill,US-2016-141544,8/30/2016,100.24,9
PO-18850,Patrick O'Brill,CA-2014-148782,11/2/2014,88.776,10
PO-18850,Patrick O'Brill,US-2016-141544,8/30/2016,54.224,11
PO-18850,Patrick O'Brill,CA-2017-129021,8/23/2017,49.568,12
PO-18850,Patrick O'Brill,US-2017-106705,12/26/2017,44.75,13
PO-18850,Patrick O'Brill,US-2016-141544,8/30/2016,37.764,14
PO-18850,Patrick O'Brill,CA-2015-104486,5/1/2015,37.32,15
PO-18850,Patrick O'Brill,CA-2015-104486,5/1/2015,35.06,16
PO-18850,Patrick O'Brill,CA-2017-149853,10/3/2017,17.92,17
PO-18850,Patrick O'Brill,CA-2017-149853,10/3/2017,15.552,18
PO-18850,Patrick O'Brill,CA-2015-104486,5/1/2015,12.176,19
PO-18850,Patrick O'Brill,CA-2017-129021,8/23/2017,8.72,20
PO-18850,Patrick O'Brill,CA-2016-111409,9/18/2016,3.0,21
PO-18850,Patrick O'Brill,CA-2017-129021,8/23/2017,2.784,22
PO-18865,Patrick O'Donnell,CA-2014-120838,3/23/2014,604.752,1
PO-18865,Patrick O'Donnell,CA-2014-120838,3/23/2014,330.4,2
PO-18865,Patrick O'Donnell,CA-2017-143259,12/30/2017,323.136,3
PO-18865,Patrick O'Donnell,CA-2017-140088,5/28/2017,301.96,4
PO-18865,Patrick O'Donnell,CA-2014-146703,10/20/2014,211.96,5
PO-18865,Patrick O'Donnell,US-2016-152415,9/17/2016,191.82,6
PO-18865,Patrick O'Donnell,CA-2017-128328,8/5/2017,133.2,7
PO-18865,Patrick O'Donnell,CA-2017-128328,8/5/2017,125.88,8
PO-18865,Patrick O'Donnell,CA-2017-143259,12/30/2017,90.93,9
PO-18865,Patrick O'Donnell,CA-2017-128328,8/5/2017,79.78,10
PO-18865,Patrick O'Donnell,CA-2017-143259,12/30/2017,52.776,11
PO-18865,Patrick O'Donnell,CA-2017-108756,12/25/2017,31.8,12
PO-18865,Patrick O'Donnell,US-2016-152415,9/17/2016,14.82,13
PO-19180,Philisse Overcash,CA-2016-147375,6/12/2016,1007.979,1
PO-19180,Philisse Overcash,CA-2015-121783,11/10/2015,795.51,2
PO-19180,Philisse Overcash,CA-2015-121783,11/10/2015,715.64,3
PO-19180,Philisse Overcash,CA-2015-121783,11/10/2015,549.99,4
PO-19180,Philisse Overcash,CA-2015-164539,11/16/2015,523.25,5
PO-19180,Philisse Overcash,CA-2017-118346,7/23/2017,399.95,6
PO-19180,Philisse Overcash,CA-2016-147375,6/12/2016,313.488,7
PO-19180,Philisse Overcash,CA-2016-151148,9/12/2016,146.952,8
PO-19180,Philisse Overcash,US-2015-156797,8/11/2015,138.0,9
PO-19180,Philisse Overcash,CA-2016-151148,9/12/2016,83.136,10
PO-19180,Philisse Overcash,CA-2015-121783,11/10/2015,74.76,11
PO-19180,Philisse Overcash,CA-2017-143665,4/26/2017,39.28,12
PO-19180,Philisse Overcash,CA-2015-121783,11/10/2015,29.22,13
PO-19180,Philisse Overcash,CA-2017-143665,4/26/2017,20.34,14
PO-19180,Philisse Overcash,CA-2016-147683,11/13/2016,19.54,15
PO-19180,Philisse Overcash,CA-2017-142867,3/17/2017,13.776,16
PO-19180,Philisse Overcash,US-2015-156797,8/11/2015,11.96,17
PO-19180,Philisse Overcash,CA-2017-142867,3/17/2017,10.272,18
PO-19195,Phillina Ober,CA-2015-110891,11/20/2015,344.372,1
PO-19195,Phillina Ober,CA-2014-112326,1/4/2014,272.736,2
PO-19195,Phillina Ober,US-2017-103247,10/5/2017,160.93,3
PO-19195,Phillina Ober,CA-2015-156335,9/25/2015,104.98,4
PO-19195,Phillina Ober,US-2017-103247,10/5/2017,75.792,5
PO-19195,Phillina Ober,CA-2015-156335,9/25/2015,63.96,6
PO-19195,Phillina Ober,CA-2015-156335,9/25/2015,14.46,7
PO-19195,Phillina Ober,CA-2014-112326,1/4/2014,11.784,8
PO-19195,Phillina Ober,CA-2015-144099,11/29/2015,4.304,9
PO-19195,Phillina Ober,CA-2014-112326,1/4/2014,3.54,10
PP-18955,Paul Prost,CA-2014-126683,9/29/2014,2348.82,1
PP-18955,Paul Prost,CA-2017-117401,5/18/2017,706.86,2
PP-18955,Paul Prost,US-2016-108504,2/5/2016,484.83,3
PP-18955,Paul Prost,CA-2017-134096,9/24/2017,383.96,4
PP-18955,Paul Prost,US-2016-108504,2/5/2016,348.84,5
PP-18955,Paul Prost,US-2016-108504,2/5/2016,342.37,6
PP-18955,Paul Prost,CA-2016-145177,11/10/2016,334.88,7
PP-18955,Paul Prost,CA-2015-146087,7/6/2015,301.96,8
PP-18955,Paul Prost,US-2016-108504,2/5/2016,239.98,9
PP-18955,Paul Prost,CA-2016-145177,11/10/2016,178.92,10
PP-18955,Paul Prost,CA-2014-146815,9/8/2014,172.764,11
PP-18955,Paul Prost,US-2016-108504,2/5/2016,167.96,12
PP-18955,Paul Prost,US-2016-108504,2/5/2016,154.44,13
PP-18955,Paul Prost,US-2014-115413,8/26/2014,149.97,14
PP-18955,Paul Prost,CA-2016-145177,11/10/2016,148.288,15
PP-18955,Paul Prost,US-2016-108504,2/5/2016,122.97,16
PP-18955,Paul Prost,CA-2017-117401,5/18/2017,114.95,17
PP-18955,Paul Prost,US-2016-108504,2/5/2016,104.85,18
PP-18955,Paul Prost,CA-2016-145177,11/10/2016,89.568,19
PP-18955,Paul Prost,US-2016-108504,2/5/2016,80.98,20
PP-18955,Paul Prost,CA-2016-145177,11/10/2016,69.888,21
PP-18955,Paul Prost,CA-2017-117401,5/18/2017,43.19,22
PP-18955,Paul Prost,CA-2016-145177,11/10/2016,41.958,23
PP-18955,Paul Prost,CA-2016-145177,11/10/2016,22.248,24
PP-18955,Paul Prost,US-2016-108504,2/5/2016,18.84,25
PP-18955,Paul Prost,CA-2017-134096,9/24/2017,15.57,26
PP-18955,Paul Prost,CA-2015-130253,12/14/2015,15.24,27
PP-18955,Paul Prost,US-2016-108504,2/5/2016,9.45,28
PP-18955,Paul Prost,CA-2016-145177,11/10/2016,9.216,29
PP-18955,Paul Prost,US-2014-115413,8/26/2014,8.64,30
PP-18955,Paul Prost,CA-2014-126683,9/29/2014,6.16,31
PP-18955,Paul Prost,CA-2015-111864,6/19/2015,5.904,32
PP-18955,Paul Prost,CA-2016-145177,11/10/2016,4.624,33
PP-18955,Paul Prost,CA-2014-146815,9/8/2014,3.52,34
PR-18880,Patrick Ryan,US-2017-109253,8/21/2017,568.728,1
PR-18880,Patrick Ryan,US-2017-109253,8/21/2017,431.968,2
PR-18880,Patrick Ryan,US-2017-109253,8/21/2017,203.52,3
PR-18880,Patrick Ryan,US-2015-110261,12/19/2015,158.376,4
PR-18880,Patrick Ryan,US-2017-109253,8/21/2017,129.92,5
PR-18880,Patrick Ryan,US-2017-109253,8/21/2017,117.144,6
PR-18880,Patrick Ryan,CA-2015-125563,4/11/2015,67.36,7
PR-18880,Patrick Ryan,CA-2015-125563,4/11/2015,54.528,8
PR-18880,Patrick Ryan,US-2017-109253,8/21/2017,51.75,9
PR-18880,Patrick Ryan,CA-2014-136861,9/5/2014,31.984,10
PR-18880,Patrick Ryan,US-2017-109253,8/21/2017,17.12,11
PR-18880,Patrick Ryan,CA-2017-162250,11/24/2017,7.78,12
PS-18760,Pamela Stobb,CA-2015-143147,5/26/2015,399.54,1
PS-18760,Pamela Stobb,CA-2016-153269,3/9/2016,354.9,2
PS-18760,Pamela Stobb,CA-2017-128965,4/17/2017,274.89,3
PS-18760,Pamela Stobb,CA-2017-156237,9/14/2017,241.17,4
PS-18760,Pamela Stobb,CA-2017-128965,4/17/2017,218.352,5
PS-18760,Pamela Stobb,CA-2017-156237,9/14/2017,127.936,6
PS-18760,Pamela Stobb,CA-2017-156237,9/14/2017,113.372,7
PS-18760,Pamela Stobb,CA-2015-143147,5/26/2015,105.686,8
PS-18760,Pamela Stobb,CA-2015-143147,5/26/2015,104.93,9
PS-18760,Pamela Stobb,CA-2016-153269,3/9/2016,51.8,10
PS-18760,Pamela Stobb,CA-2014-126963,6/15/2014,36.544,11
PS-18760,Pamela Stobb,CA-2017-128965,4/17/2017,28.14,12
PS-18760,Pamela Stobb,CA-2017-128965,4/17/2017,23.04,13
PS-18760,Pamela Stobb,US-2016-101497,9/29/2016,18.97,14
PS-18760,Pamela Stobb,CA-2017-156237,9/14/2017,18.312,15
PS-18760,Pamela Stobb,CA-2016-153269,3/9/2016,17.94,16
PS-18760,Pamela Stobb,CA-2017-156237,9/14/2017,12.585,17
PS-18760,Pamela Stobb,CA-2016-153269,3/9/2016,11.21,18
PS-18760,Pamela Stobb,CA-2017-128965,4/17/2017,10.9,19
PS-18760,Pamela Stobb,CA-2017-128965,4/17/2017,7.38,20
PS-18760,Pamela Stobb,CA-2017-156237,9/14/2017,3.882,21
PS-18970,Paul Stevenson,CA-2017-111591,3/21/2017,359.32,1
PS-18970,Paul Stevenson,US-2015-164175,4/30/2015,213.115,2
PS-18970,Paul Stevenson,CA-2015-135727,5/11/2015,191.968,3
PS-18970,Paul Stevenson,US-2014-120740,4/15/2014,187.76,4
PS-18970,Paul Stevenson,US-2014-120740,4/15/2014,106.96,5
PS-18970,Paul Stevenson,CA-2015-140830,11/30/2015,71.88,6
PS-18970,Paul Stevenson,US-2017-111920,10/22/2017,36.44,7
PS-18970,Paul Stevenson,CA-2017-111591,3/21/2017,30.576,8
PS-18970,Paul Stevenson,CA-2017-111591,3/21/2017,22.14,9
PS-18970,Paul Stevenson,CA-2017-163818,10/4/2017,19.98,10
PS-18970,Paul Stevenson,CA-2015-140830,11/30/2015,17.48,11
PS-18970,Paul Stevenson,CA-2017-111591,3/21/2017,13.02,12
PS-18970,Paul Stevenson,CA-2016-161158,5/9/2016,8.0,13
PS-19045,Penelope Sewall,CA-2017-133865,5/8/2017,3359.952,1
PS-19045,Penelope Sewall,CA-2014-136567,12/20/2014,2244.48,2
PS-19045,Penelope Sewall,CA-2014-136567,12/20/2014,455.1,3
PS-19045,Penelope Sewall,CA-2017-160423,1/21/2017,348.208,4
PS-19045,Penelope Sewall,CA-2014-136567,12/20/2014,122.48,5
PS-19045,Penelope Sewall,CA-2015-132374,2/22/2015,79.36,6
PS-19045,Penelope Sewall,CA-2015-155054,6/13/2015,67.98,7
PS-19045,Penelope Sewall,CA-2014-136567,12/20/2014,62.31,8
PS-19045,Penelope Sewall,CA-2017-160423,1/21/2017,35.784,9
PS-19045,Penelope Sewall,CA-2015-155054,6/13/2015,29.84,10
PS-19045,Penelope Sewall,CA-2017-109211,4/4/2017,16.98,11
PS-19045,Penelope Sewall,CA-2016-164896,11/7/2016,12.9,12
PS-19045,Penelope Sewall,CA-2015-155054,6/13/2015,8.26,13
PT-19090,Pete Takahito,US-2016-152373,9/5/2016,93.456,1
PT-19090,Pete Takahito,CA-2017-103065,10/20/2017,43.936,2
PT-19090,Pete Takahito,CA-2017-103065,10/20/2017,6.672,3
PT-19090,Pete Takahito,US-2014-150924,9/12/2014,5.18,4
PT-19090,Pete Takahito,CA-2017-103065,10/20/2017,4.768,5
PT-19090,Pete Takahito,CA-2017-103065,10/20/2017,4.448,6
PT-19090,Pete Takahito,CA-2017-145093,7/21/2017,2.112,7
PV-18985,Paul Van Hugh,CA-2017-105914,10/2/2017,1575.14,1
PV-18985,Paul Van Hugh,CA-2014-161508,7/12/2014,512.358,2
PV-18985,Paul Van Hugh,CA-2016-119025,2/22/2016,490.32,3
PV-18985,Paul Van Hugh,CA-2017-105914,10/2/2017,112.12,4
PV-18985,Paul Van Hugh,US-2017-133081,3/11/2017,63.88,5
PV-18985,Paul Van Hugh,CA-2016-107216,6/14/2016,29.29,6
PV-18985,Paul Van Hugh,US-2017-133081,3/11/2017,26.72,7
PV-18985,Paul Van Hugh,CA-2014-161508,7/12/2014,22.288,8
PV-18985,Paul Van Hugh,CA-2014-161508,7/12/2014,16.032,9
PV-18985,Paul Van Hugh,CA-2016-107216,6/14/2016,8.73,10
PV-18985,Paul Van Hugh,CA-2016-107216,6/14/2016,8.64,11
PV-18985,Paul Van Hugh,CA-2016-107216,6/14/2016,7.04,12
PV-18985,Paul Van Hugh,CA-2014-161508,7/12/2014,3.488,13
PW-19030,Pauline Webber,CA-2017-116988,6/27/2017,1287.45,1
PW-19030,Pauline Webber,CA-2016-113607,10/14/2016,1091.93,2
PW-19030,Pauline Webber,CA-2014-125150,5/16/2014,232.88,3
PW-19030,Pauline Webber,CA-2016-140438,12/24/2016,197.97,4
PW-19030,Pauline Webber,CA-2017-116988,6/27/2017,126.3,5
PW-19030,Pauline Webber,CA-2016-105354,12/2/2016,115.84,6
PW-19030,Pauline Webber,CA-2016-113607,10/14/2016,111.96,7
PW-19030,Pauline Webber,CA-2017-137323,11/14/2017,96.36,8
PW-19030,Pauline Webber,CA-2015-127327,2/3/2015,90.882,9
PW-19030,Pauline Webber,CA-2017-156272,3/21/2017,64.384,10
PW-19030,Pauline Webber,CA-2017-116988,6/27/2017,19.44,11
PW-19030,Pauline Webber,CA-2017-117695,8/5/2017,13.76,12
PW-19030,Pauline Webber,CA-2016-140256,8/22/2016,5.76,13
PW-19240,Pierre Wener,CA-2015-162782,2/21/2015,2541.98,1
PW-19240,Pierre Wener,US-2015-114839,4/26/2015,408.422,2
PW-19240,Pierre Wener,US-2015-145422,12/3/2015,359.499,3
PW-19240,Pierre Wener,CA-2015-144274,11/23/2015,307.98,4
PW-19240,Pierre Wener,CA-2014-164210,11/18/2014,145.98,5
PW-19240,Pierre Wener,CA-2015-144274,11/23/2015,44.1,6
PW-19240,Pierre Wener,CA-2015-144274,11/23/2015,38.88,7
PW-19240,Pierre Wener,CA-2014-164210,11/18/2014,35.808,8
PW-19240,Pierre Wener,CA-2015-144274,11/23/2015,16.56,9
PW-19240,Pierre Wener,CA-2015-144274,11/23/2015,13.12,10
PW-19240,Pierre Wener,CA-2016-120257,9/22/2016,7.872,11
PW-19240,Pierre Wener,US-2016-131891,7/29/2016,2.214,12
QJ-19255,Quincy Jones,CA-2015-117086,11/8/2015,4404.9,1
QJ-19255,Quincy Jones,CA-2017-144526,4/30/2017,677.58,2
QJ-19255,Quincy Jones,CA-2016-142097,10/15/2016,232.96,3
QJ-19255,Quincy Jones,CA-2017-104066,12/5/2017,205.03,4
QJ-19255,Quincy Jones,US-2014-157070,6/1/2014,138.56,5
QJ-19255,Quincy Jones,CA-2014-127859,3/17/2014,126.624,6
QJ-19255,Quincy Jones,CA-2016-134425,12/8/2016,114.95,7
QJ-19255,Quincy Jones,CA-2016-142097,10/15/2016,66.54,8
QJ-19255,Quincy Jones,US-2014-157070,6/1/2014,65.52,9
QJ-19255,Quincy Jones,CA-2016-142097,10/15/2016,43.26,10
QJ-19255,Quincy Jones,CA-2017-144526,4/30/2017,13.896,11
QJ-19255,Quincy Jones,CA-2016-109652,4/10/2016,13.568,12
QJ-19255,Quincy Jones,CA-2015-130995,11/1/2015,4.95,13
RA-19285,Ralph Arnett,CA-2015-111780,12/25/2015,1199.96,1
RA-19285,Ralph Arnett,CA-2017-141929,9/4/2017,487.984,2
RA-19285,Ralph Arnett,CA-2017-131695,6/30/2017,248.57,3
RA-19285,Ralph Arnett,CA-2017-141929,9/4/2017,217.85,4
RA-19285,Ralph Arnett,CA-2017-161480,12/25/2017,191.984,5
RA-19285,Ralph Arnett,CA-2017-127313,12/1/2017,79.12,6
RA-19285,Ralph Arnett,CA-2015-155068,10/23/2015,55.944,7
RA-19285,Ralph Arnett,CA-2017-127313,12/1/2017,37.392,8
RA-19285,Ralph Arnett,CA-2017-131695,6/30/2017,22.23,9
RA-19285,Ralph Arnett,CA-2015-111780,12/25/2015,17.94,10
RA-19285,Ralph Arnett,CA-2015-111780,12/25/2015,12.6,11
RA-19285,Ralph Arnett,CA-2015-155068,10/23/2015,11.824,12
RA-19285,Ralph Arnett,CA-2015-150441,8/13/2015,11.36,13
RA-19285,Ralph Arnett,CA-2015-155068,10/23/2015,10.688,14
RA-19285,Ralph Arnett,CA-2017-141929,9/4/2017,5.56,15
RA-19285,Ralph Arnett,US-2016-128195,8/4/2016,3.98,16
RA-19285,Ralph Arnett,CA-2014-154186,12/13/2014,2.92,17
RA-19885,Ruben Ausman,US-2014-118997,4/8/2014,1215.92,1
RA-19885,Ruben Ausman,US-2017-106145,9/26/2017,931.176,2
RA-19885,Ruben Ausman,CA-2014-129091,11/22/2014,675.12,3
RA-19885,Ruben Ausman,CA-2014-129091,11/22/2014,319.9,4
RA-19885,Ruben Ausman,CA-2017-163629,11/17/2017,206.1,5
RA-19885,Ruben Ausman,US-2017-111745,11/5/2017,159.99,6
RA-19885,Ruben Ausman,CA-2017-163629,11/17/2017,79.99,7
RA-19885,Ruben Ausman,CA-2016-101343,7/17/2016,77.88,8
RA-19885,Ruben Ausman,US-2017-106145,9/26/2017,71.88,9
RA-19885,Ruben Ausman,US-2017-106145,9/26/2017,35.88,10
RA-19885,Ruben Ausman,US-2017-106145,9/26/2017,17.04,11
RA-19885,Ruben Ausman,CA-2014-129091,11/22/2014,16.23,12
RA-19885,Ruben Ausman,CA-2014-129091,11/22/2014,11.36,13
RA-19885,Ruben Ausman,US-2017-106145,9/26/2017,9.24,14
RA-19885,Ruben Ausman,CA-2015-155453,8/9/2015,4.608,15
RA-19915,Russell Applegate,CA-2014-134313,11/1/2014,1983.968,1
RA-19915,Russell Applegate,US-2015-122784,7/20/2015,913.43,2
RA-19915,Russell Applegate,US-2015-122784,7/20/2015,384.944,3
RA-19915,Russell Applegate,CA-2016-149979,9/23/2016,368.97,4
RA-19915,Russell Applegate,CA-2017-112809,8/18/2017,200.064,5
RA-19915,Russell Applegate,US-2015-122784,7/20/2015,153.584,6
RA-19915,Russell Applegate,CA-2017-140585,12/18/2017,119.98,7
RA-19915,Russell Applegate,CA-2017-140585,12/18/2017,119.833,8
RA-19915,Russell Applegate,CA-2016-149979,9/23/2016,118.25,9
RA-19915,Russell Applegate,CA-2015-149909,11/13/2015,96.08,10
RA-19915,Russell Applegate,CA-2015-149909,11/13/2015,63.77,11
RA-19915,Russell Applegate,CA-2015-149909,11/13/2015,50.97,12
RA-19915,Russell Applegate,CA-2014-102008,9/30/2014,48.94,13
RA-19915,Russell Applegate,CA-2017-140585,12/18/2017,46.672,14
RA-19915,Russell Applegate,CA-2014-134313,11/1/2014,43.176,15
RA-19915,Russell Applegate,CA-2015-130792,4/28/2015,23.832,16
RA-19915,Russell Applegate,CA-2017-112809,8/18/2017,21.38,17
RA-19915,Russell Applegate,CA-2015-130792,4/28/2015,12.176,18
RA-19915,Russell Applegate,CA-2015-130792,4/28/2015,8.652,19
RA-19915,Russell Applegate,CA-2017-112809,8/18/2017,6.744,20
RA-19915,Russell Applegate,CA-2014-123064,6/30/2014,5.248,21
RA-19915,Russell Applegate,US-2015-122784,7/20/2015,2.88,22
RA-19945,Ryan Akin,CA-2014-169775,8/29/2014,505.176,1
RA-19945,Ryan Akin,CA-2015-126445,8/27/2015,484.65,2
RA-19945,Ryan Akin,CA-2017-152583,10/30/2017,251.006,3
RA-19945,Ryan Akin,CA-2014-169775,8/29/2014,174.0585,4
RA-19945,Ryan Akin,CA-2017-146346,6/17/2017,146.352,5
RA-19945,Ryan Akin,CA-2017-152583,10/30/2017,54.192,6
RA-19945,Ryan Akin,CA-2014-169775,8/29/2014,29.808,7
RA-19945,Ryan Akin,CA-2015-112823,12/10/2015,25.488,8
RA-19945,Ryan Akin,CA-2017-152583,10/30/2017,16.192,9
RB-19330,Randy Bradley,CA-2014-159835,11/17/2014,657.93,1
RB-19330,Randy Bradley,CA-2017-106068,10/23/2017,259.136,2
RB-19330,Randy Bradley,CA-2017-106068,10/23/2017,55.2,3
RB-19330,Randy Bradley,CA-2017-106068,10/23/2017,13.72,4
RB-19330,Randy Bradley,CA-2014-159835,11/17/2014,12.448,5
RB-19330,Randy Bradley,CA-2017-106068,10/23/2017,9.762,6
RB-19360,Raymond Buch,CA-2017-140151,3/23/2017,13999.96,1
RB-19360,Raymond Buch,CA-2016-166674,4/1/2016,263.88,2
RB-19360,Raymond Buch,CA-2016-166674,4/1/2016,161.94,3
RB-19360,Raymond Buch,CA-2016-109953,7/14/2016,151.62,4
RB-19360,Raymond Buch,CA-2017-162572,9/25/2017,119.96,5
RB-19360,Raymond Buch,CA-2016-109953,7/14/2016,110.376,6
RB-19360,Raymond Buch,CA-2016-166674,4/1/2016,59.52,7
RB-19360,Raymond Buch,CA-2016-156573,5/29/2016,44.76,8
RB-19360,Raymond Buch,CA-2016-166674,4/1/2016,35.12,9
RB-19360,Raymond Buch,CA-2017-140151,3/23/2017,32.48,10
RB-19360,Raymond Buch,CA-2016-109953,7/14/2016,30.8,11
RB-19360,Raymond Buch,CA-2016-166674,4/1/2016,30.48,12
RB-19360,Raymond Buch,CA-2017-169810,7/25/2017,20.23,13
RB-19360,Raymond Buch,CA-2017-140151,3/23/2017,20.04,14
RB-19360,Raymond Buch,CA-2016-156573,5/29/2016,11.277,15
RB-19360,Raymond Buch,CA-2017-162572,9/25/2017,10.608,16
RB-19360,Raymond Buch,CA-2016-166674,4/1/2016,9.84,17
RB-19360,Raymond Buch,CA-2016-156573,5/29/2016,4.448,18
RB-19435,Richard Bierner,CA-2017-153871,12/11/2017,735.98,1
RB-19435,Richard Bierner,US-2014-144078,11/25/2014,725.344,2
RB-19435,Richard Bierner,US-2014-144078,11/25/2014,539.92,3
RB-19435,Richard Bierner,US-2015-103996,3/29/2015,212.64,4
RB-19435,Richard Bierner,CA-2014-167360,11/24/2014,111.79,5
RB-19435,Richard Bierner,US-2014-105137,10/10/2014,101.994,6
RB-19435,Richard Bierner,US-2015-103996,3/29/2015,53.25,7
RB-19435,Richard Bierner,CA-2017-153871,12/11/2017,40.2,8
RB-19435,Richard Bierner,CA-2015-120397,7/2/2015,32.784,9
RB-19435,Richard Bierner,CA-2017-146458,11/19/2017,22.96,10
RB-19435,Richard Bierner,CA-2017-153871,12/11/2017,22.75,11
RB-19435,Richard Bierner,US-2015-103996,3/29/2015,19.92,12
RB-19435,Richard Bierner,US-2014-105137,10/10/2014,18.264,13
RB-19435,Richard Bierner,US-2015-103996,3/29/2015,9.87,14
RB-19435,Richard Bierner,US-2014-103338,3/11/2014,7.98,15
RB-19435,Richard Bierner,US-2014-144078,11/25/2014,7.44,16
RB-19465,Rick Bensley,CA-2016-115917,5/20/2016,1049.2,1
RB-19465,Rick Bensley,US-2016-146066,8/21/2016,815.292,2
RB-19465,Rick Bensley,CA-2014-152618,3/14/2014,574.91,3
RB-19465,Rick Bensley,CA-2017-105823,6/22/2017,487.96,4
RB-19465,Rick Bensley,CA-2014-117765,9/7/2014,429.9,5
RB-19465,Rick Bensley,CA-2016-120803,3/9/2016,199.75,6
RB-19465,Rick Bensley,CA-2016-103107,7/4/2016,177.48,7
RB-19465,Rick Bensley,CA-2016-105662,5/5/2016,177.48,8
RB-19465,Rick Bensley,CA-2014-117765,9/7/2014,161.96,9
RB-19465,Rick Bensley,CA-2017-161578,12/16/2017,158.9,10
RB-19465,Rick Bensley,CA-2016-158568,8/29/2016,95.976,11
RB-19465,Rick Bensley,CA-2016-105662,5/5/2016,93.248,12
RB-19465,Rick Bensley,CA-2016-103107,7/4/2016,71.976,13
RB-19465,Rick Bensley,CA-2016-158568,8/29/2016,64.624,14
RB-19465,Rick Bensley,CA-2014-117765,9/7/2014,32.06,15
RB-19465,Rick Bensley,CA-2016-103107,7/4/2016,25.4,16
RB-19465,Rick Bensley,CA-2017-104822,10/20/2017,24.55,17
RB-19465,Rick Bensley,CA-2014-117765,9/7/2014,19.86,18
RB-19465,Rick Bensley,CA-2017-137456,12/21/2017,15.92,19
RB-19465,Rick Bensley,CA-2016-115917,5/20/2016,15.424,20
RB-19465,Rick Bensley,CA-2017-161578,12/16/2017,13.36,21
RB-19465,Rick Bensley,CA-2014-152618,3/14/2014,8.448,22
RB-19465,Rick Bensley,CA-2016-158568,8/29/2016,1.788,23
RB-19570,Rob Beeghly,US-2016-104815,9/3/2016,198.744,1
RB-19570,Rob Beeghly,CA-2017-130351,12/5/2017,99.39,2
RB-19570,Rob Beeghly,CA-2017-130351,12/5/2017,61.44,3
RB-19570,Rob Beeghly,US-2016-128678,9/15/2016,48.664,4
RB-19570,Rob Beeghly,CA-2017-130351,12/5/2017,38.9,5
RB-19570,Rob Beeghly,CA-2016-167605,4/28/2016,30.344,6
RB-19570,Rob Beeghly,CA-2017-138779,1/14/2017,21.744,7
RB-19570,Rob Beeghly,US-2016-128678,9/15/2016,21.4,8
RB-19570,Rob Beeghly,CA-2017-138779,1/14/2017,7.92,9
RB-19645,Robert Barroso,CA-2016-107615,3/22/2016,58.58,1
RB-19645,Robert Barroso,CA-2015-153038,12/18/2015,55.936,2
RB-19645,Robert Barroso,CA-2014-154837,8/23/2014,49.568,3
RB-19645,Robert Barroso,CA-2015-153038,12/18/2015,20.32,4
RB-19645,Robert Barroso,CA-2015-153038,12/18/2015,18.432,5
RB-19645,Robert Barroso,CA-2014-125682,11/22/2014,9.96,6
RB-19645,Robert Barroso,CA-2014-106719,8/24/2014,8.288,7
RB-19705,Roger Barcio,CA-2017-152975,9/14/2017,1079.85,1
RB-19705,Roger Barcio,CA-2017-152975,9/14/2017,589.41,2
RB-19705,Roger Barcio,CA-2015-119550,12/26/2015,275.058,3
RB-19705,Roger Barcio,CA-2017-152975,9/14/2017,70.98,4
RB-19705,Roger Barcio,CA-2017-152975,9/14/2017,29.95,5
RB-19705,Roger Barcio,CA-2015-129854,8/22/2015,16.52,6
RB-19705,Roger Barcio,US-2017-109484,11/6/2017,5.682,7
RB-19795,Ross Baird,US-2017-110576,11/28/2017,2065.32,1
RB-19795,Ross Baird,US-2017-110576,11/28/2017,1007.232,2
RB-19795,Ross Baird,US-2016-168620,12/24/2016,540.048,3
RB-19795,Ross Baird,US-2017-110576,11/28/2017,516.488,4
RB-19795,Ross Baird,US-2016-123750,4/15/2016,408.744,5
RB-19795,Ross Baird,US-2016-123750,4/15/2016,291.96,6
RB-19795,Ross Baird,US-2016-168620,12/24/2016,255.68,7
RB-19795,Ross Baird,US-2016-123750,4/15/2016,189.588,8
RB-19795,Ross Baird,US-2016-155971,6/6/2016,99.9,9
RB-19795,Ross Baird,CA-2017-157672,10/5/2017,63.824,10
RB-19795,Ross Baird,CA-2017-100748,5/13/2017,58.48,11
RB-19795,Ross Baird,US-2016-168620,12/24/2016,27.882,12
RB-19795,Ross Baird,US-2017-110576,11/28/2017,25.344,13
RB-19795,Ross Baird,US-2015-150161,7/25/2015,25.176,14
RB-19795,Ross Baird,US-2016-155971,6/6/2016,22.05,15
RB-19795,Ross Baird,US-2017-110576,11/28/2017,15.552,16
RB-19795,Ross Baird,CA-2014-141299,6/3/2014,15.28,17
RB-19795,Ross Baird,US-2016-123750,4/15/2016,4.768,18
RC-19825,Roy Collins,CA-2016-125318,6/6/2016,328.224,1
RC-19825,Roy Collins,CA-2016-140746,1/15/2016,181.797,2
RC-19825,Roy Collins,CA-2016-141397,6/20/2016,161.94,3
RC-19825,Roy Collins,CA-2016-141397,6/20/2016,161.568,4
RC-19825,Roy Collins,CA-2016-141397,6/20/2016,46.76,5
RC-19825,Roy Collins,CA-2014-138296,12/5/2014,24.56,6
RC-19825,Roy Collins,CA-2016-141397,6/20/2016,21.78,7
RC-19825,Roy Collins,CA-2016-141397,6/20/2016,17.712,8
RC-19825,Roy Collins,CA-2016-114538,12/26/2016,11.328,9
RC-19825,Roy Collins,CA-2016-143308,11/4/2016,10.74,10
RC-19960,Ryan Crowe,US-2014-112872,12/6/2014,275.49,1
RC-19960,Ryan Crowe,CA-2014-115259,8/25/2014,130.464,2
RC-19960,Ryan Crowe,CA-2016-130225,9/11/2016,99.568,3
RC-19960,Ryan Crowe,US-2016-157728,9/22/2016,97.98,4
RC-19960,Ryan Crowe,US-2016-144351,11/14/2016,89.97,5
RC-19960,Ryan Crowe,US-2014-112872,12/6/2014,53.424,6
RC-19960,Ryan Crowe,CA-2014-115259,8/25/2014,40.096,7
RC-19960,Ryan Crowe,US-2016-157728,9/22/2016,35.56,8
RC-19960,Ryan Crowe,CA-2017-112774,9/11/2017,34.504,9
RC-19960,Ryan Crowe,CA-2014-115259,8/25/2014,23.976,10
RC-19960,Ryan Crowe,CA-2014-115259,8/25/2014,4.72,11
RD-19480,Rick Duston,CA-2014-108147,6/8/2014,1676.88,1
RD-19480,Rick Duston,US-2017-166688,5/20/2017,1123.128,2
RD-19480,Rick Duston,US-2017-116652,9/15/2017,529.9,3
RD-19480,Rick Duston,US-2017-116652,9/15/2017,218.352,4
RD-19480,Rick Duston,CA-2015-122826,6/23/2015,201.568,5
RD-19480,Rick Duston,CA-2016-164637,3/4/2016,128.4,6
RD-19480,Rick Duston,US-2017-116652,9/15/2017,108.96,7
RD-19480,Rick Duston,US-2017-116652,9/15/2017,99.3,8
RD-19480,Rick Duston,CA-2014-108147,6/8/2014,68.48,9
RD-19480,Rick Duston,US-2017-166688,5/20/2017,64.9,10
RD-19480,Rick Duston,CA-2016-136434,12/1/2016,17.31,11
RD-19480,Rick Duston,CA-2017-159457,10/19/2017,16.68,12
RD-19480,Rick Duston,US-2017-166688,5/20/2017,8.288,13
RD-19480,Rick Duston,CA-2015-146696,12/14/2015,8.096,14
RD-19480,Rick Duston,US-2017-116652,9/15/2017,2.688,15
RD-19585,Rob Dowd,CA-2014-164315,4/2/2014,1049.93,1
RD-19585,Rob Dowd,CA-2015-157770,12/13/2015,494.376,2
RD-19585,Rob Dowd,US-2015-151407,11/8/2015,263.96,3
RD-19585,Rob Dowd,CA-2015-157770,12/13/2015,248.85,4
RD-19585,Rob Dowd,CA-2017-111647,7/3/2017,167.968,5
RD-19585,Rob Dowd,CA-2014-164315,4/2/2014,154.9,6
RD-19585,Rob Dowd,CA-2017-139437,7/3/2017,87.92,7
RD-19585,Rob Dowd,CA-2015-121776,2/16/2015,87.71,8
RD-19585,Rob Dowd,CA-2015-127544,8/8/2015,79.99,9
RD-19585,Rob Dowd,CA-2016-131576,11/22/2016,49.44,10
RD-19585,Rob Dowd,CA-2015-121776,2/16/2015,36.84,11
RD-19585,Rob Dowd,CA-2015-162537,10/28/2015,36.63,12
RD-19585,Rob Dowd,CA-2015-157770,12/13/2015,36.24,13
RD-19585,Rob Dowd,CA-2015-162537,10/28/2015,33.11,14
RD-19585,Rob Dowd,CA-2015-157770,12/13/2015,29.2,15
RD-19585,Rob Dowd,CA-2015-162537,10/28/2015,24.1,16
RD-19585,Rob Dowd,CA-2014-164315,4/2/2014,15.84,17
RD-19585,Rob Dowd,CA-2015-162537,10/28/2015,10.67,18
RD-19585,Rob Dowd,CA-2017-131653,1/29/2017,5.22,19
RD-19660,Robert Dilbeck,CA-2017-103877,9/7/2017,1577.94,1
RD-19660,Robert Dilbeck,CA-2016-127670,3/20/2016,697.16,2
RD-19660,Robert Dilbeck,CA-2015-149650,10/24/2015,454.272,3
RD-19660,Robert Dilbeck,CA-2015-145415,4/12/2015,40.74,4
RD-19660,Robert Dilbeck,CA-2016-151974,9/22/2016,16.52,5
RD-19720,Roger Demir,CA-2016-149762,12/3/2016,268.704,1
RD-19720,Roger Demir,US-2017-143770,3/20/2017,238.0,2
RD-19720,Roger Demir,CA-2016-149762,12/3/2016,205.666,3
RD-19720,Roger Demir,CA-2014-157546,7/20/2014,89.712,4
RD-19720,Roger Demir,CA-2014-107454,11/2/2014,89.34,5
RD-19720,Roger Demir,CA-2016-146157,11/21/2016,81.576,6
RD-19720,Roger Demir,CA-2017-126550,3/29/2017,81.4,7
RD-19720,Roger Demir,US-2017-143770,3/20/2017,61.96,8
RD-19720,Roger Demir,CA-2015-112375,12/21/2015,50.88,9
RD-19720,Roger Demir,CA-2016-149762,12/3/2016,48.72,10
RD-19720,Roger Demir,CA-2016-146157,11/21/2016,38.432,11
RD-19720,Roger Demir,CA-2014-107454,11/2/2014,34.86,12
RD-19720,Roger Demir,CA-2015-112375,12/21/2015,27.312,13
RD-19720,Roger Demir,CA-2014-157546,7/20/2014,22.83,14
RD-19720,Roger Demir,CA-2016-149762,12/3/2016,21.92,15
RD-19720,Roger Demir,CA-2016-146157,11/21/2016,21.568,16
RD-19720,Roger Demir,CA-2016-161543,5/10/2016,11.96,17
RD-19720,Roger Demir,US-2017-132927,12/9/2017,11.088,18
RD-19720,Roger Demir,CA-2014-161249,8/9/2014,9.345,19
RD-19720,Roger Demir,CA-2014-161249,8/9/2014,4.464,20
RD-19810,Ross DeVincentis,CA-2017-127474,2/3/2017,419.4,1
RD-19810,Ross DeVincentis,CA-2016-112739,9/2/2016,159.56,2
RD-19810,Ross DeVincentis,CA-2016-112942,2/13/2016,146.82,3
RD-19810,Ross DeVincentis,CA-2017-155292,10/30/2017,105.98,4
RD-19810,Ross DeVincentis,CA-2017-127474,2/3/2017,65.584,5
RD-19810,Ross DeVincentis,CA-2017-155292,10/30/2017,35.06,6
RD-19810,Ross DeVincentis,CA-2017-155292,10/30/2017,33.94,7
RD-19810,Ross DeVincentis,CA-2017-104381,12/16/2017,33.376,8
RD-19810,Ross DeVincentis,CA-2016-120558,6/7/2016,32.4,9
RD-19810,Ross DeVincentis,CA-2017-155292,10/30/2017,30.0,10
RD-19810,Ross DeVincentis,CA-2017-127474,2/3/2017,22.2,11
RD-19810,Ross DeVincentis,CA-2016-102596,12/27/2016,17.184,12
RD-19810,Ross DeVincentis,CA-2014-148285,10/27/2014,11.952,13
RD-19810,Ross DeVincentis,CA-2014-148285,10/27/2014,10.368,14
RD-19810,Ross DeVincentis,CA-2016-112739,9/2/2016,8.608,15
RD-19810,Ross DeVincentis,CA-2017-127474,2/3/2017,5.184,16
RD-19900,Ruben Dartt,CA-2016-140382,6/23/2016,862.344,1
RD-19900,Ruben Dartt,CA-2014-149104,4/5/2014,689.82,2
RD-19900,Ruben Dartt,CA-2014-158372,11/10/2014,601.536,3
RD-19900,Ruben Dartt,CA-2017-124401,9/7/2017,279.944,4
RD-19900,Ruben Dartt,CA-2016-154235,9/24/2016,127.95,5
RD-19900,Ruben Dartt,CA-2016-140382,6/23/2016,93.68,6
RD-19900,Ruben Dartt,CA-2014-158372,11/10/2014,62.24,7
RD-19900,Ruben Dartt,CA-2014-158372,11/10/2014,53.2,8
RD-19900,Ruben Dartt,US-2014-149034,11/19/2014,47.496,9
RD-19900,Ruben Dartt,CA-2014-149104,4/5/2014,40.2,10
RD-19900,Ruben Dartt,CA-2014-158372,11/10/2014,39.88,11
RD-19900,Ruben Dartt,CA-2014-158372,11/10/2014,39.84,12
RD-19900,Ruben Dartt,CA-2017-124401,9/7/2017,37.68,13
RD-19900,Ruben Dartt,CA-2016-154508,11/16/2016,28.4,14
RD-19900,Ruben Dartt,CA-2014-149104,4/5/2014,26.7,15
RD-19900,Ruben Dartt,CA-2016-140382,6/23/2016,21.93,16
RD-19900,Ruben Dartt,CA-2015-148964,5/26/2015,20.24,17
RD-19900,Ruben Dartt,CA-2016-140382,6/23/2016,19.98,18
RD-19900,Ruben Dartt,CA-2015-163440,3/22/2015,15.984,19
RD-19900,Ruben Dartt,CA-2014-149104,4/5/2014,13.89,20
RD-19900,Ruben Dartt,CA-2014-158372,11/10/2014,10.99,21
RD-19930,Russell D'Ascenzo,CA-2015-139248,7/25/2015,623.96,1
RD-19930,Russell D'Ascenzo,CA-2017-160122,11/18/2017,127.386,2
RD-19930,Russell D'Ascenzo,CA-2017-125115,4/10/2017,95.736,3
RD-19930,Russell D'Ascenzo,CA-2017-160122,11/18/2017,55.584,4
RD-19930,Russell D'Ascenzo,CA-2014-120775,10/3/2014,31.776,5
RD-19930,Russell D'Ascenzo,CA-2014-120775,10/3/2014,15.072,6
RD-19930,Russell D'Ascenzo,CA-2017-125115,4/10/2017,10.368,7
RD-19930,Russell D'Ascenzo,CA-2014-120775,10/3/2014,4.928,8
RD-19930,Russell D'Ascenzo,CA-2014-120775,10/3/2014,4.344,9
RD-19930,Russell D'Ascenzo,CA-2014-120775,10/3/2014,1.788,10
RE-19405,Ricardo Emerson,CA-2014-165477,12/29/2014,48.36,1
RE-19450,Richard Eichhorn,CA-2015-151589,12/27/2015,239.9,1
RE-19450,Richard Eichhorn,CA-2015-151589,12/27/2015,195.64,2
RE-19450,Richard Eichhorn,CA-2014-163867,6/3/2014,132.696,3
RE-19450,Richard Eichhorn,CA-2015-142454,8/15/2015,104.23,4
RE-19450,Richard Eichhorn,CA-2015-142454,8/15/2015,70.26,5
RE-19450,Richard Eichhorn,CA-2014-163867,6/3/2014,61.544,6
RE-19450,Richard Eichhorn,CA-2016-169215,7/14/2016,29.61,7
RE-19450,Richard Eichhorn,CA-2017-127621,3/3/2017,26.88,8
RE-19450,Richard Eichhorn,CA-2014-163867,6/3/2014,15.936,9
RF-19345,Randy Ferguson,CA-2016-163167,11/28/2016,1263.3,1
RF-19345,Randy Ferguson,CA-2016-163167,11/28/2016,1126.02,2
RF-19345,Randy Ferguson,CA-2016-163167,11/28/2016,182.67,3
RF-19345,Randy Ferguson,CA-2015-106187,6/23/2015,165.98,4
RF-19345,Randy Ferguson,US-2014-114188,5/20/2014,139.86,5
RF-19345,Randy Ferguson,CA-2016-163167,11/28/2016,101.7,6
RF-19345,Randy Ferguson,CA-2014-124079,12/13/2014,87.96,7
RF-19345,Randy Ferguson,CA-2015-106187,6/23/2015,75.0,8
RF-19345,Randy Ferguson,US-2014-114188,5/20/2014,38.52,9
RF-19345,Randy Ferguson,CA-2014-141152,9/16/2014,33.552,10
RF-19345,Randy Ferguson,US-2014-114188,5/20/2014,33.28,11
RF-19345,Randy Ferguson,CA-2015-106187,6/23/2015,27.42,12
RF-19345,Randy Ferguson,CA-2016-145009,12/5/2016,11.952,13
RF-19345,Randy Ferguson,CA-2016-122518,3/4/2016,10.08,14
RF-19345,Randy Ferguson,CA-2014-148425,11/30/2014,6.642,15
RF-19345,Randy Ferguson,CA-2014-124079,12/13/2014,5.214,16
RF-19735,Roland Fjeld,CA-2015-111206,7/18/2015,519.96,1
RF-19735,Roland Fjeld,US-2017-130953,7/29/2017,461.97,2
RF-19735,Roland Fjeld,CA-2016-110044,6/28/2016,359.976,3
RF-19735,Roland Fjeld,US-2017-130953,7/29/2017,302.67,4
RF-19735,Roland Fjeld,CA-2017-126074,10/2/2017,157.74,5
RF-19735,Roland Fjeld,CA-2016-105585,8/26/2016,154.9,6
RF-19735,Roland Fjeld,US-2017-130953,7/29/2017,137.62,7
RF-19735,Roland Fjeld,CA-2014-115357,8/6/2014,62.91,8
RF-19735,Roland Fjeld,CA-2017-126074,10/2/2017,58.05,9
RF-19735,Roland Fjeld,CA-2017-126074,10/2/2017,56.98,10
RF-19735,Roland Fjeld,US-2017-130953,7/29/2017,33.48,11
RF-19735,Roland Fjeld,US-2015-134271,4/18/2015,21.93,12
RF-19735,Roland Fjeld,CA-2016-105585,8/26/2016,10.23,13
RF-19735,Roland Fjeld,CA-2017-126074,10/2/2017,2.88,14
RF-19840,Roy Französisch,CA-2016-136686,12/12/2016,383.64,1
RF-19840,Roy Französisch,CA-2016-139381,4/18/2016,203.92,2
RF-19840,Roy Französisch,CA-2016-125843,8/13/2016,103.6,3
RF-19840,Roy Französisch,CA-2016-136686,12/12/2016,56.52,4
RF-19840,Roy Französisch,CA-2014-151078,11/12/2014,49.632,5
RF-19840,Roy Französisch,CA-2014-123925,12/17/2014,40.05,6
RF-19840,Roy Französisch,CA-2017-117933,12/24/2017,35.91,7
RF-19840,Roy Französisch,CA-2016-139381,4/18/2016,29.56,8
RF-19840,Roy Französisch,CA-2016-125843,8/13/2016,22.32,9
RF-19840,Roy Französisch,CA-2017-136497,4/16/2017,13.71,10
RF-19840,Roy Französisch,CA-2015-130855,12/29/2015,6.36,11
RH-19495,Rick Hansen,CA-2015-124891,7/31/2015,2309.65,1
RH-19495,Rick Hansen,CA-2015-124891,7/31/2015,1090.782,2
RH-19495,Rick Hansen,CA-2017-121538,11/28/2017,88.768,3
RH-19495,Rick Hansen,CA-2014-110639,8/23/2014,45.92,4
RH-19495,Rick Hansen,CA-2014-110639,8/23/2014,25.92,5
RH-19495,Rick Hansen,CA-2017-106537,8/12/2017,20.736,6
RH-19495,Rick Hansen,CA-2017-151428,9/21/2017,20.16,7
RH-19495,Rick Hansen,CA-2015-124891,7/31/2015,19.44,8
RH-19510,Rick Huthwaite,CA-2016-169663,3/10/2016,3357.6,1
RH-19510,Rick Huthwaite,CA-2016-168354,9/19/2016,1606.23,2
RH-19510,Rick Huthwaite,CA-2016-168354,9/19/2016,872.32,3
RH-19510,Rick Huthwaite,CA-2015-157805,8/31/2015,555.96,4
RH-19510,Rick Huthwaite,CA-2014-149643,11/16/2014,273.96,5
RH-19510,Rick Huthwaite,CA-2015-167255,9/27/2015,146.82,6
RH-19510,Rick Huthwaite,CA-2016-168354,9/19/2016,49.53,7
RH-19510,Rick Huthwaite,CA-2016-122322,7/15/2016,44.4,8
RH-19510,Rick Huthwaite,CA-2016-169663,3/10/2016,26.85,9
RH-19510,Rick Huthwaite,CA-2016-168354,9/19/2016,17.04,10
RH-19510,Rick Huthwaite,CA-2015-167255,9/27/2015,15.51,11
RH-19510,Rick Huthwaite,CA-2015-167255,9/27/2015,12.96,12
RH-19555,Ritsa Hightower,CA-2016-164574,7/29/2016,704.76,1
RH-19555,Ritsa Hightower,CA-2016-164574,7/29/2016,27.396,2
RH-19555,Ritsa Hightower,CA-2015-110247,12/4/2015,8.226,3
RH-19600,Rob Haberlin,CA-2015-157322,7/2/2015,435.504,1
RH-19600,Rob Haberlin,CA-2015-157322,7/2/2015,408.422,2
RH-19600,Rob Haberlin,CA-2015-157322,7/2/2015,382.116,3
RH-19600,Rob Haberlin,CA-2015-109386,11/8/2015,265.86,4
RH-19600,Rob Haberlin,CA-2015-109386,11/8/2015,226.2,5
RH-19600,Rob Haberlin,CA-2015-109386,11/8/2015,186.54,6
RH-19600,Rob Haberlin,CA-2015-157322,7/2/2015,68.6,7
RH-19600,Rob Haberlin,CA-2015-109386,11/8/2015,44.43,8
RH-19600,Rob Haberlin,CA-2016-101378,7/14/2016,29.0,9
RH-19600,Rob Haberlin,CA-2015-109386,11/8/2015,27.9,10
RH-19600,Rob Haberlin,CA-2015-157322,7/2/2015,11.168,11
RK-19300,Ralph Kennedy,CA-2015-160472,7/20/2015,831.2,1
RK-19300,Ralph Kennedy,CA-2015-159786,10/12/2015,209.67,2
RK-19300,Ralph Kennedy,CA-2015-160472,7/20/2015,141.4,3
RK-19300,Ralph Kennedy,CA-2015-160472,7/20/2015,106.75,4
RK-19300,Ralph Kennedy,CA-2015-160472,7/20/2015,97.82,5
RK-19300,Ralph Kennedy,CA-2015-160472,7/20/2015,34.76,6
RK-19300,Ralph Kennedy,CA-2015-160472,7/20/2015,26.4,7
RK-19300,Ralph Kennedy,CA-2017-114216,9/2/2017,12.192,8
RL-19615,Rob Lucas,CA-2016-144764,9/2/2016,1362.9,1
RL-19615,Rob Lucas,CA-2016-168753,5/29/2016,979.95,2
RL-19615,Rob Lucas,US-2017-169551,7/7/2017,683.988,3
RL-19615,Rob Lucas,CA-2015-126557,7/12/2015,659.168,4
RL-19615,Rob Lucas,CA-2015-126557,7/12/2015,537.544,5
RL-19615,Rob Lucas,US-2017-169551,7/7/2017,527.92,6
RL-19615,Rob Lucas,CA-2015-126557,7/12/2015,383.607,7
RL-19615,Rob Lucas,CA-2017-159226,4/25/2017,344.981,8
RL-19615,Rob Lucas,US-2017-135062,8/31/2017,229.544,9
RL-19615,Rob Lucas,CA-2015-126557,7/12/2015,148.48,10
RL-19615,Rob Lucas,US-2017-169551,7/7/2017,87.21,11
RL-19615,Rob Lucas,US-2017-151127,5/22/2017,49.56,12
RL-19615,Rob Lucas,CA-2014-133830,12/5/2014,49.12,13
RL-19615,Rob Lucas,CA-2016-144764,9/2/2016,35.168,14
RL-19615,Rob Lucas,CA-2016-144764,9/2/2016,29.24,15
RL-19615,Rob Lucas,CA-2014-133830,12/5/2014,26.46,16
RL-19615,Rob Lucas,CA-2016-168753,5/29/2016,22.75,17
RL-19615,Rob Lucas,US-2017-169551,7/7/2017,16.776,18
RL-19615,Rob Lucas,US-2017-169551,7/7/2017,15.552,19
RL-19615,Rob Lucas,CA-2014-133830,12/5/2014,15.0,20
RL-19615,Rob Lucas,US-2017-169551,7/7/2017,13.392,21
RL-19615,Rob Lucas,CA-2015-126557,7/12/2015,7.76,22
RL-19615,Rob Lucas,CA-2015-126557,7/12/2015,6.912,23
RL-19615,Rob Lucas,CA-2015-126557,7/12/2015,1.928,24
RM-19375,Raymond Messe,US-2017-127292,1/19/2017,542.94,1
RM-19375,Raymond Messe,US-2016-106600,4/8/2016,354.9,2
RM-19375,Raymond Messe,CA-2016-100965,7/7/2016,215.65,3
RM-19375,Raymond Messe,CA-2015-156328,11/30/2015,177.48,4
RM-19375,Raymond Messe,US-2017-127292,1/19/2017,79.92,5
RM-19375,Raymond Messe,CA-2014-139017,5/11/2014,46.864,6
RM-19375,Raymond Messe,CA-2014-141278,6/21/2014,21.4,7
RM-19375,Raymond Messe,US-2017-127292,1/19/2017,12.28,8
RM-19375,Raymond Messe,US-2017-127292,1/19/2017,2.04,9
RM-19675,Robert Marley,CA-2017-145219,12/24/2017,2879.952,1
RM-19675,Robert Marley,CA-2015-160171,10/19/2015,1640.7,2
RM-19675,Robert Marley,CA-2014-158274,11/19/2014,503.96,3
RM-19675,Robert Marley,CA-2015-115392,10/1/2015,311.98,4
RM-19675,Robert Marley,CA-2015-160171,10/19/2015,270.0,5
RM-19675,Robert Marley,CA-2014-158274,11/19/2014,149.95,6
RM-19675,Robert Marley,CA-2017-145219,12/24/2017,90.48,7
RM-19675,Robert Marley,CA-2014-166989,11/14/2014,69.264,8
RM-19675,Robert Marley,CA-2014-158274,11/19/2014,29.0,9
RM-19675,Robert Marley,CA-2015-115392,10/1/2015,22.45,10
RM-19675,Robert Marley,CA-2014-166989,11/14/2014,11.36,11
RM-19750,Roland Murray,CA-2017-168193,3/6/2017,71.97,1
RM-19750,Roland Murray,CA-2017-168193,3/6/2017,26.38,2
RO-19780,Rose O'Brian,CA-2015-155600,12/4/2015,1598.058,1
RO-19780,Rose O'Brian,CA-2017-150266,11/25/2017,853.93,2
RO-19780,Rose O'Brian,CA-2017-148411,9/24/2017,520.464,3
RO-19780,Rose O'Brian,CA-2017-150266,11/25/2017,299.96,4
RO-19780,Rose O'Brian,US-2016-120929,3/18/2016,189.882,5
RO-19780,Rose O'Brian,CA-2015-153752,12/6/2015,173.94,6
RO-19780,Rose O'Brian,CA-2017-150266,11/25/2017,67.84,7
RO-19780,Rose O'Brian,CA-2015-155600,12/4/2015,36.96,8
RO-19780,Rose O'Brian,CA-2016-152940,11/10/2016,29.74,9
RO-19780,Rose O'Brian,CA-2017-150266,11/25/2017,18.688,10
RO-19780,Rose O'Brian,CA-2015-162607,5/12/2015,14.592,11
RO-19780,Rose O'Brian,CA-2017-148411,9/24/2017,11.424,12
RP-19270,Rachel Payne,CA-2015-135251,8/6/2015,369.1992,1
RP-19270,Rachel Payne,CA-2014-155264,10/19/2014,146.73,2
RP-19270,Rachel Payne,CA-2015-148250,12/13/2015,134.48,3
RP-19270,Rachel Payne,CA-2014-155264,10/19/2014,117.576,4
RP-19270,Rachel Payne,CA-2015-135251,8/6/2015,56.704,5
RP-19270,Rachel Payne,CA-2015-135251,8/6/2015,35.52,6
RP-19270,Rachel Payne,CA-2016-167983,8/21/2016,33.44,7
RP-19270,Rachel Payne,CA-2014-155264,10/19/2014,20.064,8
RP-19270,Rachel Payne,CA-2014-155264,10/19/2014,18.75,9
RP-19270,Rachel Payne,CA-2015-148250,12/13/2015,12.96,10
RP-19270,Rachel Payne,CA-2015-135251,8/6/2015,6.23,11
RP-19270,Rachel Payne,CA-2014-155264,10/19/2014,2.992,12
RP-19390,Resi Pölking,CA-2014-120474,12/1/2014,2807.84,1
RP-19390,Resi Pölking,CA-2014-148383,12/27/2014,946.764,2
RP-19390,Resi Pölking,CA-2016-101980,8/19/2016,276.784,3
RP-19390,Resi Pölking,CA-2014-142769,9/13/2014,199.98,4
RP-19390,Resi Pölking,CA-2016-101980,8/19/2016,146.688,5
RP-19390,Resi Pölking,CA-2014-142769,9/13/2014,144.96,6
RP-19390,Resi Pölking,CA-2014-142769,9/13/2014,118.0,7
RP-19390,Resi Pölking,CA-2014-143413,5/24/2014,116.28,8
RP-19390,Resi Pölking,CA-2017-103352,11/27/2017,107.424,9
RP-19390,Resi Pölking,CA-2014-142769,9/13/2014,48.94,10
RP-19390,Resi Pölking,CA-2014-120474,12/1/2014,46.64,11
RP-19390,Resi Pölking,CA-2014-156314,12/24/2014,30.36,12
RP-19390,Resi Pölking,CA-2015-166492,4/7/2015,25.92,13
RP-19390,Resi Pölking,CA-2016-101980,8/19/2016,25.32,14
RP-19390,Resi Pölking,CA-2014-142769,9/13/2014,22.66,15
RP-19390,Resi Pölking,CA-2015-166492,4/7/2015,22.58,16
RP-19390,Resi Pölking,CA-2014-142769,9/13/2014,14.19,17
RP-19390,Resi Pölking,CA-2014-155593,11/3/2014,11.64,18
RP-19390,Resi Pölking,CA-2015-128356,10/2/2015,10.944,19
RP-19390,Resi Pölking,CA-2014-142769,9/13/2014,7.3,20
RP-19390,Resi Pölking,CA-2017-103352,11/27/2017,6.99,21
RP-19390,Resi Pölking,CA-2014-142769,9/13/2014,5.7,22
RP-19390,Resi Pölking,CA-2015-133494,3/1/2015,3.552,23
RP-19390,Resi Pölking,US-2017-145863,4/21/2017,2.934,24
RP-19390,Resi Pölking,US-2017-145863,4/21/2017,2.694,25
RP-19855,Roy Phan,CA-2015-154326,2/15/2015,699.98,1
RP-19855,Roy Phan,CA-2016-168774,9/4/2016,535.41,2
RP-19855,Roy Phan,CA-2015-129546,9/28/2015,186.15,3
RP-19855,Roy Phan,CA-2015-154326,2/15/2015,139.95,4
RP-19855,Roy Phan,CA-2015-154326,2/15/2015,134.97,5
RP-19855,Roy Phan,US-2014-157231,4/5/2014,115.36,6
RP-19855,Roy Phan,CA-2017-134152,5/27/2017,98.16,7
RP-19855,Roy Phan,CA-2015-129546,9/28/2015,81.792,8
RP-19855,Roy Phan,CA-2015-129546,9/28/2015,47.19,9
RP-19855,Roy Phan,CA-2015-129546,9/28/2015,36.784,10
RP-19855,Roy Phan,CA-2017-134152,5/27/2017,31.44,11
RP-19855,Roy Phan,US-2016-150567,5/17/2016,27.018,12
RP-19855,Roy Phan,US-2016-152835,5/19/2016,21.4,13
RP-19855,Roy Phan,CA-2017-104108,12/2/2017,12.16,14
RP-19855,Roy Phan,US-2016-150567,5/17/2016,2.952,15
RR-19315,Ralph Ritter,CA-2017-162565,12/11/2017,520.464,1
RR-19315,Ralph Ritter,CA-2017-162565,12/11/2017,77.72,2
RR-19315,Ralph Ritter,CA-2017-162565,12/11/2017,10.368,3
RR-19315,Ralph Ritter,CA-2016-149482,11/14/2016,7.38,4
RR-19525,Rick Reed,CA-2014-126403,9/9/2014,1325.85,1
RR-19525,Rick Reed,CA-2014-126403,9/9/2014,785.88,2
RR-19525,Rick Reed,CA-2017-102155,7/13/2017,360.38,3
RR-19525,Rick Reed,CA-2015-150308,12/15/2015,246.168,4
RR-19525,Rick Reed,CA-2016-115525,7/25/2016,243.88,5
RR-19525,Rick Reed,CA-2014-126403,9/9/2014,166.44,6
RR-19525,Rick Reed,US-2015-131842,12/5/2015,97.424,7
RR-19525,Rick Reed,CA-2016-101623,2/28/2016,36.48,8
RR-19525,Rick Reed,CA-2014-126403,9/9/2014,26.2,9
RR-19525,Rick Reed,CA-2017-102155,7/13/2017,13.56,10
RS-19420,Ricardo Sperren,US-2014-117968,8/5/2014,1133.35,1
RS-19420,Ricardo Sperren,CA-2017-115154,1/8/2017,892.98,2
RS-19420,Ricardo Sperren,US-2017-128951,7/15/2017,872.94,3
RS-19420,Ricardo Sperren,US-2017-128951,7/15/2017,179.94,4
RS-19420,Ricardo Sperren,US-2014-117968,8/5/2014,79.47,5
RS-19420,Ricardo Sperren,US-2016-159093,5/9/2016,32.04,6
RS-19420,Ricardo Sperren,CA-2017-164819,10/15/2017,13.05,7
RS-19420,Ricardo Sperren,US-2017-128951,7/15/2017,12.96,8
RS-19420,Ricardo Sperren,US-2014-117968,8/5/2014,4.56,9
RS-19765,Roland Schwarz,CA-2014-106726,12/6/2014,1261.33,1
RS-19765,Roland Schwarz,CA-2014-128846,4/7/2014,629.95,2
RS-19765,Roland Schwarz,CA-2017-113670,10/15/2017,510.24,3
RS-19765,Roland Schwarz,CA-2017-128300,11/24/2017,327.84,4
RS-19765,Roland Schwarz,US-2017-100048,5/19/2017,307.98,5
RS-19765,Roland Schwarz,US-2017-100048,5/19/2017,299.97,6
RS-19765,Roland Schwarz,US-2017-100048,5/19/2017,281.34,7
RS-19765,Roland Schwarz,CA-2017-113670,10/15/2017,204.95,8
RS-19765,Roland Schwarz,CA-2014-128846,4/7/2014,122.97,9
RS-19765,Roland Schwarz,CA-2017-152856,9/8/2017,116.832,10
RS-19765,Roland Schwarz,CA-2017-128300,11/24/2017,79.1,11
RS-19765,Roland Schwarz,US-2015-158911,7/5/2015,11.784,12
RS-19765,Roland Schwarz,US-2015-158911,7/5/2015,4.928,13
RS-19765,Roland Schwarz,CA-2017-124114,3/2/2017,0.556,14
RS-19870,Roy Skaria,CA-2016-107475,6/7/2016,9.648,1
RS-19870,Roy Skaria,CA-2017-142776,12/11/2017,7.28,2
RS-19870,Roy Skaria,CA-2017-142776,12/11/2017,5.4,3
RW-19540,Rick Wilson,CA-2017-166093,8/17/2017,2518.29,1
RW-19540,Rick Wilson,CA-2017-141733,5/7/2017,1458.65,2
RW-19540,Rick Wilson,CA-2017-166093,8/17/2017,540.57,3
RW-19540,Rick Wilson,CA-2017-141733,5/7/2017,476.8,4
RW-19540,Rick Wilson,CA-2015-124800,9/26/2015,363.648,5
RW-19540,Rick Wilson,CA-2017-128041,9/1/2017,314.6,6
RW-19540,Rick Wilson,CA-2017-128041,9/1/2017,283.56,7
RW-19540,Rick Wilson,CA-2015-124800,9/26/2015,263.96,8
RW-19540,Rick Wilson,CA-2017-166093,8/17/2017,221.056,9
RW-19540,Rick Wilson,CA-2017-101014,8/29/2017,148.02,10
RW-19540,Rick Wilson,CA-2015-157959,2/3/2015,136.92,11
RW-19540,Rick Wilson,CA-2015-124800,9/26/2015,119.904,12
RW-19540,Rick Wilson,CA-2017-141733,5/7/2017,87.444,13
RW-19540,Rick Wilson,CA-2015-124800,9/26/2015,86.272,14
RW-19540,Rick Wilson,CA-2015-124800,9/26/2015,77.031,15
RW-19540,Rick Wilson,CA-2015-124800,9/26/2015,72.588,16
RW-19540,Rick Wilson,CA-2017-166093,8/17/2017,71.976,17
RW-19540,Rick Wilson,CA-2015-124800,9/26/2015,60.672,18
RW-19540,Rick Wilson,CA-2017-141733,5/7/2017,26.64,19
RW-19540,Rick Wilson,CA-2017-166093,8/17/2017,23.36,20
RW-19540,Rick Wilson,CA-2015-132815,9/19/2015,22.96,21
RW-19540,Rick Wilson,CA-2017-166093,8/17/2017,13.92,22
RW-19540,Rick Wilson,CA-2017-166093,8/17/2017,8.56,23
RW-19630,Rob Williams,CA-2016-142958,12/13/2016,1114.272,1
RW-19630,Rob Williams,CA-2017-155460,4/13/2017,895.92,2
RW-19630,Rob Williams,CA-2016-112585,7/30/2016,715.64,3
RW-19630,Rob Williams,CA-2016-144911,11/27/2016,152.0,4
RW-19630,Rob Williams,CA-2016-165218,3/5/2016,149.352,5
RW-19630,Rob Williams,CA-2017-123981,10/2/2017,65.99,6
RW-19630,Rob Williams,CA-2014-111150,12/31/2014,47.53,7
RW-19630,Rob Williams,CA-2016-144911,11/27/2016,34.95,8
RW-19630,Rob Williams,CA-2014-111150,12/31/2014,29.68,9
RW-19630,Rob Williams,US-2016-131114,12/9/2016,20.568,10
RW-19630,Rob Williams,US-2016-131114,12/9/2016,19.04,11
RW-19630,Rob Williams,CA-2016-165218,3/5/2016,12.992,12
RW-19630,Rob Williams,CA-2016-142958,12/13/2016,6.096,13
RW-19630,Rob Williams,CA-2014-156993,6/28/2014,6.08,14
RW-19630,Rob Williams,CA-2017-155460,4/13/2017,5.28,15
RW-19630,Rob Williams,US-2016-131114,12/9/2016,4.356,16
RW-19690,Robert Waldorf,CA-2017-167752,1/15/2017,1924.16,1
RW-19690,Robert Waldorf,CA-2017-112431,10/12/2017,435.84,2
RW-19690,Robert Waldorf,CA-2017-110905,9/10/2017,296.85,3
RW-19690,Robert Waldorf,CA-2017-110905,9/10/2017,286.29,4
RW-19690,Robert Waldorf,CA-2017-169285,3/21/2017,277.4,5
RW-19690,Robert Waldorf,CA-2017-110905,9/10/2017,112.8,6
RW-19690,Robert Waldorf,CA-2017-167752,1/15/2017,34.384,7
RW-19690,Robert Waldorf,CA-2017-110905,9/10/2017,33.99,8
RW-19690,Robert Waldorf,CA-2017-110905,9/10/2017,24.9,9
RW-19690,Robert Waldorf,CA-2017-110905,9/10/2017,24.18,10
RW-19690,Robert Waldorf,CA-2017-110905,9/10/2017,16.2,11
RW-19690,Robert Waldorf,CA-2017-110905,9/10/2017,13.71,12
RW-19690,Robert Waldorf,CA-2017-112431,10/12/2017,5.88,13
RW-19690,Robert Waldorf,CA-2017-169285,3/21/2017,5.78,14
RW-19690,Robert Waldorf,CA-2016-145499,5/30/2016,3.282,15
SA-20830,Sue Ann Reed,CA-2014-154627,10/29/2014,2735.952,1
SA-20830,Sue Ann Reed,CA-2017-124436,3/19/2017,697.16,2
SA-20830,Sue Ann Reed,CA-2015-115938,6/26/2015,332.94,3
SA-20830,Sue Ann Reed,CA-2017-122154,4/9/2017,251.64,4
SA-20830,Sue Ann Reed,CA-2015-122266,4/26/2015,191.5155,5
SA-20830,Sue Ann Reed,CA-2015-115938,6/26/2015,143.96,6
SA-20830,Sue Ann Reed,US-2017-147998,5/19/2017,133.12,7
SA-20830,Sue Ann Reed,CA-2015-115938,6/26/2015,43.04,8
SA-20830,Sue Ann Reed,CA-2016-167507,12/22/2016,31.32,9
SA-20830,Sue Ann Reed,CA-2017-124436,3/19/2017,30.93,10
SA-20830,Sue Ann Reed,CA-2017-124436,3/19/2017,27.496,11
SA-20830,Sue Ann Reed,CA-2016-167507,12/22/2016,22.784,12
SA-20830,Sue Ann Reed,CA-2017-160661,10/28/2017,21.93,13
SA-20830,Sue Ann Reed,CA-2014-133354,2/22/2014,19.44,14
SA-20830,Sue Ann Reed,CA-2017-122154,4/9/2017,17.43,15
SA-20830,Sue Ann Reed,CA-2015-115938,6/26/2015,15.42,16
SA-20830,Sue Ann Reed,CA-2017-122154,4/9/2017,15.12,17
SA-20830,Sue Ann Reed,CA-2017-124436,3/19/2017,14.624,18
SA-20830,Sue Ann Reed,CA-2016-167507,12/22/2016,11.84,19
SA-20830,Sue Ann Reed,CA-2017-127264,4/3/2017,7.056,20
SA-20830,Sue Ann Reed,CA-2015-122266,4/26/2015,2.624,21
SB-20170,Sarah Bern,CA-2017-108441,6/12/2017,858.24,1
SB-20170,Sarah Bern,CA-2017-145807,2/9/2017,354.9,2
SB-20170,Sarah Bern,CA-2017-108441,6/12/2017,64.14,3
SB-20170,Sarah Bern,US-2014-161305,6/6/2014,24.588,4
SB-20170,Sarah Bern,CA-2017-108441,6/12/2017,19.04,5
SB-20170,Sarah Bern,US-2014-161305,6/6/2014,13.984,6
SB-20170,Sarah Bern,CA-2017-108441,6/12/2017,13.128,7
SB-20185,Sarah Brown,CA-2015-149846,5/22/2015,2973.32,1
SB-20185,Sarah Brown,CA-2015-146675,4/16/2015,1439.968,2
SB-20185,Sarah Brown,CA-2015-149846,5/22/2015,775.728,3
SB-20185,Sarah Brown,CA-2014-120411,9/20/2014,493.43,4
SB-20185,Sarah Brown,CA-2017-116127,6/25/2017,400.784,5
SB-20185,Sarah Brown,CA-2015-149846,5/22/2015,104.79,6
SB-20185,Sarah Brown,CA-2017-119424,6/12/2017,71.976,7
SB-20185,Sarah Brown,CA-2015-159779,9/25/2015,68.62,8
SB-20185,Sarah Brown,CA-2015-146675,4/16/2015,43.56,9
SB-20185,Sarah Brown,CA-2017-119424,6/12/2017,19.44,10
SB-20185,Sarah Brown,CA-2014-120411,9/20/2014,11.12,11
SB-20185,Sarah Brown,CA-2015-149846,5/22/2015,8.26,12
SB-20290,Sean Braxton,US-2014-106992,9/19/2014,3059.982,1
SB-20290,Sean Braxton,US-2014-106992,9/19/2014,2519.958,2
SB-20290,Sean Braxton,US-2017-165344,11/13/2017,652.995,3
SB-20290,Sean Braxton,CA-2017-147361,9/9/2017,628.81,4
SB-20290,Sean Braxton,CA-2014-122882,9/7/2014,399.54,5
SB-20290,Sean Braxton,CA-2015-153794,9/11/2015,265.86,6
SB-20290,Sean Braxton,CA-2016-158575,11/18/2016,103.968,7
SB-20290,Sean Braxton,CA-2014-158771,5/9/2014,83.25,8
SB-20290,Sean Braxton,CA-2014-122882,9/7/2014,64.784,9
SB-20290,Sean Braxton,US-2017-165344,11/13/2017,60.864,10
SB-20290,Sean Braxton,CA-2017-147361,9/9/2017,56.45,11
SB-20290,Sean Braxton,CA-2014-158771,5/9/2014,45.36,12
SB-20290,Sean Braxton,CA-2014-122882,9/7/2014,42.368,13
SB-20290,Sean Braxton,CA-2014-122882,9/7/2014,32.382,14
SB-20290,Sean Braxton,CA-2014-158771,5/9/2014,20.65,15
SB-20290,Sean Braxton,US-2017-165344,11/13/2017,11.22,16
SB-20290,Sean Braxton,CA-2014-158771,5/9/2014,9.45,17
SC-20020,Sam Craven,CA-2015-147690,11/10/2015,577.584,1
SC-20020,Sam Craven,CA-2014-121006,11/10/2014,563.94,2
SC-20020,Sam Craven,CA-2014-121006,11/10/2014,535.41,3
SC-20020,Sam Craven,CA-2014-166863,6/20/2014,509.488,4
SC-20020,Sam Craven,CA-2014-166863,6/20/2014,418.8,5
SC-20020,Sam Craven,CA-2014-166863,6/20/2014,201.584,6
SC-20020,Sam Craven,CA-2014-166863,6/20/2014,193.0656,7
SC-20020,Sam Craven,CA-2014-130421,3/3/2014,176.772,8
SC-20020,Sam Craven,CA-2014-121006,11/10/2014,62.94,9
SC-20020,Sam Craven,US-2014-157847,4/2/2014,33.488,10
SC-20020,Sam Craven,US-2014-157847,4/2/2014,26.72,11
SC-20020,Sam Craven,CA-2014-121006,11/10/2014,15.84,12
SC-20020,Sam Craven,CA-2014-166863,6/20/2014,15.552,13
SC-20020,Sam Craven,CA-2014-121006,11/10/2014,12.84,14
SC-20020,Sam Craven,CA-2014-166863,6/20/2014,11.648,15
SC-20020,Sam Craven,CA-2014-121006,11/10/2014,3.9,16
SC-20020,Sam Craven,CA-2014-166863,6/20/2014,3.392,17
SC-20050,Sample Company A,US-2014-131275,3/18/2014,1856.19,1
SC-20050,Sample Company A,US-2014-131275,3/18/2014,1279.968,2
SC-20050,Sample Company A,CA-2016-155005,6/13/2016,377.97,3
SC-20050,Sample Company A,CA-2016-123533,11/24/2016,339.92,4
SC-20050,Sample Company A,CA-2017-123022,9/3/2017,284.97,5
SC-20050,Sample Company A,US-2014-131275,3/18/2014,111.0,6
SC-20050,Sample Company A,CA-2016-129238,1/31/2016,109.592,7
SC-20050,Sample Company A,CA-2017-123022,9/3/2017,82.56,8
SC-20050,Sample Company A,CA-2016-129238,1/31/2016,56.7,9
SC-20050,Sample Company A,CA-2016-123533,11/24/2016,42.384,10
SC-20050,Sample Company A,CA-2017-154123,11/20/2017,27.58,11
SC-20050,Sample Company A,CA-2015-133627,5/31/2015,22.2,12
SC-20050,Sample Company A,US-2017-130603,9/30/2017,11.646,13
SC-20050,Sample Company A,US-2017-143028,4/11/2017,11.364,14
SC-20050,Sample Company A,CA-2016-123533,11/24/2016,10.528,15
SC-20095,Sanjit Chand,CA-2014-116904,9/23/2014,9449.95,1
SC-20095,Sanjit Chand,CA-2014-152268,9/2/2014,1793.98,2
SC-20095,Sanjit Chand,US-2014-157385,11/23/2014,603.92,3
SC-20095,Sanjit Chand,CA-2014-116904,9/23/2014,404.9,4
SC-20095,Sanjit Chand,US-2014-157385,11/23/2014,381.44,5
SC-20095,Sanjit Chand,CA-2016-130638,5/16/2016,282.84,6
SC-20095,Sanjit Chand,CA-2016-126158,7/25/2016,255.76,7
SC-20095,Sanjit Chand,CA-2016-126158,7/25/2016,241.568,8
SC-20095,Sanjit Chand,US-2014-110674,2/12/2014,129.568,9
SC-20095,Sanjit Chand,CA-2016-126158,7/25/2016,119.616,10
SC-20095,Sanjit Chand,CA-2015-123568,11/8/2015,92.94,11
SC-20095,Sanjit Chand,CA-2015-123568,11/8/2015,91.68,12
SC-20095,Sanjit Chand,CA-2016-126158,7/25/2016,69.3,13
SC-20095,Sanjit Chand,CA-2015-123568,11/8/2015,66.69,14
SC-20095,Sanjit Chand,CA-2014-116904,9/23/2014,32.4,15
SC-20095,Sanjit Chand,US-2014-157385,11/23/2014,29.99,16
SC-20095,Sanjit Chand,CA-2016-130638,5/16/2016,27.72,17
SC-20095,Sanjit Chand,US-2014-157385,11/23/2014,21.84,18
SC-20095,Sanjit Chand,CA-2014-117016,3/4/2014,15.552,19
SC-20095,Sanjit Chand,CA-2014-116904,9/23/2014,12.94,20
SC-20095,Sanjit Chand,CA-2017-152961,1/15/2017,12.7,21
SC-20095,Sanjit Chand,CA-2015-123568,11/8/2015,5.04,22
SC-20230,Scot Coram,US-2016-126452,8/21/2016,2887.056,1
SC-20230,Scot Coram,CA-2016-156685,7/8/2016,863.64,2
SC-20230,Scot Coram,US-2016-126452,8/21/2016,254.97,3
SC-20230,Scot Coram,CA-2016-108350,6/6/2016,105.52,4
SC-20230,Scot Coram,US-2016-126452,8/21/2016,91.96,5
SC-20230,Scot Coram,CA-2016-156685,7/8/2016,47.616,6
SC-20230,Scot Coram,US-2016-126452,8/21/2016,47.52,7
SC-20230,Scot Coram,US-2016-126452,8/21/2016,31.984,8
SC-20230,Scot Coram,CA-2017-141747,8/3/2017,16.06,9
SC-20230,Scot Coram,US-2016-126452,8/21/2016,12.96,10
SC-20230,Scot Coram,US-2016-126452,8/21/2016,12.672,11
SC-20260,Scott Cohen,CA-2015-111514,8/31/2015,1552.831,1
SC-20260,Scott Cohen,CA-2017-107132,6/26/2017,713.88,2
SC-20260,Scott Cohen,CA-2014-169803,4/6/2014,653.55,3
SC-20260,Scott Cohen,CA-2015-111514,8/31/2015,239.976,4
SC-20260,Scott Cohen,CA-2015-111514,8/31/2015,137.24,5
SC-20260,Scott Cohen,CA-2017-107132,6/26/2017,102.368,6
SC-20260,Scott Cohen,CA-2015-137106,3/31/2015,79.96,7
SC-20260,Scott Cohen,CA-2017-107132,6/26/2017,68.52,8
SC-20260,Scott Cohen,CA-2015-111514,8/31/2015,36.51,9
SC-20260,Scott Cohen,CA-2014-169803,4/6/2014,33.9,10
SC-20260,Scott Cohen,CA-2017-144680,3/31/2017,33.62,11
SC-20260,Scott Cohen,CA-2017-107132,6/26/2017,28.4,12
SC-20260,Scott Cohen,CA-2014-128622,11/15/2014,10.95,13
SC-20260,Scott Cohen,US-2014-127635,9/14/2014,9.96,14
SC-20260,Scott Cohen,US-2014-127635,9/14/2014,8.552,15
SC-20260,Scott Cohen,US-2014-127635,9/14/2014,6.848,16
SC-20260,Scott Cohen,CA-2015-152681,1/17/2015,6.68,17
SC-20260,Scott Cohen,US-2014-127635,9/14/2014,6.048,18
SC-20305,Sean Christensen,CA-2015-164777,1/27/2015,2803.92,1
SC-20305,Sean Christensen,CA-2017-122539,12/1/2017,398.972,2
SC-20305,Sean Christensen,CA-2014-113257,12/16/2014,319.968,3
SC-20305,Sean Christensen,CA-2017-146360,4/23/2017,155.34,4
SC-20305,Sean Christensen,CA-2017-106103,6/10/2017,132.52,5
SC-20305,Sean Christensen,CA-2016-101651,12/24/2016,43.96,6
SC-20305,Sean Christensen,CA-2016-101651,12/24/2016,39.76,7
SC-20305,Sean Christensen,CA-2017-146920,8/28/2017,26.72,8
SC-20305,Sean Christensen,CA-2017-146920,8/28/2017,25.344,9
SC-20305,Sean Christensen,CA-2017-122539,12/1/2017,15.936,10
SC-20305,Sean Christensen,CA-2014-113257,12/16/2014,8.624,11
SC-20305,Sean Christensen,CA-2017-122539,12/1/2017,8.001,12
SC-20380,Shahid Collister,CA-2017-142090,11/30/2017,1781.682,1
SC-20380,Shahid Collister,CA-2017-138975,5/19/2017,1628.82,2
SC-20380,Shahid Collister,CA-2017-153843,3/13/2017,465.16,3
SC-20380,Shahid Collister,CA-2017-142090,11/30/2017,383.976,4
SC-20380,Shahid Collister,CA-2017-138975,5/19/2017,377.97,5
SC-20380,Shahid Collister,CA-2014-131009,3/1/2014,362.25,6
SC-20380,Shahid Collister,CA-2017-138975,5/19/2017,286.93,7
SC-20380,Shahid Collister,CA-2014-131009,3/1/2014,129.552,8
SC-20380,Shahid Collister,CA-2017-126354,2/3/2017,115.296,9
SC-20380,Shahid Collister,CA-2015-142419,7/11/2015,98.352,10
SC-20380,Shahid Collister,CA-2017-142293,9/17/2017,89.97,11
SC-20380,Shahid Collister,CA-2017-138975,5/19/2017,67.8,12
SC-20380,Shahid Collister,CA-2014-131009,3/1/2014,63.552,13
SC-20380,Shahid Collister,CA-2017-153843,3/13/2017,30.88,14
SC-20380,Shahid Collister,CA-2015-142419,7/11/2015,29.97,15
SC-20380,Shahid Collister,CA-2017-153843,3/13/2017,27.12,16
SC-20380,Shahid Collister,CA-2014-131009,3/1/2014,18.84,17
SC-20380,Shahid Collister,US-2016-149790,9/26/2016,15.624,18
SC-20380,Shahid Collister,CA-2015-113740,8/24/2015,14.91,19
SC-20380,Shahid Collister,CA-2017-126354,2/3/2017,3.882,20
SC-20440,Shaun Chance,CA-2015-103835,9/24/2015,1158.12,1
SC-20440,Shaun Chance,CA-2017-131366,11/24/2017,229.544,2
SC-20440,Shaun Chance,CA-2015-166135,10/1/2015,139.424,3
SC-20440,Shaun Chance,CA-2017-131366,11/24/2017,89.988,4
SC-20440,Shaun Chance,CA-2017-115119,10/26/2017,81.438,5
SC-20440,Shaun Chance,CA-2017-115119,10/26/2017,61.542,6
SC-20440,Shaun Chance,CA-2015-111297,8/17/2015,52.2,7
SC-20440,Shaun Chance,CA-2017-136000,9/22/2017,40.176,8
SC-20440,Shaun Chance,CA-2015-103835,9/24/2015,14.91,9
SC-20440,Shaun Chance,CA-2015-113523,9/4/2015,7.656,10
SC-20575,Sonia Cooley,CA-2014-136644,6/16/2014,647.84,1
SC-20575,Sonia Cooley,CA-2017-132955,6/24/2017,102.93,2
SC-20575,Sonia Cooley,US-2017-141509,9/29/2017,99.2,3
SC-20575,Sonia Cooley,CA-2015-162761,10/9/2015,37.376,4
SC-20575,Sonia Cooley,CA-2015-162761,10/9/2015,11.214,5
SC-20575,Sonia Cooley,CA-2017-101728,8/19/2017,2.296,6
SC-20575,Sonia Cooley,CA-2015-162761,10/9/2015,1.872,7
SC-20680,Steve Carroll,US-2015-164308,9/24/2015,821.94,1
SC-20680,Steve Carroll,CA-2016-143924,7/28/2016,109.92,2
SC-20680,Steve Carroll,CA-2014-154781,11/21/2014,94.99,3
SC-20680,Steve Carroll,CA-2016-113726,11/24/2016,82.26,4
SC-20680,Steve Carroll,CA-2017-128475,8/26/2017,71.98,5
SC-20680,Steve Carroll,CA-2016-155383,12/17/2016,46.53,6
SC-20680,Steve Carroll,CA-2016-143924,7/28/2016,20.44,7
SC-20680,Steve Carroll,CA-2014-154781,11/21/2014,6.58,8
SC-20695,Steve Chapman,CA-2015-158659,11/10/2015,714.3,1
SC-20695,Steve Chapman,CA-2016-112277,9/10/2016,519.68,2
SC-20695,Steve Chapman,US-2016-124163,9/25/2016,499.95,3
SC-20695,Steve Chapman,US-2016-124163,9/25/2016,201.96,4
SC-20695,Steve Chapman,CA-2017-145443,8/10/2017,177.2,5
SC-20695,Steve Chapman,CA-2014-151379,12/16/2014,114.2,6
SC-20695,Steve Chapman,US-2016-151260,12/11/2016,73.536,7
SC-20695,Steve Chapman,US-2016-124163,9/25/2016,68.64,8
SC-20695,Steve Chapman,CA-2016-152457,9/12/2016,68.52,9
SC-20695,Steve Chapman,CA-2015-111017,7/31/2015,52.59,10
SC-20695,Steve Chapman,CA-2016-114713,7/7/2016,45.584,11
SC-20695,Steve Chapman,CA-2017-152926,10/2/2017,21.984,12
SC-20695,Steve Chapman,CA-2017-152926,10/2/2017,15.224,13
SC-20695,Steve Chapman,US-2016-124163,9/25/2016,3.04,14
SC-20725,Steven Cartwright,US-2015-161991,9/26/2015,1114.4,1
SC-20725,Steven Cartwright,CA-2017-108539,3/21/2017,725.84,2
SC-20725,Steven Cartwright,CA-2014-159310,11/7/2014,683.144,3
SC-20725,Steven Cartwright,CA-2014-135657,6/3/2014,515.88,4
SC-20725,Steven Cartwright,CA-2017-144463,1/1/2017,474.43,5
SC-20725,Steven Cartwright,CA-2016-153661,1/30/2016,305.01,6
SC-20725,Steven Cartwright,CA-2015-119627,8/17/2015,252.8,7
SC-20725,Steven Cartwright,CA-2017-163531,6/26/2017,239.97,8
SC-20725,Steven Cartwright,CA-2016-103730,6/12/2016,226.56,9
SC-20725,Steven Cartwright,CA-2015-165057,9/11/2015,181.35,10
SC-20725,Steven Cartwright,CA-2016-103730,6/12/2016,115.02,11
SC-20725,Steven Cartwright,CA-2016-103730,6/12/2016,68.04,12
SC-20725,Steven Cartwright,CA-2016-153661,1/30/2016,50.784,13
SC-20725,Steven Cartwright,CA-2016-103730,6/12/2016,47.04,14
SC-20725,Steven Cartwright,CA-2014-159310,11/7/2014,40.712,15
SC-20725,Steven Cartwright,CA-2015-119627,8/17/2015,36.288,16
SC-20725,Steven Cartwright,CA-2016-103730,6/12/2016,30.84,17
SC-20725,Steven Cartwright,CA-2015-119627,8/17/2015,30.08,18
SC-20725,Steven Cartwright,CA-2016-153661,1/30/2016,26.01,19
SC-20725,Steven Cartwright,CA-2015-128860,6/29/2015,20.104,20
SC-20725,Steven Cartwright,CA-2017-108539,3/21/2017,10.896,21
SC-20725,Steven Cartwright,CA-2015-119627,8/17/2015,10.272,22
SC-20725,Steven Cartwright,CA-2015-165057,9/11/2015,8.64,23
SC-20725,Steven Cartwright,CA-2017-108539,3/21/2017,8.544,24
SC-20725,Steven Cartwright,US-2015-161991,9/26/2015,2.08,25
SC-20725,Steven Cartwright,CA-2014-159310,11/7/2014,1.476,26
SC-20770,Stewart Carmichael,CA-2017-112529,11/19/2017,718.116,1
SC-20770,Stewart Carmichael,US-2016-114013,3/13/2016,552.56,2
SC-20770,Stewart Carmichael,US-2016-114013,3/13/2016,539.91,3
SC-20770,Stewart Carmichael,CA-2016-131744,6/18/2016,453.6,4
SC-20770,Stewart Carmichael,US-2016-114013,3/13/2016,449.1,5
SC-20770,Stewart Carmichael,US-2016-114013,3/13/2016,386.68,6
SC-20770,Stewart Carmichael,US-2016-114013,3/13/2016,379.96,7
SC-20770,Stewart Carmichael,CA-2015-140144,6/20/2015,257.64,8
SC-20770,Stewart Carmichael,CA-2016-127208,6/12/2016,208.16,9
SC-20770,Stewart Carmichael,US-2016-114013,3/13/2016,126.08,10
SC-20770,Stewart Carmichael,CA-2015-140144,6/20/2015,125.976,11
SC-20770,Stewart Carmichael,CA-2016-105963,11/15/2016,99.39,12
SC-20770,Stewart Carmichael,US-2016-114013,3/13/2016,51.897,13
SC-20770,Stewart Carmichael,US-2016-114013,3/13/2016,41.24,14
SC-20770,Stewart Carmichael,CA-2017-112529,11/19/2017,31.776,15
SC-20770,Stewart Carmichael,US-2016-114013,3/13/2016,23.16,16
SC-20770,Stewart Carmichael,CA-2016-127208,6/12/2016,16.74,17
SC-20770,Stewart Carmichael,CA-2017-146024,3/2/2017,12.222,18
SC-20770,Stewart Carmichael,CA-2017-146024,3/2/2017,6.976,19
SC-20770,Stewart Carmichael,CA-2016-131744,6/18/2016,6.848,20
SC-20770,Stewart Carmichael,CA-2016-131744,6/18/2016,4.626,21
SC-20800,Stuart Calhoun,CA-2015-155761,12/11/2015,159.984,1
SC-20800,Stuart Calhoun,CA-2016-168536,12/20/2016,66.3,2
SC-20800,Stuart Calhoun,CA-2015-155761,12/11/2015,46.344,3
SC-20800,Stuart Calhoun,CA-2017-135167,6/15/2017,4.26,4
SC-20800,Stuart Calhoun,CA-2017-102267,11/30/2017,2.368,5
SC-20845,Sung Chung,CA-2017-117646,8/21/2017,237.096,1
SC-20845,Sung Chung,CA-2017-117646,8/21/2017,22.752,2
SC-20845,Sung Chung,CA-2016-103128,11/11/2016,14.112,3
SC-20845,Sung Chung,CA-2017-117646,8/21/2017,6.672,4
SD-20485,Shirley Daniels,CA-2015-120782,4/28/2015,3812.97,1
SD-20485,Shirley Daniels,US-2014-155502,1/26/2014,489.92,2
SD-20485,Shirley Daniels,CA-2017-102337,6/13/2017,470.302,3
SD-20485,Shirley Daniels,US-2014-155502,1/26/2014,187.98,4
SD-20485,Shirley Daniels,CA-2015-120782,4/28/2015,186.732,5
SD-20485,Shirley Daniels,CA-2017-102337,6/13/2017,164.736,6
SD-20485,Shirley Daniels,US-2014-155502,1/26/2014,155.35,7
SD-20485,Shirley Daniels,US-2014-118486,4/6/2014,154.764,8
SD-20485,Shirley Daniels,US-2014-118486,4/6/2014,116.784,9
SD-20485,Shirley Daniels,CA-2014-101476,9/12/2014,69.99,10
SD-20485,Shirley Daniels,US-2014-155502,1/26/2014,62.82,11
SD-20485,Shirley Daniels,CA-2017-102337,6/13/2017,47.984,12
SD-20485,Shirley Daniels,CA-2014-150329,10/10/2014,46.872,13
SD-20485,Shirley Daniels,CA-2016-102932,9/19/2016,27.93,14
SD-20485,Shirley Daniels,CA-2016-102932,9/19/2016,25.44,15
SD-20485,Shirley Daniels,CA-2015-142139,8/31/2015,20.96,16
SD-20485,Shirley Daniels,US-2017-141698,4/15/2017,20.736,17
SD-20485,Shirley Daniels,US-2014-155502,1/26/2014,19.44,18
SD-20485,Shirley Daniels,US-2014-155502,1/26/2014,16.68,19
SD-20485,Shirley Daniels,US-2014-155502,1/26/2014,12.42,20
SD-20485,Shirley Daniels,US-2014-118486,4/6/2014,10.304,21
SE-20110,Sanjit Engle,CA-2016-158841,2/2/2016,8749.95,1
SE-20110,Sanjit Engle,CA-2017-105851,3/13/2017,1332.496,2
SE-20110,Sanjit Engle,US-2016-115455,9/8/2016,601.47,3
SE-20110,Sanjit Engle,CA-2015-111164,4/11/2015,406.6,4
SE-20110,Sanjit Engle,CA-2016-142405,6/11/2016,389.97,5
SE-20110,Sanjit Engle,CA-2014-158225,9/22/2014,169.45,6
SE-20110,Sanjit Engle,CA-2017-144827,12/21/2017,124.36,7
SE-20110,Sanjit Engle,CA-2015-111164,4/11/2015,85.14,8
SE-20110,Sanjit Engle,CA-2017-123624,11/13/2017,82.95,9
SE-20110,Sanjit Engle,CA-2016-142405,6/11/2016,53.984,10
SE-20110,Sanjit Engle,US-2014-107993,11/25/2014,51.016,11
SE-20110,Sanjit Engle,CA-2014-158225,9/22/2014,40.68,12
SE-20110,Sanjit Engle,CA-2016-158841,2/2/2016,36.4,13
SE-20110,Sanjit Engle,CA-2015-111164,4/11/2015,21.99,14
SE-20110,Sanjit Engle,CA-2016-158841,2/2/2016,18.69,15
SE-20110,Sanjit Engle,CA-2016-142405,6/11/2016,14.62,16
SE-20110,Sanjit Engle,US-2016-115455,9/8/2016,14.136,17
SE-20110,Sanjit Engle,US-2014-121734,4/11/2014,9.584,18
SE-20110,Sanjit Engle,CA-2017-155047,8/27/2017,5.952,19
SF-20065,Sandra Flanagan,CA-2014-113383,9/10/2014,254.9,1
SF-20065,Sandra Flanagan,CA-2017-104136,11/1/2017,189.7,2
SF-20065,Sandra Flanagan,CA-2014-113383,9/10/2014,81.92,3
SF-20065,Sandra Flanagan,US-2017-156909,7/16/2017,71.372,4
SF-20065,Sandra Flanagan,CA-2015-142937,12/5/2015,45.04,5
SF-20065,Sandra Flanagan,CA-2017-104136,11/1/2017,40.99,6
SF-20065,Sandra Flanagan,CA-2016-130442,12/16/2016,34.944,7
SF-20065,Sandra Flanagan,CA-2015-148495,8/13/2015,31.56,8
SF-20065,Sandra Flanagan,US-2015-164357,11/25/2015,13.12,9
SF-20200,Sarah Foster,CA-2017-123967,11/1/2017,2665.62,1
SF-20200,Sarah Foster,CA-2014-142314,12/23/2014,207.24,2
SF-20200,Sarah Foster,CA-2015-120341,9/26/2015,121.104,3
SF-20200,Sarah Foster,CA-2017-163097,8/27/2017,120.576,4
SF-20200,Sarah Foster,US-2017-158505,7/21/2017,71.928,5
SF-20200,Sarah Foster,CA-2015-153108,3/5/2015,60.69,6
SF-20200,Sarah Foster,CA-2015-120341,9/26/2015,45.894,7
SF-20200,Sarah Foster,US-2017-158505,7/21/2017,25.99,8
SF-20200,Sarah Foster,CA-2017-123967,11/1/2017,25.12,9
SF-20200,Sarah Foster,CA-2015-153108,3/5/2015,23.92,10
SF-20200,Sarah Foster,CA-2016-128811,9/12/2016,20.704,11
SF-20200,Sarah Foster,CA-2016-128811,9/12/2016,11.07,12
SF-20200,Sarah Foster,CA-2016-128811,9/12/2016,10.47,13
SF-20200,Sarah Foster,CA-2016-127250,11/3/2016,8.82,14
SF-20200,Sarah Foster,CA-2016-132899,4/7/2016,3.64,15
SF-20965,Sylvia Foulston,CA-2016-146913,10/31/2016,1403.92,1
SF-20965,Sylvia Foulston,CA-2015-138009,11/29/2015,555.21,2
SF-20965,Sylvia Foulston,CA-2015-138009,11/29/2015,523.48,3
SF-20965,Sylvia Foulston,CA-2015-138009,11/29/2015,301.96,4
SF-20965,Sylvia Foulston,CA-2015-138009,11/29/2015,161.82,5
SF-20965,Sylvia Foulston,CA-2017-139311,8/11/2017,153.584,6
SF-20965,Sylvia Foulston,CA-2015-161214,10/5/2015,77.55,7
SF-20965,Sylvia Foulston,CA-2014-169852,10/21/2014,36.36,8
SF-20965,Sylvia Foulston,CA-2017-139311,8/11/2017,29.664,9
SF-20965,Sylvia Foulston,CA-2015-143077,9/17/2015,21.936,10
SF-20965,Sylvia Foulston,CA-2017-122644,11/12/2017,18.544,11
SF-20965,Sylvia Foulston,CA-2017-139311,8/11/2017,12.864,12
SF-20965,Sylvia Foulston,CA-2017-122644,11/12/2017,10.848,13
SF-20965,Sylvia Foulston,CA-2015-121097,1/3/2015,10.368,14
SF-20965,Sylvia Foulston,CA-2017-139311,8/11/2017,9.184,15
SF-20965,Sylvia Foulston,CA-2015-143077,9/17/2015,6.588,16
SF-20965,Sylvia Foulston,CA-2017-152205,9/28/2017,2.655,17
SG-20080,Sandra Glassco,CA-2015-164882,10/31/2015,1295.84,1
SG-20080,Sandra Glassco,CA-2017-155376,12/22/2017,839.43,2
SG-20080,Sandra Glassco,CA-2015-164882,10/31/2015,425.833,3
SG-20080,Sandra Glassco,CA-2015-164882,10/31/2015,398.352,4
SG-20080,Sandra Glassco,CA-2015-164882,10/31/2015,323.136,5
SG-20080,Sandra Glassco,CA-2015-164882,10/31/2015,46.84,6
SG-20080,Sandra Glassco,CA-2015-164882,10/31/2015,29.7,7
SG-20080,Sandra Glassco,CA-2015-164882,10/31/2015,19.98,8
SG-20080,Sandra Glassco,CA-2015-164882,10/31/2015,17.45,9
SG-20080,Sandra Glassco,CA-2015-164882,10/31/2015,5.04,10
SG-20080,Sandra Glassco,CA-2015-162544,12/16/2015,4.98,11
SG-20470,Sheri Gordon,US-2017-102890,6/30/2017,1044.63,1
SG-20470,Sheri Gordon,CA-2015-153535,5/20/2015,163.136,2
SG-20470,Sheri Gordon,CA-2014-116190,7/26/2014,162.89,3
SG-20470,Sheri Gordon,CA-2014-159800,11/28/2014,139.93,4
SG-20470,Sheri Gordon,CA-2015-165799,6/29/2015,117.882,5
SG-20470,Sheri Gordon,CA-2014-116190,7/26/2014,67.88,6
SG-20470,Sheri Gordon,CA-2014-159800,11/28/2014,43.68,7
SG-20470,Sheri Gordon,CA-2015-130218,3/23/2015,31.56,8
SG-20470,Sheri Gordon,CA-2015-130218,3/23/2015,27.92,9
SG-20470,Sheri Gordon,CA-2016-130484,8/22/2016,26.352,10
SG-20470,Sheri Gordon,CA-2014-116190,7/26/2014,25.71,11
SG-20470,Sheri Gordon,CA-2015-140375,10/2/2015,19.44,12
SG-20470,Sheri Gordon,CA-2015-140375,10/2/2015,7.38,13
SG-20470,Sheri Gordon,CA-2015-153535,5/20/2015,6.408,14
SG-20605,Speros Goranitis,US-2015-127040,12/6/2015,1619.91,1
SG-20605,Speros Goranitis,CA-2014-121573,11/3/2014,783.96,2
SG-20605,Speros Goranitis,CA-2014-169446,12/19/2014,323.976,3
SG-20605,Speros Goranitis,US-2015-127040,12/6/2015,113.92,4
SG-20605,Speros Goranitis,CA-2017-125381,4/25/2017,107.97,5
SG-20605,Speros Goranitis,CA-2014-121573,11/3/2014,48.896,6
SG-20605,Speros Goranitis,US-2015-127040,12/6/2015,41.86,7
SG-20605,Speros Goranitis,CA-2014-169446,12/19/2014,32.592,8
SG-20605,Speros Goranitis,CA-2017-139493,9/13/2017,15.92,9
SG-20605,Speros Goranitis,CA-2014-169446,12/19/2014,15.552,10
SG-20605,Speros Goranitis,CA-2014-121573,11/3/2014,7.856,11
SG-20605,Speros Goranitis,US-2015-127040,12/6/2015,6.48,12
SG-20605,Speros Goranitis,CA-2014-146997,1/23/2014,5.94,13
SG-20890,Susan Gilcrest,CA-2016-144337,8/1/2016,19.648,1
SG-20890,Susan Gilcrest,US-2014-105151,3/30/2014,10.5,2
SG-20890,Susan Gilcrest,CA-2017-112536,5/18/2017,8.928,3
SG-20890,Susan Gilcrest,CA-2017-112536,5/18/2017,6.874,4
SG-20890,Susan Gilcrest,CA-2017-112536,5/18/2017,1.996,5
SH-19975,Sally Hughsby,CA-2017-101805,12/1/2017,541.24,1
SH-19975,Sally Hughsby,US-2016-146794,9/26/2016,424.9575,2
SH-19975,Sally Hughsby,US-2016-115441,7/25/2016,403.56,3
SH-19975,Sally Hughsby,US-2014-112991,12/10/2014,338.352,4
SH-19975,Sally Hughsby,CA-2015-149083,9/25/2015,307.136,5
SH-19975,Sally Hughsby,US-2016-115441,7/25/2016,297.55,6
SH-19975,Sally Hughsby,CA-2015-149083,9/25/2015,159.98,7
SH-19975,Sally Hughsby,CA-2017-106180,9/18/2017,143.7,8
SH-19975,Sally Hughsby,US-2016-115441,7/25/2016,124.25,9
SH-19975,Sally Hughsby,US-2016-115441,7/25/2016,95.2,10
SH-19975,Sally Hughsby,US-2014-112991,12/10/2014,91.36,11
SH-19975,Sally Hughsby,CA-2017-101805,12/1/2017,70.68,12
SH-19975,Sally Hughsby,CA-2017-125101,3/6/2017,67.78,13
SH-19975,Sally Hughsby,CA-2016-109743,9/22/2016,63.936,14
SH-19975,Sally Hughsby,CA-2016-125164,11/10/2016,49.848,15
SH-19975,Sally Hughsby,CA-2016-109743,9/22/2016,40.776,16
SH-19975,Sally Hughsby,US-2014-112991,12/10/2014,25.92,17
SH-19975,Sally Hughsby,US-2016-115441,7/25/2016,20.62,18
SH-19975,Sally Hughsby,CA-2016-125164,11/10/2016,20.368,19
SH-19975,Sally Hughsby,CA-2016-151512,12/26/2016,18.72,20
SH-19975,Sally Hughsby,CA-2017-101805,12/1/2017,15.92,21
SH-19975,Sally Hughsby,CA-2017-127922,10/27/2017,15.84,22
SH-19975,Sally Hughsby,US-2017-108245,9/22/2017,13.392,23
SH-19975,Sally Hughsby,CA-2015-149083,9/25/2015,12.6,24
SH-19975,Sally Hughsby,US-2017-108245,9/22/2017,11.228,25
SH-19975,Sally Hughsby,CA-2017-106180,9/18/2017,10.86,26
SH-19975,Sally Hughsby,CA-2017-106180,9/18/2017,8.82,27
SH-19975,Sally Hughsby,CA-2017-127922,10/27/2017,8.448,28
SH-19975,Sally Hughsby,CA-2016-125920,5/21/2016,3.798,29
SH-20395,Shahid Hopkins,CA-2014-165764,11/3/2014,945.036,1
SH-20395,Shahid Hopkins,CA-2014-165764,11/3/2014,410.352,2
SH-20395,Shahid Hopkins,CA-2014-115889,11/2/2014,362.92,3
SH-20395,Shahid Hopkins,CA-2017-157980,12/7/2017,127.984,4
SH-20395,Shahid Hopkins,CA-2017-110884,3/7/2017,91.59,5
SH-20395,Shahid Hopkins,CA-2017-168172,8/6/2017,70.12,6
SH-20395,Shahid Hopkins,CA-2014-115889,11/2/2014,46.384,7
SH-20395,Shahid Hopkins,CA-2015-112053,10/11/2015,31.95,8
SH-20395,Shahid Hopkins,CA-2014-165764,11/3/2014,25.984,9
SH-20395,Shahid Hopkins,CA-2017-110884,3/7/2017,25.92,10
SH-20395,Shahid Hopkins,CA-2017-122280,9/10/2017,18.76,11
SH-20395,Shahid Hopkins,CA-2014-165764,11/3/2014,14.301,12
SH-20395,Shahid Hopkins,CA-2017-126774,4/15/2017,4.89,13
SH-20395,Shahid Hopkins,CA-2017-168900,5/4/2017,2.313,14
SH-20395,Shahid Hopkins,CA-2016-113600,12/15/2016,2.214,15
SH-20635,Stefanie Holloman,CA-2014-124247,12/16/2014,1403.92,1
SH-20635,Stefanie Holloman,CA-2015-166975,11/26/2015,692.472,2
SJ-20125,Sanjit Jacobs,CA-2017-105669,9/17/2017,1415.76,1
SJ-20125,Sanjit Jacobs,CA-2015-102260,9/22/2015,720.064,2
SJ-20125,Sanjit Jacobs,CA-2017-129490,9/26/2017,419.136,3
SJ-20125,Sanjit Jacobs,CA-2016-140571,3/15/2016,319.76,4
SJ-20125,Sanjit Jacobs,CA-2017-105669,9/17/2017,318.43,5
SJ-20125,Sanjit Jacobs,CA-2016-130400,3/8/2016,146.352,6
SJ-20125,Sanjit Jacobs,CA-2016-159730,9/17/2016,113.888,7
SJ-20125,Sanjit Jacobs,CA-2016-159730,9/17/2016,105.584,8
SJ-20125,Sanjit Jacobs,CA-2016-147123,12/10/2016,80.28,9
SJ-20125,Sanjit Jacobs,CA-2017-110212,5/1/2017,48.9,10
SJ-20125,Sanjit Jacobs,CA-2016-140571,3/15/2016,45.68,11
SJ-20125,Sanjit Jacobs,CA-2017-166849,4/20/2017,44.4,12
SJ-20125,Sanjit Jacobs,CA-2017-120719,3/23/2017,34.76,13
SJ-20125,Sanjit Jacobs,CA-2016-130400,3/8/2016,27.96,14
SJ-20125,Sanjit Jacobs,CA-2017-100433,8/11/2017,25.92,15
SJ-20125,Sanjit Jacobs,CA-2015-102260,9/22/2015,25.424,16
SJ-20125,Sanjit Jacobs,CA-2015-102260,9/22/2015,12.0,17
SJ-20125,Sanjit Jacobs,CA-2017-105669,9/17/2017,9.912,18
SJ-20125,Sanjit Jacobs,CA-2016-130400,3/8/2016,8.856,19
SJ-20125,Sanjit Jacobs,CA-2017-161984,4/10/2017,7.61,20
SJ-20125,Sanjit Jacobs,CA-2017-161984,4/10/2017,7.16,21
SJ-20125,Sanjit Jacobs,CA-2017-105669,9/17/2017,5.8,22
SJ-20125,Sanjit Jacobs,CA-2015-102260,9/22/2015,3.204,23
SJ-20125,Sanjit Jacobs,CA-2015-102260,9/22/2015,2.816,24
SJ-20215,Sarah Jordon,CA-2017-113355,12/1/2017,317.058,1
SJ-20215,Sarah Jordon,CA-2017-100615,4/20/2017,317.058,2
SJ-20215,Sarah Jordon,CA-2017-113355,12/1/2017,219.8,3
SJ-20215,Sarah Jordon,CA-2015-146038,2/9/2015,203.92,4
SJ-20215,Sarah Jordon,CA-2015-161627,7/6/2015,170.352,5
SJ-20215,Sarah Jordon,CA-2017-122987,8/16/2017,67.136,6
SJ-20215,Sarah Jordon,CA-2017-100615,4/20/2017,15.76,7
SJ-20215,Sarah Jordon,CA-2017-100615,4/20/2017,14.56,8
SJ-20215,Sarah Jordon,CA-2017-122987,8/16/2017,13.428,9
SJ-20215,Sarah Jordon,CA-2016-108644,9/30/2016,1.964,10
SJ-20500,Shirley Jackson,CA-2016-157336,12/1/2016,751.92,1
SJ-20500,Shirley Jackson,CA-2014-138240,10/9/2014,144.6,2
SJ-20500,Shirley Jackson,CA-2016-121356,11/20/2016,128.4,3
SJ-20500,Shirley Jackson,US-2017-152366,4/21/2017,97.264,4
SJ-20500,Shirley Jackson,CA-2014-143385,8/31/2014,92.52,5
SJ-20500,Shirley Jackson,CA-2016-157336,12/1/2016,88.08,6
SJ-20500,Shirley Jackson,CA-2014-138240,10/9/2014,15.992,7
SK-19990,Sally Knutson,CA-2017-119193,12/22/2017,629.958,1
SK-19990,Sally Knutson,CA-2017-108553,4/23/2017,122.71,2
SK-19990,Sally Knutson,CA-2017-108553,4/23/2017,121.94,3
SK-19990,Sally Knutson,CA-2016-105018,11/28/2016,7.16,4
SK-19990,Sally Knutson,CA-2017-119193,12/22/2017,1.641,5
SL-20155,Sara Luxemburg,CA-2017-145884,10/21/2017,1439.92,1
SL-20155,Sara Luxemburg,CA-2015-153549,3/29/2015,1166.92,2
SL-20155,Sara Luxemburg,CA-2017-145884,10/21/2017,262.11,3
SL-20155,Sara Luxemburg,CA-2014-124513,9/21/2014,66.03,4
SL-20155,Sara Luxemburg,US-2014-155817,10/3/2014,61.568,5
SL-20155,Sara Luxemburg,US-2015-107349,7/13/2015,41.568,6
SL-20155,Sara Luxemburg,CA-2016-100587,12/10/2016,6.48,7
SL-20155,Sara Luxemburg,US-2014-155817,10/3/2014,6.192,8
SL-20155,Sara Luxemburg,CA-2017-156391,9/26/2017,2.224,9
SM-20005,Sally Matthias,CA-2014-148488,12/10/2014,106.344,1
SM-20005,Sally Matthias,US-2016-111563,11/4/2016,66.112,2
SM-20005,Sally Matthias,US-2016-154256,6/23/2016,25.83,3
SM-20005,Sally Matthias,CA-2014-159625,11/23/2014,23.472,4
SM-20005,Sally Matthias,US-2016-111563,11/4/2016,11.376,5
SM-20005,Sally Matthias,CA-2014-148488,12/10/2014,11.36,6
SM-20320,Sean Miller,CA-2014-145317,3/18/2014,22638.48,1
SM-20320,Sean Miller,CA-2014-145317,3/18/2014,821.3,2
SM-20320,Sean Miller,US-2015-130512,8/21/2015,663.072,3
SM-20320,Sean Miller,CA-2017-145128,7/9/2017,526.45,4
SM-20320,Sean Miller,CA-2014-145317,3/18/2014,122.352,5
SM-20320,Sean Miller,US-2015-130512,8/21/2015,99.588,6
SM-20320,Sean Miller,US-2015-130512,8/21/2015,49.568,7
SM-20320,Sean Miller,CA-2014-145317,3/18/2014,30.768,8
SM-20320,Sean Miller,US-2015-130512,8/21/2015,21.728,9
SM-20320,Sean Miller,CA-2014-145317,3/18/2014,21.376,10
SM-20320,Sean Miller,CA-2014-145317,3/18/2014,18.936,11
SM-20320,Sean Miller,CA-2015-144890,12/25/2015,9.96,12
SM-20320,Sean Miller,CA-2014-145317,3/18/2014,8.016,13
SM-20320,Sean Miller,CA-2017-149146,10/12/2017,7.968,14
SM-20320,Sean Miller,US-2015-130512,8/21/2015,3.488,15
SM-20905,Susan MacKendrick,CA-2016-129280,5/3/2016,431.976,1
SM-20905,Susan MacKendrick,CA-2016-129280,5/3/2016,224.937,2
SM-20905,Susan MacKendrick,CA-2016-129280,5/3/2016,195.64,3
SM-20905,Susan MacKendrick,CA-2016-129280,5/3/2016,132.52,4
SM-20905,Susan MacKendrick,CA-2016-129280,5/3/2016,51.968,5
SM-20905,Susan MacKendrick,CA-2016-129280,5/3/2016,6.0,6
SM-20950,Suzanne McNair,CA-2014-122931,9/29/2014,1801.632,1
SM-20950,Suzanne McNair,US-2015-116981,3/26/2015,1085.42,2
SM-20950,Suzanne McNair,CA-2017-150497,7/20/2017,735.98,3
SM-20950,Suzanne McNair,CA-2015-107902,8/28/2015,470.36,4
SM-20950,Suzanne McNair,CA-2014-122931,9/29/2014,409.272,5
SM-20950,Suzanne McNair,CA-2017-105235,12/5/2017,254.9,6
SM-20950,Suzanne McNair,CA-2014-163412,12/20/2014,192.186,7
SM-20950,Suzanne McNair,CA-2015-100685,12/19/2015,116.28,8
SM-20950,Suzanne McNair,CA-2016-154067,2/1/2016,105.52,9
SM-20950,Suzanne McNair,CA-2016-125724,9/22/2016,68.432,10
SM-20950,Suzanne McNair,CA-2014-122931,9/29/2014,67.176,11
SM-20950,Suzanne McNair,CA-2017-105235,12/5/2017,58.68,12
SM-20950,Suzanne McNair,CA-2014-122931,9/29/2014,55.44,13
SM-20950,Suzanne McNair,CA-2017-120614,5/30/2017,37.52,14
SM-20950,Suzanne McNair,CA-2017-105235,12/5/2017,20.94,15
SM-20950,Suzanne McNair,CA-2014-122931,9/29/2014,20.928,16
SM-20950,Suzanne McNair,US-2016-144393,10/28/2016,17.616,17
SM-20950,Suzanne McNair,CA-2014-126907,11/1/2014,15.696,18
SM-20950,Suzanne McNair,US-2015-116981,3/26/2015,13.11,19
SM-20950,Suzanne McNair,CA-2015-100685,12/19/2015,7.04,20
SM-20950,Suzanne McNair,CA-2015-100685,12/19/2015,5.04,21
SM-20950,Suzanne McNair,CA-2014-122931,9/29/2014,4.224,22
SN-20560,Skye Norling,CA-2017-152093,9/10/2017,762.594,1
SN-20560,Skye Norling,CA-2016-118101,6/26/2016,368.91,2
SN-20560,Skye Norling,CA-2015-125934,9/11/2015,209.6,3
SN-20560,Skye Norling,CA-2016-118101,6/26/2016,171.04,4
SN-20560,Skye Norling,CA-2015-125934,9/11/2015,111.04,5
SN-20560,Skye Norling,CA-2015-122287,6/18/2015,75.36,6
SN-20560,Skye Norling,CA-2015-125934,9/11/2015,38.88,7
SN-20560,Skye Norling,CA-2015-125934,9/11/2015,31.05,8
SN-20560,Skye Norling,CA-2017-154102,2/6/2017,29.9,9
SN-20560,Skye Norling,CA-2015-144652,11/20/2015,19.46,10
SN-20560,Skye Norling,CA-2015-122287,6/18/2015,11.952,11
SN-20560,Skye Norling,CA-2015-122287,6/18/2015,9.156,12
SN-20560,Skye Norling,CA-2015-125934,9/11/2015,8.92,13
SN-20560,Skye Norling,CA-2016-118101,6/26/2016,8.02,14
SN-20560,Skye Norling,CA-2015-122287,6/18/2015,4.536,15
SN-20710,Steve Nguyen,CA-2015-117415,12/27/2015,532.3992,1
SN-20710,Steve Nguyen,US-2016-146570,5/15/2016,511.84,2
SN-20710,Steve Nguyen,CA-2015-117415,12/27/2015,371.168,3
SN-20710,Steve Nguyen,CA-2016-119963,11/18/2016,255.108,4
SN-20710,Steve Nguyen,CA-2017-152702,10/12/2017,254.604,5
SN-20710,Steve Nguyen,CA-2016-169957,9/26/2016,236.88,6
SN-20710,Steve Nguyen,CA-2015-117415,12/27/2015,212.058,7
SN-20710,Steve Nguyen,CA-2015-125234,11/27/2015,113.82,8
SN-20710,Steve Nguyen,CA-2015-117415,12/27/2015,113.328,9
SN-20710,Steve Nguyen,CA-2015-125234,11/27/2015,107.97,10
SN-20710,Steve Nguyen,US-2014-154879,5/6/2014,107.94,11
SN-20710,Steve Nguyen,CA-2016-169957,9/26/2016,100.0,12
SN-20710,Steve Nguyen,US-2016-146570,5/15/2016,91.96,13
SN-20710,Steve Nguyen,CA-2016-119963,11/18/2016,48.848,14
SN-20710,Steve Nguyen,CA-2016-169957,9/26/2016,29.9,15
SN-20710,Steve Nguyen,CA-2016-119963,11/18/2016,19.648,16
SN-20710,Steve Nguyen,US-2016-146570,5/15/2016,8.34,17
SN-20710,Steve Nguyen,CA-2016-119963,11/18/2016,6.368,18
SN-20710,Steve Nguyen,US-2014-154879,5/6/2014,5.78,19
SO-20335,Sean O'Donnell,US-2015-108966,10/11/2015,957.5775,1
SO-20335,Sean O'Donnell,CA-2015-161718,12/4/2015,364.41,2
SO-20335,Sean O'Donnell,CA-2015-161718,12/4/2015,361.764,3
SO-20335,Sean O'Donnell,CA-2017-147228,9/9/2017,258.48,4
SO-20335,Sean O'Donnell,CA-2017-147228,9/9/2017,177.536,5
SO-20335,Sean O'Donnell,CA-2017-149076,1/14/2017,154.9,6
SO-20335,Sean O'Donnell,CA-2017-166926,12/1/2017,141.96,7
SO-20335,Sean O'Donnell,CA-2017-166926,12/1/2017,41.86,8
SO-20335,Sean O'Donnell,CA-2015-161718,12/4/2015,39.96,9
SO-20335,Sean O'Donnell,CA-2015-161718,12/4/2015,28.44,10
SO-20335,Sean O'Donnell,US-2015-108966,10/11/2015,22.368,11
SO-20335,Sean O'Donnell,CA-2017-101700,4/23/2017,18.688,12
SO-20335,Sean O'Donnell,CA-2017-147228,9/9/2017,14.136,13
SO-20335,Sean O'Donnell,CA-2017-101700,4/23/2017,11.664,14
SO-20335,Sean O'Donnell,CA-2017-147228,9/9/2017,8.832,15
SP-20545,Sibella Parks,CA-2016-123666,3/26/2016,459.95,1
SP-20545,Sibella Parks,US-2016-128909,10/9/2016,332.832,2
SP-20545,Sibella Parks,US-2017-101840,2/6/2017,227.46,3
SP-20545,Sibella Parks,US-2016-103646,4/21/2016,102.336,4
SP-20545,Sibella Parks,US-2016-103646,4/21/2016,48.792,5
SP-20545,Sibella Parks,US-2017-101840,2/6/2017,46.24,6
SP-20545,Sibella Parks,US-2016-103646,4/21/2016,44.848,7
SP-20545,Sibella Parks,US-2016-128909,10/9/2016,19.136,8
SP-20545,Sibella Parks,CA-2016-102134,3/14/2016,16.74,9
SP-20545,Sibella Parks,CA-2014-123316,10/13/2014,7.752,10
SP-20620,Stefania Perrino,US-2017-118087,9/9/2017,1931.958,1
SP-20620,Stefania Perrino,CA-2016-131289,12/8/2016,1421.664,2
SP-20620,Stefania Perrino,CA-2017-148929,9/7/2017,478.08,3
SP-20620,Stefania Perrino,CA-2014-104738,12/30/2014,328.776,4
SP-20620,Stefania Perrino,US-2017-118087,9/9/2017,258.696,5
SP-20620,Stefania Perrino,CA-2014-104738,12/30/2014,217.584,6
SP-20620,Stefania Perrino,CA-2015-131597,9/14/2015,170.136,7
SP-20620,Stefania Perrino,CA-2017-112844,11/13/2017,154.95,8
SP-20620,Stefania Perrino,US-2017-118087,9/9/2017,141.372,9
SP-20620,Stefania Perrino,US-2017-118087,9/9/2017,95.88,10
SP-20620,Stefania Perrino,CA-2014-104738,12/30/2014,47.984,11
SP-20620,Stefania Perrino,CA-2016-131289,12/8/2016,45.36,12
SP-20620,Stefania Perrino,CA-2017-112844,11/13/2017,43.6,13
SP-20620,Stefania Perrino,CA-2015-149636,1/6/2015,29.6,14
SP-20620,Stefania Perrino,US-2017-118087,9/9/2017,17.024,15
SP-20620,Stefania Perrino,CA-2014-123127,9/8/2014,16.78,16
SP-20620,Stefania Perrino,CA-2014-104738,12/30/2014,12.984,17
SP-20620,Stefania Perrino,CA-2016-131289,12/8/2016,8.56,18
SP-20620,Stefania Perrino,US-2017-118087,9/9/2017,4.672,19
SP-20620,Stefania Perrino,US-2017-118087,9/9/2017,4.503,20
SP-20620,Stefania Perrino,US-2017-118087,9/9/2017,3.036,21
SP-20620,Stefania Perrino,US-2017-162208,8/27/2017,2.896,22
SP-20620,Stefania Perrino,CA-2014-104738,12/30/2014,2.286,23
SP-20620,Stefania Perrino,CA-2015-149636,1/6/2015,1.938,24
SP-20650,Stephanie Phelps,CA-2016-136770,8/14/2016,279.96,1
SP-20650,Stephanie Phelps,CA-2016-149503,12/9/2016,273.92,2
SP-20650,Stephanie Phelps,CA-2016-136770,8/14/2016,259.896,3
SP-20650,Stephanie Phelps,CA-2016-136770,8/14/2016,247.188,4
SP-20650,Stephanie Phelps,US-2016-140172,3/8/2016,207.144,5
SP-20650,Stephanie Phelps,CA-2014-110065,8/5/2014,135.99,6
SP-20650,Stephanie Phelps,CA-2015-124919,5/31/2015,105.52,7
SP-20650,Stephanie Phelps,US-2014-124625,11/3/2014,89.97,8
SP-20650,Stephanie Phelps,CA-2015-124919,5/31/2015,80.88,9
SP-20650,Stephanie Phelps,CA-2015-124919,5/31/2015,58.38,10
SP-20650,Stephanie Phelps,CA-2016-133802,3/14/2016,41.904,11
SP-20650,Stephanie Phelps,CA-2014-155208,4/16/2014,39.072,12
SP-20650,Stephanie Phelps,CA-2016-149349,11/12/2016,22.752,13
SP-20650,Stephanie Phelps,CA-2014-110065,8/5/2014,15.96,14
SP-20650,Stephanie Phelps,US-2016-140172,3/8/2016,13.9,15
SP-20860,Sung Pak,US-2016-163881,11/24/2016,1684.752,1
SP-20860,Sung Pak,US-2016-163881,11/24/2016,659.9,2
SP-20860,Sung Pak,US-2016-163881,11/24/2016,559.92,3
SP-20860,Sung Pak,US-2015-126753,8/16/2015,519.792,4
SP-20860,Sung Pak,US-2015-126753,8/16/2015,254.352,5
SP-20860,Sung Pak,CA-2015-103870,12/27/2015,131.104,6
SP-20860,Sung Pak,CA-2014-164259,12/28/2014,99.136,7
SP-20860,Sung Pak,CA-2015-103870,12/27/2015,72.744,8
SP-20860,Sung Pak,CA-2015-103870,12/27/2015,53.352,9
SP-20860,Sung Pak,CA-2017-169362,10/12/2017,39.984,10
SP-20860,Sung Pak,CA-2015-105158,9/5/2015,36.84,11
SP-20860,Sung Pak,CA-2015-156923,2/16/2015,35.88,12
SP-20860,Sung Pak,US-2015-126753,8/16/2015,31.176,13
SP-20860,Sung Pak,CA-2015-103870,12/27/2015,22.512,14
SP-20860,Sung Pak,CA-2017-110478,3/4/2017,15.25,15
SP-20860,Sung Pak,CA-2017-160017,9/28/2017,10.368,16
SP-20860,Sung Pak,US-2015-126753,8/16/2015,10.368,17
SP-20860,Sung Pak,US-2015-126753,8/16/2015,10.272,18
SP-20860,Sung Pak,CA-2017-110478,3/4/2017,9.32,19
SP-20860,Sung Pak,CA-2014-119466,12/15/2014,8.544,20
SP-20860,Sung Pak,CA-2015-105158,9/5/2015,6.16,21
SP-20860,Sung Pak,CA-2015-103870,12/27/2015,4.728,22
SP-20860,Sung Pak,US-2015-126753,8/16/2015,3.762,23
SP-20860,Sung Pak,US-2015-126753,8/16/2015,2.724,24
SP-20920,Susan Pistek,CA-2016-124590,11/12/2016,1537.074,1
SP-20920,Susan Pistek,CA-2016-124590,11/12/2016,1474.802,2
SP-20920,Susan Pistek,CA-2016-124590,11/12/2016,449.372,3
SP-20920,Susan Pistek,CA-2017-161172,3/16/2017,159.984,4
SP-20920,Susan Pistek,CA-2016-124590,11/12/2016,110.096,5
SP-20920,Susan Pistek,CA-2017-161172,3/16/2017,54.224,6
SP-20920,Susan Pistek,CA-2014-135090,11/22/2014,53.82,7
SP-20920,Susan Pistek,CA-2017-161172,3/16/2017,51.264,8
SP-20920,Susan Pistek,CA-2017-161172,3/16/2017,44.376,9
SP-20920,Susan Pistek,CA-2017-100356,10/21/2017,23.992,10
SP-20920,Susan Pistek,CA-2016-124590,11/12/2016,16.752,11
SP-20920,Susan Pistek,CA-2016-152800,4/13/2016,6.12,12
SP-20920,Susan Pistek,CA-2017-161172,3/16/2017,5.193,13
SP-20920,Susan Pistek,CA-2016-105291,10/30/2016,3.62,14
SR-20425,Sharelle Roach,CA-2017-134845,4/17/2017,2549.985,1
SR-20425,Sharelle Roach,CA-2014-140487,6/14/2014,212.94,2
SR-20425,Sharelle Roach,CA-2017-120061,11/2/2017,155.372,3
SR-20425,Sharelle Roach,CA-2017-100412,12/22/2017,141.96,4
SR-20425,Sharelle Roach,CA-2017-143658,11/8/2017,109.9,5
SR-20425,Sharelle Roach,CA-2017-134845,4/17/2017,21.594,6
SR-20425,Sharelle Roach,CA-2017-134845,4/17/2017,20.736,7
SR-20425,Sharelle Roach,CA-2017-134845,4/17/2017,12.03,8
SR-20425,Sharelle Roach,CA-2017-134845,4/17/2017,8.964,9
SR-20740,Steven Roelle,CA-2017-165323,6/17/2017,3404.5,1
SR-20740,Steven Roelle,CA-2016-132661,10/23/2016,379.4,2
SR-20740,Steven Roelle,US-2014-147704,11/16/2014,169.45,3
SR-20740,Steven Roelle,CA-2017-165323,6/17/2017,101.34,4
SR-20740,Steven Roelle,US-2014-147704,11/16/2014,78.35,5
SR-20740,Steven Roelle,CA-2015-154970,1/5/2015,61.584,6
SR-20740,Steven Roelle,CA-2014-133634,11/5/2014,47.79,7
SR-20740,Steven Roelle,US-2014-147704,11/16/2014,31.68,8
SR-20740,Steven Roelle,US-2014-147704,11/16/2014,29.12,9
SR-20740,Steven Roelle,CA-2015-150196,7/2/2015,19.44,10
SR-20740,Steven Roelle,CA-2014-164903,2/20/2014,12.96,11
SR-20740,Steven Roelle,CA-2016-162222,4/3/2016,10.272,12
SS-20140,Saphhira Shifley,CA-2017-164756,9/18/2017,411.98,1
SS-20140,Saphhira Shifley,CA-2017-164756,9/18/2017,244.55,2
SS-20140,Saphhira Shifley,CA-2017-164756,9/18/2017,113.94,3
SS-20140,Saphhira Shifley,CA-2015-143616,9/27/2015,99.2,4
SS-20140,Saphhira Shifley,CA-2017-164756,9/18/2017,95.68,5
SS-20140,Saphhira Shifley,CA-2017-164756,9/18/2017,50.96,6
SS-20140,Saphhira Shifley,CA-2017-165603,10/17/2017,49.96,7
SS-20140,Saphhira Shifley,CA-2017-145772,6/3/2017,44.75,8
SS-20140,Saphhira Shifley,CA-2017-164756,9/18/2017,34.48,9
SS-20140,Saphhira Shifley,CA-2014-120544,11/23/2014,34.176,10
SS-20140,Saphhira Shifley,CA-2017-164756,9/18/2017,25.92,11
SS-20140,Saphhira Shifley,CA-2017-108322,4/30/2017,23.68,12
SS-20140,Saphhira Shifley,CA-2016-101168,12/25/2016,21.12,13
SS-20140,Saphhira Shifley,CA-2017-164756,9/18/2017,20.32,14
SS-20140,Saphhira Shifley,CA-2017-165603,10/17/2017,12.96,15
SS-20140,Saphhira Shifley,CA-2017-145772,6/3/2017,11.96,16
SS-20140,Saphhira Shifley,CA-2017-136063,12/15/2017,10.192,17
SS-20140,Saphhira Shifley,CA-2014-120544,11/23/2014,6.368,18
SS-20140,Saphhira Shifley,CA-2014-120544,11/23/2014,5.544,19
SS-20140,Saphhira Shifley,CA-2017-145772,6/3/2017,3.912,20
SS-20140,Saphhira Shifley,CA-2017-108322,4/30/2017,2.376,21
SS-20410,Shahid Shariari,CA-2015-119879,11/21/2015,1252.704,1
SS-20410,Shahid Shariari,CA-2014-127558,11/15/2014,772.47,2
SS-20410,Shahid Shariari,CA-2014-145800,5/30/2014,355.455,3
SS-20410,Shahid Shariari,CA-2014-126193,9/7/2014,304.99,4
SS-20410,Shahid Shariari,CA-2017-127726,9/11/2017,195.68,5
SS-20410,Shahid Shariari,CA-2015-119879,11/21/2015,110.97,6
SS-20410,Shahid Shariari,CA-2014-127558,11/15/2014,20.46,7
SS-20410,Shahid Shariari,CA-2017-127726,9/11/2017,14.2,8
SS-20410,Shahid Shariari,CA-2014-126193,9/7/2014,13.16,9
SS-20410,Shahid Shariari,CA-2014-127558,11/15/2014,10.11,10
SS-20410,Shahid Shariari,CA-2014-126193,9/7/2014,3.828,11
SS-20410,Shahid Shariari,CA-2017-159954,9/10/2017,2.78,12
SS-20515,Shirley Schmidt,CA-2015-103135,7/24/2015,279.86,1
SS-20515,Shirley Schmidt,CA-2015-103135,7/24/2015,135.09,2
SS-20515,Shirley Schmidt,CA-2015-103135,7/24/2015,90.06,3
SS-20515,Shirley Schmidt,US-2016-163538,8/26/2016,47.97,4
SS-20515,Shirley Schmidt,CA-2014-124464,7/14/2014,39.48,5
SS-20515,Shirley Schmidt,CA-2015-103135,7/24/2015,20.94,6
SS-20590,Sonia Sunley,CA-2016-166275,10/24/2016,199.99,1
SS-20590,Sonia Sunley,CA-2016-169166,5/9/2016,93.98,2
SS-20590,Sonia Sunley,CA-2014-150490,8/5/2014,45.98,3
SS-20590,Sonia Sunley,CA-2016-136287,6/13/2016,18.9,4
SS-20590,Sonia Sunley,CA-2015-120551,4/13/2015,17.43,5
SS-20590,Sonia Sunley,CA-2014-150490,8/5/2014,16.36,6
SS-20590,Sonia Sunley,CA-2014-150490,8/5/2014,15.78,7
SS-20590,Sonia Sunley,CA-2016-116540,9/2/2016,8.26,8
SS-20590,Sonia Sunley,CA-2016-116540,9/2/2016,1.81,9
SS-20875,Sung Shariari,CA-2015-163965,11/20/2015,290.352,1
SS-20875,Sung Shariari,US-2014-123519,12/14/2014,263.96,2
SS-20875,Sung Shariari,US-2014-123519,12/14/2014,136.53,3
SS-20875,Sung Shariari,CA-2015-163965,11/20/2015,62.88,4
SS-20875,Sung Shariari,US-2016-146710,8/27/2016,55.168,5
SS-20875,Sung Shariari,US-2016-146710,8/27/2016,51.52,6
SS-20875,Sung Shariari,CA-2017-107909,9/1/2017,22.92,7
SS-20875,Sung Shariari,CA-2015-154900,2/25/2015,22.72,8
SS-20875,Sung Shariari,CA-2017-107909,9/1/2017,19.99,9
SS-20875,Sung Shariari,CA-2015-163965,11/20/2015,17.44,10
SS-20875,Sung Shariari,CA-2015-163965,11/20/2015,7.23,11
SS-20875,Sung Shariari,US-2016-146710,8/27/2016,4.624,12
SS-20875,Sung Shariari,US-2016-146710,8/27/2016,3.528,13
SS-20875,Sung Shariari,CA-2015-154900,2/25/2015,3.15,14
SS-20875,Sung Shariari,US-2014-123519,12/14/2014,2.624,15
ST-20530,Shui Tom,CA-2014-163559,9/23/2014,139.44,1
ST-20530,Shui Tom,CA-2015-153325,3/1/2015,58.72,2
ST-20530,Shui Tom,CA-2014-164182,7/14/2014,41.584,3
ST-20530,Shui Tom,CA-2014-152345,12/29/2014,33.29,4
ST-20530,Shui Tom,CA-2014-164182,7/14/2014,31.984,5
ST-20530,Shui Tom,CA-2017-106852,6/20/2017,31.104,6
ST-20530,Shui Tom,CA-2014-164182,7/14/2014,23.988,7
ST-20530,Shui Tom,CA-2014-152345,12/29/2014,23.976,8
ST-20530,Shui Tom,CA-2014-107706,2/14/2014,16.176,9
ST-20530,Shui Tom,CA-2017-101273,8/27/2017,14.336,10
ST-20530,Shui Tom,CA-2014-164182,7/14/2014,13.494,11
ST-20530,Shui Tom,CA-2017-106852,6/20/2017,5.248,12
SU-20665,Stephanie Ulpright,CA-2017-157966,3/13/2017,959.984,1
SU-20665,Stephanie Ulpright,CA-2017-148922,12/10/2017,599.97,2
SU-20665,Stephanie Ulpright,CA-2017-111388,9/2/2017,215.976,3
SU-20665,Stephanie Ulpright,CA-2017-157966,3/13/2017,209.986,4
SU-20665,Stephanie Ulpright,CA-2015-134943,12/5/2015,152.8,5
SU-20665,Stephanie Ulpright,CA-2017-157966,3/13/2017,89.768,6
SU-20665,Stephanie Ulpright,US-2016-126431,7/1/2016,75.06,7
SU-20665,Stephanie Ulpright,CA-2017-148922,12/10/2017,45.84,8
SU-20665,Stephanie Ulpright,CA-2017-148922,12/10/2017,38.97,9
SU-20665,Stephanie Ulpright,CA-2017-157966,3/13/2017,34.36,10
SU-20665,Stephanie Ulpright,US-2016-126431,7/1/2016,30.84,11
SU-20665,Stephanie Ulpright,US-2016-126431,7/1/2016,30.53,12
SU-20665,Stephanie Ulpright,CA-2017-157966,3/13/2017,29.76,13
SU-20665,Stephanie Ulpright,CA-2016-123414,8/21/2016,28.048,14
SU-20665,Stephanie Ulpright,CA-2017-157966,3/13/2017,19.456,15
SU-20665,Stephanie Ulpright,CA-2017-157966,3/13/2017,15.552,16
SU-20665,Stephanie Ulpright,CA-2016-164490,9/5/2016,9.248,17
SU-20665,Stephanie Ulpright,CA-2016-123414,8/21/2016,9.216,18
SV-20365,Seth Vernon,CA-2017-100111,9/20/2017,2888.127,1
SV-20365,Seth Vernon,CA-2017-100111,9/20/2017,2254.41,2
SV-20365,Seth Vernon,CA-2017-100111,9/20/2017,1299.66,3
SV-20365,Seth Vernon,CA-2016-118745,6/11/2016,902.712,4
SV-20365,Seth Vernon,CA-2014-134572,4/20/2014,744.1,5
SV-20365,Seth Vernon,US-2017-165358,7/18/2017,599.97,6
SV-20365,Seth Vernon,CA-2015-168746,1/27/2015,431.976,7
SV-20365,Seth Vernon,CA-2014-134572,4/20/2014,401.59,8
SV-20365,Seth Vernon,CA-2017-100111,9/20/2017,272.646,9
SV-20365,Seth Vernon,CA-2017-100111,9/20/2017,212.8,10
SV-20365,Seth Vernon,US-2017-165358,7/18/2017,198.744,11
SV-20365,Seth Vernon,CA-2015-168746,1/27/2015,181.986,12
SV-20365,Seth Vernon,CA-2015-168746,1/27/2015,155.37,13
SV-20365,Seth Vernon,CA-2017-161200,8/6/2017,145.74,14
SV-20365,Seth Vernon,CA-2017-159793,8/25/2017,130.98,15
SV-20365,Seth Vernon,CA-2017-100111,9/20/2017,104.85,16
SV-20365,Seth Vernon,CA-2016-157511,9/18/2016,99.372,17
SV-20365,Seth Vernon,CA-2017-100111,9/20/2017,80.991,18
SV-20365,Seth Vernon,CA-2017-100111,9/20/2017,72.64,19
SV-20365,Seth Vernon,CA-2017-100111,9/20/2017,59.97,20
SV-20365,Seth Vernon,CA-2017-100111,9/20/2017,45.4,21
SV-20365,Seth Vernon,CA-2014-134572,4/20/2014,44.84,22
SV-20365,Seth Vernon,CA-2017-100111,9/20/2017,38.52,23
SV-20365,Seth Vernon,US-2016-136581,11/10/2016,31.104,24
SV-20365,Seth Vernon,CA-2017-161200,8/6/2017,15.4,25
SV-20365,Seth Vernon,CA-2017-100111,9/20/2017,13.76,26
SV-20365,Seth Vernon,CA-2017-100111,9/20/2017,11.784,27
SV-20365,Seth Vernon,CA-2014-130092,1/11/2014,9.94,28
SV-20365,Seth Vernon,US-2017-165358,7/18/2017,9.184,29
SV-20365,Seth Vernon,CA-2016-157511,9/18/2016,5.352,30
SV-20365,Seth Vernon,CA-2017-100111,9/20/2017,4.36,31
SV-20365,Seth Vernon,CA-2016-157511,9/18/2016,2.672,32
SV-20785,Stewart Visinsky,CA-2015-112130,5/3/2015,844.116,1
SV-20785,Stewart Visinsky,CA-2015-162887,11/7/2015,715.2,2
SV-20785,Stewart Visinsky,CA-2016-148852,5/26/2016,484.704,3
SV-20785,Stewart Visinsky,CA-2016-148852,5/26/2016,371.976,4
SV-20785,Stewart Visinsky,CA-2015-149097,10/20/2015,364.776,5
SV-20785,Stewart Visinsky,CA-2014-100895,6/2/2014,356.94,6
SV-20785,Stewart Visinsky,CA-2014-100895,6/2/2014,239.97,7
SV-20785,Stewart Visinsky,CA-2016-148852,5/26/2016,211.168,8
SV-20785,Stewart Visinsky,CA-2015-112130,5/3/2015,76.752,9
SV-20785,Stewart Visinsky,CA-2015-149097,10/20/2015,74.76,10
SV-20785,Stewart Visinsky,CA-2014-169257,6/6/2014,62.016,11
SV-20785,Stewart Visinsky,CA-2015-112130,5/3/2015,59.904,12
SV-20785,Stewart Visinsky,CA-2016-148852,5/26/2016,45.36,13
SV-20785,Stewart Visinsky,US-2014-158365,4/12/2014,32.4,14
SV-20785,Stewart Visinsky,CA-2015-112130,5/3/2015,27.552,15
SV-20785,Stewart Visinsky,US-2014-160780,6/21/2014,25.164,16
SV-20785,Stewart Visinsky,CA-2017-151176,2/13/2017,25.02,17
SV-20785,Stewart Visinsky,CA-2015-112130,5/3/2015,23.696,18
SV-20785,Stewart Visinsky,CA-2015-112130,5/3/2015,18.2,19
SV-20785,Stewart Visinsky,US-2014-160780,6/21/2014,11.088,20
SV-20785,Stewart Visinsky,CA-2017-151176,2/13/2017,10.71,21
SV-20785,Stewart Visinsky,CA-2014-100895,6/2/2014,8.56,22
SV-20785,Stewart Visinsky,CA-2015-112130,5/3/2015,7.968,23
SV-20785,Stewart Visinsky,CA-2016-148852,5/26/2016,5.94,24
SV-20785,Stewart Visinsky,CA-2014-169257,6/6/2014,1.365,25
SV-20815,Stuart Van,CA-2015-126697,9/21/2015,946.344,1
SV-20815,Stuart Van,CA-2015-126697,9/21/2015,151.2,2
SV-20815,Stuart Van,CA-2015-146290,5/4/2015,125.93,3
SV-20815,Stuart Van,CA-2016-160598,8/26/2016,31.008,4
SV-20815,Stuart Van,CA-2017-100237,10/15/2017,11.68,5
SV-20815,Stuart Van,CA-2015-126697,9/21/2015,4.928,6
SV-20935,Susan Vittorini,CA-2017-116953,4/24/2017,552.0,1
SV-20935,Susan Vittorini,CA-2017-116225,11/5/2017,390.75,2
SV-20935,Susan Vittorini,US-2017-147669,12/25/2017,273.06,3
SV-20935,Susan Vittorini,CA-2016-133669,10/21/2016,235.152,4
SV-20935,Susan Vittorini,US-2017-147669,12/25/2017,158.928,5
SV-20935,Susan Vittorini,CA-2017-122798,12/28/2017,118.25,6
SV-20935,Susan Vittorini,CA-2017-147767,12/2/2017,67.86,7
SV-20935,Susan Vittorini,US-2017-147669,12/25/2017,39.312,8
SV-20935,Susan Vittorini,CA-2016-136371,3/19/2016,20.32,9
SV-20935,Susan Vittorini,CA-2016-124681,7/18/2016,15.576,10
SV-20935,Susan Vittorini,CA-2016-136371,3/19/2016,14.98,11
SV-20935,Susan Vittorini,US-2017-147669,12/25/2017,13.023,12
SV-20935,Susan Vittorini,CA-2017-122798,12/28/2017,4.28,13
SW-20245,Scot Wooten,CA-2017-111717,10/10/2017,239.358,1
SW-20245,Scot Wooten,US-2017-134642,2/25/2017,231.92,2
SW-20245,Scot Wooten,US-2017-134642,2/25/2017,196.784,3
SW-20245,Scot Wooten,CA-2016-130267,9/19/2016,159.88,4
SW-20245,Scot Wooten,CA-2015-100657,11/2/2015,109.764,5
SW-20245,Scot Wooten,CA-2015-101091,12/5/2015,47.984,6
SW-20245,Scot Wooten,CA-2014-142965,7/20/2014,27.36,7
SW-20245,Scot Wooten,CA-2015-101091,12/5/2015,26.064,8
SW-20245,Scot Wooten,CA-2014-142965,7/20/2014,25.984,9
SW-20245,Scot Wooten,US-2016-119270,3/12/2016,19.98,10
SW-20275,Scott Williamson,CA-2016-127761,11/10/2016,881.93,1
SW-20275,Scott Williamson,CA-2017-137022,11/16/2017,811.28,2
SW-20275,Scott Williamson,CA-2017-119305,11/30/2017,173.8,3
SW-20275,Scott Williamson,CA-2017-148145,3/18/2017,46.2,4
SW-20275,Scott Williamson,CA-2017-107874,11/21/2017,27.42,5
SW-20275,Scott Williamson,US-2014-100279,3/10/2014,22.38,6
SW-20275,Scott Williamson,CA-2016-127761,11/10/2016,3.64,7
SW-20350,Sean Wendt,CA-2016-128517,4/9/2016,517.9,1
SW-20350,Sean Wendt,US-2017-160465,7/21/2017,222.32,2
SW-20350,Sean Wendt,US-2017-160465,7/21/2017,210.564,3
SW-20350,Sean Wendt,US-2017-160465,7/21/2017,33.93,4
SW-20350,Sean Wendt,US-2016-133508,4/17/2016,29.05,5
SW-20350,Sean Wendt,CA-2016-128517,4/9/2016,5.28,6
SW-20455,Shaun Weien,CA-2015-153423,6/22/2015,1217.568,1
SW-20455,Shaun Weien,CA-2016-140249,9/27/2016,1001.584,2
SW-20455,Shaun Weien,CA-2017-145429,7/21/2017,225.296,3
SW-20455,Shaun Weien,CA-2015-150560,12/11/2015,196.62,4
SW-20455,Shaun Weien,CA-2015-154886,11/8/2015,119.9,5
SW-20455,Shaun Weien,US-2015-151435,9/6/2015,85.98,6
SW-20455,Shaun Weien,CA-2017-145429,7/21/2017,50.352,7
SW-20455,Shaun Weien,CA-2017-145429,7/21/2017,16.34,8
SW-20455,Shaun Weien,CA-2017-139948,7/17/2017,7.904,9
SW-20755,Steven Ward,CA-2016-137050,7/14/2016,579.136,1
SW-20755,Steven Ward,CA-2014-134726,11/2/2014,52.792,2
SW-20755,Steven Ward,CA-2014-134726,11/2/2014,41.94,3
SW-20755,Steven Ward,CA-2016-137050,7/14/2016,41.86,4
SW-20755,Steven Ward,CA-2016-137050,7/14/2016,14.07,5
SW-20755,Steven Ward,CA-2016-137050,7/14/2016,11.21,6
SW-20755,Steven Ward,CA-2016-137050,7/14/2016,9.144,7
SW-20755,Steven Ward,CA-2016-137050,7/14/2016,8.544,8
SZ-20035,Sam Zeldin,CA-2015-154284,12/21/2015,637.44,1
SZ-20035,Sam Zeldin,CA-2017-157273,1/30/2017,604.768,2
SZ-20035,Sam Zeldin,CA-2015-154284,12/21/2015,600.53,3
SZ-20035,Sam Zeldin,CA-2017-129000,11/25/2017,501.81,4
SZ-20035,Sam Zeldin,US-2017-111024,7/3/2017,215.148,5
SZ-20035,Sam Zeldin,CA-2014-105165,9/7/2014,200.795,6
SZ-20035,Sam Zeldin,CA-2014-105165,9/7/2014,196.776,7
SZ-20035,Sam Zeldin,CA-2017-133249,7/8/2017,145.9,8
SZ-20035,Sam Zeldin,CA-2016-135965,9/22/2016,128.34,9
SZ-20035,Sam Zeldin,CA-2015-154284,12/21/2015,59.904,10
SZ-20035,Sam Zeldin,CA-2014-132227,11/4/2014,52.064,11
SZ-20035,Sam Zeldin,CA-2015-154284,12/21/2015,51.756,12
SZ-20035,Sam Zeldin,CA-2014-105165,9/7/2014,46.688,13
SZ-20035,Sam Zeldin,CA-2016-113096,9/2/2016,46.53,14
SZ-20035,Sam Zeldin,US-2017-111024,7/3/2017,32.896,15
SZ-20035,Sam Zeldin,US-2017-111024,7/3/2017,30.96,16
SZ-20035,Sam Zeldin,CA-2015-136105,6/12/2015,24.56,17
SZ-20035,Sam Zeldin,CA-2017-105144,11/4/2017,23.68,18
SZ-20035,Sam Zeldin,CA-2014-105165,9/7/2014,21.864,19
SZ-20035,Sam Zeldin,CA-2014-105165,9/7/2014,2.92,20
TA-21385,Tom Ashbrook,CA-2017-127180,10/22/2017,11199.968,1
TA-21385,Tom Ashbrook,CA-2017-127180,10/22/2017,2399.6,2
TA-21385,Tom Ashbrook,US-2014-119081,9/12/2014,357.93,3
TA-21385,Tom Ashbrook,US-2014-119081,9/12/2014,331.96,4
TA-21385,Tom Ashbrook,CA-2016-129847,9/2/2016,84.272,5
TA-21385,Tom Ashbrook,CA-2017-127180,10/22/2017,63.9,6
TA-21385,Tom Ashbrook,US-2014-119081,9/12/2014,57.4,7
TA-21385,Tom Ashbrook,CA-2017-127180,10/22/2017,52.99,8
TA-21385,Tom Ashbrook,US-2014-119081,9/12/2014,40.56,9
TA-21385,Tom Ashbrook,CA-2017-140536,4/4/2017,7.04,10
TB-21055,Ted Butterfield,CA-2016-111682,6/17/2016,319.41,1
TB-21055,Ted Butterfield,CA-2016-145982,8/27/2016,244.615,2
TB-21055,Ted Butterfield,CA-2016-111682,6/17/2016,208.56,3
TB-21055,Ted Butterfield,CA-2017-145037,9/2/2017,146.82,4
TB-21055,Ted Butterfield,CA-2016-145982,8/27/2016,122.97,5
TB-21055,Ted Butterfield,CA-2016-145982,8/27/2016,81.54,6
TB-21055,Ted Butterfield,CA-2017-145037,9/2/2017,79.92,7
TB-21055,Ted Butterfield,CA-2016-145982,8/27/2016,59.97,8
TB-21055,Ted Butterfield,CA-2016-111682,6/17/2016,48.48,9
TB-21055,Ted Butterfield,CA-2016-111682,6/17/2016,32.4,10
TB-21055,Ted Butterfield,CA-2016-111682,6/17/2016,30.0,11
TB-21055,Ted Butterfield,CA-2016-145982,8/27/2016,29.0,12
TB-21055,Ted Butterfield,CA-2017-163566,8/3/2017,16.52,13
TB-21055,Ted Butterfield,CA-2016-111682,6/17/2016,14.56,14
TB-21055,Ted Butterfield,CA-2016-145982,8/27/2016,11.68,15
TB-21055,Ted Butterfield,CA-2017-145037,9/2/2017,10.9,16
TB-21055,Ted Butterfield,CA-2017-117156,3/21/2017,8.856,17
TB-21055,Ted Butterfield,CA-2016-111682,6/17/2016,1.68,18
TB-21175,Thomas Boland,CA-2017-143567,11/2/2017,2249.91,1
TB-21175,Thomas Boland,CA-2017-143567,11/2/2017,975.92,2
TB-21175,Thomas Boland,CA-2016-124254,4/12/2016,129.552,3
TB-21175,Thomas Boland,CA-2014-104773,12/8/2014,60.416,4
TB-21175,Thomas Boland,CA-2017-143567,11/2/2017,59.92,5
TB-21175,Thomas Boland,CA-2016-124254,4/12/2016,51.984,6
TB-21175,Thomas Boland,CA-2016-161473,4/1/2016,20.7,7
TB-21175,Thomas Boland,CA-2016-161473,4/1/2016,14.352,8
TB-21175,Thomas Boland,CA-2016-161473,4/1/2016,10.95,9
TB-21175,Thomas Boland,CA-2016-124254,4/12/2016,10.272,10
TB-21175,Thomas Boland,CA-2017-143567,11/2/2017,5.32,11
TB-21190,Thomas Brumley,CA-2014-163447,12/27/2014,767.214,1
TB-21190,Thomas Brumley,CA-2017-148985,11/11/2017,34.92,2
TB-21190,Thomas Brumley,CA-2017-162096,11/10/2017,7.8,3
TB-21190,Thomas Brumley,CA-2015-160059,11/27/2015,6.24,4
TB-21250,Tim Brockman,CA-2015-141040,10/9/2015,631.96,1
TB-21250,Tim Brockman,US-2016-166660,1/30/2016,435.168,2
TB-21250,Tim Brockman,CA-2014-129364,12/8/2014,103.92,3
TB-21250,Tim Brockman,US-2017-104661,1/15/2017,62.592,4
TB-21250,Tim Brockman,CA-2014-129364,12/8/2014,52.68,5
TB-21250,Tim Brockman,US-2016-166660,1/30/2016,48.58,6
TB-21250,Tim Brockman,US-2017-104661,1/15/2017,47.984,7
TB-21250,Tim Brockman,CA-2014-129364,12/8/2014,39.072,8
TB-21250,Tim Brockman,US-2017-104661,1/15/2017,32.784,9
TB-21250,Tim Brockman,CA-2014-129364,12/8/2014,27.888,10
TB-21250,Tim Brockman,CA-2016-162614,10/7/2016,27.264,11
TB-21250,Tim Brockman,CA-2015-141040,10/9/2015,23.92,12
TB-21250,Tim Brockman,CA-2014-129364,12/8/2014,13.88,13
TB-21250,Tim Brockman,CA-2015-117898,12/5/2015,12.224,14
TB-21250,Tim Brockman,CA-2014-129364,12/8/2014,11.52,15
TB-21250,Tim Brockman,CA-2014-129364,12/8/2014,10.368,16
TB-21250,Tim Brockman,US-2016-112970,11/14/2016,9.84,17
TB-21250,Tim Brockman,CA-2014-129364,12/8/2014,6.456,18
TB-21250,Tim Brockman,US-2017-104661,1/15/2017,4.276,19
TB-21280,Toby Braunhardt,CA-2016-134887,3/25/2016,1287.45,1
TB-21280,Toby Braunhardt,CA-2014-130624,6/21/2014,617.97,2
TB-21280,Toby Braunhardt,CA-2014-131527,12/1/2014,95.968,3
TB-21280,Toby Braunhardt,CA-2014-130624,6/21/2014,59.7,4
TB-21280,Toby Braunhardt,CA-2016-157266,5/26/2016,41.37,5
TB-21280,Toby Braunhardt,US-2016-155180,1/22/2016,26.336,6
TB-21280,Toby Braunhardt,CA-2014-130624,6/21/2014,19.65,7
TB-21280,Toby Braunhardt,CA-2016-157266,5/26/2016,19.44,8
TB-21280,Toby Braunhardt,CA-2016-157266,5/26/2016,12.7,9
TB-21280,Toby Braunhardt,CA-2016-157266,5/26/2016,9.64,10
TB-21280,Toby Braunhardt,CA-2014-133389,6/22/2014,8.226,11
TB-21355,Todd Boyes,CA-2017-159464,5/18/2017,302.94,1
TB-21355,Todd Boyes,CA-2017-136609,8/6/2017,115.296,2
TB-21355,Todd Boyes,CA-2017-159464,5/18/2017,113.94,3
TB-21355,Todd Boyes,CA-2016-117919,8/27/2016,79.92,4
TB-21355,Todd Boyes,CA-2017-159464,5/18/2017,55.98,5
TB-21355,Todd Boyes,CA-2016-154711,11/22/2016,39.88,6
TB-21355,Todd Boyes,CA-2017-159464,5/18/2017,34.75,7
TB-21355,Todd Boyes,CA-2016-154711,11/22/2016,20.82,8
TB-21355,Todd Boyes,CA-2016-153346,1/25/2016,18.0,9
TB-21355,Todd Boyes,CA-2017-159464,5/18/2017,17.24,10
TB-21355,Todd Boyes,CA-2016-117919,8/27/2016,14.16,11
TB-21355,Todd Boyes,CA-2016-154711,11/22/2016,12.192,12
TB-21355,Todd Boyes,CA-2016-153346,1/25/2016,9.21,13
TB-21400,Tom Boeckenhauer,CA-2014-145541,12/14/2014,6999.96,1
TB-21400,Tom Boeckenhauer,CA-2014-131002,9/7/2014,821.88,2
TB-21400,Tom Boeckenhauer,CA-2017-134565,6/11/2017,385.8,3
TB-21400,Tom Boeckenhauer,CA-2017-134565,6/11/2017,174.42,4
TB-21400,Tom Boeckenhauer,US-2017-120147,3/30/2017,164.792,5
TB-21400,Tom Boeckenhauer,CA-2014-131002,9/7/2014,104.85,6
TB-21400,Tom Boeckenhauer,CA-2017-134565,6/11/2017,102.96,7
TB-21400,Tom Boeckenhauer,CA-2014-111059,2/3/2014,83.84,8
TB-21400,Tom Boeckenhauer,CA-2016-164735,4/14/2016,81.2,9
TB-21400,Tom Boeckenhauer,CA-2014-131002,9/7/2014,57.69,10
TB-21400,Tom Boeckenhauer,CA-2014-131002,9/7/2014,42.81,11
TB-21400,Tom Boeckenhauer,CA-2017-134565,6/11/2017,37.94,12
TB-21400,Tom Boeckenhauer,CA-2014-110422,1/21/2014,25.248,13
TB-21400,Tom Boeckenhauer,CA-2017-134565,6/11/2017,18.288,14
TB-21400,Tom Boeckenhauer,CA-2014-111059,2/3/2014,13.272,15
TB-21400,Tom Boeckenhauer,CA-2014-131002,9/7/2014,12.96,16
TB-21400,Tom Boeckenhauer,US-2017-120147,3/30/2017,6.08,17
TB-21520,Tracy Blumstein,US-2015-150630,9/17/2015,3083.43,1
TB-21520,Tracy Blumstein,CA-2014-142587,10/21/2014,409.59,2
TB-21520,Tracy Blumstein,CA-2015-130883,9/26/2015,239.8,3
TB-21520,Tracy Blumstein,CA-2014-168473,12/26/2014,191.88,4
TB-21520,Tracy Blumstein,CA-2015-130883,9/26/2015,141.76,5
TB-21520,Tracy Blumstein,US-2015-150630,9/17/2015,124.2,6
TB-21520,Tracy Blumstein,CA-2014-142587,10/21/2014,121.792,7
TB-21520,Tracy Blumstein,CA-2014-124394,10/17/2014,119.976,8
TB-21520,Tracy Blumstein,US-2015-150630,9/17/2015,86.304,9
TB-21520,Tracy Blumstein,CA-2017-133718,7/23/2017,58.32,10
TB-21520,Tracy Blumstein,CA-2015-131128,10/19/2015,34.44,11
TB-21520,Tracy Blumstein,CA-2015-130883,9/26/2015,31.104,12
TB-21520,Tracy Blumstein,CA-2017-114440,9/14/2017,19.05,13
TB-21520,Tracy Blumstein,US-2015-150630,9/17/2015,15.76,14
TB-21520,Tracy Blumstein,CA-2017-133718,7/23/2017,15.192,15
TB-21520,Tracy Blumstein,CA-2016-117912,2/4/2016,14.368,16
TB-21520,Tracy Blumstein,CA-2014-124394,10/17/2014,10.78,17
TB-21520,Tracy Blumstein,US-2015-150630,9/17/2015,9.618,18
TB-21520,Tracy Blumstein,US-2015-150630,9/17/2015,6.858,19
TB-21520,Tracy Blumstein,US-2015-150630,9/17/2015,3.264,20
TB-21595,Troy Blackwell,CA-2016-156300,12/29/2016,754.45,1
TB-21595,Troy Blackwell,CA-2016-127236,3/29/2016,299.975,2
TB-21595,Troy Blackwell,CA-2016-127236,3/29/2016,158.376,3
TB-21595,Troy Blackwell,US-2014-139640,11/7/2014,120.768,4
TB-21595,Troy Blackwell,US-2014-139640,11/7/2014,25.92,5
TB-21595,Troy Blackwell,US-2014-165589,2/18/2014,25.16,6
TB-21595,Troy Blackwell,CA-2017-154214,3/20/2017,2.91,7
TB-21625,Trudy Brown,US-2017-165456,11/30/2017,1079.316,1
TB-21625,Trudy Brown,CA-2017-120168,5/25/2017,663.92,2
TB-21625,Trudy Brown,CA-2015-152891,10/25/2015,253.176,3
TB-21625,Trudy Brown,CA-2016-153157,9/11/2016,224.75,4
TB-21625,Trudy Brown,CA-2014-137575,8/6/2014,199.98,5
TB-21625,Trudy Brown,CA-2017-120168,5/25/2017,120.0,6
TB-21625,Trudy Brown,CA-2015-149601,5/28/2015,77.55,7
TB-21625,Trudy Brown,CA-2015-152891,10/25/2015,60.45,8
TB-21625,Trudy Brown,US-2017-116505,11/17/2017,43.8,9
TB-21625,Trudy Brown,CA-2017-120168,5/25/2017,18.84,10
TB-21625,Trudy Brown,CA-2016-111696,5/8/2016,17.94,11
TB-21625,Trudy Brown,CA-2015-149601,5/28/2015,16.24,12
TB-21625,Trudy Brown,CA-2015-156377,12/31/2015,14.76,13
TB-21625,Trudy Brown,CA-2015-156377,12/31/2015,3.656,14
TB-21625,Trudy Brown,CA-2017-120168,5/25/2017,3.29,15
TC-20980,Tamara Chand,CA-2016-118689,10/2/2016,17499.95,1
TC-20980,Tamara Chand,CA-2016-118689,10/2/2016,735.98,2
TC-20980,Tamara Chand,CA-2014-153087,12/27/2014,498.0,3
TC-20980,Tamara Chand,CA-2014-123498,11/7/2014,74.352,4
TC-20980,Tamara Chand,CA-2015-156013,9/20/2015,61.4,5
TC-20980,Tamara Chand,CA-2016-118689,10/2/2016,34.37,6
TC-20980,Tamara Chand,CA-2016-118689,10/2/2016,33.96,7
TC-20980,Tamara Chand,CA-2016-118689,10/2/2016,32.48,8
TC-20980,Tamara Chand,CA-2014-123498,11/7/2014,26.046,9
TC-20980,Tamara Chand,CA-2015-156013,9/20/2015,24.448,10
TC-20980,Tamara Chand,CA-2014-153087,12/27/2014,23.92,11
TC-20980,Tamara Chand,CA-2016-129693,11/26/2016,7.312,12
TC-21145,Theresa Coyne,CA-2017-124205,9/15/2017,512.96,1
TC-21145,Theresa Coyne,CA-2017-124205,9/15/2017,395.94,2
TC-21145,Theresa Coyne,CA-2017-124205,9/15/2017,81.96,3
TC-21145,Theresa Coyne,CA-2017-124205,9/15/2017,47.4,4
TC-21295,Toby Carlisle,CA-2014-151330,10/14/2014,1628.82,1
TC-21295,Toby Carlisle,CA-2016-147368,6/9/2016,695.7,2
TC-21295,Toby Carlisle,CA-2017-121048,7/14/2017,470.376,3
TC-21295,Toby Carlisle,CA-2014-140816,12/20/2014,447.944,4
TC-21295,Toby Carlisle,CA-2017-121048,7/14/2017,276.69,5
TC-21295,Toby Carlisle,CA-2014-151330,10/14/2014,177.0,6
TC-21295,Toby Carlisle,CA-2017-136875,12/3/2017,166.44,7
TC-21295,Toby Carlisle,CA-2017-121048,7/14/2017,140.97,8
TC-21295,Toby Carlisle,CA-2014-151330,10/14/2014,79.45,9
TC-21295,Toby Carlisle,CA-2017-121048,7/14/2017,71.92,10
TC-21295,Toby Carlisle,CA-2017-167668,5/6/2017,59.2,11
TC-21295,Toby Carlisle,CA-2017-142489,11/14/2017,21.99,12
TC-21295,Toby Carlisle,CA-2017-121048,7/14/2017,18.84,13
TC-21295,Toby Carlisle,CA-2017-121048,7/14/2017,4.96,14
TC-21295,Toby Carlisle,CA-2017-121048,7/14/2017,4.448,15
TC-21295,Toby Carlisle,US-2017-153633,11/13/2017,2.064,16
TC-21475,Tony Chapman,CA-2017-121419,4/2/2017,411.8,1
TC-21475,Tony Chapman,CA-2017-121419,4/2/2017,360.0,2
TC-21475,Tony Chapman,CA-2015-151680,11/19/2015,141.96,3
TC-21475,Tony Chapman,US-2016-141880,8/22/2016,98.328,4
TC-21475,Tony Chapman,CA-2017-155740,7/30/2017,76.776,5
TC-21475,Tony Chapman,CA-2015-151841,4/27/2015,43.56,6
TC-21475,Tony Chapman,US-2017-144582,4/30/2017,43.372,7
TC-21475,Tony Chapman,CA-2016-140564,12/5/2016,33.92,8
TC-21475,Tony Chapman,CA-2016-100307,12/15/2016,19.44,9
TC-21475,Tony Chapman,US-2014-112200,11/22/2014,9.98,10
TC-21475,Tony Chapman,CA-2015-151841,4/27/2015,5.84,11
TC-21535,Tracy Collins,CA-2016-157217,7/19/2016,389.97,1
TC-21535,Tracy Collins,CA-2016-166226,11/18/2016,67.84,2
TC-21535,Tracy Collins,CA-2015-115847,9/19/2015,61.96,3
TC-21535,Tracy Collins,CA-2016-166226,11/18/2016,61.192,4
TC-21535,Tracy Collins,CA-2017-142328,12/7/2017,50.04,5
TC-21535,Tracy Collins,CA-2016-157217,7/19/2016,35.984,6
TC-21535,Tracy Collins,US-2015-142020,6/4/2015,35.28,7
TC-21535,Tracy Collins,US-2015-142020,6/4/2015,30.44,8
TC-21535,Tracy Collins,CA-2014-153619,11/3/2014,6.72,9
TC-21535,Tracy Collins,CA-2017-112487,12/26/2017,3.132,10
TD-20995,Tamara Dahlen,US-2016-167339,1/21/2016,1013.488,1
TD-20995,Tamara Dahlen,US-2016-167339,1/21/2016,153.568,2
TD-20995,Tamara Dahlen,CA-2017-104010,4/23/2017,54.9,3
TD-20995,Tamara Dahlen,CA-2014-130155,5/19/2014,34.2,4
TD-20995,Tamara Dahlen,CA-2015-114468,8/23/2015,31.68,5
TD-20995,Tamara Dahlen,CA-2017-134306,7/8/2017,24.56,6
TD-20995,Tamara Dahlen,CA-2017-103156,11/23/2017,24.048,7
TD-20995,Tamara Dahlen,CA-2017-111178,6/15/2017,19.56,8
TD-20995,Tamara Dahlen,CA-2017-150959,11/11/2017,18.336,9
TD-20995,Tamara Dahlen,CA-2017-134306,7/8/2017,12.96,10
TD-20995,Tamara Dahlen,CA-2015-114468,8/23/2015,12.032,11
TD-20995,Tamara Dahlen,CA-2017-150959,11/11/2017,10.44,12
TD-20995,Tamara Dahlen,CA-2015-114468,8/23/2015,10.368,13
TD-20995,Tamara Dahlen,CA-2017-134306,7/8/2017,7.56,14
TD-20995,Tamara Dahlen,CA-2015-114468,8/23/2015,5.768,15
TD-20995,Tamara Dahlen,US-2017-100209,7/9/2017,1.08,16
TG-21310,Toby Gnade,CA-2016-146633,11/15/2016,1016.792,1
TG-21310,Toby Gnade,CA-2016-166429,9/2/2016,999.98,2
TG-21310,Toby Gnade,CA-2015-143364,7/14/2015,441.92,3
TG-21310,Toby Gnade,CA-2015-143364,7/14/2015,272.736,4
TG-21310,Toby Gnade,US-2017-104437,1/27/2017,137.94,5
TG-21310,Toby Gnade,CA-2015-143364,7/14/2015,127.764,6
TG-21310,Toby Gnade,CA-2016-146633,11/15/2016,38.136,7
TG-21310,Toby Gnade,CA-2015-143364,7/14/2015,18.496,8
TG-21310,Toby Gnade,CA-2015-110345,3/9/2015,4.608,9
TG-21640,Trudy Glocke,CA-2014-130428,3/31/2014,1125.488,1
TG-21640,Trudy Glocke,CA-2015-141012,6/9/2015,355.36,2
TG-21640,Trudy Glocke,CA-2015-149713,9/18/2015,160.72,3
TG-21640,Trudy Glocke,CA-2015-141012,6/9/2015,140.376,4
TG-21640,Trudy Glocke,CA-2017-128783,9/7/2017,135.3,5
TG-21640,Trudy Glocke,CA-2017-128783,9/7/2017,113.52,6
TG-21640,Trudy Glocke,CA-2015-149713,9/18/2015,19.92,7
TG-21640,Trudy Glocke,CA-2014-130428,3/31/2014,12.645,8
TG-21640,Trudy Glocke,CA-2015-149713,9/18/2015,7.3,9
TG-21640,Trudy Glocke,CA-2014-130428,3/31/2014,4.032,10
TH-21100,Thea Hendricks,CA-2014-153850,11/24/2014,1502.376,1
TH-21100,Thea Hendricks,US-2014-133130,9/27/2014,603.92,2
TH-21100,Thea Hendricks,CA-2017-161809,1/20/2017,160.776,3
TH-21100,Thea Hendricks,US-2014-133130,9/27/2014,81.98,4
TH-21100,Thea Hendricks,CA-2014-153850,11/24/2014,35.168,5
TH-21100,Thea Hendricks,CA-2016-159765,5/9/2016,27.86,6
TH-21100,Thea Hendricks,CA-2015-133837,4/13/2015,10.744,7
TH-21115,Thea Hudgings,CA-2016-125087,4/18/2016,1554.936,1
TH-21115,Thea Hudgings,CA-2017-127782,11/2/2017,859.2,2
TH-21115,Thea Hudgings,CA-2016-125087,4/18/2016,344.372,3
TH-21115,Thea Hudgings,CA-2016-125087,4/18/2016,127.88,4
TH-21115,Thea Hudgings,CA-2017-127782,11/2/2017,20.136,5
TH-21115,Thea Hudgings,CA-2016-152520,7/8/2016,12.96,6
TH-21115,Thea Hudgings,CA-2014-148369,9/23/2014,11.12,7
TH-21115,Thea Hudgings,CA-2017-127782,11/2/2017,8.856,8
TH-21115,Thea Hudgings,CA-2017-127782,11/2/2017,3.312,9
TH-21235,Tiffany House,CA-2017-132682,6/8/2017,381.576,1
TH-21235,Tiffany House,CA-2016-108224,5/14/2016,185.528,2
TH-21235,Tiffany House,US-2017-118556,5/28/2017,106.869,3
TH-21235,Tiffany House,CA-2017-132682,6/8/2017,85.056,4
TH-21235,Tiffany House,CA-2014-114517,12/23/2014,56.52,5
TH-21235,Tiffany House,CA-2017-117261,9/4/2017,54.32,6
TH-21235,Tiffany House,CA-2014-114517,12/23/2014,53.316,7
TH-21235,Tiffany House,CA-2016-132409,5/26/2016,34.848,8
TH-21235,Tiffany House,CA-2016-152646,11/21/2016,32.4,9
TH-21235,Tiffany House,CA-2017-132682,6/8/2017,23.76,10
TH-21235,Tiffany House,US-2017-118556,5/28/2017,3.564,11
TH-21235,Tiffany House,US-2014-134187,11/4/2014,2.94,12
TH-21235,Tiffany House,CA-2016-132409,5/26/2016,1.504,13
TH-21550,Tracy Hopkins,US-2017-120390,10/19/2017,1633.188,1
TH-21550,Tracy Hopkins,CA-2015-117800,9/21/2015,589.9,2
TH-21550,Tracy Hopkins,CA-2017-133256,6/26/2017,543.92,3
TH-21550,Tracy Hopkins,CA-2015-117800,9/21/2015,542.94,4
TH-21550,Tracy Hopkins,CA-2017-112956,8/21/2017,277.4,5
TH-21550,Tracy Hopkins,CA-2015-100769,5/16/2015,255.968,6
TH-21550,Tracy Hopkins,CA-2015-120810,7/23/2015,128.82,7
TH-21550,Tracy Hopkins,CA-2017-112956,8/21/2017,91.92,8
TH-21550,Tracy Hopkins,CA-2015-120810,7/23/2015,68.94,9
TH-21550,Tracy Hopkins,CA-2014-113887,4/5/2014,55.48,10
TH-21550,Tracy Hopkins,CA-2017-112956,8/21/2017,25.16,11
TH-21550,Tracy Hopkins,CA-2017-133256,6/26/2017,15.92,12
TH-21550,Tracy Hopkins,CA-2017-133256,6/26/2017,4.54,13
TM-21010,Tamara Manning,CA-2015-147788,5/31/2015,1406.86,1
TM-21010,Tamara Manning,CA-2014-154669,8/8/2014,423.28,2
TM-21010,Tamara Manning,CA-2017-144589,1/20/2017,359.976,3
TM-21010,Tamara Manning,CA-2015-147788,5/31/2015,323.1,4
TM-21010,Tamara Manning,CA-2015-102015,9/12/2015,105.98,5
TM-21010,Tamara Manning,CA-2017-160927,1/29/2017,94.85,6
TM-21010,Tamara Manning,CA-2014-156006,4/30/2014,47.79,7
TM-21010,Tamara Manning,CA-2015-102015,9/12/2015,28.9,8
TM-21010,Tamara Manning,CA-2015-102015,9/12/2015,27.18,9
TM-21010,Tamara Manning,CA-2017-144589,1/20/2017,24.2,10
TM-21010,Tamara Manning,CA-2015-102015,9/12/2015,20.7,11
TM-21010,Tamara Manning,CA-2017-134439,9/18/2017,15.96,12
TM-21010,Tamara Manning,CA-2015-147788,5/31/2015,15.75,13
TM-21010,Tamara Manning,CA-2017-160927,1/29/2017,14.91,14
TM-21010,Tamara Manning,CA-2017-160927,1/29/2017,13.48,15
TM-21010,Tamara Manning,CA-2017-160927,1/29/2017,12.96,16
TM-21010,Tamara Manning,CA-2015-102015,9/12/2015,9.26,17
TM-21010,Tamara Manning,CA-2014-165540,2/21/2014,8.85,18
TM-21010,Tamara Manning,CA-2015-102015,9/12/2015,1.24,19
TM-21490,Tony Molinari,CA-2017-108791,7/27/2017,543.92,1
TM-21490,Tony Molinari,CA-2017-113474,3/30/2017,325.86,2
TM-21490,Tony Molinari,CA-2017-131037,8/22/2017,210.008,3
TM-21490,Tony Molinari,CA-2017-108791,7/27/2017,14.89,4
TN-21040,Tanja Norvell,CA-2016-109869,4/22/2016,1272.63,1
TN-21040,Tanja Norvell,CA-2015-140557,9/7/2015,559.93,2
TN-21040,Tanja Norvell,US-2016-109260,9/26/2016,431.976,3
TN-21040,Tanja Norvell,CA-2016-121377,5/28/2016,286.4,4
TN-21040,Tanja Norvell,CA-2016-109869,4/22/2016,185.376,5
TN-21040,Tanja Norvell,CA-2014-140403,10/10/2014,122.352,6
TN-21040,Tanja Norvell,US-2017-139577,10/1/2017,104.75,7
TN-21040,Tanja Norvell,CA-2016-109869,4/22/2016,78.272,8
TN-21040,Tanja Norvell,CA-2016-109869,4/22/2016,28.485,9
TN-21040,Tanja Norvell,CA-2016-109869,4/22/2016,23.56,10
TN-21040,Tanja Norvell,CA-2016-155446,12/16/2016,21.21,11
TN-21040,Tanja Norvell,CA-2014-140403,10/10/2014,15.28,12
TP-21130,Theone Pippenger,CA-2017-120376,12/22/2017,1586.69,1
TP-21130,Theone Pippenger,CA-2016-109722,12/5/2016,699.98,2
TP-21130,Theone Pippenger,CA-2016-109722,12/5/2016,584.82,3
TP-21130,Theone Pippenger,CA-2017-120376,12/22/2017,411.8,4
TP-21130,Theone Pippenger,US-2017-107384,12/4/2017,399.95,5
TP-21130,Theone Pippenger,CA-2016-142370,9/19/2016,249.95,6
TP-21130,Theone Pippenger,CA-2017-120376,12/22/2017,199.95,7
TP-21130,Theone Pippenger,US-2017-107384,12/4/2017,142.8,8
TP-21130,Theone Pippenger,CA-2017-120376,12/22/2017,84.99,9
TP-21130,Theone Pippenger,CA-2015-116841,4/14/2015,35.208,10
TP-21130,Theone Pippenger,CA-2016-117408,8/31/2016,23.968,11
TP-21130,Theone Pippenger,CA-2016-120180,7/14/2016,11.632,12
TP-21130,Theone Pippenger,US-2017-107384,12/4/2017,8.8,13
TP-21130,Theone Pippenger,CA-2017-119669,1/24/2017,5.67,14
TP-21130,Theone Pippenger,CA-2016-142370,9/19/2016,5.04,15
TP-21130,Theone Pippenger,CA-2015-126970,9/20/2015,2.808,16
TP-21415,Tom Prescott,CA-2017-118892,8/17/2017,4416.174,1
TP-21415,Tom Prescott,CA-2015-136196,11/28/2015,322.59,2
TP-21415,Tom Prescott,CA-2017-118773,2/9/2017,252.784,3
TP-21415,Tom Prescott,CA-2016-145303,8/28/2016,156.3728,4
TP-21415,Tom Prescott,CA-2017-118773,2/9/2017,127.984,5
TP-21415,Tom Prescott,CA-2016-145303,8/28/2016,13.14,6
TP-21415,Tom Prescott,CA-2017-118773,2/9/2017,12.992,7
TP-21415,Tom Prescott,CA-2017-137470,9/17/2017,12.96,8
TP-21415,Tom Prescott,CA-2016-145303,8/28/2016,10.024,9
TP-21415,Tom Prescott,CA-2017-118773,2/9/2017,3.984,10
TP-21565,Tracy Poddar,CA-2016-163328,11/4/2016,650.352,1
TP-21565,Tracy Poddar,CA-2016-163328,11/4/2016,629.184,2
TP-21565,Tracy Poddar,US-2017-106131,1/14/2017,169.064,3
TP-21565,Tracy Poddar,US-2017-106131,1/14/2017,168.624,4
TP-21565,Tracy Poddar,CA-2016-163328,11/4/2016,104.784,5
TP-21565,Tracy Poddar,CA-2015-104052,3/1/2015,95.84,6
TP-21565,Tracy Poddar,CA-2016-163328,11/4/2016,47.952,7
TP-21565,Tracy Poddar,CA-2016-103919,10/3/2016,38.08,8
TP-21565,Tracy Poddar,CA-2016-163328,11/4/2016,17.584,9
TP-21565,Tracy Poddar,CA-2016-163328,11/4/2016,15.176,10
TR-21325,Toby Ritter,CA-2016-160815,9/5/2016,278.4,1
TR-21325,Toby Ritter,CA-2017-101434,6/20/2017,239.97,2
TR-21325,Toby Ritter,CA-2014-131051,12/1/2014,58.2,3
TR-21325,Toby Ritter,CA-2016-110009,9/8/2016,43.13,4
TR-21325,Toby Ritter,CA-2016-110009,9/8/2016,30.87,5
TR-21325,Toby Ritter,CA-2016-119515,8/14/2016,15.552,6
TR-21325,Toby Ritter,CA-2017-101434,6/20/2017,9.82,7
TS-21085,Thais Sissman,US-2017-168690,1/7/2017,2.808,1
TS-21085,Thais Sissman,US-2015-160150,7/19/2015,2.025,2
TS-21160,Theresa Swint,CA-2015-149342,4/20/2015,595.38,1
TS-21160,Theresa Swint,US-2016-152051,6/25/2016,422.058,2
TS-21160,Theresa Swint,CA-2015-149342,4/20/2015,287.97,3
TS-21160,Theresa Swint,US-2016-152051,6/25/2016,254.352,4
TS-21160,Theresa Swint,CA-2016-156251,8/13/2016,241.96,5
TS-21160,Theresa Swint,CA-2015-161263,4/16/2015,118.782,6
TS-21160,Theresa Swint,CA-2015-161263,4/16/2015,55.47,7
TS-21160,Theresa Swint,CA-2015-161263,4/16/2015,45.216,8
TS-21160,Theresa Swint,US-2016-152051,6/25/2016,38.088,9
TS-21160,Theresa Swint,CA-2016-120005,3/3/2016,35.28,10
TS-21160,Theresa Swint,CA-2016-120005,3/3/2016,25.35,11
TS-21160,Theresa Swint,CA-2015-149342,4/20/2015,12.96,12
TS-21160,Theresa Swint,CA-2015-161263,4/16/2015,10.416,13
TS-21160,Theresa Swint,CA-2016-156251,8/13/2016,8.52,14
TS-21160,Theresa Swint,CA-2015-161263,4/16/2015,7.872,15
TS-21160,Theresa Swint,US-2014-112564,4/23/2014,2.502,16
TS-21160,Theresa Swint,CA-2015-161263,4/16/2015,1.448,17
TS-21205,Thomas Seio,CA-2017-119284,6/15/2017,2239.936,1
TS-21205,Thomas Seio,CA-2016-155978,8/1/2016,1039.728,2
TS-21205,Thomas Seio,CA-2014-140662,11/17/2014,733.95,3
TS-21205,Thomas Seio,CA-2014-140662,11/17/2014,241.44,4
TS-21205,Thomas Seio,CA-2017-119284,6/15/2017,239.976,5
TS-21205,Thomas Seio,CA-2017-119284,6/15/2017,142.776,6
TS-21205,Thomas Seio,CA-2017-119284,6/15/2017,120.96,7
TS-21205,Thomas Seio,CA-2014-140662,11/17/2014,99.98,8
TS-21205,Thomas Seio,CA-2017-119284,6/15/2017,91.36,9
TS-21205,Thomas Seio,CA-2014-120887,9/27/2014,87.54,10
TS-21205,Thomas Seio,CA-2014-160262,6/9/2014,79.14,11
TS-21205,Thomas Seio,CA-2017-119284,6/15/2017,76.608,12
TS-21205,Thomas Seio,CA-2016-155978,8/1/2016,45.96,13
TS-21205,Thomas Seio,CA-2014-160262,6/9/2014,37.4,14
TS-21205,Thomas Seio,CA-2017-119284,6/15/2017,31.168,15
TS-21205,Thomas Seio,CA-2014-169649,12/9/2014,20.388,16
TS-21205,Thomas Seio,CA-2014-160262,6/9/2014,18.06,17
TS-21205,Thomas Seio,US-2014-107405,3/21/2014,16.272,18
TS-21205,Thomas Seio,CA-2014-169649,12/9/2014,8.448,19
TS-21340,Toby Swindell,CA-2015-153416,11/24/2015,454.86,1
TS-21340,Toby Swindell,CA-2014-146591,1/19/2014,181.47,2
TS-21340,Toby Swindell,CA-2014-146591,1/19/2014,108.72,3
TS-21340,Toby Swindell,CA-2015-153416,11/24/2015,91.392,4
TS-21340,Toby Swindell,CA-2014-146591,1/19/2014,56.064,5
TS-21340,Toby Swindell,CA-2014-146591,1/19/2014,32.34,6
TS-21340,Toby Swindell,CA-2015-153416,11/24/2015,19.44,7
TS-21340,Toby Swindell,CA-2017-117863,5/18/2017,14.56,8
TS-21340,Toby Swindell,CA-2014-140032,9/8/2014,8.608,9
TS-21340,Toby Swindell,CA-2015-153416,11/24/2015,3.168,10
TS-21340,Toby Swindell,CA-2017-117863,5/18/2017,3.048,11
TS-21340,Toby Swindell,CA-2015-146829,3/10/2015,1.112,12
TS-21370,Todd Sumrall,CA-2017-143112,10/5/2017,5199.96,1
TS-21370,Todd Sumrall,US-2015-100377,8/28/2015,2799.96,2
TS-21370,Todd Sumrall,CA-2017-166436,11/24/2017,977.292,3
TS-21370,Todd Sumrall,CA-2015-136469,7/11/2015,716.0,4
TS-21370,Todd Sumrall,CA-2014-101931,10/28/2014,616.998,5
TS-21370,Todd Sumrall,CA-2014-101931,10/28/2014,480.74,6
TS-21370,Todd Sumrall,CA-2017-143112,10/5/2017,221.382,7
TS-21370,Todd Sumrall,CA-2015-136469,7/11/2015,221.06,8
TS-21370,Todd Sumrall,US-2017-139647,5/11/2017,209.979,9
TS-21370,Todd Sumrall,CA-2015-136469,7/11/2015,199.836,10
TS-21370,Todd Sumrall,CA-2014-101931,10/28/2014,141.4,11
TS-21370,Todd Sumrall,CA-2017-143112,10/5/2017,87.8,12
TS-21370,Todd Sumrall,CA-2014-101931,10/28/2014,7.184,13
TS-21370,Todd Sumrall,CA-2014-101931,10/28/2014,6.28,14
TS-21370,Todd Sumrall,CA-2017-166436,11/24/2017,5.88,15
TS-21430,Tom Stivers,CA-2014-111192,7/30/2014,1367.84,1
TS-21430,Tom Stivers,CA-2014-155796,11/11/2014,521.96,2
TS-21430,Tom Stivers,CA-2017-136623,7/11/2017,71.952,3
TS-21430,Tom Stivers,CA-2016-128972,11/13/2016,30.36,4
TS-21430,Tom Stivers,CA-2017-136623,7/11/2017,29.8,5
TS-21430,Tom Stivers,CA-2014-155796,11/11/2014,23.968,6
TS-21430,Tom Stivers,US-2016-100405,8/26/2016,8.26,7
TS-21505,Tony Sayre,CA-2014-134551,12/20/2014,662.88,1
TS-21505,Tony Sayre,CA-2017-152737,11/7/2017,439.8,2
TS-21505,Tony Sayre,CA-2016-113978,9/25/2016,331.536,3
TS-21505,Tony Sayre,CA-2016-113978,9/25/2016,286.256,4
TS-21505,Tony Sayre,CA-2017-106747,7/3/2017,102.3,5
TS-21505,Tony Sayre,CA-2017-116946,12/19/2017,102.018,6
TS-21505,Tony Sayre,CA-2017-166856,9/18/2017,101.34,7
TS-21505,Tony Sayre,CA-2017-116946,12/19/2017,78.256,8
TS-21505,Tony Sayre,CA-2014-134551,12/20/2014,43.512,9
TS-21505,Tony Sayre,CA-2014-134551,12/20/2014,25.92,10
TS-21505,Tony Sayre,CA-2016-113978,9/25/2016,24.224,11
TS-21505,Tony Sayre,CA-2017-152737,11/7/2017,21.792,12
TS-21505,Tony Sayre,CA-2017-116946,12/19/2017,13.36,13
TS-21505,Tony Sayre,CA-2017-166856,9/18/2017,10.08,14
TS-21610,Troy Staebel,CA-2017-105214,6/16/2017,1212.96,1
TS-21610,Troy Staebel,CA-2014-142839,8/16/2014,853.092,2
TS-21610,Troy Staebel,CA-2016-131093,9/17/2016,295.4,3
TS-21610,Troy Staebel,US-2017-107272,11/5/2017,243.992,4
TS-21610,Troy Staebel,CA-2017-163160,10/13/2017,96.784,5
TS-21610,Troy Staebel,CA-2017-163160,10/13/2017,63.312,6
TS-21610,Troy Staebel,CA-2017-105214,6/16/2017,18.54,7
TS-21610,Troy Staebel,CA-2016-110023,9/9/2016,14.624,8
TS-21610,Troy Staebel,CA-2017-163160,10/13/2017,10.476,9
TS-21610,Troy Staebel,CA-2017-124191,6/12/2017,8.856,10
TS-21610,Troy Staebel,US-2017-107272,11/5/2017,2.388,11
TS-21655,Trudy Schmidt,CA-2017-147207,1/2/2017,913.43,1
TS-21655,Trudy Schmidt,CA-2015-137064,2/6/2015,670.752,2
TS-21655,Trudy Schmidt,CA-2016-148684,12/25/2016,399.98,3
TS-21655,Trudy Schmidt,CA-2017-147207,1/2/2017,372.144,4
TS-21655,Trudy Schmidt,CA-2016-148684,12/25/2016,343.85,5
TS-21655,Trudy Schmidt,CA-2015-153878,4/25/2015,272.4,6
TS-21655,Trudy Schmidt,CA-2017-133487,5/6/2017,152.94,7
TS-21655,Trudy Schmidt,CA-2016-148684,12/25/2016,106.32,8
TS-21655,Trudy Schmidt,CA-2015-153878,4/25/2015,57.75,9
TS-21655,Trudy Schmidt,CA-2017-147207,1/2/2017,31.744,10
TS-21655,Trudy Schmidt,CA-2016-148684,12/25/2016,19.89,11
TS-21655,Trudy Schmidt,CA-2015-137064,2/6/2015,18.528,12
TS-21655,Trudy Schmidt,CA-2017-147207,1/2/2017,5.432,13
TS-21655,Trudy Schmidt,CA-2015-137064,2/6/2015,2.934,14
TT-21070,Ted Trevino,CA-2017-122490,11/13/2017,2404.704,1
TT-21070,Ted Trevino,CA-2015-116876,2/14/2015,625.99,2
TT-21070,Ted Trevino,CA-2017-122490,11/13/2017,563.024,3
TT-21070,Ted Trevino,CA-2017-108035,11/29/2017,390.368,4
TT-21070,Ted Trevino,CA-2017-122490,11/13/2017,344.91,5
TT-21070,Ted Trevino,CA-2014-128839,9/8/2014,209.97,6
TT-21070,Ted Trevino,CA-2014-164224,5/18/2014,149.232,7
TT-21070,Ted Trevino,CA-2017-108035,11/29/2017,101.52,8
TT-21070,Ted Trevino,CA-2014-128839,9/8/2014,45.0,9
TT-21070,Ted Trevino,CA-2015-116876,2/14/2015,26.424,10
TT-21070,Ted Trevino,CA-2015-119942,4/5/2015,23.904,11
TT-21070,Ted Trevino,CA-2014-164224,5/18/2014,15.936,12
TT-21070,Ted Trevino,CA-2017-122490,11/13/2017,8.64,13
TT-21070,Ted Trevino,CA-2016-162733,5/11/2016,5.98,14
TT-21220,Thomas Thornton,CA-2017-162075,3/18/2017,537.544,1
TT-21220,Thomas Thornton,US-2017-113201,6/30/2017,204.95,2
TT-21220,Thomas Thornton,CA-2016-146766,11/4/2016,192.8,3
TT-21220,Thomas Thornton,CA-2015-132318,10/30/2015,182.91,4
TT-21220,Thomas Thornton,CA-2015-168564,8/8/2015,144.784,5
TT-21220,Thomas Thornton,CA-2015-124541,4/6/2015,42.048,6
TT-21220,Thomas Thornton,CA-2014-163650,9/23/2014,34.5,7
TT-21220,Thomas Thornton,CA-2015-124541,4/6/2015,25.488,8
TT-21220,Thomas Thornton,CA-2016-152408,5/15/2016,13.776,9
TT-21220,Thomas Thornton,CA-2014-163650,9/23/2014,9.84,10
TT-21220,Thomas Thornton,CA-2015-124541,4/6/2015,9.648,11
TT-21220,Thomas Thornton,CA-2015-124541,4/6/2015,7.968,12
TT-21220,Thomas Thornton,CA-2015-168564,8/8/2015,7.28,13
TT-21220,Thomas Thornton,CA-2015-124541,4/6/2015,6.9,14
TT-21220,Thomas Thornton,CA-2015-168564,8/8/2015,6.608,15
TT-21265,Tim Taslimi,CA-2015-162369,8/15/2015,323.1,1
TT-21265,Tim Taslimi,CA-2016-134376,10/2/2016,61.44,2
TT-21265,Tim Taslimi,CA-2016-111143,11/19/2016,54.96,3
TT-21460,Tonja Turnell,CA-2017-141439,11/26/2017,1879.96,1
TT-21460,Tonja Turnell,CA-2015-135622,12/8/2015,1718.4,2
TT-21460,Tonja Turnell,CA-2017-141439,11/26/2017,828.6,3
TT-21460,Tonja Turnell,CA-2015-135622,12/8/2015,360.712,4
TT-21460,Tonja Turnell,CA-2017-141439,11/26/2017,257.94,5
TT-21460,Tonja Turnell,US-2017-119816,3/4/2017,103.5,6
TT-21460,Tonja Turnell,CA-2017-141439,11/26/2017,89.98,7
TT-21460,Tonja Turnell,US-2017-114356,8/20/2017,35.96,8
TT-21460,Tonja Turnell,CA-2017-141439,11/26/2017,27.46,9
TT-21460,Tonja Turnell,CA-2016-109057,4/22/2016,23.952,10
TT-21460,Tonja Turnell,CA-2017-160934,1/15/2017,21.4,11
TT-21460,Tonja Turnell,US-2017-119816,3/4/2017,8.72,12
TT-21460,Tonja Turnell,CA-2017-158736,12/18/2017,5.76,13
TT-21460,Tonja Turnell,US-2017-119816,3/4/2017,2.464,14
TW-21025,Tamara Willingham,CA-2015-137113,12/1/2015,2003.92,1
TW-21025,Tamara Willingham,CA-2015-137113,12/1/2015,1913.4,2
TW-21025,Tamara Willingham,CA-2014-101364,12/22/2014,296.712,3
TW-21025,Tamara Willingham,CA-2017-104850,6/13/2017,291.136,4
TW-21025,Tamara Willingham,CA-2016-158834,3/13/2016,203.184,5
TW-21025,Tamara Willingham,CA-2016-158834,3/13/2016,157.92,6
TW-21025,Tamara Willingham,CA-2015-137113,12/1/2015,146.73,7
TW-21025,Tamara Willingham,CA-2015-137113,12/1/2015,114.2,8
TW-21025,Tamara Willingham,CA-2015-135510,9/5/2015,67.96,9
TW-21025,Tamara Willingham,CA-2017-134880,10/27/2017,44.784,10
TW-21025,Tamara Willingham,CA-2015-137113,12/1/2015,32.4,11
TW-21025,Tamara Willingham,US-2017-127719,7/21/2017,6.48,12
TZ-21580,Tracy Zic,CA-2014-163419,11/11/2014,603.92,1
TZ-21580,Tracy Zic,CA-2014-163419,11/11/2014,559.984,2
TZ-21580,Tracy Zic,US-2016-143280,2/22/2016,445.96,3
TZ-21580,Tracy Zic,US-2016-143280,2/22/2016,36.24,4
TZ-21580,Tracy Zic,CA-2015-119508,12/4/2015,25.08,5
TZ-21580,Tracy Zic,CA-2015-119508,12/4/2015,16.9,6
TZ-21580,Tracy Zic,US-2016-143280,2/22/2016,10.65,7
TZ-21580,Tracy Zic,CA-2017-101665,11/25/2017,5.16,8
TZ-21580,Tracy Zic,CA-2014-163419,11/11/2014,3.392,9
VB-21745,Victoria Brennan,CA-2016-120369,10/28/2016,756.8,1
VB-21745,Victoria Brennan,CA-2017-155698,3/8/2017,647.84,2
VB-21745,Victoria Brennan,CA-2015-111395,11/23/2015,335.52,3
VB-21745,Victoria Brennan,CA-2016-162313,11/27/2016,167.292,4
VB-21745,Victoria Brennan,CA-2015-111395,11/23/2015,27.056,5
VB-21745,Victoria Brennan,CA-2015-111395,11/23/2015,23.912,6
VB-21745,Victoria Brennan,CA-2017-155698,3/8/2017,20.7,7
VB-21745,Victoria Brennan,CA-2015-121132,7/17/2015,14.432,8
VB-21745,Victoria Brennan,CA-2015-121132,7/17/2015,6.264,9
VB-21745,Victoria Brennan,CA-2017-154816,11/6/2017,5.78,10
VD-21670,Valerie Dominguez,CA-2015-113145,11/1/2015,1399.93,1
VD-21670,Valerie Dominguez,CA-2014-126361,8/4/2014,1089.75,2
VD-21670,Valerie Dominguez,CA-2015-166583,6/26/2015,971.88,3
VD-21670,Valerie Dominguez,CA-2015-113145,11/1/2015,503.96,4
VD-21670,Valerie Dominguez,CA-2014-126361,8/4/2014,447.84,5
VD-21670,Valerie Dominguez,CA-2014-126361,8/4/2014,399.96,6
VD-21670,Valerie Dominguez,US-2015-145436,2/28/2015,389.696,7
VD-21670,Valerie Dominguez,CA-2015-118444,11/5/2015,387.136,8
VD-21670,Valerie Dominguez,CA-2015-113145,11/1/2015,259.7,9
VD-21670,Valerie Dominguez,CA-2016-113747,5/28/2016,185.88,10
VD-21670,Valerie Dominguez,US-2015-145436,2/28/2015,161.568,11
VD-21670,Valerie Dominguez,CA-2014-126361,8/4/2014,158.9,12
VD-21670,Valerie Dominguez,CA-2015-113145,11/1/2015,42.95,13
VD-21670,Valerie Dominguez,CA-2014-126361,8/4/2014,16.4,14
VD-21670,Valerie Dominguez,CA-2015-113145,11/1/2015,13.52,15
VD-21670,Valerie Dominguez,CA-2014-126361,8/4/2014,13.184,16
VF-21715,Vicky Freymann,CA-2014-113880,3/1/2014,634.116,1
VF-21715,Vicky Freymann,CA-2017-138464,7/8/2017,86.376,2
VF-21715,Vicky Freymann,CA-2017-107342,12/17/2017,28.16,3
VF-21715,Vicky Freymann,CA-2017-138464,7/8/2017,18.24,4
VF-21715,Vicky Freymann,CA-2014-113880,3/1/2014,17.472,5
VF-21715,Vicky Freymann,CA-2017-138464,7/8/2017,15.84,6
VF-21715,Vicky Freymann,CA-2014-146528,7/25/2014,15.52,7
VF-21715,Vicky Freymann,CA-2017-138464,7/8/2017,13.12,8
VF-21715,Vicky Freymann,CA-2017-130106,5/22/2017,9.84,9
VF-21715,Vicky Freymann,CA-2014-146528,7/25/2014,6.48,10
VF-21715,Vicky Freymann,CA-2017-130106,5/22/2017,2.78,11
VG-21790,Vivek Gonzalez,CA-2016-151092,8/6/2016,211.168,1
VG-21790,Vivek Gonzalez,CA-2014-156790,8/8/2014,155.456,2
VG-21790,Vivek Gonzalez,CA-2014-158540,11/24/2014,151.72,3
VG-21790,Vivek Gonzalez,CA-2017-139304,1/29/2017,119.616,4
VG-21790,Vivek Gonzalez,US-2017-115301,7/29/2017,115.96,5
VG-21790,Vivek Gonzalez,CA-2017-150189,7/8/2017,75.18,6
VG-21790,Vivek Gonzalez,CA-2017-139304,1/29/2017,8.57,7
VG-21790,Vivek Gonzalez,CA-2017-139304,1/29/2017,8.34,8
VG-21805,Vivek Grady,CA-2014-103191,9/22/2014,331.536,1
VG-21805,Vivek Grady,CA-2016-132094,8/26/2016,47.984,2
VG-21805,Vivek Grady,CA-2016-113803,3/24/2016,22.48,3
VG-21805,Vivek Grady,CA-2016-109911,5/12/2016,10.96,4
VG-21805,Vivek Grady,CA-2017-166499,3/19/2017,8.94,5
VG-21805,Vivek Grady,CA-2016-132094,8/26/2016,5.472,6
VM-21685,Valerie Mitchum,US-2016-150140,4/6/2016,1294.75,1
VM-21685,Valerie Mitchum,US-2017-101539,3/16/2017,659.976,2
VM-21685,Valerie Mitchum,CA-2014-165806,4/7/2014,200.97,3
VM-21685,Valerie Mitchum,CA-2016-113516,9/8/2016,67.136,4
VM-21685,Valerie Mitchum,CA-2014-165806,4/7/2014,58.32,5
VM-21685,Valerie Mitchum,US-2017-101539,3/16/2017,46.51,6
VM-21685,Valerie Mitchum,CA-2017-107720,11/6/2017,46.26,7
VM-21685,Valerie Mitchum,CA-2015-105221,11/1/2015,35.36,8
VM-21685,Valerie Mitchum,CA-2016-113516,9/8/2016,33.024,9
VM-21685,Valerie Mitchum,US-2017-101539,3/16/2017,6.48,10
VM-21685,Valerie Mitchum,CA-2015-105221,11/1/2015,3.168,11
VM-21685,Valerie Mitchum,CA-2017-109778,7/16/2017,2.912,12
VM-21835,Vivian Mathis,CA-2016-115476,3/17/2016,129.98,1
VM-21835,Vivian Mathis,US-2016-123610,5/12/2016,120.0,2
VM-21835,Vivian Mathis,CA-2016-133872,6/14/2016,39.936,3
VM-21835,Vivian Mathis,CA-2016-115476,3/17/2016,32.54,4
VM-21835,Vivian Mathis,CA-2016-133872,6/14/2016,18.464,5
VM-21835,Vivian Mathis,US-2014-129609,3/22/2014,16.28,6
VM-21835,Vivian Mathis,US-2017-166394,9/4/2017,14.82,7
VM-21835,Vivian Mathis,US-2016-123610,5/12/2016,8.67,8
VP-21730,Victor Preis,CA-2017-105333,11/30/2017,546.06,1
VP-21730,Victor Preis,CA-2017-105333,11/30/2017,269.49,2
VP-21730,Victor Preis,CA-2017-105333,11/30/2017,83.56,3
VP-21730,Victor Preis,CA-2017-102946,6/30/2017,75.792,4
VP-21730,Victor Preis,CA-2015-130610,7/5/2015,19.0,5
VP-21760,Victoria Pisteka,CA-2017-159100,10/16/2017,1875.258,1
VP-21760,Victoria Pisteka,CA-2014-109680,10/6/2014,386.34,2
VP-21760,Victoria Pisteka,CA-2015-111339,5/29/2015,317.058,3
VP-21760,Victoria Pisteka,CA-2014-109932,12/9/2014,237.096,4
VP-21760,Victoria Pisteka,CA-2015-129525,11/15/2015,166.92,5
VP-21760,Victoria Pisteka,CA-2016-102127,6/26/2016,139.96,6
VP-21760,Victoria Pisteka,CA-2014-130449,9/6/2014,58.48,7
VP-21760,Victoria Pisteka,CA-2014-130449,9/6/2014,41.88,8
VP-21760,Victoria Pisteka,CA-2015-111339,5/29/2015,41.568,9
VP-21760,Victoria Pisteka,CA-2016-102127,6/26/2016,37.74,10
VP-21760,Victoria Pisteka,CA-2016-102127,6/26/2016,20.97,11
VP-21760,Victoria Pisteka,CA-2017-159100,10/16/2017,18.528,12
VP-21760,Victoria Pisteka,CA-2014-109932,12/9/2014,10.688,13
VP-21760,Victoria Pisteka,CA-2015-111339,5/29/2015,8.04,14
VS-21820,Vivek Sundaresam,US-2015-165512,5/24/2015,602.651,1
VS-21820,Vivek Sundaresam,CA-2017-167003,5/23/2017,171.288,2
VS-21820,Vivek Sundaresam,US-2016-137295,1/8/2016,108.784,3
VS-21820,Vivek Sundaresam,CA-2014-105417,1/7/2014,76.728,4
VS-21820,Vivek Sundaresam,US-2016-137295,1/8/2016,47.616,5
VS-21820,Vivek Sundaresam,US-2016-137295,1/8/2016,30.828,6
VS-21820,Vivek Sundaresam,CA-2014-105417,1/7/2014,10.43,7
VS-21820,Vivek Sundaresam,US-2015-165512,5/24/2015,7.656,8
VT-21700,Valerie Takahito,CA-2015-167010,4/5/2015,563.808,1
VT-21700,Valerie Takahito,CA-2015-167010,4/5/2015,547.136,2
VT-21700,Valerie Takahito,CA-2015-167010,4/5/2015,352.45,3
VT-21700,Valerie Takahito,CA-2014-151897,6/6/2014,100.24,4
VT-21700,Valerie Takahito,CA-2015-167010,4/5/2015,98.112,5
VT-21700,Valerie Takahito,CA-2015-167010,4/5/2015,41.988,6
VT-21700,Valerie Takahito,CA-2015-167010,4/5/2015,14.85,7
VT-21700,Valerie Takahito,CA-2015-167010,4/5/2015,10.428,8
VT-21700,Valerie Takahito,CA-2015-167010,4/5/2015,7.584,9
VW-21775,Victoria Wilson,CA-2017-128265,11/17/2017,1247.64,1
VW-21775,Victoria Wilson,CA-2014-152100,5/11/2014,1212.96,2
VW-21775,Victoria Wilson,CA-2015-146262,1/2/2015,1188.0,3
VW-21775,Victoria Wilson,CA-2016-125080,10/21/2016,661.176,4
VW-21775,Victoria Wilson,CA-2017-116715,12/2/2017,559.62,5
VW-21775,Victoria Wilson,CA-2015-146262,1/2/2015,452.45,6
VW-21775,Victoria Wilson,CA-2016-121748,10/24/2016,359.98,7
VW-21775,Victoria Wilson,CA-2017-116715,12/2/2017,109.92,8
VW-21775,Victoria Wilson,CA-2016-121748,10/24/2016,100.0,9
VW-21775,Victoria Wilson,CA-2015-146262,1/2/2015,89.584,10
VW-21775,Victoria Wilson,CA-2015-146262,1/2/2015,62.982,11
VW-21775,Victoria Wilson,CA-2015-146262,1/2/2015,23.68,12
VW-21775,Victoria Wilson,CA-2015-151624,9/8/2015,21.36,13
VW-21775,Victoria Wilson,CA-2017-116204,2/11/2017,21.336,14
VW-21775,Victoria Wilson,CA-2017-116715,12/2/2017,8.56,15
VW-21775,Victoria Wilson,CA-2014-115980,7/15/2014,6.54,16
VW-21775,Victoria Wilson,CA-2015-111507,2/6/2015,5.28,17
VW-21775,Victoria Wilson,CA-2014-115980,7/15/2014,2.97,18
WB-21850,William Brown,CA-2017-138149,6/29/2017,895.92,1
WB-21850,William Brown,CA-2016-165330,12/11/2016,892.136,2
WB-21850,William Brown,CA-2014-125829,11/4/2014,666.344,3
WB-21850,William Brown,CA-2014-125829,11/4/2014,573.728,4
WB-21850,William Brown,CA-2014-125829,11/4/2014,447.968,5
WB-21850,William Brown,US-2015-156496,8/10/2015,438.368,6
WB-21850,William Brown,CA-2016-165330,12/11/2016,363.92,7
WB-21850,William Brown,CA-2016-165330,12/11/2016,209.6,8
WB-21850,William Brown,CA-2015-122210,11/30/2015,152.991,9
WB-21850,William Brown,US-2015-156496,8/10/2015,139.944,10
WB-21850,William Brown,US-2015-156496,8/10/2015,133.472,11
WB-21850,William Brown,CA-2017-138149,6/29/2017,130.71,12
WB-21850,William Brown,CA-2016-165330,12/11/2016,122.688,13
WB-21850,William Brown,CA-2016-165330,12/11/2016,119.96,14
WB-21850,William Brown,CA-2015-122210,11/30/2015,94.92,15
WB-21850,William Brown,US-2017-110149,12/10/2017,87.92,16
WB-21850,William Brown,CA-2016-165330,12/11/2016,83.42,17
WB-21850,William Brown,CA-2014-120852,12/20/2014,65.44,18
WB-21850,William Brown,CA-2017-138149,6/29/2017,62.31,19
WB-21850,William Brown,CA-2016-137848,1/15/2016,60.12,20
WB-21850,William Brown,CA-2016-165330,12/11/2016,50.22,21
WB-21850,William Brown,CA-2016-137848,1/15/2016,49.536,22
WB-21850,William Brown,CA-2017-120327,11/11/2017,45.92,23
WB-21850,William Brown,CA-2014-141607,12/12/2014,43.31,24
WB-21850,William Brown,CA-2016-165330,12/11/2016,35.808,25
WB-21850,William Brown,CA-2016-165330,12/11/2016,30.98,26
WB-21850,William Brown,CA-2016-165330,12/11/2016,23.32,27
WB-21850,William Brown,CA-2014-125829,11/4/2014,21.936,28
WB-21850,William Brown,CA-2014-125829,11/4/2014,19.44,29
WB-21850,William Brown,CA-2014-120852,12/20/2014,19.432,30
WB-21850,William Brown,CA-2016-137848,1/15/2016,16.52,31
WB-21850,William Brown,CA-2016-126627,10/10/2016,16.392,32
WB-21850,William Brown,CA-2016-126627,10/10/2016,14.0,33
WB-21850,William Brown,CA-2017-138149,6/29/2017,11.68,34
WB-21850,William Brown,CA-2015-122210,11/30/2015,10.584,35
WB-21850,William Brown,CA-2016-165330,12/11/2016,5.872,36
WB-21850,William Brown,US-2017-110149,12/10/2017,3.273,37
XP-21865,Xylona Preis,CA-2014-114335,9/28/2014,337.088,1
XP-21865,Xylona Preis,CA-2016-109365,11/3/2016,314.55,2
XP-21865,Xylona Preis,CA-2014-167927,1/20/2014,272.94,3
XP-21865,Xylona Preis,CA-2014-167927,1/20/2014,247.716,4
XP-21865,Xylona Preis,CA-2016-163174,8/26/2016,186.54,5
XP-21865,Xylona Preis,US-2017-136679,11/14/2017,167.952,6
XP-21865,Xylona Preis,CA-2017-118577,10/6/2017,143.7,7
XP-21865,Xylona Preis,CA-2016-109365,11/3/2016,116.28,8
XP-21865,Xylona Preis,CA-2016-129196,11/1/2016,68.112,9
XP-21865,Xylona Preis,CA-2014-167927,1/20/2014,66.58,10
XP-21865,Xylona Preis,CA-2017-138163,11/17/2017,50.94,11
XP-21865,Xylona Preis,US-2017-136679,11/14/2017,45.04,12
XP-21865,Xylona Preis,CA-2014-167927,1/20/2014,43.92,13
XP-21865,Xylona Preis,CA-2016-109365,11/3/2016,43.584,14
XP-21865,Xylona Preis,CA-2016-109365,11/3/2016,43.32,15
XP-21865,Xylona Preis,CA-2015-155586,12/12/2015,36.44,16
XP-21865,Xylona Preis,US-2017-115595,10/9/2017,35.2,17
XP-21865,Xylona Preis,CA-2014-167927,1/20/2014,29.7,18
XP-21865,Xylona Preis,CA-2016-109365,11/3/2016,19.44,19
XP-21865,Xylona Preis,CA-2014-167927,1/20/2014,19.05,20
XP-21865,Xylona Preis,CA-2015-155586,12/12/2015,15.52,21
XP-21865,Xylona Preis,CA-2016-109365,11/3/2016,15.26,22
XP-21865,Xylona Preis,CA-2014-167927,1/20/2014,14.73,23
XP-21865,Xylona Preis,CA-2014-167927,1/20/2014,13.98,24
XP-21865,Xylona Preis,CA-2016-109365,11/3/2016,9.296,25
XP-21865,Xylona Preis,CA-2014-134677,10/6/2014,9.09,26
XP-21865,Xylona Preis,CA-2017-118577,10/6/2017,6.48,27
XP-21865,Xylona Preis,CA-2015-155586,12/12/2015,2.21,28
YC-21895,Yoseph Carroll,CA-2014-119375,11/17/2014,2934.33,1
YC-21895,Yoseph Carroll,CA-2016-110499,4/7/2016,1199.976,2
YC-21895,Yoseph Carroll,CA-2017-121741,12/26/2017,750.68,3
YC-21895,Yoseph Carroll,CA-2016-123932,9/6/2016,329.584,4
YC-21895,Yoseph Carroll,CA-2014-119375,11/17/2014,124.41,5
YC-21895,Yoseph Carroll,CA-2014-119375,11/17/2014,57.75,6
YC-21895,Yoseph Carroll,CA-2016-123932,9/6/2016,41.92,7
YC-21895,Yoseph Carroll,CA-2015-153220,11/12/2015,15.7,8
YS-21880,Yana Sorensen,CA-2017-119809,8/18/2017,2793.528,1
YS-21880,Yana Sorensen,CA-2017-138380,12/21/2017,1000.02,2
YS-21880,Yana Sorensen,CA-2017-119809,8/18/2017,1000.02,3
YS-21880,Yana Sorensen,CA-2015-156755,1/12/2015,465.18,4
YS-21880,Yana Sorensen,CA-2017-135076,4/13/2017,436.704,5
YS-21880,Yana Sorensen,CA-2015-154291,7/25/2015,358.58,6
YS-21880,Yana Sorensen,CA-2015-129532,12/8/2015,236.0,7
YS-21880,Yana Sorensen,CA-2015-129532,12/8/2015,221.96,8
YS-21880,Yana Sorensen,CA-2015-154291,7/25/2015,98.46,9
YS-21880,Yana Sorensen,CA-2017-119809,8/18/2017,65.94,10
YS-21880,Yana Sorensen,CA-2017-160724,5/5/2017,34.5,11
YS-21880,Yana Sorensen,CA-2017-124828,7/3/2017,9.552,12
ZC-21910,Zuschuss Carroll,CA-2015-115567,9/13/2015,1516.2,1
ZC-21910,Zuschuss Carroll,CA-2016-169103,3/8/2016,1363.96,2
ZC-21910,Zuschuss Carroll,CA-2014-151995,10/13/2014,1298.55,3
ZC-21910,Zuschuss Carroll,CA-2016-130946,4/8/2016,1088.792,4
ZC-21910,Zuschuss Carroll,CA-2015-133452,4/13/2015,710.832,5
ZC-21910,Zuschuss Carroll,CA-2016-130946,4/8/2016,431.928,6
ZC-21910,Zuschuss Carroll,CA-2015-130365,4/25/2015,221.024,7
ZC-21910,Zuschuss Carroll,CA-2014-151995,10/13/2014,213.92,8
ZC-21910,Zuschuss Carroll,CA-2015-133452,4/13/2015,199.96,9
ZC-21910,Zuschuss Carroll,CA-2015-115567,9/13/2015,199.96,10
ZC-21910,Zuschuss Carroll,US-2017-102288,6/19/2017,146.176,11
ZC-21910,Zuschuss Carroll,CA-2015-130365,4/25/2015,128.058,12
ZC-21910,Zuschuss Carroll,CA-2016-169103,3/8/2016,102.36,13
ZC-21910,Zuschuss Carroll,CA-2016-130946,4/8/2016,95.984,14
ZC-21910,Zuschuss Carroll,US-2016-156986,3/20/2016,84.784,15
ZC-21910,Zuschuss Carroll,CA-2017-115322,5/11/2017,43.92,16
ZC-21910,Zuschuss Carroll,CA-2014-126802,12/29/2014,38.976,17
ZC-21910,Zuschuss Carroll,CA-2014-151995,10/13/2014,25.78,18
ZC-21910,Zuschuss Carroll,US-2016-156986,3/20/2016,20.736,19
ZC-21910,Zuschuss Carroll,US-2016-156986,3/20/2016,16.821,20
ZC-21910,Zuschuss Carroll,CA-2017-100013,11/6/2017,15.28,21
ZC-21910,Zuschuss Carroll,CA-2015-106978,9/28/2015,12.536,22
ZC-21910,Zuschuss Carroll,CA-2014-151995,10/13/2014,11.52,23
ZC-21910,Zuschuss Carroll,US-2016-156986,3/20/2016,10.368,24
ZC-21910,Zuschuss Carroll,CA-2017-100013,11/6/2017,8.73,25
ZC-21910,Zuschuss Carroll,CA-2017-100013,11/6/2017,5.68,26
ZC-21910,Zuschuss Carroll,CA-2017-133928,6/11/2017,4.572,27
ZC-21910,Zuschuss Carroll,CA-2015-106978,9/28/2015,4.512,28
ZC-21910,Zuschuss Carroll,US-2017-102288,6/19/2017,2.264,29
ZC-21910,Zuschuss Carroll,CA-2015-106978,9/28/2015,1.08,30
ZC-21910,Zuschuss Carroll,US-2017-102288,6/19/2017,0.444,31
ZD-21925,Zuschuss Donatelli,CA-2016-152471,7/8/2016,823.96,1
ZD-21925,Zuschuss Donatelli,CA-2016-167682,4/3/2016,259.96,2
ZD-21925,Zuschuss Donatelli,CA-2014-143336,8/27/2014,213.48,3
ZD-21925,Zuschuss Donatelli,CA-2016-167682,4/3/2016,71.12,4
ZD-21925,Zuschuss Donatelli,CA-2017-141481,6/11/2017,61.44,5
ZD-21925,Zuschuss Donatelli,CA-2014-143336,8/27/2014,22.72,6
ZD-21925,Zuschuss Donatelli,US-2016-147991,5/5/2016,16.72,7
ZD-21925,Zuschuss Donatelli,CA-2016-152471,7/8/2016,15.984,8
ZD-21925,Zuschuss Donatelli,CA-2014-143336,8/27/2014,8.56,9
