Row ID,Order ID,Order Date,Ship Date,Ship Mode,Customer ID,Customer Name,Segment,Country,City,State,Postal Code,Region,Product ID,Category,Sub-Category,Product Name,Sales,Quantity,Discount,Profit
8,CA-2014-115812,2014-06-09,2014-06-14,Standard Class,BH-11710,Brosina Hoffman,Consumer,United States,Los Angeles,California,90032,West,TEC-PH-10002275,Technology,Phones,Mitel 5320 IP Phone VoIP phone,907.152,6,0.2,90.7152
12,CA-2014-115812,2014-06-09,2014-06-14,Standard Class,BH-11710,Brosina Hoffman,Consumer,United States,Los Angeles,California,90032,West,TEC-PH-10002033,Technology,Phones,Konftel 250 Conference phone - Charcoal black,911.424,4,0.2,68.3568
20,CA-2014-143336,2014-08-27,2014-09-01,Second Class,ZD-21925,Zuschuss Donatelli,Consumer,United States,San Francisco,California,94109,West,TEC-PH-10001949,Technology,Phones,Cisco SPA 501G IP Phone,213.48,3,0.2,16.011
27,CA-2016-121755,2016-01-16,2016-01-20,Second Class,EH-13945,Eric Hoffmann,Consumer,United States,Los Angeles,California,90049,West,TEC-AC-10003027,Technology,Accessories,Imation 8GB Mini TravelDrive USB 2.0 Flash Drive,90.57,3,0.0,11.7741
36,CA-2016-117590,2016-12-08,2016-12-10,First Class,GH-14485,Gene Hale,Corporate,United States,Richardson,Texas,75080,Central,TEC-PH-10004977,Technology,Phones,GE 30524EE4,1097.544,7,0.2,123.4737
41,CA-2015-117415,2015-12-27,2015-12-31,Standard Class,SN-20710,Steve Nguyen,Home Office,United States,Houston,Texas,77041,Central,TEC-PH-10000486,Technology,Phones,Plantronics HL10 Handset Lifter,371.168,4,0.2,41.7564
42,CA-2017-120999,2017-09-10,2017-09-15,Standard Class,LC-16930,Linda Cazamias,Corporate,United States,Naperville,Illinois,60540,Central,TEC-PH-10004093,Technology,Phones,Panasonic Kx-TS550,147.168,4,0.2,16.5564
45,CA-2016-118255,2016-03-11,2016-03-13,First Class,ON-18715,Odella Nelson,Corporate,United States,Eagan,Minnesota,55122,Central,TEC-AC-10000171,Technology,Accessories,"Verbatim 25 GB 6x Blu-ray Single Layer Recordable Disc, 25/Pack",45.98,2,0.0,19.7714
48,CA-2016-169194,2016-06-20,2016-06-25,Standard Class,LH-16900,Lena Hernandez,Consumer,United States,Dover,Delaware,19901,East,TEC-AC-10002167,Technology,Accessories,Imation 8gb Micro Traveldrive Usb 2.0 Flash Drive,45.0,3,0.0,4.95
49,CA-2016-169194,2016-06-20,2016-06-25,Standard Class,LH-16900,Lena Hernandez,Consumer,United States,Dover,Delaware,19901,East,TEC-PH-10003988,Technology,Phones,"LF Elite 3D Dazzle Designer Hard Case Cover, Lf Stylus Pen and Wiper For Apple Iphone 5c Mini Lite",21.8,2,0.0,6.104
55,CA-2016-105816,2016-12-11,2016-12-17,Standard Class,JM-15265,Janet Molinari,Corporate,United States,New York City,New York,10024,East,TEC-PH-10002447,Technology,Phones,AT&T CL83451 4-Handset Telephone,1029.95,5,0.0,298.6855
60,CA-2016-111682,2016-06-17,2016-06-18,First Class,TB-21055,Ted Butterfield,Consumer,United States,Troy,New York,12180,East,TEC-AC-10002167,Technology,Accessories,Imation 8gb Micro Traveldrive Usb 2.0 Flash Drive,30.0,2,0.0,3.3
63,CA-2015-135545,2015-11-24,2015-11-30,Standard Class,KM-16720,Kunst Miller,Consumer,United States,Los Angeles,California,90004,West,TEC-AC-10004633,Technology,Accessories,"Verbatim 25 GB 6x Blu-ray Single Layer Recordable Disc, 3/Pack",13.98,2,0.0,6.1512
69,CA-2014-106376,2014-12-05,2014-12-10,Standard Class,BS-11590,Brendan Sweed,Corporate,United States,Gilbert,Arizona,85234,West,TEC-PH-10002726,Technology,Phones,netTALK DUO VoIP Telephone Service,167.968,4,0.2,62.988
87,CA-2017-155558,2017-10-26,2017-11-02,Standard Class,PG-18895,Paul Gonzalez,Consumer,United States,Rochester,Minnesota,55901,Central,TEC-AC-10001998,Technology,Accessories,Logitech LS21 Speaker System - PC Multimedia - 2.1-CH - Wired,19.99,1,0.0,6.7966
91,CA-2016-109806,2016-09-17,2016-09-22,Standard Class,JS-15685,Jim Sink,Corporate,United States,Los Angeles,California,90036,West,TEC-PH-10004093,Technology,Phones,Panasonic Kx-TS550,73.584,2,0.2,8.2782
107,CA-2017-119004,2017-11-23,2017-11-28,Standard Class,JM-15250,Janet Martin,Consumer,United States,Charlotte,North Carolina,28205,South,TEC-AC-10003499,Technology,Accessories,Memorex Mini Travel Drive 8 GB USB 2.0 Flash Drive,74.112,8,0.2,17.6016
108,CA-2017-119004,2017-11-23,2017-11-28,Standard Class,JM-15250,Janet Martin,Consumer,United States,Charlotte,North Carolina,28205,South,TEC-PH-10002844,Technology,Phones,Speck Products Candyshell Flip Case,27.992,1,0.2,2.0994
110,CA-2015-129476,2015-10-15,2015-10-20,Standard Class,PA-19060,Pete Armstrong,Home Office,United States,Orland Park,Illinois,60462,Central,TEC-AC-10000844,Technology,Accessories,Logitech Gaming G510s - Keyboard,339.96,5,0.2,67.992
124,CA-2016-103730,2016-06-12,2016-06-15,First Class,SC-20725,Steven Cartwright,Consumer,United States,Wilmington,Delaware,19805,East,TEC-PH-10003875,Technology,Phones,KLD Oscar II Style Snap-on Ultra Thin Side Flip Synthetic Leather Cover Case for HTC One HTC M7,68.04,7,0.0,19.7316
148,CA-2016-114489,2016-12-05,2016-12-09,Standard Class,JE-16165,Justin Ellison,Corporate,United States,Franklin,Wisconsin,53132,Central,TEC-PH-10000215,Technology,Phones,Plantronics Cordless Phone Headset with In-line Volume - M214C,384.45,11,0.0,103.8015
149,CA-2016-114489,2016-12-05,2016-12-09,Standard Class,JE-16165,Justin Ellison,Corporate,United States,Franklin,Wisconsin,53132,Central,TEC-PH-10001448,Technology,Phones,Anker Astro 15000mAh USB Portable Charger,149.97,3,0.0,5.9988
153,CA-2016-158834,2016-03-13,2016-03-16,First Class,TW-21025,Tamara Willingham,Home Office,United States,Scottsdale,Arizona,85254,West,TEC-PH-10001254,Technology,Phones,Jabra BIZ 2300 Duo QD Duo Corded Headset,203.184,2,0.2,15.2388
160,CA-2016-114104,2016-11-20,2016-11-24,Standard Class,NP-18670,Nora Paige,Consumer,United States,Edmond,Oklahoma,73034,Central,TEC-PH-10004536,Technology,Phones,Avaya 5420 Digital phone,944.93,7,0.0,236.2325
162,CA-2015-119697,2015-12-28,2015-12-31,Second Class,EM-13960,Eric Murdock,Consumer,United States,Philadelphia,Pennsylvania,19134,East,TEC-AC-10003657,Technology,Accessories,Lenovo 17-Key USB Numeric Keypad,54.384,2,0.2,1.3596
171,CA-2014-139892,2014-09-08,2014-09-12,Standard Class,BM-11140,Becky Martin,Consumer,United States,San Antonio,Texas,78207,Central,TEC-PH-10003931,Technology,Phones,JBL Micro Wireless Portable Bluetooth Speaker,143.976,3,0.2,8.9985
182,CA-2014-166191,2014-12-05,2014-12-09,Second Class,DK-13150,David Kendrick,Corporate,United States,Decatur,Illinois,62521,Central,TEC-AC-10004659,Technology,Accessories,Imation Secure Hardware Encrypted USB 2.0 Flash Drive; 16GB,408.744,7,0.2,76.6395
183,CA-2014-158274,2014-11-19,2014-11-24,Second Class,RM-19675,Robert Marley,Home Office,United States,Monroe,Louisiana,71203,South,TEC-PH-10003273,Technology,Phones,AT&T TR1909W,503.96,4,0.0,131.0296
184,CA-2014-158274,2014-11-19,2014-11-24,Second Class,RM-19675,Robert Marley,Home Office,United States,Monroe,Louisiana,71203,South,TEC-PH-10004896,Technology,Phones,Nokia Lumia 521 (T-Mobile),149.95,5,0.0,41.986
185,CA-2014-158274,2014-11-19,2014-11-24,Second Class,RM-19675,Robert Marley,Home Office,United States,Monroe,Louisiana,71203,South,TEC-AC-10002345,Technology,Accessories,HP Standard 104 key PS/2 Keyboard,29.0,2,0.0,7.25
187,CA-2014-123260,2014-08-26,2014-08-30,Standard Class,FM-14290,Frank Merwin,Home Office,United States,Los Angeles,California,90032,West,TEC-AC-10002323,Technology,Accessories,SanDisk Ultra 32 GB MicroSDHC Class 10 Memory Card,176.8,8,0.0,22.984
191,CA-2015-102281,2015-10-12,2015-10-14,First Class,MP-17470,Mark Packer,Home Office,United States,New York City,New York,10035,East,TEC-PH-10001552,Technology,Phones,I Need's 3d Hello Kitty Hybrid Silicone Case Cover for HTC One X 4g with 3d Hello Kitty Stylus Pen Green/pink,71.76,6,0.0,20.0928
206,CA-2017-108329,2017-12-09,2017-12-14,Standard Class,LE-16810,Laurel Elliston,Consumer,United States,Whittier,California,90604,West,TEC-PH-10001918,Technology,Phones,Nortel Business Series Terminal T7208 Digital phone,444.768,4,0.2,44.4768
208,CA-2017-135860,2017-12-01,2017-12-07,Standard Class,JH-15985,Joseph Holt,Consumer,United States,Saginaw,Michigan,48601,Central,TEC-PH-10001700,Technology,Phones,Panasonic KX-TG6844B Expandable Digital Cordless Telephone,131.98,2,0.0,35.6346
212,CA-2015-101007,2015-02-09,2015-02-13,Second Class,MS-17980,Michael Stewart,Corporate,United States,Dallas,Texas,75220,Central,TEC-AC-10001266,Technology,Accessories,Memorex Micro Travel Drive 8 GB,20.8,2,0.2,6.5
217,CA-2015-146262,2015-01-02,2015-01-09,Standard Class,VW-21775,Victoria Wilson,Corporate,United States,Medina,Ohio,44256,East,TEC-AC-10000109,Technology,Accessories,Sony Micro Vault Click 16 GB USB 2.0 Flash Drive,89.584,2,0.2,4.4792
219,CA-2016-130162,2016-10-28,2016-11-01,Standard Class,JH-15910,Jonathan Howell,Consumer,United States,Los Angeles,California,90032,West,TEC-PH-10002563,Technology,Phones,Adtran 1202752G1,302.376,3,0.2,22.6782
241,CA-2016-157749,2016-06-04,2016-06-09,Second Class,KL-16645,Ken Lonsdale,Consumer,United States,Chicago,Illinois,60610,Central,TEC-PH-10000011,Technology,Phones,PureGear Roll-On Screen Protector,31.984,2,0.2,11.1944
252,CA-2016-145625,2016-09-11,2016-09-17,Standard Class,KC-16540,Kelly Collister,Consumer,United States,San Diego,California,92037,West,TEC-AC-10003832,Technology,Accessories,Logitech P710e Mobile Speakerphone,3347.37,13,0.0,636.0003
258,US-2015-159982,2015-11-28,2015-12-04,Standard Class,DR-12880,Dan Reichenbach,Corporate,United States,Chicago,Illinois,60623,Central,TEC-PH-10001580,Technology,Phones,Logitech Mobile Speakerphone P710e - speaker phone,647.904,6,0.2,56.6916
259,CA-2017-163139,2017-12-01,2017-12-03,Second Class,CC-12670,Craig Carreira,Consumer,United States,New York City,New York,10009,East,TEC-AC-10000290,Technology,Accessories,Sabrent 4-Port USB 2.0 Hub,20.37,3,0.0,6.9258
265,CA-2016-125318,2016-06-06,2016-06-13,Standard Class,RC-19825,Roy Collins,Consumer,United States,Chicago,Illinois,60610,Central,TEC-PH-10001433,Technology,Phones,Cisco Small Business SPA 502G VoIP phone,328.224,4,0.2,28.7196
266,CA-2015-155040,2015-11-10,2015-11-15,Standard Class,AH-10210,Alan Hwang,Consumer,United States,Brentwood,California,94513,West,TEC-AC-10004469,Technology,Accessories,Microsoft Sculpt Comfort Mouse,79.9,2,0.0,35.156
272,CA-2015-155334,2015-07-30,2015-07-31,First Class,HA-14920,Helen Andreada,Consumer,United States,San Francisco,California,94109,West,TEC-AC-10003628,Technology,Accessories,Logitech 910-002974 M325 Wireless Mouse for Web Scrolling,209.93,7,0.0,92.3692
282,US-2015-161991,2015-09-26,2015-09-28,Second Class,SC-20725,Steven Cartwright,Consumer,United States,Houston,Texas,77070,Central,TEC-PH-10001760,Technology,Phones,Bose SoundLink Bluetooth Speaker,1114.4,7,0.2,376.11
285,CA-2015-130883,2015-09-26,2015-10-02,Standard Class,TB-21520,Tracy Blumstein,Consumer,United States,Portland,Oregon,97206,West,TEC-AC-10001956,Technology,Accessories,Microsoft Arc Touch Mouse,239.8,5,0.2,47.96
292,CA-2016-110772,2016-11-20,2016-11-24,Second Class,NZ-18565,Nick Zandusky,Home Office,United States,Columbus,Ohio,43229,East,TEC-AC-10002001,Technology,Accessories,Logitech Wireless Gaming Headset G930,255.984,2,0.2,54.3966
315,CA-2014-167850,2014-08-09,2014-08-16,Standard Class,AG-10525,Andy Gerbode,Corporate,United States,Saint Petersburg,Florida,33710,South,TEC-PH-10002398,Technology,Phones,AT&T 1070 Corded Phone,178.384,2,0.2,22.298
319,CA-2014-164973,2014-11-04,2014-11-09,Standard Class,NM-18445,Nathan Mautz,Home Office,United States,New York City,New York,10024,East,TEC-MA-10002927,Technology,Machines,Canon imageCLASS MF7460 Monochrome Digital Laser Multifunction Copier,3991.98,2,0.0,1995.99
320,CA-2014-164973,2014-11-04,2014-11-09,Standard Class,NM-18445,Nathan Mautz,Home Office,United States,New York City,New York,10024,East,TEC-PH-10004093,Technology,Phones,Panasonic Kx-TS550,275.94,6,0.0,80.0226
321,CA-2014-164973,2014-11-04,2014-11-09,Standard Class,NM-18445,Nathan Mautz,Home Office,United States,New York City,New York,10024,East,TEC-AC-10000892,Technology,Accessories,NETGEAR N750 Dual Band Wi-Fi Gigabit Router,360.0,4,0.0,129.6
325,CA-2016-162138,2016-04-23,2016-04-27,Standard Class,GK-14620,Grace Kelly,Corporate,United States,Hesperia,California,92345,West,TEC-AC-10001908,Technology,Accessories,Logitech Wireless Headset h800,99.99,1,0.0,34.9965
336,CA-2015-137946,2015-09-01,2015-09-04,Second Class,DB-13615,Doug Bickford,Consumer,United States,Los Angeles,California,90045,West,TEC-CO-10001449,Technology,Copiers,Hewlett Packard LaserJet 3310 Copier,959.984,2,0.2,335.9944
344,CA-2014-122336,2014-04-13,2014-04-17,Second Class,JD-15895,Jonathan Doherty,Corporate,United States,Philadelphia,Pennsylvania,19140,East,TEC-PH-10000702,Technology,Phones,"Square Credit Card Reader, 4 1/2"" x 4 1/2"" x 1"", White",71.928,12,0.4,8.3916
346,CA-2017-169901,2017-06-15,2017-06-19,Standard Class,CC-12550,Clay Cheatham,Consumer,United States,San Francisco,California,94122,West,TEC-PH-10002293,Technology,Phones,Anker 36W 4-Port USB Wall Charger Travel Power Adapter for iPhone 5s 5c 5,47.976,3,0.2,4.7976
350,CA-2016-129714,2016-09-01,2016-09-03,First Class,AB-10060,Adam Bellavance,Home Office,United States,New York City,New York,10009,East,TEC-AC-10000290,Technology,Accessories,Sabrent 4-Port USB 2.0 Hub,6.79,1,0.0,2.3086
374,US-2014-119137,2014-07-23,2014-07-27,Standard Class,AG-10900,Arthur Gainer,Consumer,United States,Tucson,Arizona,85705,West,TEC-AC-10003911,Technology,Accessories,NETGEAR AC1750 Dual Band Gigabit Smart WiFi Router,1023.936,8,0.2,179.1888
384,CA-2015-125395,2015-06-26,2015-06-29,Second Class,LA-16780,Laura Armstrong,Corporate,United States,Taylor,Michigan,48180,Central,TEC-AC-10004708,Technology,Accessories,Sony 32GB Class 10 Micro SDHC R40 Memory Card,41.9,2,0.0,8.799
391,CA-2017-101798,2017-12-11,2017-12-15,Standard Class,MV-18190,Mike Vittorini,Consumer,United States,New York City,New York,10009,East,TEC-AC-10001998,Technology,Accessories,Logitech LS21 Speaker System - PC Multimedia - 2.1-CH - Wired,39.98,2,0.0,13.5932
392,US-2014-135972,2014-09-21,2014-09-23,Second Class,JG-15115,Jack Garza,Consumer,United States,Des Moines,Washington,98198,West,TEC-PH-10003012,Technology,Phones,Nortel Meridian M3904 Professional Digital phone,246.384,2,0.2,27.7182
393,US-2014-135972,2014-09-21,2014-09-23,Second Class,JG-15115,Jack Garza,Consumer,United States,Des Moines,Washington,98198,West,TEC-CO-10002313,Technology,Copiers,Canon PC1080F Personal Copier,1799.97,3,0.0,701.9883
402,CA-2016-108987,2016-09-08,2016-09-10,Second Class,AG-10675,Anna Gayman,Consumer,United States,Houston,Texas,77036,Central,TEC-AC-10000158,Technology,Accessories,Sony 64GB Class 10 Micro SDHC R40 Memory Card,57.584,2,0.2,0.7198
406,CA-2017-117457,2017-12-08,2017-12-12,Standard Class,KH-16510,Keith Herrera,Consumer,United States,San Francisco,California,94110,West,TEC-AC-10000158,Technology,Accessories,Sony 64GB Class 10 Micro SDHC R40 Memory Card,179.95,5,0.0,37.7895
407,CA-2017-117457,2017-12-08,2017-12-12,Standard Class,KH-16510,Keith Herrera,Consumer,United States,San Francisco,California,94110,West,TEC-CO-10004115,Technology,Copiers,Sharp AL-1530CS Digital Copier,1199.976,3,0.2,434.9913
422,CA-2014-142048,2014-06-22,2014-06-25,First Class,JE-15745,Joel Eaton,Consumer,United States,Louisville,Colorado,80027,West,TEC-AC-10004114,Technology,Accessories,KeyTronic 6101 Series - Keyboard - Black,196.752,6,0.2,56.5662
428,CA-2014-101476,2014-09-12,2014-09-13,First Class,SD-20485,Shirley Daniels,Home Office,United States,New Rochelle,New York,10801,East,TEC-MA-10000029,Technology,Machines,"Epson WorkForce WF-2530 All-in-One Printer, Copier Scanner",69.99,1,0.0,30.0957
431,US-2016-123750,2016-04-15,2016-04-21,Standard Class,RB-19795,Ross Baird,Home Office,United States,Gastonia,North Carolina,28052,South,TEC-AC-10004659,Technology,Accessories,Imation Secure Hardware Encrypted USB 2.0 Flash Drive; 16GB,408.744,7,0.2,76.6395
432,US-2016-123750,2016-04-15,2016-04-21,Standard Class,RB-19795,Ross Baird,Home Office,United States,Gastonia,North Carolina,28052,South,TEC-AC-10004659,Technology,Accessories,Imation Secure Hardware Encrypted USB 2.0 Flash Drive; 16GB,291.96,5,0.2,54.7425
437,CA-2016-147375,2016-06-12,2016-06-14,Second Class,PO-19180,Philisse Overcash,Home Office,United States,Chicago,Illinois,60623,Central,TEC-MA-10002937,Technology,Machines,"Canon Color ImageCLASS MF8580Cdw Wireless Laser All-In-One Printer, Copier, Scanner",1007.979,3,0.3,43.1991
453,CA-2016-166674,2016-04-01,2016-04-03,Second Class,RB-19360,Raymond Buch,Consumer,United States,Auburn,New York,13021,East,TEC-PH-10002365,Technology,Phones,Belkin Grip Candy Sheer Case / Cover for iPhone 5 and 5S,35.12,4,0.0,9.1312
456,CA-2016-100153,2016-12-13,2016-12-17,Standard Class,KH-16630,Ken Heidel,Corporate,United States,Norman,Oklahoma,73071,Central,TEC-AC-10001772,Technology,Accessories,Memorex Mini Travel Drive 16 GB USB 2.0 Flash Drive,63.88,4,0.0,24.9132
461,CA-2015-109638,2015-12-15,2015-12-22,Standard Class,JH-15985,Joseph Holt,Consumer,United States,Seattle,Washington,98115,West,TEC-AC-10004571,Technology,Accessories,Logitech G700s Rechargeable Gaming Mouse,899.91,9,0.0,377.9622
474,CA-2014-144666,2014-11-09,2014-11-11,Second Class,JP-15520,Jeremy Pistek,Consumer,United States,San Francisco,California,94110,West,TEC-PH-10002680,Technology,Phones,Samsung Galaxy Note 3,703.968,4,0.2,87.996
478,CA-2016-103891,2016-07-12,2016-07-19,Standard Class,KH-16690,Kristen Hastings,Corporate,United States,Los Angeles,California,90008,West,TEC-PH-10000149,Technology,Phones,Cisco SPA525G2 IP Phone - Wireless,95.76,6,0.2,7.182
482,CA-2014-134677,2014-10-06,2014-10-10,Standard Class,XP-21865,Xylona Preis,Consumer,United States,San Diego,California,92024,West,TEC-AC-10001445,Technology,Accessories,Imation USB 2.0 Swivel Flash Drive USB flash drive - 4 GB - Pink,9.09,3,0.0,1.9089
484,CA-2014-127691,2014-07-22,2014-07-27,Standard Class,EM-14065,Erin Mull,Consumer,United States,New York City,New York,10024,East,TEC-AC-10002567,Technology,Accessories,Logitech G602 Wireless Gaming Mouse,159.98,2,0.0,57.5928
487,CA-2017-140963,2017-06-10,2017-06-13,First Class,MT-18070,Michelle Tran,Home Office,United States,Los Angeles,California,90045,West,TEC-PH-10001924,Technology,Phones,iHome FM Clock Radio with Lightning Dock,279.96,5,0.2,17.4975
488,CA-2014-154627,2014-10-29,2014-10-31,First Class,SA-20830,Sue Ann Reed,Consumer,United States,Chicago,Illinois,60610,Central,TEC-PH-10001363,Technology,Phones,Apple iPhone 5S,2735.952,6,0.2,341.994
489,CA-2014-133753,2014-06-09,2014-06-13,Second Class,CW-11905,Carl Weiss,Home Office,United States,Huntsville,Texas,77340,Central,TEC-PH-10000376,Technology,Phones,Square Credit Card Reader,7.992,1,0.2,0.5994
490,CA-2014-133753,2014-06-09,2014-06-13,Second Class,CW-11905,Carl Weiss,Home Office,United States,Huntsville,Texas,77340,Central,TEC-AC-10000303,Technology,Accessories,Logitech M510 Wireless Mouse,63.984,2,0.2,10.3974
494,CA-2016-169166,2016-05-09,2016-05-14,Standard Class,SS-20590,Sonia Sunley,Consumer,United States,Seattle,Washington,98115,West,TEC-AC-10000991,Technology,Accessories,Sony Micro Vault Click 8 GB USB 2.0 Flash Drive,93.98,2,0.0,13.1572
512,CA-2017-135307,2017-11-26,2017-11-27,First Class,LS-17245,Lynn Smith,Consumer,United States,Gladstone,Missouri,64118,Central,TEC-AC-10002399,Technology,Accessories,SanDisk Cruzer 32 GB USB Flash Drive,38.04,2,0.0,12.1728
516,CA-2017-127432,2017-01-22,2017-01-27,Standard Class,AD-10180,Alan Dominguez,Home Office,United States,Great Falls,Montana,59405,West,TEC-CO-10003236,Technology,Copiers,Canon Image Class D660 Copier,2999.95,5,0.0,1379.977
520,CA-2015-157812,2015-03-22,2015-03-26,Standard Class,DB-13210,Dean Braden,Consumer,United States,Houston,Texas,77041,Central,TEC-AC-10000171,Technology,Accessories,"Verbatim 25 GB 6x Blu-ray Single Layer Recordable Disc, 25/Pack",18.392,1,0.2,5.2877
525,US-2016-139486,2016-05-21,2016-05-23,First Class,LH-17155,Logan Haushalter,Consumer,United States,Los Angeles,California,90032,West,TEC-AC-10003832,Technology,Accessories,Imation 16GB Mini TravelDrive USB 2.0 Flash Drive,66.26,2,0.0,27.1666
534,CA-2016-168753,2016-05-29,2016-06-01,Second Class,RL-19615,Rob Lucas,Consumer,United States,Montgomery,Alabama,36116,South,TEC-PH-10000984,Technology,Phones,Panasonic KX-TG9471B,979.95,5,0.0,274.386
541,CA-2014-140795,2014-02-01,2014-02-03,First Class,BD-11500,Bradley Drucker,Consumer,United States,Green Bay,Wisconsin,54302,Central,TEC-AC-10001432,Technology,Accessories,Enermax Aurora Lite Keyboard,468.9,6,0.0,206.316
542,CA-2016-136924,2016-07-14,2016-07-17,First Class,ES-14080,Erin Smith,Corporate,United States,Tucson,Arizona,85705,West,TEC-PH-10002262,Technology,Phones,LG Electronics Tone HBS-730 Bluetooth Headset,380.864,8,0.2,38.0864
544,CA-2014-103849,2014-05-11,2014-05-16,Standard Class,PG-18895,Paul Gonzalez,Consumer,United States,Fort Worth,Texas,76106,Central,TEC-AC-10001465,Technology,Accessories,SanDisk Cruzer 64 GB USB Flash Drive,58.112,2,0.2,7.264
545,CA-2014-103849,2014-05-11,2014-05-16,Standard Class,PG-18895,Paul Gonzalez,Consumer,United States,Fort Worth,Texas,76106,Central,TEC-PH-10002597,Technology,Phones,Xblue XB-1670-86 X16 Small Office Telephone - Titanium,100.792,1,0.2,6.2995
566,CA-2017-137099,2017-12-07,2017-12-10,First Class,FP-14320,Frank Preis,Consumer,United States,Los Angeles,California,90008,West,TEC-PH-10002496,Technology,Phones,Cisco SPA301,374.376,3,0.2,46.797
574,CA-2017-164826,2017-12-28,2018-01-04,Standard Class,JF-15415,Jennifer Ferguson,Consumer,United States,New York City,New York,10024,East,TEC-PH-10000347,Technology,Phones,Cush Cases Heavy Duty Rugged Cover Case for Samsung Galaxy S5 - Purple,14.85,3,0.0,4.0095
582,CA-2017-145233,2017-12-01,2017-12-05,Standard Class,DV-13465,Dianna Vittorini,Consumer,United States,Denver,Colorado,80219,West,TEC-PH-10004977,Technology,Phones,GE 30524EE4,470.376,3,0.2,52.9173
583,CA-2017-145233,2017-12-01,2017-12-05,Standard Class,DV-13465,Dianna Vittorini,Consumer,United States,Denver,Colorado,80219,West,TEC-PH-10000586,Technology,Phones,AT&T SB67148 SynJ,105.584,2,0.2,9.2386
586,CA-2017-145233,2017-12-01,2017-12-05,Standard Class,DV-13465,Dianna Vittorini,Consumer,United States,Denver,Colorado,80219,West,TEC-PH-10001254,Technology,Phones,Jabra BIZ 2300 Duo QD Duo Corded Headset,406.368,4,0.2,30.4776
594,CA-2014-135405,2014-01-09,2014-01-13,Standard Class,MS-17830,Melanie Seite,Consumer,United States,Laredo,Texas,78041,Central,TEC-AC-10001266,Technology,Accessories,Memorex Micro Travel Drive 8 GB,31.2,3,0.2,9.75
596,CA-2014-131450,2014-08-08,2014-08-15,Standard Class,LR-16915,Lena Radford,Consumer,United States,San Diego,California,92024,West,TEC-CO-10004115,Technology,Copiers,Sharp AL-1530CS Digital Copier,1199.976,3,0.2,434.9913
597,CA-2014-131450,2014-08-08,2014-08-15,Standard Class,LR-16915,Lena Radford,Consumer,United States,San Diego,California,92024,West,TEC-PH-10002398,Technology,Phones,AT&T 1070 Corded Phone,445.96,5,0.2,55.745
611,CA-2016-161816,2016-04-28,2016-05-01,First Class,NB-18655,Nona Balk,Corporate,United States,Dallas,Texas,75217,Central,TEC-PH-10003012,Technology,Phones,Nortel Meridian M3904 Professional Digital phone,369.576,3,0.2,41.5773
615,CA-2017-138611,2017-11-14,2017-11-17,Second Class,CK-12595,Clytie Kelty,Consumer,United States,Grove City,Ohio,43123,East,TEC-PH-10000011,Technology,Phones,PureGear Roll-On Screen Protector,119.94,10,0.4,15.992
620,CA-2017-117947,2017-08-18,2017-08-23,Second Class,NG-18355,Nat Gilpin,Corporate,United States,New York City,New York,10011,East,TEC-PH-10002538,Technology,Phones,Grandstream GXP1160 VoIP phone,37.91,1,0.0,10.9939
632,US-2016-135720,2016-12-11,2016-12-13,Second Class,FM-14380,Fred McMath,Consumer,United States,Aurora,Colorado,80013,West,TEC-AC-10001267,Technology,Accessories,Imation 32GB Pocket Pro USB 3.0 Flash Drive - 32 GB - Black - 1 P ...,119.8,5,0.2,29.95
633,US-2016-135720,2016-12-11,2016-12-13,Second Class,FM-14380,Fred McMath,Consumer,United States,Aurora,Colorado,80013,West,TEC-PH-10002103,Technology,Phones,Jabra SPEAK 410,300.768,4,0.2,30.0768
634,CA-2017-144694,2017-09-24,2017-09-26,Second Class,BD-11605,Brian Dahlen,Consumer,United States,Miami,Florida,33180,South,TEC-AC-10002857,Technology,Accessories,"Verbatim 25 GB 6x Blu-ray Single Layer Recordable Disc, 1/Pack",17.88,3,0.2,2.4585
644,CA-2017-106103,2017-06-10,2017-06-15,Standard Class,SC-20305,Sean Christensen,Consumer,United States,Rochester Hills,Michigan,48307,Central,TEC-AC-10003832,Technology,Accessories,Imation 16GB Mini TravelDrive USB 2.0 Flash Drive,132.52,4,0.0,54.3332
650,CA-2016-160745,2016-12-11,2016-12-16,Second Class,AR-10825,Anthony Rawles,Corporate,United States,Vancouver,Washington,98661,West,TEC-PH-10003273,Technology,Phones,AT&T TR1909W,302.376,3,0.2,22.6782
651,CA-2016-160745,2016-12-11,2016-12-16,Second Class,AR-10825,Anthony Rawles,Corporate,United States,Vancouver,Washington,98661,West,TEC-AC-10001142,Technology,Accessories,First Data FD10 PIN Pad,316.0,4,0.0,31.6
654,CA-2017-140844,2017-06-19,2017-06-23,Standard Class,AR-10405,Allen Rosenblatt,Corporate,United States,New York City,New York,10035,East,TEC-AC-10001101,Technology,Accessories,Sony 16GB Class 10 Micro SDHC R40 Memory Card,103.12,8,0.0,10.312
668,CA-2017-132682,2017-06-08,2017-06-10,Second Class,TH-21235,Tiffany House,Corporate,United States,Dallas,Texas,75081,Central,TEC-PH-10004042,Technology,Phones,ClearOne Communications CHAT 70 OC Speaker Phone,381.576,3,0.2,28.6182
676,CA-2017-130351,2017-12-05,2017-12-08,First Class,RB-19570,Rob Beeghly,Consumer,United States,Columbus,Indiana,47201,Central,TEC-AC-10003832,Technology,Accessories,Imation 16GB Mini TravelDrive USB 2.0 Flash Drive,99.39,3,0.0,40.7499
678,US-2017-119438,2017-03-18,2017-03-23,Standard Class,CD-11980,Carol Darley,Consumer,United States,Tyler,Texas,75701,Central,TEC-AC-10003614,Technology,Accessories,"Verbatim 25 GB 6x Blu-ray Single Layer Recordable Disc, 10/Pack",27.816,3,0.2,4.5201
686,CA-2014-157784,2014-07-05,2014-07-08,First Class,MC-17845,Michael Chen,Consumer,United States,Jackson,Mississippi,39212,South,TEC-AC-10003911,Technology,Accessories,NETGEAR AC1750 Dual Band Gigabit Smart WiFi Router,479.97,3,0.0,163.1898
691,US-2014-117135,2014-06-21,2014-06-23,Second Class,NP-18325,Naresj Patel,Consumer,United States,Waynesboro,Virginia,22980,South,TEC-PH-10002033,Technology,Phones,Konftel 250 Conference phone - Charcoal black,284.82,1,0.0,74.0532
693,CA-2015-131534,2015-03-28,2015-04-02,Standard Class,AB-10165,Alan Barnes,Consumer,United States,Los Angeles,California,90036,West,TEC-AC-10002253,Technology,Accessories,Imation Bio 8GB USB Flash Drive Imation Corp,166.24,1,0.0,24.936
707,CA-2014-138527,2014-09-12,2014-09-17,Standard Class,BN-11470,Brad Norvell,Corporate,United States,Cary,North Carolina,27511,South,TEC-AC-10002399,Technology,Accessories,SanDisk Cruzer 32 GB USB Flash Drive,15.216,1,0.2,2.2824
708,CA-2014-112158,2014-12-02,2014-12-04,First Class,DP-13165,David Philippe,Consumer,United States,New York City,New York,10035,East,TEC-AC-10003628,Technology,Accessories,Logitech 910-002974 M325 Wireless Mouse for Web Scrolling,119.96,4,0.0,52.7824
714,US-2017-100048,2017-05-19,2017-05-24,Standard Class,RS-19765,Roland Schwarz,Corporate,United States,Mount Vernon,New York,10550,East,TEC-PH-10003012,Technology,Phones,Nortel Meridian M3904 Professional Digital phone,307.98,2,0.0,89.3142
715,US-2017-100048,2017-05-19,2017-05-24,Standard Class,RS-19765,Roland Schwarz,Corporate,United States,Mount Vernon,New York,10550,East,TEC-AC-10001606,Technology,Accessories,Logitech Wireless Performance Mouse MX for PC and Mac,299.97,3,0.0,113.9886
727,CA-2017-144113,2017-09-16,2017-09-20,Standard Class,JF-15355,Jay Fein,Consumer,United States,Austin,Texas,78745,Central,TEC-PH-10002170,Technology,Phones,ClearSounds CSC500 Amplified Spirit Phone Corded phone,55.992,1,0.2,5.5992
734,CA-2017-131954,2017-01-21,2017-01-25,Standard Class,DS-13030,Darrin Sayre,Home Office,United States,Seattle,Washington,98115,West,TEC-AC-10003610,Technology,Accessories,Logitech Illuminated - Keyboard,179.97,3,0.0,86.3856
739,CA-2014-132500,2014-09-08,2014-09-12,Standard Class,GZ-14470,Gary Zandusky,Consumer,United States,San Francisco,California,94110,West,TEC-AC-10001383,Technology,Accessories,Logitech Wireless Touch Keyboard K400,49.98,2,0.0,8.4966
749,CA-2016-150889,2016-03-20,2016-03-22,Second Class,PB-19105,Peter Bühler,Consumer,United States,Evanston,Illinois,60201,Central,TEC-PH-10000004,Technology,Phones,Belkin iPhone and iPad Lightning Cable,11.992,1,0.2,0.8994
754,CA-2016-110499,2016-04-07,2016-04-09,First Class,YC-21895,Yoseph Carroll,Corporate,United States,San Francisco,California,94110,West,TEC-CO-10002095,Technology,Copiers,Hewlett Packard 610 Color Digital Copier / Printer,1199.976,3,0.2,374.9925
758,CA-2014-106803,2014-12-29,2015-01-02,Standard Class,DC-13285,Debra Catini,Consumer,United States,Cottage Grove,Minnesota,55016,Central,TEC-AC-10001267,Technology,Accessories,Imation 32GB Pocket Pro USB 3.0 Flash Drive - 32 GB - Black - 1 P ...,119.8,4,0.0,47.92
766,CA-2014-162775,2014-01-13,2014-01-15,Second Class,CS-12250,Chris Selesnick,Corporate,United States,Bossier City,Louisiana,71111,South,TEC-AC-10003174,Technology,Accessories,Plantronics S12 Corded Telephone Headset System,646.74,6,0.0,258.696
772,CA-2017-104220,2017-01-30,2017-02-05,Standard Class,BV-11245,Benjamin Venier,Corporate,United States,Des Moines,Iowa,50315,Central,TEC-PH-10004614,Technology,Phones,AT&T 841000 Phone,207.0,3,0.0,51.75
785,US-2015-157014,2015-10-03,2015-10-06,Second Class,BM-11785,Bryan Mills,Consumer,United States,Columbus,Ohio,43229,East,TEC-AC-10000057,Technology,Accessories,Microsoft Natural Ergonomic Keyboard 4000,47.984,2,0.2,0.5998
793,CA-2016-105256,2016-05-20,2016-05-20,Same Day,JK-15730,Joe Kamberova,Consumer,United States,Asheville,North Carolina,28806,South,TEC-PH-10001530,Technology,Phones,Cisco Unified IP Phone 7945G VoIP phone,1363.96,5,0.2,85.2475
802,CA-2017-105809,2017-02-20,2017-02-23,First Class,HW-14935,Helen Wasserman,Corporate,United States,San Diego,California,92105,West,TEC-PH-10001580,Technology,Phones,Logitech Mobile Speakerphone P710e - speaker phone,215.968,2,0.2,18.8972
807,CA-2014-134313,2014-11-01,2014-11-07,Standard Class,RA-19915,Russell Applegate,Consumer,United States,Denver,Colorado,80219,West,TEC-PH-10001795,Technology,Phones,ClearOne CHATAttach 160 - speaker phone,1983.968,4,0.2,247.996
809,CA-2015-140921,2015-02-03,2015-02-05,First Class,AA-10375,Allen Armold,Consumer,United States,Omaha,Nebraska,68104,Central,TEC-AC-10004901,Technology,Accessories,Kensington SlimBlade Notebook Wireless Mouse with Nano Receiver ,149.97,3,0.0,50.9898
813,CA-2014-151995,2014-10-13,2014-10-15,First Class,ZC-21910,Zuschuss Carroll,Consumer,United States,Edmonds,Washington,98026,West,TEC-AC-10001101,Technology,Accessories,Sony 16GB Class 10 Micro SDHC R40 Memory Card,25.78,2,0.0,2.578
815,CA-2017-143686,2017-05-14,2017-05-14,Same Day,PJ-19015,Pauline Johnson,Consumer,United States,Santa Ana,California,92704,West,TEC-AC-10001838,Technology,Accessories,Razer Tiamat Over Ear 7.1 Surround Sound PC Gaming Headset,1399.93,7,0.0,601.9699
823,CA-2017-101434,2017-06-20,2017-06-27,Standard Class,TR-21325,Toby Ritter,Consumer,United States,Belleville,New Jersey,7109,East,TEC-AC-10002402,Technology,Accessories,Razer Kraken PRO Over Ear PC and Music Headset,239.97,3,0.0,71.991
825,US-2014-102071,2014-05-09,2014-05-15,Standard Class,PG-18820,Patrick Gardner,Consumer,United States,San Francisco,California,94110,West,TEC-AC-10003441,Technology,Accessories,Kingston Digital DataTraveler 32GB USB 2.0,67.8,4,0.0,4.068
826,US-2014-102071,2014-05-09,2014-05-15,Standard Class,PG-18820,Patrick Gardner,Consumer,United States,San Francisco,California,94110,West,TEC-AC-10000109,Technology,Accessories,Sony Micro Vault Click 16 GB USB 2.0 Flash Drive,167.97,3,0.0,40.3128
832,CA-2017-129462,2017-06-16,2017-06-21,Second Class,JE-15745,Joel Eaton,Consumer,United States,Florence,Kentucky,41042,South,TEC-PH-10001557,Technology,Phones,Pyle PMP37LED,191.98,2,0.0,51.8346
833,CA-2017-129462,2017-06-16,2017-06-21,Second Class,JE-15745,Joel Eaton,Consumer,United States,Florence,Kentucky,41042,South,TEC-PH-10002085,Technology,Phones,Clarity 53712,65.99,1,0.0,17.1574
839,US-2016-137547,2016-03-07,2016-03-12,Standard Class,EB-13705,Ed Braxton,Corporate,United States,Fort Worth,Texas,76106,Central,TEC-PH-10002365,Technology,Phones,Belkin Grip Candy Sheer Case / Cover for iPhone 5 and 5S,21.072,3,0.2,1.5804
847,CA-2015-114300,2015-10-13,2015-10-17,Standard Class,AF-10885,Art Foster,Consumer,United States,Louisville,Kentucky,40214,South,TEC-PH-10001552,Technology,Phones,I Need's 3d Hello Kitty Hybrid Silicone Case Cover for HTC One X 4g with 3d Hello Kitty Stylus Pen Green/pink,83.72,7,0.0,23.4416
850,CA-2014-107755,2014-02-07,2014-02-12,Standard Class,CK-12760,Cyma Kinney,Corporate,United States,Linden,New Jersey,7036,East,TEC-AC-10000710,Technology,Accessories,Maxell DVD-RAM Discs,115.36,7,0.0,49.6048
863,CA-2016-134474,2016-01-05,2016-01-07,Second Class,AJ-10795,Anthony Johnson,Corporate,United States,Jacksonville,Florida,32216,South,TEC-AC-10001714,Technology,Accessories,Logitech MX Performance Wireless Mouse,191.472,6,0.2,40.6878
865,CA-2016-134474,2016-01-05,2016-01-07,Second Class,AJ-10795,Anthony Johnson,Corporate,United States,Jacksonville,Florida,32216,South,TEC-PH-10002923,Technology,Phones,"Logitech B530 USB Headset - headset - Full size, Binaural",59.184,2,0.2,5.1786
877,CA-2016-116736,2016-01-17,2016-01-21,Standard Class,CC-12430,Chuck Clark,Home Office,United States,Concord,New Hampshire,3301,East,TEC-AC-10003628,Technology,Accessories,Logitech 910-002974 M325 Wireless Mouse for Web Scrolling,29.99,1,0.0,13.1956
878,CA-2016-116736,2016-01-17,2016-01-21,Standard Class,CC-12430,Chuck Clark,Home Office,United States,Concord,New Hampshire,3301,East,TEC-AC-10002049,Technology,Accessories,Logitech G19 Programmable Gaming Keyboard,371.97,3,0.0,66.9546
890,CA-2017-132934,2017-06-20,2017-06-26,Standard Class,JE-15475,Jeremy Ellison,Consumer,United States,New Rochelle,New York,10801,East,TEC-AC-10000927,Technology,Accessories,Anker Ultrathin Bluetooth Wireless Keyboard Aluminum Cover with Stand ,149.95,5,0.0,14.995
894,CA-2017-133256,2017-06-26,2017-06-27,First Class,TH-21550,Tracy Hopkins,Home Office,United States,Detroit,Michigan,48227,Central,TEC-PH-10002660,Technology,Phones,Nortel Networks T7316 E Nt8 B27,543.92,8,0.0,135.98
903,CA-2017-132353,2017-09-15,2017-09-17,First Class,DB-13060,Dave Brooks,Consumer,United States,Chicago,Illinois,60653,Central,TEC-PH-10004536,Technology,Phones,Avaya 5420 Digital phone,323.976,3,0.2,20.2485
908,CA-2017-143259,2017-12-30,2018-01-03,Standard Class,PO-18865,Patrick O'Donnell,Consumer,United States,New York City,New York,10009,East,TEC-PH-10004774,Technology,Phones,Gear Head AU3700S Headset,90.93,7,0.0,2.7279
910,CA-2017-137596,2017-09-02,2017-09-07,Standard Class,BE-11335,Bill Eplett,Home Office,United States,Jackson,Michigan,49201,Central,TEC-PH-10001494,Technology,Phones,Polycom CX600 IP Phone VoIP phone,1199.8,4,0.0,323.946
911,CA-2017-137596,2017-09-02,2017-09-07,Standard Class,BE-11335,Bill Eplett,Home Office,United States,Jackson,Michigan,49201,Central,TEC-AC-10004666,Technology,Accessories,Maxell iVDR EX 500GB Cartridge,1928.78,7,0.0,829.3754
915,CA-2017-102519,2017-11-27,2017-11-29,First Class,BM-11650,Brian Moss,Corporate,United States,Milwaukee,Wisconsin,53209,Central,TEC-AC-10001772,Technology,Accessories,Memorex Mini Travel Drive 16 GB USB 2.0 Flash Drive,143.73,9,0.0,56.0547
922,CA-2015-111164,2015-04-11,2015-04-15,Standard Class,SE-20110,Sanjit Engle,Consumer,United States,New York City,New York,10009,East,TEC-AC-10002473,Technology,Accessories,Maxell 4.7GB DVD-R,85.14,3,0.0,34.9074
923,CA-2015-111164,2015-04-11,2015-04-15,Standard Class,SE-20110,Sanjit Engle,Consumer,United States,New York City,New York,10009,East,TEC-PH-10004531,Technology,Phones,OtterBox Commuter Series Case - iPhone 5 & 5s,21.99,1,0.0,10.5552
927,CA-2014-132962,2014-09-13,2014-09-16,First Class,JM-15535,Jessica Myrick,Consumer,United States,Philadelphia,Pennsylvania,19143,East,TEC-AC-10004353,Technology,Accessories,Hypercom P1300 Pinpad,252.0,5,0.2,53.55
938,US-2017-111745,2017-11-05,2017-11-06,First Class,RA-19885,Ruben Ausman,Corporate,United States,Farmington,New Mexico,87401,West,TEC-AC-10003911,Technology,Accessories,NETGEAR AC1750 Dual Band Gigabit Smart WiFi Router,159.99,1,0.0,54.3966
957,CA-2017-102414,2017-05-15,2017-05-18,Second Class,JA-15970,Joseph Airdo,Consumer,United States,Phoenix,Arizona,85023,West,TEC-PH-10002923,Technology,Phones,"Logitech B530 USB Headset - headset - Full size, Binaural",29.592,1,0.2,2.5893
975,US-2017-103247,2017-10-05,2017-10-08,Second Class,PO-19195,Phillina Ober,Home Office,United States,New York City,New York,10011,East,TEC-PH-10003555,Technology,Phones,Motorola HK250 Universal Bluetooth Headset,160.93,7,0.0,3.2186
978,CA-2017-159366,2017-01-07,2017-01-10,First Class,BW-11110,Bart Watters,Corporate,United States,Detroit,Michigan,48205,Central,TEC-MA-10000822,Technology,Machines,Lexmark MX611dhe Monochrome Laser Printer,3059.982,2,0.1,679.996
983,CA-2014-163419,2014-11-11,2014-11-14,Second Class,TZ-21580,Tracy Zic,Consumer,United States,Louisville,Colorado,80027,West,TEC-PH-10000560,Technology,Phones,Samsung Galaxy S III - 16GB - pebble blue (T-Mobile),559.984,2,0.2,55.9984
987,CA-2017-100314,2017-09-29,2017-10-05,Standard Class,AS-10630,Ann Steele,Home Office,United States,Pasadena,Texas,77506,Central,TEC-MA-10003066,Technology,Machines,Wasp CCD Handheld Bar Code Reader,336.51,3,0.4,44.868
996,CA-2014-117639,2014-05-21,2014-05-25,Standard Class,MW-18235,Mitch Willingham,Corporate,United States,Virginia Beach,Virginia,23464,South,TEC-PH-10001530,Technology,Phones,Plantronics Voyager Pro Legend,617.97,3,0.0,173.0316
1002,CA-2015-124891,2015-07-31,2015-07-31,Same Day,RH-19495,Rick Hansen,Consumer,United States,New York City,New York,10024,East,TEC-AC-10003033,Technology,Accessories,Plantronics CS510 - Over-the-Head monaural Wireless Headset System,2309.65,7,0.0,762.1845
1010,CA-2017-135034,2017-08-01,2017-08-03,First Class,AT-10735,Annie Thurman,Consumer,United States,Chicago,Illinois,60653,Central,TEC-PH-10003931,Technology,Phones,JBL Micro Wireless Portable Bluetooth Speaker,95.984,2,0.2,5.999
1015,US-2015-126214,2015-12-21,2015-12-24,Second Class,JS-15880,John Stevenson,Consumer,United States,Seattle,Washington,98103,West,TEC-AC-10003198,Technology,Accessories,Enermax Acrylux Wireless Keyboard,99.6,1,0.0,36.852
1019,CA-2015-108665,2015-07-06,2015-07-10,Standard Class,KM-16225,Kalyca Meade,Corporate,United States,New York City,New York,10011,East,TEC-PH-10004188,Technology,Phones,OtterBox Commuter Series Case - Samsung Galaxy S4,124.95,5,0.0,2.499
1023,CA-2015-124450,2015-04-27,2015-05-03,Standard Class,GT-14710,Greg Tran,Consumer,United States,Washington,District of Columbia,20016,East,TEC-MA-10004212,Technology,Machines,Cisco SPA525G2 5-Line IP Phone,1379.92,8,0.0,648.5624
1030,CA-2014-163552,2014-07-11,2014-07-15,Standard Class,LA-16780,Laura Armstrong,Corporate,United States,Hackensack,New Jersey,7601,East,TEC-PH-10003885,Technology,Phones,Cisco SPA508G,197.97,3,0.0,57.4113
1042,CA-2016-102981,2016-09-06,2016-09-09,Second Class,MO-17500,Mary O'Rourke,Consumer,United States,New York City,New York,10035,East,TEC-AC-10004761,Technology,Accessories,Maxell 4.7GB DVD 3/Pack,31.86,2,0.0,11.151
1047,CA-2016-169103,2016-03-08,2016-03-13,Standard Class,ZC-21910,Zuschuss Carroll,Consumer,United States,Miami,Florida,33142,South,TEC-PH-10001530,Technology,Phones,Cisco Unified IP Phone 7945G VoIP phone,1363.96,5,0.2,85.2475
1049,CA-2014-139192,2014-05-27,2014-06-01,Second Class,LC-16885,Lena Creighton,Consumer,United States,San Francisco,California,94109,West,TEC-PH-10000486,Technology,Phones,Plantronics HL10 Handset Lifter,1113.504,12,0.2,125.2692
1050,CA-2014-139192,2014-05-27,2014-06-01,Second Class,LC-16885,Lena Creighton,Consumer,United States,San Francisco,California,94109,West,TEC-AC-10001606,Technology,Accessories,Logitech Wireless Performance Mouse MX for PC and Mac,99.99,1,0.0,37.9962
1076,CA-2016-134348,2016-11-12,2016-11-19,Standard Class,MS-17710,Maurice Satty,Consumer,United States,Mesa,Arizona,85204,West,TEC-AC-10003447,Technology,Accessories,Micropad Numeric Keypads,31.984,2,0.2,1.999
1086,US-2016-143819,2016-03-01,2016-03-05,Standard Class,KD-16270,Karen Daniels,Consumer,United States,Yonkers,New York,10701,East,TEC-MA-10003979,Technology,Machines,Ativa V4110MDD Micro-Cut Shredder,4899.93,7,0.0,2400.9657
1088,CA-2016-166163,2016-08-15,2016-08-20,Second Class,CY-12745,Craig Yedwab,Corporate,United States,Oakland,California,94601,West,TEC-PH-10004896,Technology,Phones,Nokia Lumia 521 (T-Mobile),71.976,3,0.2,7.1976
1091,CA-2017-158407,2017-06-04,2017-06-10,Standard Class,LW-16990,Lindsay Williams,Corporate,United States,Monroe,North Carolina,28110,South,TEC-PH-10001819,Technology,Phones,Innergie mMini Combo Duo USB Travel Charging Kit,71.984,2,0.2,25.1944
1093,CA-2015-143490,2015-12-06,2015-12-13,Standard Class,NP-18325,Naresj Patel,Consumer,United States,San Diego,California,92105,West,TEC-PH-10000576,Technology,Phones,AT&T 1080 Corded phone,219.184,2,0.2,19.1786
1101,CA-2016-107216,2016-06-14,2016-06-17,First Class,PV-18985,Paul Van Hugh,Home Office,United States,San Francisco,California,94122,West,TEC-AC-10001013,Technology,Accessories,Logitech ClearChat Comfort/USB Headset H390,29.29,1,0.0,9.6657
1111,US-2016-110156,2016-11-19,2016-11-24,Standard Class,EH-13945,Eric Hoffmann,Consumer,United States,Houston,Texas,77041,Central,TEC-PH-10003589,Technology,Phones,invisibleSHIELD by ZAGG Smudge-Free Screen Protector,71.96,5,0.2,25.186
1116,CA-2017-140585,2017-12-18,2017-12-23,Second Class,RA-19915,Russell Applegate,Consumer,United States,Encinitas,California,92024,West,TEC-AC-10003610,Technology,Accessories,Logitech Illuminated - Keyboard,119.98,2,0.0,57.5904
1119,CA-2015-142755,2015-09-04,2015-09-08,Standard Class,CS-12355,Christine Sundaresam,Consumer,United States,Roswell,Georgia,30076,South,TEC-AC-10002049,Technology,Accessories,Logitech G19 Programmable Gaming Keyboard,619.95,5,0.0,111.591
1122,US-2014-147627,2014-01-20,2014-01-26,Standard Class,HL-15040,Hunter Lopez,Consumer,United States,Jonesboro,Arkansas,72401,South,TEC-PH-10001061,Technology,Phones,Apple iPhone 5C,699.93,7,0.0,181.9818
1145,CA-2014-146969,2014-09-29,2014-10-03,Standard Class,AP-10915,Arthur Prichep,Consumer,United States,Los Angeles,California,90045,West,TEC-MA-10004241,Technology,Machines,Star Micronics TSP800 TSP847IIU Receipt Printer,686.32,2,0.2,223.054
1150,CA-2015-112452,2015-04-04,2015-04-04,Same Day,NC-18340,Nat Carroll,Consumer,United States,Lansing,Michigan,48911,Central,TEC-PH-10000307,Technology,Phones,Shocksock Galaxy S4 Armband,10.95,1,0.0,0.438
1151,CA-2015-112452,2015-04-04,2015-04-04,Same Day,NC-18340,Nat Carroll,Consumer,United States,Lansing,Michigan,48911,Central,TEC-CO-10004202,Technology,Copiers,Brother DCP1000 Digital 3 in 1 Multifunction Machine,599.98,2,0.0,209.993
1163,CA-2014-127964,2014-03-03,2014-03-08,Standard Class,AP-10720,Anne Pryor,Home Office,United States,New York City,New York,10035,East,TEC-PH-10004700,Technology,Phones,PowerGen Dual USB Car Charger,9.99,1,0.0,4.5954
1167,CA-2015-125416,2015-11-02,2015-11-02,Same Day,KC-16540,Kelly Collister,Consumer,United States,Seattle,Washington,98115,West,TEC-AC-10001552,Technology,Accessories,Logitech K350 2.4Ghz Wireless Keyboard,447.93,9,0.0,49.2723
1179,CA-2016-113621,2016-12-01,2016-12-05,Standard Class,JE-15745,Joel Eaton,Consumer,United States,Rockville,Maryland,20852,East,TEC-PH-10003931,Technology,Phones,JBL Micro Wireless Portable Bluetooth Speaker,179.97,3,0.0,44.9925
1180,CA-2016-168081,2016-04-24,2016-04-27,Second Class,CA-12055,Cathy Armstrong,Home Office,United States,Houston,Texas,77070,Central,TEC-AC-10003174,Technology,Accessories,Plantronics S12 Corded Telephone Headset System,258.696,3,0.2,64.674
1181,CA-2014-128146,2014-06-21,2014-06-25,Standard Class,DB-13060,Dave Brooks,Consumer,United States,Lakewood,New Jersey,8701,East,TEC-PH-10004539,Technology,Phones,Wireless Extenders zBoost YX545 SOHO Signal Booster,1322.93,7,0.0,357.1911
1184,CA-2017-138779,2017-01-14,2017-01-15,First Class,RB-19570,Rob Beeghly,Consumer,United States,Jacksonville,North Carolina,28540,South,TEC-PH-10003655,Technology,Phones,Sannysis Cute Owl Design Soft Skin Case Cover for Samsung Galaxy S4,7.92,5,0.2,0.693
1190,CA-2017-117212,2017-02-26,2017-02-28,Second Class,BT-11530,Bradley Talbott,Home Office,United States,Los Angeles,California,90036,West,TEC-PH-10004447,Technology,Phones,Toshiba IPT2010-SD IP Telephone,889.536,8,0.2,66.7152
1198,CA-2016-130946,2016-04-08,2016-04-12,Standard Class,ZC-21910,Zuschuss Carroll,Consumer,United States,Houston,Texas,77041,Central,TEC-AC-10001990,Technology,Accessories,Kensington Orbit Wireless Mobile Trackball for PC and Mac,431.928,9,0.2,64.7892
1206,CA-2017-133235,2017-08-01,2017-08-04,First Class,LH-16750,Larry Hughes,Consumer,United States,Charlotte,North Carolina,28205,South,TEC-PH-10002660,Technology,Phones,Nortel Networks T7316 E Nt8 B27,271.96,5,0.2,16.9975
1217,US-2017-118087,2017-09-09,2017-09-13,Standard Class,SP-20620,Stefania Perrino,Corporate,United States,Philadelphia,Pennsylvania,19134,East,TEC-AC-10004469,Technology,Accessories,Microsoft Sculpt Comfort Mouse,95.88,3,0.2,28.764
1219,US-2017-118087,2017-09-09,2017-09-13,Standard Class,SP-20620,Stefania Perrino,Corporate,United States,Philadelphia,Pennsylvania,19134,East,TEC-AC-10003174,Technology,Accessories,Plantronics S12 Corded Telephone Headset System,258.696,3,0.2,64.674
1222,CA-2014-110184,2014-07-12,2014-07-16,Standard Class,BF-11170,Ben Ferrer,Home Office,United States,Los Angeles,California,90036,West,TEC-PH-10000439,Technology,Phones,GE DSL Phone Line Filter,255.936,8,0.2,28.7928
1224,CA-2016-126004,2016-12-04,2016-12-05,First Class,BM-11140,Becky Martin,Consumer,United States,New York City,New York,10024,East,TEC-AC-10001432,Technology,Accessories,Enermax Aurora Lite Keyboard,78.15,1,0.0,34.386
1234,CA-2016-153682,2016-05-30,2016-06-01,First Class,BG-11695,Brooke Gillingham,Corporate,United States,Cincinnati,Ohio,45231,East,TEC-CO-10001046,Technology,Copiers,Canon Imageclass D680 Copier / Fax,839.988,2,0.4,69.999
1242,CA-2016-128727,2016-08-29,2016-09-04,Standard Class,MO-17800,Meg O'Connel,Home Office,United States,New York City,New York,10024,East,TEC-PH-10003442,Technology,Phones,Samsung Replacement EH64AVFWE Premium Headset,22.0,4,0.0,5.5
1253,CA-2015-154956,2015-07-04,2015-07-09,Standard Class,IM-15070,Irene Maddox,Consumer,United States,Milwaukee,Wisconsin,53209,Central,TEC-PH-10004165,Technology,Phones,Mitel MiVoice 5330e IP Phone,1099.96,4,0.0,285.9896
1260,US-2016-168620,2016-12-24,2016-12-28,Second Class,RB-19795,Ross Baird,Home Office,United States,Charlotte,North Carolina,28205,South,TEC-AC-10004469,Technology,Accessories,Microsoft Sculpt Comfort Mouse,255.68,8,0.2,76.704
1261,CA-2017-117079,2017-10-23,2017-10-27,Standard Class,JR-15700,Jocasta Rupert,Consumer,United States,Jacksonville,Florida,32216,South,TEC-PH-10004586,Technology,Phones,Wilson SignalBoost 841262 DB PRO Amplifier Kit,863.88,3,0.2,107.985
1264,CA-2016-155992,2016-10-01,2016-10-02,First Class,CC-12220,Chris Cortes,Consumer,United States,La Porte,Indiana,46350,Central,TEC-PH-10000215,Technology,Phones,Plantronics Cordless Phone Headset with In-line Volume - M214C,69.9,2,0.0,18.873
1279,CA-2014-163293,2014-09-08,2014-09-11,First Class,KC-16255,Karen Carlisle,Corporate,United States,Macon,Georgia,31204,South,TEC-AC-10004209,Technology,Accessories,Memorex Froggy Flash Drive 4 GB,32.97,3,0.0,12.8583
1280,CA-2014-163293,2014-09-08,2014-09-11,First Class,KC-16255,Karen Carlisle,Corporate,United States,Macon,Georgia,31204,South,TEC-AC-10000023,Technology,Accessories,"Maxell 74 Minute CD-R Spindle, 50/Pack",83.88,4,0.0,30.1968
1281,CA-2016-160815,2016-09-05,2016-09-06,First Class,TR-21325,Toby Ritter,Consumer,United States,Cedar Rapids,Iowa,52402,Central,TEC-PH-10003505,Technology,Phones,Geemarc AmpliPOWER60,278.4,3,0.0,80.736
1299,CA-2016-134425,2016-12-08,2016-12-12,Second Class,QJ-19255,Quincy Jones,Corporate,United States,Saint Paul,Minnesota,55106,Central,TEC-PH-10003555,Technology,Phones,Motorola HK250 Universal Bluetooth Headset,114.95,5,0.0,2.299
1305,US-2017-126179,2017-07-03,2017-07-07,Standard Class,CS-12460,Chuck Sachs,Consumer,United States,Columbus,Georgia,31907,South,TEC-PH-10001557,Technology,Phones,Pyle PMP37LED,287.97,3,0.0,77.7519
1306,CA-2016-101966,2016-07-14,2016-07-16,Second Class,BM-11785,Bryan Mills,Consumer,United States,Houston,Texas,77036,Central,TEC-PH-10003437,Technology,Phones,Blue Parrot B250XT Professional Grade Wireless Bluetooth Headset with,419.944,7,0.2,52.493
1318,CA-2017-157651,2017-12-10,2017-12-14,Standard Class,HA-14920,Helen Andreada,Consumer,United States,Philadelphia,Pennsylvania,19120,East,TEC-AC-10003116,Technology,Accessories,Memorex Froggy Flash Drive 8 GB,14.2,1,0.2,3.3725
1319,CA-2014-160773,2014-07-01,2014-07-05,Standard Class,LW-16825,Laurel Workman,Corporate,United States,Deltona,Florida,32725,South,TEC-PH-10004586,Technology,Phones,Wilson SignalBoost 841262 DB PRO Amplifier Kit,575.92,2,0.2,71.99
1339,CA-2017-100524,2017-03-31,2017-04-02,Second Class,CM-12115,Chad McGuire,Consumer,United States,New York City,New York,10011,East,TEC-PH-10002549,Technology,Phones,Polycom SoundPoint IP 450 VoIP phone,677.58,3,0.0,176.1708
1353,CA-2017-162978,2017-05-04,2017-05-09,Standard Class,LW-16990,Lindsay Williams,Corporate,United States,San Francisco,California,94109,West,TEC-PH-10003092,Technology,Phones,Motorola L804,183.96,5,0.2,20.6955
1367,US-2017-155425,2017-11-10,2017-11-11,First Class,AB-10600,Ann Blume,Corporate,United States,Tucson,Arizona,85705,West,TEC-PH-10002563,Technology,Phones,Adtran 1202752G1,201.584,2,0.2,15.1188
1372,CA-2017-136672,2017-03-07,2017-03-12,Standard Class,MG-17890,Michael Granlund,Home Office,United States,Clinton,Maryland,20735,East,TEC-AC-10004510,Technology,Accessories,Logitech Desktop MK120 Mouse and keyboard Combo,49.08,3,0.0,4.908
1379,CA-2014-126361,2014-08-04,2014-08-09,Second Class,VD-21670,Valerie Dominguez,Consumer,United States,Pleasant Grove,Utah,84062,West,TEC-PH-10002310,Technology,Phones,Panasonic KX T7731-B Digital phone,399.96,5,0.2,34.9965
1389,US-2016-108504,2016-02-05,2016-02-05,Same Day,PP-18955,Paul Prost,Home Office,United States,Smyrna,Georgia,30080,South,TEC-PH-10000215,Technology,Phones,Plantronics Cordless Phone Headset with In-line Volume - M214C,104.85,3,0.0,28.3095
1390,US-2016-108504,2016-02-05,2016-02-05,Same Day,PP-18955,Paul Prost,Home Office,United States,Smyrna,Georgia,30080,South,TEC-PH-10003645,Technology,Phones,Aastra 57i VoIP phone,484.83,3,0.0,126.0558
1399,CA-2016-124485,2016-11-24,2016-11-26,First Class,NC-18340,Nat Carroll,Consumer,United States,New York City,New York,10035,East,TEC-AC-10002323,Technology,Accessories,SanDisk Ultra 32 GB MicroSDHC Class 10 Memory Card,88.4,4,0.0,11.492
1401,CA-2016-159212,2016-11-01,2016-11-05,Standard Class,KM-16375,Katherine Murray,Home Office,United States,Salem,Virginia,24153,South,TEC-PH-10003988,Technology,Phones,"LF Elite 3D Dazzle Designer Hard Case Cover, Lf Stylus Pen and Wiper For Apple Iphone 5c Mini Lite",21.8,2,0.0,6.104
1407,US-2014-118486,2014-04-06,2014-04-08,First Class,SD-20485,Shirley Daniels,Home Office,United States,Philadelphia,Pennsylvania,19143,East,TEC-AC-10004659,Technology,Accessories,Imation Secure Hardware Encrypted USB 2.0 Flash Drive; 16GB,116.784,2,0.2,21.897
1415,CA-2017-115994,2017-01-28,2017-01-31,Second Class,BT-11305,Beth Thompson,Home Office,United States,Costa Mesa,California,92627,West,TEC-AC-10000580,Technology,Accessories,Logitech G13 Programmable Gameboard with LCD Display,239.97,3,0.0,26.3967
1417,CA-2015-126697,2015-09-21,2015-09-24,First Class,SV-20815,Stuart Van,Corporate,United States,Houston,Texas,77041,Central,TEC-PH-10002922,Technology,Phones,ShoreTel ShorePhone IP 230 VoIP phone,946.344,7,0.2,118.293
1418,CA-2015-126697,2015-09-21,2015-09-24,First Class,SV-20815,Stuart Van,Corporate,United States,Houston,Texas,77041,Central,TEC-AC-10004353,Technology,Accessories,Hypercom P1300 Pinpad,151.2,3,0.2,32.13
1425,CA-2015-124800,2015-09-26,2015-09-30,Standard Class,RW-19540,Rick Wilson,Corporate,United States,Mesa,Arizona,85204,West,TEC-PH-10001750,Technology,Phones,Samsung Rugby III,263.96,5,0.2,23.0965
1438,CA-2015-139731,2015-10-15,2015-10-15,Same Day,JE-15745,Joel Eaton,Consumer,United States,Amarillo,Texas,79109,Central,TEC-AC-10004975,Technology,Accessories,Plantronics Audio 995 Wireless Stereo Headset,263.88,3,0.2,42.8805
1445,CA-2016-133725,2016-05-23,2016-05-28,Standard Class,KL-16645,Ken Lonsdale,Consumer,United States,Chicago,Illinois,60623,Central,TEC-PH-10004165,Technology,Phones,Mitel MiVoice 5330e IP Phone,1979.928,9,0.2,148.4946
1448,CA-2017-102337,2017-06-13,2017-06-16,First Class,SD-20485,Shirley Daniels,Home Office,United States,Chicago,Illinois,60653,Central,TEC-PH-10002564,Technology,Phones,OtterBox Defender Series Case - Samsung Galaxy S4,47.984,2,0.2,5.998
1450,CA-2015-145821,2015-05-01,2015-05-07,Standard Class,JB-15400,Jennifer Braxton,Corporate,United States,Los Angeles,California,90008,West,TEC-PH-10004348,Technology,Phones,OtterBox Defender Series Case - iPhone 5c,88.752,3,0.2,11.094
1455,CA-2016-133711,2016-11-26,2016-11-29,First Class,MC-17425,Mark Cousins,Corporate,United States,Mobile,Alabama,36608,South,TEC-MA-10000010,Technology,Machines,Hewlett-Packard Deskjet 3050a All-in-One Color Inkjet Printer,3040.0,8,0.0,1459.2
1463,CA-2016-152289,2016-08-26,2016-08-28,First Class,LC-16930,Linda Cazamias,Corporate,United States,Pasadena,Texas,77506,Central,TEC-AC-10004571,Technology,Accessories,Logitech G700s Rechargeable Gaming Mouse,159.984,2,0.2,43.9956
1468,CA-2015-100769,2015-05-16,2015-05-16,Same Day,TH-21550,Tracy Hopkins,Home Office,United States,Jacksonville,Florida,32216,South,TEC-AC-10002402,Technology,Accessories,Razer Kraken PRO Over Ear PC and Music Headset,255.968,4,0.2,31.996
1479,CA-2017-121468,2017-11-19,2017-11-20,First Class,KD-16345,Katherine Ducich,Consumer,United States,Westminster,California,92683,West,TEC-PH-10000376,Technology,Phones,Square Credit Card Reader,31.968,4,0.2,2.3976
1485,US-2016-108098,2016-10-14,2016-10-18,Standard Class,CP-12340,Christine Phan,Corporate,United States,Seattle,Washington,98115,West,TEC-AC-10000865,Technology,Accessories,WD My Passport Ultra 500GB Portable External Hard Drive,177.0,3,0.0,30.09
1487,CA-2015-140410,2015-11-03,2015-11-07,Standard Class,CM-12655,Corinna Mitchell,Home Office,United States,Los Angeles,California,90008,West,TEC-PH-10003580,Technology,Phones,Cisco IP Phone 7961G-GE VoIP phone,1212.848,7,0.2,106.1242
1488,CA-2015-140410,2015-11-03,2015-11-07,Standard Class,CM-12655,Corinna Mitchell,Home Office,United States,Los Angeles,California,90008,West,TEC-AC-10001109,Technology,Accessories,Logitech Trackman Marble Mouse,89.97,3,0.0,37.7874
1503,CA-2016-100468,2016-11-24,2016-12-01,Standard Class,AT-10435,Alyssa Tate,Home Office,United States,Los Angeles,California,90045,West,TEC-PH-10001300,Technology,Phones,"iKross Bluetooth Portable Keyboard  Cell Phone Stand Holder  Brush for Apple iPhone 5S 5C 5, 4S 4",33.52,2,0.2,3.352
1508,CA-2016-134208,2016-09-17,2016-09-23,Standard Class,CS-12505,Cindy Stewart,Consumer,United States,Columbus,Georgia,31907,South,TEC-MA-10004458,Technology,Machines,Lexmark X 9575 Professional All-in-One Color Printer,396.0,4,0.0,190.08
1538,CA-2017-121888,2017-09-15,2017-09-17,Second Class,CL-11890,Carl Ludwig,Consumer,United States,Everett,Massachusetts,2149,East,TEC-PH-10000439,Technology,Phones,GE DSL Phone Line Filter,39.99,1,0.0,11.5971
1550,CA-2014-134278,2014-07-06,2014-07-08,First Class,EP-13915,Emily Phan,Consumer,United States,New York City,New York,10011,East,TEC-CO-10001046,Technology,Copiers,Canon Imageclass D680 Copier / Fax,559.992,1,0.2,174.9975
1556,CA-2017-120761,2017-09-04,2017-09-08,Standard Class,AB-10150,Aimee Bixby,Consumer,United States,Long Beach,New York,11561,East,TEC-AC-10000171,Technology,Accessories,"Verbatim 25 GB 6x Blu-ray Single Layer Recordable Disc, 25/Pack",91.96,4,0.0,39.5428
1566,CA-2015-132101,2015-03-19,2015-03-25,Standard Class,JO-15550,Jesus Ocampo,Home Office,United States,Seattle,Washington,98105,West,TEC-PH-10004539,Technology,Phones,Wireless Extenders zBoost YX545 SOHO Signal Booster,453.576,3,0.2,39.6879
1573,US-2014-157385,2014-11-23,2014-11-25,First Class,SC-20095,Sanjit Chand,Consumer,United States,Los Angeles,California,90004,West,TEC-AC-10003280,Technology,Accessories,Belkin F8E887 USB Wired Ergonomic Keyboard,29.99,1,0.0,6.2979
1580,CA-2015-131338,2015-08-09,2015-08-12,First Class,NP-18325,Naresj Patel,Consumer,United States,New York City,New York,10024,East,TEC-PH-10003012,Technology,Phones,Nortel Meridian M3904 Professional Digital phone,307.98,2,0.0,89.3142
1586,CA-2015-131338,2015-08-09,2015-08-12,First Class,NP-18325,Naresj Patel,Consumer,United States,New York City,New York,10024,East,TEC-PH-10000984,Technology,Phones,Panasonic KX-TG9471B,979.95,5,0.0,274.386
1589,CA-2015-131338,2015-08-09,2015-08-12,First Class,NP-18325,Naresj Patel,Consumer,United States,New York City,New York,10024,East,TEC-AC-10002600,Technology,Accessories,Belkin QODE FastFit Bluetooth Keyboard,247.8,4,0.0,34.692
1593,CA-2015-122826,2015-06-23,2015-06-25,Second Class,RD-19480,Rick Duston,Consumer,United States,Olympia,Washington,98502,West,TEC-PH-10004830,Technology,Phones,Pyle PRT45 Retro Home Telephone,201.568,4,0.2,22.6764
1605,US-2016-115819,2016-04-19,2016-04-24,Second Class,JO-15280,Jas O'Carroll,Consumer,United States,Los Angeles,California,90049,West,TEC-PH-10004700,Technology,Phones,PowerGen Dual USB Car Charger,39.96,5,0.2,12.987
1612,CA-2014-156349,2014-05-26,2014-05-30,Standard Class,ML-17395,Marina Lichtenstein,Corporate,United States,Los Angeles,California,90008,West,TEC-PH-10000441,Technology,Phones,VTech DS6151,201.584,2,0.2,20.1584
1613,CA-2014-156349,2014-05-26,2014-05-30,Standard Class,ML-17395,Marina Lichtenstein,Corporate,United States,Los Angeles,California,90008,West,TEC-PH-10002726,Technology,Phones,netTALK DUO VoIP Telephone Service,83.984,2,0.2,31.494
1624,CA-2017-108560,2017-07-08,2017-07-15,Standard Class,JC-15385,Jenna Caffey,Consumer,United States,Kent,Washington,98031,West,TEC-AC-10003063,Technology,Accessories,Micro Innovations USB RF Wireless Keyboard with Mouse,50.0,2,0.0,10.5
1625,CA-2015-157084,2015-12-19,2015-12-24,Standard Class,JG-15160,James Galang,Consumer,United States,Los Angeles,California,90049,West,TEC-PH-10002922,Technology,Phones,ShoreTel ShorePhone IP 230 VoIP phone,675.96,5,0.2,84.495
1626,CA-2015-157084,2015-12-19,2015-12-24,Standard Class,JG-15160,James Galang,Consumer,United States,Los Angeles,California,90049,West,TEC-AC-10002049,Technology,Accessories,Plantronics Savi W720 Multi-Device Wireless Headset System,1265.85,3,0.0,556.974
1635,CA-2016-106530,2016-05-08,2016-05-08,Same Day,CL-12565,Clay Ludtke,Consumer,United States,Cleveland,Ohio,44105,East,TEC-AC-10001465,Technology,Accessories,SanDisk Cruzer 64 GB USB Flash Drive,58.112,2,0.2,7.264
1645,CA-2015-111829,2015-03-19,2015-03-20,First Class,FH-14365,Fred Hopkins,Corporate,United States,Seattle,Washington,98115,West,TEC-CO-10001766,Technology,Copiers,Canon PC940 Copier,3149.93,7,0.0,1480.4671
1654,US-2017-132444,2017-11-18,2017-11-21,First Class,CD-12280,Christina DeMoss,Consumer,United States,Seattle,Washington,98105,West,TEC-AC-10003832,Technology,Accessories,Imation 16GB Mini TravelDrive USB 2.0 Flash Drive,132.52,4,0.0,54.3332
1659,CA-2017-161809,2017-01-20,2017-01-26,Standard Class,TH-21100,Thea Hendricks,Consumer,United States,Los Angeles,California,90045,West,TEC-PH-10004922,Technology,Phones,RCA Visys Integrated PBX 8-Line Router,160.776,3,0.2,10.0485
1671,CA-2017-159457,2017-10-19,2017-10-26,Standard Class,RD-19480,Rick Duston,Consumer,United States,Houston,Texas,77095,Central,TEC-PH-10002185,Technology,Phones,QVS USB Car Charger 2-Port 2.1Amp for iPod/iPhone/iPad/iPad 2/iPad 3,16.68,3,0.2,5.2125
1672,CA-2016-107615,2016-03-22,2016-03-25,First Class,RB-19645,Robert Barroso,Corporate,United States,North Las Vegas,Nevada,89031,West,TEC-AC-10001013,Technology,Accessories,Logitech ClearChat Comfort/USB Headset H390,58.58,2,0.0,19.3314
1673,CA-2017-111647,2017-07-03,2017-07-07,Standard Class,RD-19585,Rob Dowd,Consumer,United States,Plano,Texas,75023,Central,TEC-PH-10002726,Technology,Phones,netTALK DUO VoIP Telephone Service,167.968,4,0.2,62.988
1680,CA-2014-122882,2014-09-07,2014-09-13,Standard Class,SB-20290,Sean Braxton,Corporate,United States,Philadelphia,Pennsylvania,19134,East,TEC-PH-10003589,Technology,Phones,invisibleSHIELD by ZAGG Smudge-Free Screen Protector,32.382,3,0.4,4.3176
1694,US-2016-158708,2016-06-26,2016-06-29,Second Class,AB-10255,Alejandro Ballentine,Home Office,United States,Plano,Texas,75023,Central,TEC-AC-10003133,Technology,Accessories,Memorex Mini Travel Drive 4 GB USB 2.0 Flash Drive,13.616,2,0.2,3.5742
1695,CA-2015-156335,2015-09-25,2015-09-28,Second Class,PO-19195,Phillina Ober,Home Office,United States,Bayonne,New Jersey,7002,East,TEC-AC-10002006,Technology,Accessories,Memorex Micro Travel Drive 16 GB,63.96,4,0.0,19.8276
1697,CA-2015-156335,2015-09-25,2015-09-28,Second Class,PO-19195,Phillina Ober,Home Office,United States,Bayonne,New Jersey,7002,East,TEC-PH-10002726,Technology,Phones,netTALK DUO VoIP Telephone Service,104.98,2,0.0,52.49
1708,CA-2017-123491,2017-10-30,2017-11-05,Standard Class,JK-15205,Jamie Kunitz,Consumer,United States,San Francisco,California,94122,West,TEC-PH-10003505,Technology,Phones,Geemarc AmpliPOWER60,148.48,2,0.2,16.704
1722,US-2015-123218,2015-12-20,2015-12-25,Standard Class,KD-16345,Katherine Ducich,Consumer,United States,Chicago,Illinois,60623,Central,TEC-PH-10001061,Technology,Phones,Apple iPhone 5C,159.984,2,0.2,11.9988
1723,US-2015-123218,2015-12-20,2015-12-25,Standard Class,KD-16345,Katherine Ducich,Consumer,United States,Chicago,Illinois,60623,Central,TEC-AC-10000736,Technology,Accessories,Logitech G600 MMO Gaming Mouse,255.968,4,0.2,51.1936
1729,CA-2016-106894,2016-02-07,2016-02-07,Same Day,CA-12265,Christina Anderson,Consumer,United States,Springfield,Virginia,22153,South,TEC-AC-10003063,Technology,Accessories,Micro Innovations USB RF Wireless Keyboard with Mouse,100.0,4,0.0,21.0
1736,CA-2017-101483,2017-07-29,2017-08-01,Second Class,AG-10675,Anna Gayman,Consumer,United States,Jacksonville,North Carolina,28540,South,TEC-PH-10003442,Technology,Phones,Samsung Replacement EH64AVFWE Premium Headset,22.0,5,0.2,1.375
1739,CA-2015-130204,2015-09-03,2015-09-09,Standard Class,DB-13120,David Bremer,Corporate,United States,San Francisco,California,94122,West,TEC-AC-10003038,Technology,Accessories,Kingston Digital DataTraveler 16GB USB 2.0,17.9,2,0.0,3.401
1740,CA-2015-130204,2015-09-03,2015-09-09,Standard Class,DB-13120,David Bremer,Corporate,United States,San Francisco,California,94122,West,TEC-AC-10003590,Technology,Accessories,"TRENDnet 56K USB 2.0 Phone, Internet and Fax Modem",129.45,5,0.0,46.602
1757,CA-2015-135622,2015-12-08,2015-12-11,Second Class,TT-21460,Tonja Turnell,Home Office,United States,Fort Worth,Texas,76106,Central,TEC-PH-10001817,Technology,Phones,Wilson Electronics DB Pro Signal Booster,1718.4,6,0.2,150.36
1759,CA-2014-139017,2014-05-11,2014-05-17,Standard Class,RM-19375,Raymond Messe,Consumer,United States,Houston,Texas,77095,Central,TEC-AC-10001013,Technology,Accessories,Logitech ClearChat Comfort/USB Headset H390,46.864,2,0.2,7.6154
1773,CA-2016-129686,2016-11-27,2016-11-29,Second Class,GG-14650,Greg Guthrie,Corporate,United States,Chicago,Illinois,60623,Central,TEC-AC-10001266,Technology,Accessories,Memorex Micro Travel Drive 8 GB,62.4,6,0.2,19.5
1780,CA-2016-124667,2016-11-11,2016-11-16,Standard Class,BD-11770,Bryan Davis,Consumer,United States,New York City,New York,10011,East,TEC-AC-10003447,Technology,Accessories,Micropad Numeric Keypads,59.97,3,0.0,14.9925
1785,CA-2017-166317,2017-09-22,2017-09-26,Standard Class,JE-15610,Jim Epp,Corporate,United States,Milwaukee,Wisconsin,53209,Central,TEC-AC-10004510,Technology,Accessories,Logitech Desktop MK120 Mouse and keyboard Combo,98.16,6,0.0,9.816
1787,CA-2017-166317,2017-09-22,2017-09-26,Standard Class,JE-15610,Jim Epp,Corporate,United States,Milwaukee,Wisconsin,53209,Central,TEC-PH-10001615,Technology,Phones,AT&T CL82213,86.97,3,0.0,25.2213
1788,CA-2015-154326,2015-02-15,2015-02-19,Standard Class,RP-19855,Roy Phan,Corporate,United States,Kenosha,Wisconsin,53142,Central,TEC-PH-10001819,Technology,Phones,Innergie mMini Combo Duo USB Travel Charging Kit,134.97,3,0.0,64.7856
1789,CA-2015-154326,2015-02-15,2015-02-19,Standard Class,RP-19855,Roy Phan,Corporate,United States,Kenosha,Wisconsin,53142,Central,TEC-PH-10000560,Technology,Phones,Samsung Galaxy S III - 16GB - pebble blue (T-Mobile),699.98,2,0.0,195.9944
1790,CA-2015-154326,2015-02-15,2015-02-19,Standard Class,RP-19855,Roy Phan,Corporate,United States,Kenosha,Wisconsin,53142,Central,TEC-AC-10004568,Technology,Accessories,Maxell LTO Ultrium - 800 GB,139.95,5,0.0,26.5905
1797,US-2017-139465,2017-08-27,2017-08-30,First Class,MR-17545,Mathew Reese,Home Office,United States,New York City,New York,10024,East,TEC-PH-10000455,Technology,Phones,GE 30522EE2,347.97,3,0.0,100.9113
1805,CA-2017-158379,2017-09-22,2017-09-26,Second Class,JA-15970,Joseph Airdo,Consumer,United States,Philadelphia,Pennsylvania,19134,East,TEC-AC-10002926,Technology,Accessories,Logitech Wireless Marathon Mouse M705,79.984,2,0.2,22.9954
1806,US-2016-116729,2016-12-25,2016-12-28,First Class,GK-14620,Grace Kelly,Corporate,United States,Los Angeles,California,90049,West,TEC-PH-10002200,Technology,Phones,Samsung Galaxy Note 2,2575.944,7,0.2,257.5944
1808,US-2016-116729,2016-12-25,2016-12-28,First Class,GK-14620,Grace Kelly,Corporate,United States,Los Angeles,California,90049,West,TEC-AC-10001465,Technology,Accessories,SanDisk Cruzer 64 GB USB Flash Drive,254.24,7,0.0,76.272
1809,CA-2016-164938,2016-02-11,2016-02-13,First Class,PB-19210,Phillip Breyer,Corporate,United States,Tulsa,Oklahoma,74133,Central,TEC-PH-10004897,Technology,Phones,Mediabridge Sport Armband iPhone 5s,69.93,7,0.0,0.6993
1828,CA-2016-109344,2016-02-08,2016-02-11,Second Class,CH-12070,Cathy Hwang,Home Office,United States,Raleigh,North Carolina,27604,South,TEC-PH-10002624,Technology,Phones,Samsung Galaxy S4 Mini,1127.976,3,0.2,126.8973
1831,CA-2017-145884,2017-10-21,2017-10-21,Same Day,SL-20155,Sara Luxemburg,Home Office,United States,Muskogee,Oklahoma,74403,Central,TEC-PH-10000895,Technology,Phones,Polycom VVX 310 VoIP phone,1439.92,8,0.0,374.3792
1845,US-2017-113852,2017-07-29,2017-08-02,Standard Class,GW-14605,Giulietta Weimer,Consumer,United States,Seattle,Washington,98115,West,TEC-AC-10003027,Technology,Accessories,Imation 8GB Mini TravelDrive USB 2.0 Flash Drive,90.57,3,0.0,11.7741
1851,CA-2015-160472,2015-07-20,2015-07-25,Second Class,RK-19300,Ralph Kennedy,Consumer,United States,South Bend,Indiana,46614,Central,TEC-AC-10002253,Technology,Accessories,Imation Bio 8GB USB Flash Drive Imation Corp,831.2,5,0.0,124.68
1860,CA-2015-121608,2015-09-03,2015-09-05,First Class,JB-15400,Jennifer Braxton,Corporate,United States,Bristol,Connecticut,6010,East,TEC-PH-10004959,Technology,Phones,Classic Ivory Antique Telephone ZL1810,100.49,1,0.0,25.1225
1862,US-2017-121251,2017-03-26,2017-03-27,First Class,GM-14440,Gary McGarr,Consumer,United States,New York City,New York,10009,East,TEC-PH-10004896,Technology,Phones,Nokia Lumia 521 (T-Mobile),119.96,4,0.0,33.5888
1877,CA-2017-112039,2017-03-25,2017-03-29,Standard Class,JC-15775,John Castell,Consumer,United States,San Antonio,Texas,78207,Central,TEC-PH-10000984,Technology,Phones,Panasonic KX-TG9471B,470.376,3,0.2,47.0376
1879,CA-2017-118885,2017-12-29,2018-01-02,Standard Class,JG-15160,James Galang,Consumer,United States,Los Angeles,California,90049,West,TEC-PH-10002563,Technology,Phones,Adtran 1202752G1,302.376,3,0.2,22.6782
1902,CA-2016-151141,2016-08-20,2016-08-23,First Class,DW-13480,Dianna Wilson,Home Office,United States,Detroit,Michigan,48205,Central,TEC-PH-10004924,Technology,Phones,"SKILCRAFT Telephone Shoulder Rest, 2"" x 6.5"" x 2.5"", Black",14.78,2,0.0,3.9906
1905,CA-2017-167094,2017-10-21,2017-10-22,First Class,DK-12835,Damala Kotsonis,Corporate,United States,Springfield,Oregon,97477,West,TEC-AC-10003116,Technology,Accessories,Memorex Froggy Flash Drive 8 GB,28.4,2,0.2,6.745
1911,CA-2016-105963,2016-11-15,2016-11-22,Standard Class,SC-20770,Stewart Carmichael,Corporate,United States,Los Angeles,California,90008,West,TEC-AC-10003832,Technology,Accessories,Imation 16GB Mini TravelDrive USB 2.0 Flash Drive,99.39,3,0.0,40.7499
1913,CA-2017-121503,2017-07-03,2017-07-06,Second Class,FH-14275,Frank Hawley,Corporate,United States,Houston,Texas,77041,Central,TEC-MA-10003674,Technology,Machines,Hewlett-Packard Deskjet 5550 Printer,597.132,3,0.4,49.761
1914,CA-2014-103366,2014-01-15,2014-01-17,First Class,EH-13990,Erica Hackney,Consumer,United States,Roswell,Georgia,30076,South,TEC-AC-10003628,Technology,Accessories,Logitech 910-002974 M325 Wireless Mouse for Web Scrolling,149.95,5,0.0,65.978
1919,CA-2015-123673,2015-10-30,2015-11-01,Second Class,CH-12070,Cathy Hwang,Home Office,United States,Detroit,Michigan,48227,Central,TEC-PH-10001809,Technology,Phones,Panasonic KX T7736-B Digital phone,299.9,2,0.0,74.975
1923,CA-2016-156685,2016-07-08,2016-07-10,Second Class,SC-20230,Scot Coram,Corporate,United States,Arlington,Texas,76017,Central,TEC-PH-10004345,Technology,Phones,Cisco SPA 502G IP Phone,863.64,9,0.2,107.955
1926,CA-2017-102834,2017-03-09,2017-03-13,Standard Class,LW-16990,Lindsay Williams,Corporate,United States,San Francisco,California,94110,West,TEC-AC-10001908,Technology,Accessories,Logitech Wireless Headset h800,199.98,2,0.0,69.993
1927,US-2016-139710,2016-06-09,2016-06-15,Standard Class,GM-14680,Greg Matthias,Consumer,United States,Los Angeles,California,90045,West,TEC-PH-10001198,Technology,Phones,Avaya 4621SW VoIP phone,177.48,3,0.2,19.9665
1931,US-2017-101539,2017-03-16,2017-03-18,Second Class,VM-21685,Valerie Mitchum,Home Office,United States,Seattle,Washington,98105,West,TEC-PH-10004165,Technology,Phones,Mitel MiVoice 5330e IP Phone,659.976,3,0.2,49.4982
1932,CA-2016-152121,2016-11-27,2016-11-29,Second Class,CC-12670,Craig Carreira,Consumer,United States,Scottsdale,Arizona,85254,West,TEC-PH-10002483,Technology,Phones,Motorola Moto X,271.992,1,0.2,23.7993
1936,CA-2017-101245,2017-11-27,2017-12-03,Standard Class,LW-16990,Lindsay Williams,Corporate,United States,San Francisco,California,94109,West,TEC-AC-10001284,Technology,Accessories,Enermax Briskie RF Wireless Keyboard and Mouse Combo,166.16,8,0.0,59.8176
1945,CA-2016-108581,2016-06-20,2016-06-26,Standard Class,EA-14035,Erin Ashbrook,Corporate,United States,Carrollton,Texas,75007,Central,TEC-AC-10001109,Technology,Accessories,Logitech Trackman Marble Mouse,95.968,4,0.2,26.3912
1952,CA-2017-157987,2017-09-02,2017-09-06,Standard Class,AC-10615,Ann Chong,Corporate,United States,New York City,New York,10009,East,TEC-PH-10003885,Technology,Phones,Cisco SPA508G,197.97,3,0.0,57.4113
1956,CA-2017-157987,2017-09-02,2017-09-06,Standard Class,AC-10615,Ann Chong,Corporate,United States,New York City,New York,10009,East,TEC-AC-10002842,Technology,Accessories,WD My Passport Ultra 2TB Portable External Hard Drive,238.0,2,0.0,38.08
1957,CA-2017-157987,2017-09-02,2017-09-06,Standard Class,AC-10615,Ann Chong,Corporate,United States,New York City,New York,10009,East,TEC-AC-10000109,Technology,Accessories,Sony Micro Vault Click 16 GB USB 2.0 Flash Drive,167.97,3,0.0,40.3128
1961,CA-2017-110905,2017-09-10,2017-09-15,Second Class,RW-19690,Robert Waldorf,Consumer,United States,Springfield,Missouri,65807,Central,TEC-AC-10003023,Technology,Accessories,Logitech G105 Gaming Keyboard,296.85,5,0.0,53.433
1962,CA-2017-110905,2017-09-10,2017-09-15,Second Class,RW-19690,Robert Waldorf,Consumer,United States,Springfield,Missouri,65807,Central,TEC-AC-10002217,Technology,Accessories,Imation Clip USB flash drive - 8 GB,112.8,6,0.0,6.768
1967,CA-2017-165841,2017-12-21,2017-12-28,Standard Class,DB-13210,Dean Braden,Consumer,United States,Paterson,New Jersey,7501,East,TEC-PH-10002103,Technology,Phones,Jabra SPEAK 410,281.97,3,0.0,78.9516
1970,CA-2017-117485,2017-09-23,2017-09-29,Standard Class,BD-11320,Bill Donatelli,Consumer,United States,Tulsa,Oklahoma,74133,Central,TEC-AC-10004659,Technology,Accessories,Imation Secure Hardware Encrypted USB 2.0 Flash Drive; 16GB,291.96,4,0.0,102.186
1972,CA-2017-140242,2017-05-06,2017-05-11,Standard Class,ML-17755,Max Ludwig,Home Office,United States,Chicago,Illinois,60623,Central,TEC-AC-10004659,Technology,Accessories,Imation Secure Hardware Encrypted USB 2.0 Flash Drive; 16GB,408.744,7,0.2,76.6395
1977,CA-2014-110408,2014-10-18,2014-10-20,Second Class,AS-10225,Alan Schoenberger,Corporate,United States,Montgomery,Alabama,36116,South,TEC-PH-10002352,Technology,Phones,Avaya IP Phone 1140E VoIP phone,1394.95,5,0.0,362.687
1983,CA-2014-122749,2014-12-03,2014-12-09,Standard Class,NG-18430,Nathan Gelder,Consumer,United States,Oklahoma City,Oklahoma,73120,Central,TEC-PH-10003811,Technology,Phones,Jabra Supreme Plus Driver Edition Headset,479.96,4,0.0,134.3888
1987,CA-2016-147417,2016-07-25,2016-07-27,First Class,CB-12415,Christy Brittain,Consumer,United States,Columbus,Ohio,43229,East,TEC-CO-10001449,Technology,Copiers,Hewlett Packard LaserJet 3310 Copier,1439.976,4,0.4,191.9968
1999,CA-2014-131905,2014-02-06,2014-02-09,First Class,ND-18460,Neil Ducich,Corporate,United States,Chesapeake,Virginia,23320,South,TEC-PH-10003645,Technology,Phones,Aastra 57i VoIP phone,161.61,1,0.0,42.0186
2000,CA-2014-131905,2014-02-06,2014-02-09,First Class,ND-18460,Neil Ducich,Corporate,United States,Chesapeake,Virginia,23320,South,TEC-PH-10001615,Technology,Phones,AT&T CL82213,144.95,5,0.0,42.0355
2001,CA-2017-166128,2017-04-11,2017-04-18,Standard Class,LW-17215,Luke Weiss,Consumer,United States,Pasadena,California,91104,West,TEC-AC-10001767,Technology,Accessories,SanDisk Ultra 64 GB MicroSDHC Class 10 Memory Card,199.95,5,0.0,21.9945
2007,CA-2014-111150,2014-12-31,2015-01-04,Standard Class,RW-19630,Rob Williams,Corporate,United States,Columbia,Missouri,65203,Central,TEC-AC-10000290,Technology,Accessories,Sabrent 4-Port USB 2.0 Hub,47.53,7,0.0,16.1602
2012,CA-2015-155761,2015-12-11,2015-12-11,Same Day,SC-20800,Stuart Calhoun,Consumer,United States,Houston,Texas,77041,Central,TEC-AC-10001606,Technology,Accessories,Logitech Wireless Performance Mouse MX for PC and Mac,159.984,2,0.2,35.9964
2047,CA-2016-131835,2016-07-17,2016-07-21,Standard Class,MC-17590,Matt Collister,Corporate,United States,Perth Amboy,New Jersey,8861,East,TEC-PH-10001760,Technology,Phones,Bose SoundLink Bluetooth Speaker,597.0,3,0.0,280.59
2056,CA-2017-120376,2017-12-22,2017-12-25,First Class,TP-21130,Theone Pippenger,Consumer,United States,Detroit,Michigan,48227,Central,TEC-AC-10001114,Technology,Accessories,Microsoft Wireless Mobile Mouse 4000,199.95,5,0.0,63.984
2058,CA-2017-120376,2017-12-22,2017-12-25,First Class,TP-21130,Theone Pippenger,Consumer,United States,Detroit,Michigan,48227,Central,TEC-AC-10000844,Technology,Accessories,Logitech Gaming G510s - Keyboard,84.99,1,0.0,30.5964
2067,CA-2014-106439,2014-10-31,2014-11-04,Standard Class,GG-14650,Greg Guthrie,Corporate,United States,Los Angeles,California,90049,West,TEC-AC-10004568,Technology,Accessories,Maxell LTO Ultrium - 800 GB,251.91,9,0.0,47.8629
2069,CA-2015-133452,2015-04-13,2015-04-19,Standard Class,ZC-21910,Zuschuss Carroll,Consumer,United States,Pomona,California,91767,West,TEC-AC-10002800,Technology,Accessories,Plantronics Audio 478 Stereo USB Headset,199.96,4,0.0,69.986
2074,CA-2017-122504,2017-11-07,2017-11-12,Second Class,DB-13270,Deborah Brumfield,Home Office,United States,Brentwood,California,94513,West,TEC-AC-10003289,Technology,Accessories,Anker Ultra-Slim Mini Bluetooth 3.0 Wireless Keyboard,59.97,3,0.0,13.7931
2075,CA-2017-122504,2017-11-07,2017-11-12,Second Class,DB-13270,Deborah Brumfield,Home Office,United States,Brentwood,California,94513,West,TEC-PH-10002468,Technology,Phones,"Plantronics CS 50-USB - headset - Convertible, Monaural",761.544,7,0.2,66.6351
2081,CA-2015-120103,2015-12-24,2015-12-29,Standard Class,MS-17365,Maribeth Schnelling,Consumer,United States,Phoenix,Arizona,85023,West,TEC-PH-10002170,Technology,Phones,ClearSounds CSC500 Amplified Spirit Phone Corded phone,111.984,2,0.2,11.1984
2100,CA-2017-124401,2017-09-07,2017-09-12,Standard Class,RD-19900,Ruben Dartt,Consumer,United States,Portland,Oregon,97206,West,TEC-AC-10002926,Technology,Accessories,Logitech Wireless Marathon Mouse M705,279.944,7,0.2,80.4839
2105,CA-2017-167101,2017-03-24,2017-03-28,Second Class,BM-11650,Brian Moss,Corporate,United States,New York City,New York,10009,East,TEC-AC-10001266,Technology,Accessories,Memorex Micro Travel Drive 8 GB,26.0,2,0.0,11.7
2114,CA-2015-164882,2015-10-31,2015-10-31,Same Day,SG-20080,Sandra Glassco,Consumer,United States,Redlands,California,92374,West,TEC-PH-10001578,Technology,Phones,Polycom SoundStation2 EX Conference phone,1295.84,4,0.2,145.782
2126,CA-2017-144862,2017-12-01,2017-12-05,Standard Class,EH-14005,Erica Hernandez,Home Office,United States,Philadelphia,Pennsylvania,19143,East,TEC-PH-10000923,Technology,Phones,"Belkin SportFit Armband For iPhone 5s/5c, Fuchsia",62.958,7,0.4,9.4437
2127,CA-2014-126032,2014-06-23,2014-06-28,Standard Class,BS-11665,Brian Stugart,Consumer,United States,Philadelphia,Pennsylvania,19143,East,TEC-AC-10000158,Technology,Accessories,Sony 64GB Class 10 Micro SDHC R40 Memory Card,86.376,3,0.2,1.0797
2136,CA-2015-122210,2015-11-30,2015-12-04,Standard Class,WB-21850,William Brown,Consumer,United States,Philadelphia,Pennsylvania,19134,East,TEC-PH-10002807,Technology,Phones,Motorla HX550 Universal Bluetooth Headset,94.92,4,0.4,15.82
2150,CA-2017-102771,2017-03-31,2017-04-05,Standard Class,DO-13435,Denny Ordway,Consumer,United States,New York City,New York,10035,East,TEC-PH-10001536,Technology,Phones,Spigen Samsung Galaxy S5 Case Wallet,84.95,5,0.0,22.087
2152,CA-2014-167360,2014-11-24,2014-11-29,Second Class,RB-19435,Richard Bierner,Consumer,United States,Saint Louis,Missouri,63116,Central,TEC-AC-10001772,Technology,Accessories,Memorex Mini Travel Drive 16 GB USB 2.0 Flash Drive,111.79,7,0.0,43.5981
2164,CA-2016-154018,2016-10-13,2016-10-19,Standard Class,HA-14920,Helen Andreada,Consumer,United States,Laredo,Texas,78041,Central,TEC-AC-10002402,Technology,Accessories,Razer Kraken PRO Over Ear PC and Music Headset,191.976,3,0.2,23.997
2183,CA-2016-128818,2016-05-07,2016-05-11,Standard Class,CJ-12010,Caroline Jumper,Consumer,United States,New York City,New York,10009,East,TEC-MA-10000488,Technology,Machines,Bady BDG101FRU Card Printer,3999.95,5,0.0,1159.9855
2184,CA-2016-128818,2016-05-07,2016-05-11,Standard Class,CJ-12010,Caroline Jumper,Consumer,United States,New York City,New York,10009,East,TEC-AC-10001767,Technology,Accessories,SanDisk Ultra 64 GB MicroSDHC Class 10 Memory Card,199.95,5,0.0,21.9945
2187,CA-2016-101378,2016-07-14,2016-07-14,Same Day,RH-19600,Rob Haberlin,Consumer,United States,Huntsville,Alabama,35810,South,TEC-AC-10002345,Technology,Accessories,HP Standard 104 key PS/2 Keyboard,29.0,2,0.0,7.25
2190,CA-2017-143063,2017-08-10,2017-08-15,Standard Class,IL-15100,Ivan Liston,Consumer,United States,Columbus,Indiana,47201,Central,TEC-PH-10003645,Technology,Phones,Aastra 57i VoIP phone,1454.49,9,0.0,378.1674
2196,CA-2016-128412,2016-12-10,2016-12-17,Standard Class,AP-10915,Arthur Prichep,Consumer,United States,Seattle,Washington,98105,West,TEC-AC-10003038,Technology,Accessories,Kingston Digital DataTraveler 16GB USB 2.0,44.75,5,0.0,8.5025
2202,US-2014-165659,2014-06-01,2014-06-06,Standard Class,LT-17110,Liz Thompson,Consumer,United States,Little Rock,Arkansas,72209,South,TEC-PH-10002563,Technology,Phones,Adtran 1202752G1,881.93,7,0.0,229.3018
2208,US-2014-103905,2014-07-14,2014-07-20,Standard Class,AW-10930,Arthur Wiediger,Home Office,United States,Aurora,Illinois,60505,Central,TEC-PH-10001552,Technology,Phones,I Need's 3d Hello Kitty Hybrid Silicone Case Cover for HTC One X 4g with 3d Hello Kitty Stylus Pen Green/pink,38.272,4,0.2,3.8272
2210,CA-2014-125556,2014-11-14,2014-11-16,Second Class,ML-17410,Maris LaWare,Consumer,United States,Fairfield,Connecticut,6824,East,TEC-PH-10001079,Technology,Phones,Polycom SoundPoint Pro SE-225 Corded phone,832.93,7,0.0,233.2204
2221,CA-2017-130841,2017-07-28,2017-08-01,Standard Class,MH-17620,Matt Hagelstein,Corporate,United States,San Francisco,California,94110,West,TEC-PH-10001817,Technology,Phones,Wilson Electronics DB Pro Signal Booster,1145.6,4,0.2,100.24
2228,CA-2017-130771,2017-07-29,2017-08-03,Standard Class,LA-16780,Laura Armstrong,Corporate,United States,Austin,Texas,78745,Central,TEC-PH-10002496,Technology,Phones,Cisco SPA301,124.792,1,0.2,15.599
2234,CA-2015-123232,2015-12-14,2015-12-16,Second Class,DJ-13630,Doug Jacobs,Consumer,United States,Portland,Oregon,97206,West,TEC-PH-10001051,Technology,Phones,HTC One,319.968,4,0.2,35.9964
2235,CA-2017-104066,2017-12-05,2017-12-10,Standard Class,QJ-19255,Quincy Jones,Corporate,United States,Burlington,Vermont,5408,East,TEC-AC-10001013,Technology,Accessories,Logitech ClearChat Comfort/USB Headset H390,205.03,7,0.0,67.6599
2247,CA-2017-103380,2017-11-21,2017-11-25,Standard Class,BF-11005,Barry Franz,Home Office,United States,Pasadena,California,91104,West,TEC-PH-10004165,Technology,Phones,Mitel MiVoice 5330e IP Phone,659.976,3,0.2,49.4982
2256,CA-2016-164091,2016-09-17,2016-09-22,Standard Class,LA-16780,Laura Armstrong,Corporate,United States,Bangor,Maine,4401,East,TEC-PH-10001944,Technology,Phones,Wi-Ex zBoost YX540 Cellular Phone Signal Booster,437.85,3,0.0,131.355
2261,CA-2015-117611,2015-11-08,2015-11-10,Second Class,MZ-17335,Maria Zettner,Home Office,United States,San Diego,California,92024,West,TEC-AC-10002049,Technology,Accessories,Logitech G19 Programmable Gaming Keyboard,371.97,3,0.0,66.9546
2262,US-2015-137960,2015-12-18,2015-12-18,Same Day,MW-18220,Mitch Webber,Consumer,United States,New York City,New York,10035,East,TEC-AC-10002253,Technology,Accessories,Imation Bio 8GB USB Flash Drive Imation Corp,166.24,1,0.0,24.936
2264,CA-2016-131065,2016-11-14,2016-11-16,Second Class,AA-10375,Allen Armold,Consumer,United States,Atlanta,Georgia,30318,South,TEC-AC-10004145,Technology,Accessories,Logitech diNovo Edge Keyboard,499.98,2,0.0,114.9954
2274,CA-2015-142944,2015-03-06,2015-03-11,Standard Class,JL-15850,John Lucas,Consumer,United States,San Francisco,California,94122,West,TEC-CO-10003763,Technology,Copiers,Canon PC1060 Personal Laser Copier,1119.984,2,0.2,377.9946
2279,CA-2014-104283,2014-06-27,2014-07-01,Standard Class,LM-17065,Liz MacKendrick,Consumer,United States,Southaven,Mississippi,38671,South,TEC-AC-10000109,Technology,Accessories,Sony Micro Vault Click 16 GB USB 2.0 Flash Drive,223.96,4,0.0,53.7504
2284,CA-2015-153108,2015-03-05,2015-03-09,Standard Class,SF-20200,Sarah Foster,Consumer,United States,New Castle,Indiana,47362,Central,TEC-PH-10001552,Technology,Phones,I Need's 3d Hello Kitty Hybrid Silicone Case Cover for HTC One X 4g with 3d Hello Kitty Stylus Pen Green/pink,23.92,2,0.0,6.6976
2291,CA-2015-149342,2015-04-20,2015-04-25,Standard Class,TS-21160,Theresa Swint,Corporate,United States,Columbus,Georgia,31907,South,TEC-PH-10001557,Technology,Phones,Pyle PMP37LED,287.97,3,0.0,77.7519
2294,CA-2015-130995,2015-11-01,2015-11-06,Standard Class,QJ-19255,Quincy Jones,Corporate,United States,New York City,New York,10009,East,TEC-PH-10000347,Technology,Phones,Cush Cases Heavy Duty Rugged Cover Case for Samsung Galaxy S5 - Purple,4.95,1,0.0,1.3365
2298,CA-2015-113145,2015-11-01,2015-11-05,Standard Class,VD-21670,Valerie Dominguez,Consumer,United States,New York City,New York,10011,East,TEC-PH-10001527,Technology,Phones,Plantronics MX500i Earset,42.95,1,0.0,1.2885
2299,CA-2015-113145,2015-11-01,2015-11-05,Standard Class,VD-21670,Valerie Dominguez,Consumer,United States,New York City,New York,10011,East,TEC-AC-10001838,Technology,Accessories,Razer Tiamat Over Ear 7.1 Surround Sound PC Gaming Headset,1399.93,7,0.0,601.9699
2300,CA-2015-113145,2015-11-01,2015-11-05,Standard Class,VD-21670,Valerie Dominguez,Consumer,United States,New York City,New York,10011,East,TEC-PH-10002597,Technology,Phones,Xblue XB-1670-86 X16 Small Office Telephone - Titanium,503.96,4,0.0,125.99
2303,CA-2016-106558,2016-01-17,2016-01-21,Standard Class,DL-13495,Dionis Lloyd,Corporate,United States,Columbus,Georgia,31907,South,TEC-AC-10001142,Technology,Accessories,First Data FD10 PIN Pad,316.0,4,0.0,31.6
2308,CA-2017-116225,2017-11-05,2017-11-09,Standard Class,SV-20935,Susan Vittorini,Consumer,United States,New York City,New York,10009,East,TEC-AC-10001432,Technology,Accessories,Enermax Aurora Lite Keyboard,390.75,5,0.0,171.93
2319,CA-2017-122035,2017-07-20,2017-07-25,Standard Class,EM-13825,Elizabeth Moffitt,Corporate,United States,Sioux Falls,South Dakota,57103,Central,TEC-AC-10003095,Technology,Accessories,Logitech G35 7.1-Channel Surround Sound Headset,389.97,3,0.0,132.5898
2321,CA-2017-165491,2017-03-20,2017-03-24,Standard Class,HW-14935,Helen Wasserman,Corporate,United States,Seattle,Washington,98115,West,TEC-AC-10000358,Technology,Accessories,Imation Secure Drive  Hardware Encrypted USB flash drive - 16 GB,265.93,7,0.0,63.8232
2343,US-2014-143231,2014-12-31,2015-01-03,First Class,GM-14455,Gary Mitchum,Home Office,United States,Franklin,Massachusetts,2038,East,TEC-AC-10000358,Technology,Accessories,Imation Secure Drive  Hardware Encrypted USB flash drive - 16 GB,113.97,3,0.0,27.3528
2356,CA-2015-111514,2015-08-31,2015-09-02,First Class,SC-20260,Scott Cohen,Corporate,United States,San Francisco,California,94122,West,TEC-AC-10004864,Technology,Accessories,Memorex Micro Travel Drive 32 GB,36.51,1,0.0,15.6993
2357,CA-2015-111514,2015-08-31,2015-09-02,First Class,SC-20260,Scott Cohen,Corporate,United States,San Francisco,California,94122,West,TEC-MA-10000597,Technology,Machines,Lexmark S315 Color Inkjet Printer,239.976,3,0.2,80.9919
2371,CA-2017-155152,2017-07-07,2017-07-09,Second Class,MP-17965,Michael Paige,Corporate,United States,Warwick,Rhode Island,2886,East,TEC-AC-10004353,Technology,Accessories,Hypercom P1300 Pinpad,252.0,4,0.0,93.24
2386,US-2017-117534,2017-03-25,2017-03-26,First Class,CV-12295,Christina VanderZanden,Consumer,United States,Fresno,California,93727,West,TEC-PH-10000141,Technology,Phones,Clearsounds A400,211.168,4,0.2,15.8376
2387,US-2017-117534,2017-03-25,2017-03-26,First Class,CV-12295,Christina VanderZanden,Consumer,United States,Fresno,California,93727,West,TEC-CO-10000971,Technology,Copiers,Hewlett Packard 310 Color Digital Copier,479.984,2,0.2,59.998
2392,US-2015-127040,2015-12-06,2015-12-10,Standard Class,SG-20605,Speros Goranitis,Consumer,United States,New York City,New York,10009,East,TEC-AC-10002637,Technology,Accessories,Logitech VX Revolution Cordless Laser Mouse for Notebooks (Black),1619.91,9,0.0,97.1946
2395,CA-2015-137897,2015-11-14,2015-11-19,Standard Class,PJ-18835,Patrick Jones,Corporate,United States,New York City,New York,10035,East,TEC-AC-10002217,Technology,Accessories,Imation Clip USB flash drive - 8 GB,37.6,2,0.0,2.256
2396,CA-2015-137897,2015-11-14,2015-11-19,Standard Class,PJ-18835,Patrick Jones,Corporate,United States,New York City,New York,10035,East,TEC-AC-10001267,Technology,Accessories,Imation 32GB Pocket Pro USB 3.0 Flash Drive - 32 GB - Black - 1 P ...,59.9,2,0.0,23.96
2405,CA-2017-108574,2017-10-07,2017-10-11,Standard Class,MG-18145,Mike Gockenbach,Consumer,United States,Los Angeles,California,90045,West,TEC-AC-10002049,Technology,Accessories,Logitech G19 Programmable Gaming Keyboard,1115.91,9,0.0,200.8638
2407,CA-2017-108574,2017-10-07,2017-10-11,Standard Class,MG-18145,Mike Gockenbach,Consumer,United States,Los Angeles,California,90045,West,TEC-PH-10000702,Technology,Phones,"Square Credit Card Reader, 4 1/2"" x 4 1/2"" x 1"", White",79.92,10,0.2,26.973
2409,CA-2017-144589,2017-01-20,2017-01-25,Standard Class,TM-21010,Tamara Manning,Consumer,United States,San Francisco,California,94122,West,TEC-PH-10003072,Technology,Phones,Panasonic KX-TG9541B DECT 6.0 Digital 2-Line Expandable Cordless Phone With Digital Answering System,359.976,3,0.2,130.4913
2417,CA-2017-168655,2017-10-12,2017-10-18,Standard Class,ML-18040,Michelle Lonsdale,Corporate,United States,Albuquerque,New Mexico,87105,West,TEC-AC-10002842,Technology,Accessories,WD My Passport Ultra 2TB Portable External Hard Drive,595.0,5,0.0,95.2
2419,CA-2016-107202,2016-05-21,2016-05-28,Standard Class,LC-16930,Linda Cazamias,Corporate,United States,Sparks,Nevada,89431,West,TEC-MA-10000112,Technology,Machines,Panasonic KX MB2061 Multifunction Printer,2396.4,10,0.2,179.73
2421,CA-2017-159597,2017-11-09,2017-11-14,Standard Class,MC-17590,Matt Collister,Corporate,United States,Coachella,California,92236,West,TEC-AC-10004171,Technology,Accessories,Razer Kraken 7.1 Surround Sound Over Ear USB Gaming Headset,99.99,1,0.0,43.9956
2424,US-2017-147669,2017-12-25,2017-12-30,Standard Class,SV-20935,Susan Vittorini,Consumer,United States,Fairfield,Ohio,45014,East,TEC-AC-10002473,Technology,Accessories,Maxell 4.7GB DVD-R,158.928,7,0.2,41.7186
2434,US-2017-112613,2017-05-28,2017-06-01,Standard Class,JH-15910,Jonathan Howell,Consumer,United States,Houston,Texas,77070,Central,TEC-PH-10001536,Technology,Phones,Spigen Samsung Galaxy S5 Case Wallet,54.368,4,0.2,4.0776
2441,CA-2016-146934,2016-05-22,2016-05-27,Standard Class,AF-10870,Art Ferguson,Consumer,United States,Passaic,New Jersey,7055,East,TEC-PH-10004614,Technology,Phones,AT&T 841000 Phone,345.0,5,0.0,86.25
2444,CA-2016-146934,2016-05-22,2016-05-27,Standard Class,AF-10870,Art Ferguson,Consumer,United States,Passaic,New Jersey,7055,East,TEC-AC-10002399,Technology,Accessories,SanDisk Cruzer 32 GB USB Flash Drive,95.1,5,0.0,30.432
2446,CA-2016-146934,2016-05-22,2016-05-27,Standard Class,AF-10870,Art Ferguson,Consumer,United States,Passaic,New Jersey,7055,East,TEC-PH-10001336,Technology,Phones,Digium D40 VoIP phone,257.98,2,0.0,74.8142
2452,CA-2017-140949,2017-03-17,2017-03-22,Second Class,DB-13405,Denny Blanton,Consumer,United States,New York City,New York,10011,East,TEC-PH-10000149,Technology,Phones,Cisco SPA525G2 IP Phone - Wireless,119.7,6,0.0,31.122
2454,CA-2017-140949,2017-03-17,2017-03-22,Second Class,DB-13405,Denny Blanton,Consumer,United States,New York City,New York,10011,East,TEC-AC-10002399,Technology,Accessories,SanDisk Cruzer 32 GB USB Flash Drive,57.06,3,0.0,18.2592
2455,CA-2017-140949,2017-03-17,2017-03-22,Second Class,DB-13405,Denny Blanton,Consumer,United States,New York City,New York,10011,East,TEC-AC-10003038,Technology,Accessories,Kingston Digital DataTraveler 16GB USB 2.0,71.6,8,0.0,13.604
2465,CA-2017-148691,2017-12-03,2017-12-09,Standard Class,CS-12460,Chuck Sachs,Consumer,United States,New York City,New York,10009,East,TEC-PH-10000576,Technology,Phones,AT&T 1080 Corded phone,136.99,1,0.0,36.9873
2475,CA-2016-114972,2016-11-03,2016-11-06,First Class,PF-19225,Phillip Flathmann,Consumer,United States,Los Angeles,California,90032,West,TEC-AC-10000682,Technology,Accessories,Kensington K72356US Mouse-in-a-Box USB Desktop Mouse,82.95,5,0.0,29.0325
2483,CA-2017-126067,2017-08-28,2017-09-03,Standard Class,KN-16705,Kristina Nunn,Home Office,United States,Seattle,Washington,98105,West,TEC-PH-10000912,Technology,Phones,Anker 24W Portable Micro USB Car Charger,35.168,4,0.2,11.4296
2490,CA-2015-141040,2015-10-09,2015-10-13,Second Class,TB-21250,Tim Brockman,Consumer,United States,New York City,New York,10024,East,TEC-PH-10001835,Technology,Phones,Jawbone JAMBOX Wireless Bluetooth Speaker,631.96,4,0.0,303.3408
2493,CA-2014-144624,2014-11-19,2014-11-23,Standard Class,JM-15865,John Murray,Consumer,United States,Jamestown,New York,14701,East,TEC-PH-10002885,Technology,Phones,Apple iPhone 5,4548.81,7,0.0,1228.1787
2495,CA-2016-146206,2016-09-10,2016-09-14,Second Class,KT-16480,Kean Thornton,Consumer,United States,Houston,Texas,77095,Central,TEC-PH-10000895,Technology,Phones,Polycom VVX 310 VoIP phone,719.96,5,0.2,53.997
2509,CA-2017-163902,2017-03-02,2017-03-08,Standard Class,MY-17380,Maribeth Yedwab,Corporate,United States,Los Angeles,California,90045,West,TEC-PH-10000675,Technology,Phones,Panasonic KX TS3282B Corded phone,196.776,3,0.2,14.7582
2510,CA-2017-163902,2017-03-02,2017-03-08,Standard Class,MY-17380,Maribeth Yedwab,Corporate,United States,Los Angeles,California,90045,West,TEC-AC-10000580,Technology,Accessories,Logitech G13 Programmable Gameboard with LCD Display,479.94,6,0.0,52.7934
2512,CA-2015-102722,2015-04-18,2015-04-19,First Class,KW-16570,Kelly Williams,Consumer,United States,Monroe,Louisiana,71203,South,TEC-AC-10003116,Technology,Accessories,Memorex Froggy Flash Drive 8 GB,106.5,6,0.0,41.535
2514,CA-2016-124506,2016-11-11,2016-11-17,Standard Class,BB-11545,Brenda Bowman,Corporate,United States,Chicago,Illinois,60623,Central,TEC-AC-10003280,Technology,Accessories,Belkin F8E887 USB Wired Ergonomic Keyboard,95.968,4,0.2,1.1996
2523,CA-2016-124352,2016-10-15,2016-10-21,Standard Class,CD-12790,Cynthia Delaney,Home Office,United States,Oklahoma City,Oklahoma,73120,Central,TEC-PH-10003442,Technology,Phones,Samsung Replacement EH64AVFWE Premium Headset,5.5,1,0.0,1.375
2526,CA-2015-124541,2015-04-06,2015-04-10,Standard Class,TT-21220,Thomas Thornton,Consumer,United States,Houston,Texas,77041,Central,TEC-AC-10002550,Technology,Accessories,Maxell 4.7GB DVD-RW 3/Pack,25.488,2,0.2,4.4604
2534,CA-2014-111500,2014-08-17,2014-08-21,Standard Class,DJ-13510,Don Jones,Corporate,United States,Little Rock,Arkansas,72209,South,TEC-AC-10000844,Technology,Accessories,Logitech Gaming G510s - Keyboard,339.96,4,0.0,122.3856
2536,CA-2015-143238,2015-09-06,2015-09-08,First Class,LO-17170,Lori Olson,Corporate,United States,La Quinta,California,92253,West,TEC-AC-10003499,Technology,Accessories,Memorex Mini Travel Drive 8 GB USB 2.0 Flash Drive,46.32,4,0.0,18.0648
2549,US-2015-128090,2015-08-16,2015-08-22,Standard Class,JM-15865,John Murray,Consumer,United States,Phoenix,Arizona,85023,West,TEC-PH-10002624,Technology,Phones,Samsung Galaxy S4 Mini,1879.96,5,0.2,211.4955
2555,CA-2016-118626,2016-08-15,2016-08-20,Standard Class,JC-15775,John Castell,Consumer,United States,Tallahassee,Florida,32303,South,TEC-PH-10000369,Technology,Phones,HTC One Mini,705.544,7,0.2,70.5544
2556,CA-2015-111458,2015-09-26,2015-09-30,Standard Class,PF-19165,Philip Fox,Consumer,United States,New York City,New York,10035,East,TEC-AC-10001590,Technology,Accessories,Dell Slim USB Multimedia Keyboard,50.0,2,0.0,12.0
2564,CA-2015-110632,2015-03-17,2015-03-22,Second Class,HR-14830,Harold Ryan,Corporate,United States,New York City,New York,10009,East,TEC-AC-10000387,Technology,Accessories,KeyTronic KT800P2 - Keyboard - Black,15.02,1,0.0,2.7036
2566,CA-2017-109589,2017-12-21,2017-12-24,First Class,BD-11635,Brian Derr,Consumer,United States,Bowling Green,Kentucky,42104,South,TEC-AC-10003116,Technology,Accessories,Memorex Froggy Flash Drive 8 GB,71.0,4,0.0,27.69
2573,CA-2016-155845,2016-08-12,2016-08-15,Second Class,CM-12235,Chris McAfee,Consumer,United States,Carrollton,Texas,75007,Central,TEC-AC-10004145,Technology,Accessories,Logitech diNovo Edge Keyboard,1399.944,7,0.2,52.4979
2585,US-2014-155502,2014-01-26,2014-01-31,Standard Class,SD-20485,Shirley Daniels,Home Office,United States,Alexandria,Virginia,22304,South,TEC-PH-10002103,Technology,Phones,Jabra SPEAK 410,187.98,2,0.0,52.6344
2590,CA-2016-137729,2016-05-05,2016-05-09,Standard Class,BF-11005,Barry Franz,Home Office,United States,Los Angeles,California,90004,West,TEC-PH-10001433,Technology,Phones,Cisco Small Business SPA 502G VoIP phone,246.168,3,0.2,21.5397
2593,CA-2017-128300,2017-11-24,2017-11-26,Second Class,RS-19765,Roland Schwarz,Corporate,United States,Summerville,South Carolina,29483,South,TEC-PH-10002807,Technology,Phones,Motorla HX550 Universal Bluetooth Headset,79.1,2,0.0,39.55
2597,CA-2017-149048,2017-05-13,2017-05-17,Standard Class,BM-11650,Brian Moss,Corporate,United States,Columbus,Indiana,47201,Central,TEC-PH-10002310,Technology,Phones,Plantronics Calisto P620-M USB Wireless Speakerphone System,587.97,3,0.0,158.7519
2603,CA-2016-165848,2016-06-04,2016-06-04,Same Day,EN-13780,Edward Nazzal,Consumer,United States,New York City,New York,10035,East,TEC-MA-10003356,Technology,Machines,Panasonic KX MC6040 Color Laser Multifunction Printer,1349.85,3,0.0,364.4595
2620,CA-2017-115931,2017-12-22,2017-12-26,Standard Class,JM-15655,Jim Mitchum,Corporate,United States,Carlsbad,New Mexico,88220,West,TEC-PH-10001300,Technology,Phones,"iKross Bluetooth Portable Keyboard  Cell Phone Stand Holder  Brush for Apple iPhone 5S 5C 5, 4S 4",67.04,4,0.2,6.704
2624,CA-2017-127180,2017-10-22,2017-10-24,First Class,TA-21385,Tom Ashbrook,Home Office,United States,New York City,New York,10024,East,TEC-CO-10004722,Technology,Copiers,Canon imageCLASS 2200 Advanced Copier,11199.968,4,0.2,3919.9888
2625,CA-2017-127180,2017-10-22,2017-10-24,First Class,TA-21385,Tom Ashbrook,Home Office,United States,New York City,New York,10024,East,TEC-PH-10001494,Technology,Phones,Polycom CX600 IP Phone VoIP phone,2399.6,8,0.0,647.892
2627,CA-2017-127180,2017-10-22,2017-10-24,First Class,TA-21385,Tom Ashbrook,Home Office,United States,New York City,New York,10024,East,TEC-PH-10003800,Technology,Phones,i.Sound Portable Power - 8000 mAh,52.99,1,0.0,0.5299
2628,US-2017-165344,2017-11-13,2017-11-15,First Class,SB-20290,Sean Braxton,Corporate,United States,Springfield,Ohio,45503,East,TEC-AC-10002399,Technology,Accessories,SanDisk Cruzer 32 GB USB Flash Drive,60.864,4,0.2,9.1296
2642,CA-2015-169740,2015-02-20,2015-02-25,Standard Class,LM-17065,Liz MacKendrick,Consumer,United States,Hot Springs,Arkansas,71901,South,TEC-AC-10000927,Technology,Accessories,Anker Ultrathin Bluetooth Wireless Keyboard Aluminum Cover with Stand ,29.99,1,0.0,2.999
2644,CA-2016-149111,2016-04-17,2016-04-21,Second Class,BF-11170,Ben Ferrer,Home Office,United States,Raleigh,North Carolina,27604,South,TEC-PH-10003092,Technology,Phones,Motorola L804,36.792,1,0.2,4.1391
2650,CA-2014-131002,2014-09-07,2014-09-12,Second Class,TB-21400,Tom Boeckenhauer,Consumer,United States,Tulsa,Oklahoma,74133,Central,TEC-PH-10000215,Technology,Phones,Plantronics Cordless Phone Headset with In-line Volume - M214C,104.85,3,0.0,28.3095
2661,CA-2017-123372,2017-11-28,2017-12-02,Standard Class,DG-13300,Deirdre Greer,Corporate,United States,New York City,New York,10035,East,TEC-PH-10002834,Technology,Phones,Google Nexus 5,1979.89,11,0.0,494.9725
2667,CA-2016-111794,2016-10-01,2016-10-01,Same Day,HG-15025,Hunter Glantz,Consumer,United States,Amarillo,Texas,79109,Central,TEC-AC-10003832,Technology,Accessories,Imation 16GB Mini TravelDrive USB 2.0 Flash Drive,79.512,3,0.2,20.8719
2681,CA-2017-127026,2017-01-21,2017-01-27,Standard Class,MH-18115,Mick Hernandez,Home Office,United States,Jackson,Michigan,49201,Central,TEC-AC-10002049,Technology,Accessories,Logitech G19 Programmable Gaming Keyboard,619.95,5,0.0,111.591
2683,CA-2017-127026,2017-01-21,2017-01-27,Standard Class,MH-18115,Mick Hernandez,Home Office,United States,Jackson,Michigan,49201,Central,TEC-MA-10002981,Technology,Machines,I.R.I.S IRISCard Anywhere 5 Card Scanner,350.973,3,0.1,152.0883
2684,CA-2017-127026,2017-01-21,2017-01-27,Standard Class,MH-18115,Mick Hernandez,Home Office,United States,Jackson,Michigan,49201,Central,TEC-PH-10003601,Technology,Phones,"Ativa D5772 2-Line 5.8GHz Digital Expandable Corded/Cordless Phone System with Answering & Caller ID/Call Waiting, Black/Silver",164.99,1,0.0,49.497
2693,US-2016-144211,2016-08-28,2016-09-02,Standard Class,CS-12130,Chad Sievert,Consumer,United States,Englewood,Colorado,80112,West,TEC-PH-10002890,Technology,Phones,AT&T 17929 Lendline Telephone,108.576,3,0.2,8.1432
2705,CA-2017-156818,2017-07-11,2017-07-13,Second Class,JD-16015,Joy Daniels,Consumer,United States,New York City,New York,10009,East,TEC-AC-10002323,Technology,Accessories,SanDisk Ultra 32 GB MicroSDHC Class 10 Memory Card,132.6,6,0.0,17.238
2710,CA-2015-121797,2015-01-30,2015-02-06,Standard Class,CC-12145,Charles Crestani,Consumer,United States,Los Angeles,California,90049,West,TEC-MA-10000488,Technology,Machines,Bady BDG101FRU Card Printer,1919.976,3,0.2,215.9973
2714,CA-2014-110100,2014-04-25,2014-04-29,Standard Class,LC-16885,Lena Creighton,Consumer,United States,Wilmington,North Carolina,28403,South,TEC-PH-10004531,Technology,Phones,AT&T CL2909,302.376,3,0.2,37.797
2716,CA-2014-127187,2014-12-04,2014-12-08,Standard Class,CP-12085,Cathy Prescott,Corporate,United States,New York City,New York,10024,East,TEC-PH-10000673,Technology,Phones,Plantronics Voyager Pro HD - Bluetooth Headset,129.98,2,0.0,62.3904
2717,CA-2017-128475,2017-08-26,2017-09-01,Standard Class,SC-20680,Steve Carroll,Home Office,United States,Columbus,Georgia,31907,South,TEC-AC-10000158,Technology,Accessories,Sony 64GB Class 10 Micro SDHC R40 Memory Card,71.98,2,0.0,15.1158
2718,CA-2014-100006,2014-09-07,2014-09-13,Standard Class,DK-13375,Dennis Kane,Consumer,United States,New York City,New York,10024,East,TEC-PH-10002075,Technology,Phones,AT&T EL51110 DECT,377.97,3,0.0,109.6113
2729,CA-2017-119193,2017-12-22,2017-12-24,First Class,SK-19990,Sally Knutson,Consumer,United States,Toledo,Ohio,43615,East,TEC-PH-10003072,Technology,Phones,Panasonic KX-TG9541B DECT 6.0 Digital 2-Line Expandable Cordless Phone With Digital Answering System,629.958,7,0.4,94.4937
2731,CA-2017-104801,2017-02-13,2017-02-19,Standard Class,FH-14350,Fred Harton,Consumer,United States,Seattle,Washington,98105,West,TEC-AC-10001838,Technology,Accessories,Razer Tiamat Over Ear 7.1 Surround Sound PC Gaming Headset,799.96,4,0.0,343.9828
2733,CA-2014-107594,2014-07-02,2014-07-06,Standard Class,EH-13945,Eric Hoffmann,Consumer,United States,Plainfield,New Jersey,7060,East,TEC-PH-10002923,Technology,Phones,"Logitech B530 USB Headset - headset - Full size, Binaural",73.98,2,0.0,19.9746
2736,CA-2015-115798,2015-11-13,2015-11-19,Standard Class,KL-16645,Ken Lonsdale,Consumer,United States,Newark,Delaware,19711,East,TEC-PH-10003691,Technology,Phones,BlackBerry Q10,377.97,3,0.0,94.4925
2739,CA-2015-115798,2015-11-13,2015-11-19,Standard Class,KL-16645,Ken Lonsdale,Consumer,United States,Newark,Delaware,19711,East,TEC-PH-10001819,Technology,Phones,Innergie mMini Combo Duo USB Travel Charging Kit,89.98,2,0.0,43.1904
2741,CA-2017-122707,2017-04-16,2017-04-18,First Class,EB-13750,Edward Becker,Corporate,United States,Hoover,Alabama,35244,South,TEC-AC-10004227,Technology,Accessories,SanDisk Ultra 16 GB MicroSDHC Class 10 Memory Card,25.98,2,0.0,1.5588
2745,CA-2015-140144,2015-06-20,2015-06-25,Second Class,SC-20770,Stewart Carmichael,Corporate,United States,San Francisco,California,94122,West,TEC-PH-10002726,Technology,Phones,netTALK DUO VoIP Telephone Service,125.976,3,0.2,47.241
2746,CA-2017-163321,2017-08-07,2017-08-11,Second Class,FM-14380,Fred McMath,Consumer,United States,Jacksonville,North Carolina,28540,South,TEC-AC-10004571,Technology,Accessories,Logitech G700s Rechargeable Gaming Mouse,79.992,1,0.2,21.9978
2754,CA-2015-155306,2015-04-17,2015-04-21,Standard Class,GA-14515,George Ashbrook,Consumer,United States,San Francisco,California,94122,West,TEC-AC-10003174,Technology,Accessories,Plantronics S12 Corded Telephone Headset System,323.37,3,0.0,129.348
2755,CA-2015-155306,2015-04-17,2015-04-21,Standard Class,GA-14515,George Ashbrook,Consumer,United States,San Francisco,California,94122,West,TEC-PH-10002310,Technology,Phones,Plantronics Calisto P620-M USB Wireless Speakerphone System,783.96,5,0.2,68.5965
2758,CA-2016-127775,2016-06-11,2016-06-13,Second Class,ES-14020,Erica Smith,Consumer,United States,New York City,New York,10035,East,TEC-AC-10002402,Technology,Accessories,Razer Kraken PRO Over Ear PC and Music Headset,239.97,3,0.0,71.991
2762,CA-2017-126536,2017-10-12,2017-10-14,First Class,NK-18490,Neil Knudson,Home Office,United States,San Francisco,California,94110,West,TEC-AC-10003709,Technology,Accessories,Maxell 4.7GB DVD-R 5/Pack,0.99,1,0.0,0.4356
2771,US-2015-122140,2015-04-02,2015-04-07,Standard Class,MO-17950,Michael Oakman,Consumer,United States,Dallas,Texas,75220,Central,TEC-AC-10003289,Technology,Accessories,Anker Ultra-Slim Mini Bluetooth 3.0 Wireless Keyboard,47.976,3,0.2,1.7991
2780,CA-2017-108322,2017-04-30,2017-05-05,Standard Class,SS-20140,Saphhira Shifley,Corporate,United States,Pompano Beach,Florida,33068,South,TEC-AC-10003433,Technology,Accessories,Maxell 4.7GB DVD 5/Pack,2.376,3,0.2,0.7425
2783,CA-2016-139878,2016-11-11,2016-11-16,Standard Class,LD-17005,Lisa DeCherney,Consumer,United States,Detroit,Michigan,48234,Central,TEC-PH-10001336,Technology,Phones,Digium D40 VoIP phone,257.98,2,0.0,74.8142
2794,CA-2014-154599,2014-04-12,2014-04-17,Standard Class,KN-16450,Kean Nguyen,Corporate,United States,Redondo Beach,California,90278,West,TEC-PH-10001557,Technology,Phones,Pyle PMP37LED,1075.088,14,0.2,94.0702
2795,CA-2014-154599,2014-04-12,2014-04-17,Standard Class,KN-16450,Kean Nguyen,Corporate,United States,Redondo Beach,California,90278,West,TEC-PH-10000576,Technology,Phones,AT&T 1080 Corded phone,438.368,4,0.2,38.3572
2801,CA-2016-153318,2016-10-25,2016-10-28,First Class,JS-15595,Jill Stevenson,Corporate,United States,Miami,Florida,33180,South,TEC-PH-10000984,Technology,Phones,Panasonic KX-TG9471B,783.96,5,0.2,78.396
2814,CA-2015-135685,2015-11-16,2015-11-18,Second Class,MP-18175,Mike Pelletier,Home Office,United States,Milwaukee,Wisconsin,53209,Central,TEC-AC-10004145,Technology,Accessories,Logitech diNovo Edge Keyboard,999.96,4,0.0,229.9908
2822,CA-2017-100202,2016-12-31,2017-01-05,Standard Class,BD-11620,Brian DeCherney,Consumer,United States,Anaheim,California,92804,West,TEC-PH-10002563,Technology,Phones,Adtran 1202752G1,302.376,3,0.2,22.6782
2833,CA-2014-148915,2014-11-01,2014-11-05,Standard Class,ND-18370,Natalie DeCherney,Consumer,United States,Portland,Oregon,97206,West,TEC-PH-10000673,Technology,Phones,Plantronics Voyager Pro HD - Bluetooth Headset,155.976,3,0.2,54.5916
2859,CA-2017-138975,2017-05-19,2017-05-23,Standard Class,SC-20380,Shahid Collister,Consumer,United States,Atlanta,Georgia,30318,South,TEC-AC-10003441,Technology,Accessories,Kingston Digital DataTraveler 32GB USB 2.0,67.8,4,0.0,4.068
2860,CA-2017-138975,2017-05-19,2017-05-23,Standard Class,SC-20380,Shahid Collister,Consumer,United States,Atlanta,Georgia,30318,South,TEC-PH-10004389,Technology,Phones,Nokia Lumia 925,377.97,3,0.0,98.2722
2880,CA-2016-152072,2016-01-15,2016-01-19,Standard Class,Dp-13240,Dean percer,Home Office,United States,Westfield,New Jersey,7090,East,TEC-AC-10000844,Technology,Accessories,Logitech Gaming G510s - Keyboard,254.97,3,0.0,91.7892
2896,CA-2017-139913,2017-10-23,2017-10-29,Standard Class,JC-16105,Julie Creighton,Corporate,United States,Rochester,New York,14609,East,TEC-PH-10001552,Technology,Phones,I Need's 3d Hello Kitty Hybrid Silicone Case Cover for HTC One X 4g with 3d Hello Kitty Stylus Pen Green/pink,35.88,3,0.0,10.0464
2898,US-2016-164630,2016-01-04,2016-01-09,Standard Class,EB-13975,Erica Bern,Corporate,United States,Charlotte,North Carolina,28205,South,TEC-CO-10000971,Technology,Copiers,Hewlett Packard 310 Color Digital Copier,959.968,4,0.2,119.996
2900,CA-2015-166464,2015-09-12,2015-09-17,Standard Class,PG-18895,Paul Gonzalez,Consumer,United States,New York City,New York,10035,East,TEC-CO-10000971,Technology,Copiers,Hewlett Packard 310 Color Digital Copier,479.984,2,0.2,59.998
2915,CA-2015-134747,2015-10-12,2015-10-17,Second Class,DL-12925,Daniel Lacy,Consumer,United States,Noblesville,Indiana,46060,Central,TEC-PH-10002890,Technology,Phones,AT&T 17929 Lendline Telephone,135.72,3,0.0,35.2872
2917,CA-2015-134747,2015-10-12,2015-10-17,Second Class,DL-12925,Daniel Lacy,Consumer,United States,Noblesville,Indiana,46060,Central,TEC-PH-10001750,Technology,Phones,Samsung Rugby III,263.96,4,0.0,71.2692
2934,US-2016-169040,2016-12-06,2016-12-12,Standard Class,GT-14710,Greg Tran,Consumer,United States,Seattle,Washington,98105,West,TEC-PH-10002310,Technology,Phones,Plantronics Calisto P620-M USB Wireless Speakerphone System,156.792,1,0.2,13.7193
2935,US-2016-169040,2016-12-06,2016-12-12,Standard Class,GT-14710,Greg Tran,Consumer,United States,Seattle,Washington,98105,West,TEC-PH-10002834,Technology,Phones,Google Nexus 5,431.976,3,0.2,26.9985
2950,CA-2017-134915,2017-11-12,2017-11-12,Same Day,EM-14140,Eugene Moren,Home Office,United States,Glendale,Arizona,85301,West,TEC-AC-10001266,Technology,Accessories,Memorex Micro Travel Drive 8 GB,41.6,4,0.2,13.0
2954,CA-2017-134915,2017-11-12,2017-11-12,Same Day,EM-14140,Eugene Moren,Home Office,United States,Glendale,Arizona,85301,West,TEC-PH-10000347,Technology,Phones,Cush Cases Heavy Duty Rugged Cover Case for Samsung Galaxy S5 - Purple,7.92,2,0.2,0.693
2955,CA-2017-134915,2017-11-12,2017-11-12,Same Day,EM-14140,Eugene Moren,Home Office,United States,Glendale,Arizona,85301,West,TEC-PH-10001459,Technology,Phones,Samsung Galaxy Mega 6.3,671.984,2,0.2,50.3988
2956,CA-2016-153353,2016-08-18,2016-08-24,Standard Class,GG-14650,Greg Guthrie,Corporate,United States,New York City,New York,10035,East,TEC-PH-10000439,Technology,Phones,GE DSL Phone Line Filter,39.99,1,0.0,11.5971
2989,CA-2016-139010,2016-02-21,2016-02-26,Second Class,MC-17635,Matthew Clasen,Corporate,United States,Los Angeles,California,90032,West,TEC-AC-10004227,Technology,Accessories,SanDisk Ultra 16 GB MicroSDHC Class 10 Memory Card,12.99,1,0.0,0.7794
2999,CA-2014-138317,2014-06-21,2014-06-25,Standard Class,NW-18400,Natalie Webber,Consumer,United States,Philadelphia,Pennsylvania,19120,East,TEC-AC-10003628,Technology,Accessories,Logitech 910-002974 M325 Wireless Mouse for Web Scrolling,95.968,4,0.2,28.7904
3030,US-2016-164189,2016-03-24,2016-03-28,Standard Class,DR-12880,Dan Reichenbach,Corporate,United States,Gresham,Oregon,97030,West,TEC-PH-10003691,Technology,Phones,BlackBerry Q10,403.168,4,0.2,25.198
3035,US-2015-123960,2015-06-11,2015-06-16,Standard Class,BD-11605,Brian Dahlen,Consumer,United States,Monroe,Louisiana,71203,South,TEC-AC-10003038,Technology,Accessories,Kingston Digital DataTraveler 16GB USB 2.0,53.7,6,0.0,10.203
3050,CA-2017-121419,2017-04-02,2017-04-04,First Class,TC-21475,Tony Chapman,Home Office,United States,Columbus,Georgia,31907,South,TEC-AC-10000892,Technology,Accessories,NETGEAR N750 Dual Band Wi-Fi Gigabit Router,360.0,4,0.0,129.6
3054,CA-2016-128517,2016-04-09,2016-04-14,Second Class,SW-20350,Sean Wendt,Home Office,United States,Detroit,Michigan,48227,Central,TEC-PH-10002555,Technology,Phones,Nortel Meridian M5316 Digital phone,517.9,2,0.0,134.654
3056,US-2015-100377,2015-08-28,2015-09-01,Standard Class,TS-21370,Todd Sumrall,Corporate,United States,Chicago,Illinois,60623,Central,TEC-CO-10001046,Technology,Copiers,Canon Imageclass D680 Copier / Fax,2799.96,5,0.2,874.9875
3061,CA-2016-144554,2016-11-07,2016-11-12,Standard Class,DM-13345,Denise Monton,Corporate,United States,Newark,Ohio,43055,East,TEC-AC-10002800,Technology,Accessories,Plantronics Audio 478 Stereo USB Headset,119.976,3,0.2,22.4955
3063,CA-2015-145184,2015-11-27,2015-11-29,First Class,JD-16150,Justin Deggeller,Corporate,United States,Newark,Delaware,19711,East,TEC-PH-10002350,Technology,Phones,Apple EarPods with Remote and Mic,83.97,3,0.0,23.5116
3064,CA-2015-145184,2015-11-27,2015-11-29,First Class,JD-16150,Justin Deggeller,Corporate,United States,Newark,Delaware,19711,East,TEC-AC-10000397,Technology,Accessories,"Perixx PERIBOARD-512B, Ergonomic Split Keyboard",104.97,3,0.0,7.3479
3066,CA-2017-106859,2017-03-13,2017-03-18,Second Class,BF-11215,Benjamin Farhat,Home Office,United States,Albuquerque,New Mexico,87105,West,TEC-PH-10004531,Technology,Phones,OtterBox Commuter Series Case - iPhone 5 & 5s,140.736,8,0.2,49.2576
3067,CA-2017-106859,2017-03-13,2017-03-18,Second Class,BF-11215,Benjamin Farhat,Home Office,United States,Albuquerque,New Mexico,87105,West,TEC-AC-10004001,Technology,Accessories,Logitech Wireless Headset H600 Over-The-Head Design,214.95,5,0.0,88.1295
3081,CA-2017-101182,2017-09-04,2017-09-05,First Class,KB-16405,Katrina Bavinger,Home Office,United States,Apple Valley,California,92307,West,TEC-PH-10003589,Technology,Phones,invisibleSHIELD by ZAGG Smudge-Free Screen Protector,43.176,3,0.2,15.1116
3083,US-2017-132297,2017-05-27,2017-06-02,Standard Class,DW-13480,Dianna Wilson,Home Office,United States,Louisville,Kentucky,40214,South,TEC-PH-10002834,Technology,Phones,Google Nexus 5,539.97,3,0.0,134.9925
3086,CA-2017-118773,2017-02-09,2017-02-14,Standard Class,TP-21415,Tom Prescott,Consumer,United States,Houston,Texas,77070,Central,TEC-AC-10002402,Technology,Accessories,Razer Kraken PRO Over Ear PC and Music Headset,127.984,2,0.2,15.998
3090,US-2017-159205,2017-03-31,2017-04-02,Second Class,DB-12910,Daniel Byrd,Home Office,United States,Henderson,Kentucky,42420,South,TEC-PH-10000526,Technology,Phones,Vtech CS6719,671.93,7,0.0,188.1404
3092,CA-2016-112123,2016-03-03,2016-03-08,Standard Class,BH-11710,Brosina Hoffman,Consumer,United States,Newark,Delaware,19711,East,TEC-PH-10001557,Technology,Phones,Pyle PMP37LED,479.95,5,0.0,129.5865
3113,CA-2016-150350,2016-08-23,2016-08-30,Standard Class,MS-17770,Maxwell Schwartz,Consumer,United States,Seattle,Washington,98105,West,TEC-MA-10001972,Technology,Machines,Okidata C331dn Printer,837.6,3,0.2,62.82
3120,CA-2015-121720,2015-06-11,2015-06-12,First Class,JE-15610,Jim Epp,Corporate,United States,Lakeland,Florida,33801,South,TEC-PH-10002496,Technology,Phones,Cisco SPA301,249.584,2,0.2,31.198
3131,CA-2014-136399,2014-12-16,2014-12-17,First Class,CC-12100,Chad Cunningham,Home Office,United States,Los Angeles,California,90049,West,TEC-AC-10001142,Technology,Accessories,First Data FD10 PIN Pad,395.0,5,0.0,39.5
3132,CA-2014-136399,2014-12-16,2014-12-17,First Class,CC-12100,Chad Cunningham,Home Office,United States,Los Angeles,California,90049,West,TEC-PH-10004977,Technology,Phones,GE 30524EE4,627.168,4,0.2,70.5564
3137,CA-2017-164168,2017-11-12,2017-11-18,Standard Class,LS-16975,Lindsay Shagiari,Home Office,United States,Dallas,Texas,75081,Central,TEC-PH-10004908,Technology,Phones,Panasonic KX TS3282W Corded phone,67.992,1,0.2,8.499
3143,CA-2017-162572,2017-09-25,2017-09-27,Second Class,RB-19360,Raymond Buch,Consumer,United States,Cincinnati,Ohio,45231,East,TEC-AC-10003628,Technology,Accessories,Logitech 910-002974 M325 Wireless Mouse for Web Scrolling,119.96,5,0.2,35.988
3147,CA-2017-131828,2017-02-11,2017-02-13,Second Class,CS-11845,Cari Sayre,Corporate,United States,Seattle,Washington,98105,West,TEC-PH-10002923,Technology,Phones,"Logitech B530 USB Headset - headset - Full size, Binaural",88.776,3,0.2,7.7679
3151,CA-2015-147830,2015-12-15,2015-12-18,First Class,NF-18385,Natalie Fritzler,Consumer,United States,Newark,Ohio,43055,East,TEC-AC-10002049,Technology,Accessories,Plantronics Savi W720 Multi-Device Wireless Headset System,2025.36,6,0.2,607.608
3158,CA-2015-139584,2015-08-24,2015-08-28,Standard Class,EM-13810,Eleni McCrary,Corporate,United States,New York City,New York,10009,East,TEC-AC-10001266,Technology,Accessories,Memorex Micro Travel Drive 8 GB,26.0,2,0.0,11.7
3166,CA-2014-153969,2014-09-21,2014-09-25,Standard Class,HF-14995,Herbert Flentye,Consumer,United States,San Francisco,California,94109,West,TEC-PH-10001299,Technology,Phones,Polycom CX300 Desktop Phone USB VoIP phone,239.984,2,0.2,23.9984
3177,US-2017-132059,2017-09-23,2017-09-29,Standard Class,AP-10915,Arthur Prichep,Consumer,United States,Fort Collins,Colorado,80525,West,TEC-AC-10003280,Technology,Accessories,Belkin F8E887 USB Wired Ergonomic Keyboard,47.984,2,0.2,0.5998
3183,CA-2017-152912,2017-11-09,2017-11-12,Second Class,BM-11650,Brian Moss,Corporate,United States,Columbia,Maryland,21044,East,TEC-AC-10004666,Technology,Accessories,Maxell iVDR EX 500GB Cartridge,826.62,3,0.0,355.4466
3188,CA-2017-159352,2017-03-12,2017-03-17,Standard Class,KB-16585,Ken Black,Corporate,United States,Lowell,Massachusetts,1852,East,TEC-PH-10004700,Technology,Phones,PowerGen Dual USB Car Charger,69.93,7,0.0,32.1678
3192,CA-2017-123981,2017-10-02,2017-10-08,Standard Class,RW-19630,Rob Williams,Corporate,United States,New York City,New York,10035,East,TEC-PH-10002115,Technology,Phones,Plantronics 81402,65.99,1,0.0,17.1574
3197,CA-2017-109750,2017-07-22,2017-07-28,Standard Class,FH-14365,Fred Hopkins,Corporate,United States,New York City,New York,10009,East,TEC-PH-10000702,Technology,Phones,"Square Credit Card Reader, 4 1/2"" x 4 1/2"" x 1"", White",29.97,3,0.0,14.0859
3199,CA-2014-131527,2014-12-01,2014-12-07,Standard Class,TB-21280,Toby Braunhardt,Consumer,United States,Jacksonville,North Carolina,28540,South,TEC-PH-10001644,Technology,Phones,"BlueLounge Milo Smartphone Stand, White/Metallic",95.968,4,0.2,9.5968
3203,CA-2014-158372,2014-11-10,2014-11-16,Standard Class,RD-19900,Ruben Dartt,Consumer,United States,San Diego,California,92037,West,TEC-PH-10002103,Technology,Phones,Jabra SPEAK 410,601.536,8,0.2,60.1536
3204,CA-2014-158372,2014-11-10,2014-11-16,Standard Class,RD-19900,Ruben Dartt,Consumer,United States,San Diego,California,92037,West,TEC-AC-10004209,Technology,Accessories,Memorex Froggy Flash Drive 4 GB,10.99,1,0.0,4.2861
3209,CA-2016-108882,2016-01-09,2016-01-15,Standard Class,LA-16780,Laura Armstrong,Corporate,United States,Fresno,California,93727,West,TEC-AC-10000420,Technology,Accessories,Logitech G500s Laser Gaming Mouse with Adjustable Weight Tuning,349.95,5,0.0,118.983
3210,CA-2016-108882,2016-01-09,2016-01-15,Standard Class,LA-16780,Laura Armstrong,Corporate,United States,Fresno,California,93727,West,TEC-PH-10002726,Technology,Phones,netTALK DUO VoIP Telephone Service,377.928,9,0.2,141.723
3217,CA-2014-114433,2014-05-13,2014-05-17,Standard Class,NP-18325,Naresj Patel,Consumer,United States,Oakland,California,94601,West,TEC-AC-10002800,Technology,Accessories,Plantronics Audio 478 Stereo USB Headset,149.97,3,0.0,52.4895
3219,CA-2017-104640,2017-11-10,2017-11-16,Standard Class,FH-14275,Frank Hawley,Corporate,United States,New York City,New York,10024,East,TEC-PH-10002200,Technology,Phones,Aastra 6757i CT Wireless VoIP phone,430.88,2,0.0,124.9552
3222,US-2015-137008,2015-10-02,2015-10-08,Standard Class,JP-15460,Jennifer Patt,Corporate,United States,Lakewood,New Jersey,8701,East,TEC-AC-10000892,Technology,Accessories,NETGEAR N750 Dual Band Wi-Fi Gigabit Router,90.0,1,0.0,32.4
3225,CA-2014-108189,2014-10-02,2014-10-05,First Class,ES-14080,Erin Smith,Corporate,United States,Tempe,Arizona,85281,West,TEC-PH-10001760,Technology,Phones,Bose SoundLink Bluetooth Speaker,318.4,2,0.2,107.46
3228,CA-2014-108189,2014-10-02,2014-10-05,First Class,ES-14080,Erin Smith,Corporate,United States,Tempe,Arizona,85281,West,TEC-PH-10001557,Technology,Phones,Pyle PMP37LED,230.376,3,0.2,20.1579
3240,US-2016-127971,2016-11-20,2016-11-27,Standard Class,DW-13195,David Wiener,Corporate,United States,Houston,Texas,77095,Central,TEC-PH-10003095,Technology,Phones,Samsung HM1900 Bluetooth Headset,122.92,7,0.2,46.095
3244,CA-2017-113355,2017-12-01,2017-12-05,Standard Class,SJ-20215,Sarah Jordon,Consumer,United States,Grand Prairie,Texas,75051,Central,TEC-PH-10004912,Technology,Phones,Cisco SPA112 2 Port Phone Adapter,219.8,5,0.2,24.7275
3246,US-2017-140907,2017-12-10,2017-12-12,Second Class,BP-11185,Ben Peterman,Corporate,United States,Seattle,Washington,98103,West,TEC-AC-10004510,Technology,Accessories,Logitech Desktop MK120 Mouse and keyboard Combo,49.08,3,0.0,4.908
3250,CA-2016-159730,2016-09-17,2016-09-21,Standard Class,SJ-20125,Sanjit Jacobs,Home Office,United States,Seattle,Washington,98103,West,TEC-PH-10002085,Technology,Phones,Clarity 53712,105.584,2,0.2,7.9188
3254,CA-2017-110373,2017-10-27,2017-10-30,Second Class,MA-17560,Matt Abelman,Home Office,United States,Chicago,Illinois,60610,Central,TEC-PH-10001536,Technology,Phones,Spigen Samsung Galaxy S5 Case Wallet,27.184,2,0.2,2.0388
3255,CA-2016-155474,2016-07-08,2016-07-14,Standard Class,CC-12220,Chris Cortes,Consumer,United States,Seattle,Washington,98105,West,TEC-PH-10001580,Technology,Phones,Logitech Mobile Speakerphone P710e - speaker phone,107.984,1,0.2,9.4486
3262,CA-2014-140662,2014-11-17,2014-11-19,First Class,TS-21205,Thomas Seio,Corporate,United States,San Francisco,California,94109,West,TEC-AC-10001314,Technology,Accessories,Case Logic 2.4GHz Wireless Keyboard,99.98,2,0.0,7.9984
3268,CA-2014-143840,2014-05-22,2014-05-29,Standard Class,EH-14185,Evan Henry,Consumer,United States,Decatur,Alabama,35601,South,TEC-PH-10002660,Technology,Phones,Nortel Networks T7316 E Nt8 B27,135.98,2,0.0,33.995
3269,CA-2014-143840,2014-05-22,2014-05-29,Standard Class,EH-14185,Evan Henry,Consumer,United States,Decatur,Alabama,35601,South,TEC-PH-10003171,Technology,Phones,Plantronics Encore H101 Dual Earpieces Headset,44.95,1,0.0,12.586
3270,CA-2014-115980,2014-07-15,2014-07-19,Standard Class,VW-21775,Victoria Wilson,Corporate,United States,Sioux Falls,South Dakota,57103,Central,TEC-AC-10003709,Technology,Accessories,Maxell 4.7GB DVD-R 5/Pack,2.97,3,0.0,1.3068
3272,CA-2015-155145,2015-12-27,2015-12-29,Second Class,KN-16450,Kean Nguyen,Corporate,United States,Visalia,California,93277,West,TEC-AC-10003709,Technology,Accessories,Maxell 4.7GB DVD-R 5/Pack,7.92,8,0.0,3.4848
3274,CA-2017-133865,2017-05-08,2017-05-12,Standard Class,PS-19045,Penelope Sewall,Home Office,United States,Los Angeles,California,90032,West,TEC-CO-10001046,Technology,Copiers,Canon Imageclass D680 Copier / Fax,3359.952,6,0.2,1049.985
3278,CA-2014-102988,2014-04-05,2014-04-09,Second Class,GM-14695,Greg Maxwell,Corporate,United States,Alexandria,Virginia,22304,South,TEC-PH-10001615,Technology,Phones,AT&T CL82213,28.99,1,0.0,8.4071
3282,US-2014-117170,2014-09-17,2014-09-24,Standard Class,KT-16465,Kean Takahito,Consumer,United States,Raleigh,North Carolina,27604,South,TEC-AC-10001109,Technology,Accessories,Logitech Trackman Marble Mouse,47.984,2,0.2,13.1956
3288,CA-2015-157770,2015-12-13,2015-12-15,First Class,RD-19585,Rob Dowd,Consumer,United States,Temecula,California,92592,West,TEC-PH-10001530,Technology,Phones,Plantronics Voyager Pro Legend,494.376,3,0.2,49.4376
3290,CA-2015-157770,2015-12-13,2015-12-15,First Class,RD-19585,Rob Dowd,Consumer,United States,Temecula,California,92592,West,TEC-AC-10001552,Technology,Accessories,Logitech K350 2.4Ghz Wireless Keyboard,248.85,5,0.0,27.3735
3291,CA-2015-157770,2015-12-13,2015-12-15,First Class,RD-19585,Rob Dowd,Consumer,United States,Temecula,California,92592,West,TEC-AC-10003399,Technology,Accessories,Memorex Mini Travel Drive 64 GB USB 2.0 Flash Drive,36.24,1,0.0,15.2208
3296,CA-2017-113418,2017-10-01,2017-10-03,First Class,CM-12655,Corinna Mitchell,Home Office,United States,New York City,New York,10035,East,TEC-MA-10002428,Technology,Machines,Fellowes Powershred HS-440 4-Sheet High Security Shredder,1704.89,11,0.0,767.2005
3299,CA-2017-136308,2017-11-16,2017-11-16,Same Day,MW-18235,Mitch Willingham,Corporate,United States,San Francisco,California,94122,West,TEC-MA-10000488,Technology,Machines,Bady BDG101FRU Card Printer,1919.976,3,0.2,215.9973
3306,CA-2014-104738,2014-12-30,2015-01-01,Second Class,SP-20620,Stefania Perrino,Corporate,United States,Laredo,Texas,78041,Central,TEC-PH-10002468,Technology,Phones,"Plantronics CS 50-USB - headset - Convertible, Monaural",217.584,2,0.2,19.0386
3307,CA-2014-104738,2014-12-30,2015-01-01,Second Class,SP-20620,Stefania Perrino,Corporate,United States,Laredo,Texas,78041,Central,TEC-PH-10000576,Technology,Phones,AT&T 1080 Corded phone,328.776,3,0.2,28.7679
3309,CA-2014-104738,2014-12-30,2015-01-01,Second Class,SP-20620,Stefania Perrino,Corporate,United States,Laredo,Texas,78041,Central,TEC-AC-10003628,Technology,Accessories,Logitech 910-002974 M325 Wireless Mouse for Web Scrolling,47.984,2,0.2,14.3952
3330,CA-2014-165309,2014-11-11,2014-11-15,Standard Class,KD-16270,Karen Daniels,Consumer,United States,Houston,Texas,77095,Central,TEC-PH-10003505,Technology,Phones,Geemarc AmpliPOWER60,148.48,2,0.2,16.704
3331,CA-2014-165309,2014-11-11,2014-11-15,Standard Class,KD-16270,Karen Daniels,Consumer,United States,Houston,Texas,77095,Central,TEC-PH-10004959,Technology,Phones,Classic Ivory Antique Telephone ZL1810,241.176,3,0.2,15.0735
3332,CA-2017-122595,2017-12-14,2017-12-20,Standard Class,GM-14455,Gary Mitchum,Home Office,United States,Chicago,Illinois,60653,Central,TEC-AC-10000474,Technology,Accessories,Kensington Expert Mouse Optical USB Trackball for PC or Mac,227.976,3,0.2,28.497
3333,CA-2017-122595,2017-12-14,2017-12-20,Standard Class,GM-14455,Gary Mitchum,Home Office,United States,Chicago,Illinois,60653,Central,TEC-PH-10003095,Technology,Phones,Samsung HM1900 Bluetooth Headset,52.68,3,0.2,19.755
3336,US-2017-109253,2017-08-21,2017-08-22,First Class,PR-18880,Patrick Ryan,Consumer,United States,Oakland,California,94601,West,TEC-PH-10004667,Technology,Phones,Cisco 8x8 Inc. 6753i IP Business Phone System,431.968,4,0.2,37.7972
3344,CA-2016-145982,2016-08-27,2016-09-01,Second Class,TB-21055,Ted Butterfield,Consumer,United States,Quincy,Massachusetts,2169,East,TEC-PH-10000011,Technology,Phones,PureGear Roll-On Screen Protector,59.97,3,0.0,28.7856
3351,CA-2016-147536,2016-12-26,2016-12-31,Standard Class,AR-10510,Andrew Roberts,Consumer,United States,New York City,New York,10024,East,TEC-AC-10003280,Technology,Accessories,Belkin F8E887 USB Wired Ergonomic Keyboard,89.97,3,0.0,18.8937
3353,US-2014-134733,2014-09-23,2014-09-28,Standard Class,BM-11650,Brian Moss,Corporate,United States,San Diego,California,92037,West,TEC-PH-10002726,Technology,Phones,netTALK DUO VoIP Telephone Service,83.984,2,0.2,31.494
3354,US-2014-150434,2014-07-19,2014-07-24,Standard Class,CA-12310,Christine Abelman,Corporate,United States,Bristol,Connecticut,6010,East,TEC-PH-10000895,Technology,Phones,Polycom VVX 310 VoIP phone,359.98,2,0.0,93.5948
3371,CA-2016-134887,2016-03-25,2016-03-25,Same Day,TB-21280,Toby Braunhardt,Consumer,United States,Norman,Oklahoma,73071,Central,TEC-AC-10003832,Technology,Accessories,Logitech P710e Mobile Speakerphone,1287.45,5,0.0,244.6155
3376,CA-2015-161718,2015-12-04,2015-12-10,Standard Class,SO-20335,Sean O'Donnell,Consumer,United States,Hempstead,New York,11550,East,TEC-PH-10000376,Technology,Phones,Square Credit Card Reader,39.96,4,0.0,10.3896
3385,CA-2015-130659,2015-12-04,2015-12-09,Second Class,MS-17365,Maribeth Schnelling,Consumer,United States,New York City,New York,10035,East,TEC-PH-10004586,Technology,Phones,Wilson SignalBoost 841262 DB PRO Amplifier Kit,1799.75,5,0.0,539.925
3388,CA-2017-148404,2017-10-07,2017-10-11,Standard Class,Dp-13240,Dean percer,Home Office,United States,Charlotte,North Carolina,28205,South,TEC-PH-10004447,Technology,Phones,Toshiba IPT2010-SD IP Telephone,222.384,2,0.2,16.6788
3392,CA-2014-166471,2014-08-09,2014-08-13,Standard Class,MG-17650,Matthew Grinstein,Home Office,United States,Seattle,Washington,98103,West,TEC-PH-10001530,Technology,Phones,Cisco Unified IP Phone 7945G VoIP phone,1091.168,4,0.2,68.198
3399,CA-2014-102274,2014-11-21,2014-11-26,Standard Class,DH-13075,Dave Hallsten,Corporate,United States,Richmond,Kentucky,40475,South,TEC-PH-10002923,Technology,Phones,"Logitech B530 USB Headset - headset - Full size, Binaural",36.99,1,0.0,9.9873
3423,CA-2016-134803,2016-05-28,2016-06-03,Standard Class,CL-12565,Clay Ludtke,Consumer,United States,Los Angeles,California,90004,West,TEC-AC-10002217,Technology,Accessories,Imation Clip USB flash drive - 8 GB,131.6,7,0.0,7.896
3425,CA-2016-134803,2016-05-28,2016-06-03,Standard Class,CL-12565,Clay Ludtke,Consumer,United States,Los Angeles,California,90004,West,TEC-MA-10001972,Technology,Machines,Okidata C331dn Printer,558.4,2,0.2,41.88
3453,CA-2014-157609,2014-03-16,2014-03-21,Second Class,KN-16705,Kristina Nunn,Home Office,United States,Raleigh,North Carolina,27604,South,TEC-PH-10002415,Technology,Phones,Polycom VoiceStation 500 Conference phone,471.92,2,0.2,29.495
3457,CA-2017-136448,2017-09-16,2017-09-18,First Class,AS-10090,Adam Shillingsburg,Consumer,United States,Philadelphia,Pennsylvania,19143,East,TEC-AC-10001109,Technology,Accessories,Logitech Trackman Marble Mouse,71.976,3,0.2,19.7934
3461,CA-2017-136448,2017-09-16,2017-09-18,First Class,AS-10090,Adam Shillingsburg,Consumer,United States,Philadelphia,Pennsylvania,19143,East,TEC-AC-10003628,Technology,Accessories,Logitech 910-002974 M325 Wireless Mouse for Web Scrolling,47.984,2,0.2,14.3952
3462,CA-2017-114258,2017-11-05,2017-11-10,Second Class,EM-13825,Elizabeth Moffitt,Corporate,United States,Dallas,Texas,75081,Central,TEC-PH-10003012,Technology,Phones,Nortel Meridian M3904 Professional Digital phone,492.768,4,0.2,55.4364
3465,CA-2017-128699,2017-12-03,2017-12-05,Second Class,ND-18370,Natalie DeCherney,Consumer,United States,Jacksonville,Florida,32216,South,TEC-AC-10001990,Technology,Accessories,Kensington Orbit Wireless Mobile Trackball for PC and Mac,47.992,1,0.2,7.1988
3473,CA-2017-122644,2017-11-12,2017-11-17,Standard Class,SF-20965,Sylvia Foulston,Corporate,United States,Columbus,Ohio,43229,East,TEC-AC-10003614,Technology,Accessories,"Verbatim 25 GB 6x Blu-ray Single Layer Recordable Disc, 10/Pack",18.544,2,0.2,3.0134
3475,CA-2017-111815,2017-03-03,2017-03-10,Standard Class,EP-13915,Emily Phan,Consumer,United States,Dearborn Heights,Michigan,48127,Central,TEC-AC-10002926,Technology,Accessories,Logitech Wireless Marathon Mouse M705,99.98,2,0.0,42.9914
3476,CA-2016-144911,2016-11-27,2016-11-30,First Class,RW-19630,Rob Williams,Corporate,United States,Overland Park,Kansas,66212,Central,TEC-AC-10004633,Technology,Accessories,"Verbatim 25 GB 6x Blu-ray Single Layer Recordable Disc, 3/Pack",34.95,5,0.0,15.378
3478,CA-2014-143385,2014-08-31,2014-09-05,Standard Class,SJ-20500,Shirley Jackson,Consumer,United States,Santa Fe,New Mexico,87505,West,TEC-AC-10001635,Technology,Accessories,KeyTronic KT400U2 - Keyboard - Black,92.52,9,0.0,18.504
3483,CA-2014-124688,2014-08-27,2014-08-29,First Class,CC-12610,Corey Catlett,Corporate,United States,Springfield,Virginia,22153,South,TEC-PH-10000455,Technology,Phones,GE 30522EE2,579.95,5,0.0,168.1855
3487,US-2016-134761,2016-11-30,2016-11-30,Same Day,DB-13210,Dean Braden,Consumer,United States,Hickory,North Carolina,28601,South,TEC-PH-10002890,Technology,Phones,AT&T 17929 Lendline Telephone,36.192,1,0.2,2.7144
3494,CA-2017-142034,2017-09-24,2017-09-28,Standard Class,KB-16240,Karen Bern,Corporate,United States,Saint Cloud,Minnesota,56301,Central,TEC-AC-10002305,Technology,Accessories,KeyTronic E03601U1 - Keyboard - Beige,72.0,4,0.0,12.96
3495,CA-2017-142034,2017-09-24,2017-09-28,Standard Class,KB-16240,Karen Bern,Corporate,United States,Saint Cloud,Minnesota,56301,Central,TEC-AC-10000990,Technology,Accessories,Imation Bio 2GB USB Flash Drive Imation Corp,655.9,5,0.0,275.478
3500,CA-2016-108616,2016-09-29,2016-10-03,Standard Class,JK-15730,Joe Kamberova,Consumer,United States,Mobile,Alabama,36608,South,TEC-AC-10000420,Technology,Accessories,Logitech G500s Laser Gaming Mouse with Adjustable Weight Tuning,209.97,3,0.0,71.3898
3504,CA-2017-125115,2017-04-10,2017-04-10,Same Day,RD-19930,Russell D'Ascenzo,Consumer,United States,Austin,Texas,78745,Central,TEC-AC-10001714,Technology,Accessories,Logitech MX Performance Wireless Mouse,95.736,3,0.2,20.3439
3506,CA-2014-166863,2014-06-20,2014-06-24,Standard Class,SC-20020,Sam Craven,Consumer,United States,Plano,Texas,75023,Central,TEC-PH-10000369,Technology,Phones,HTC One Mini,201.584,2,0.2,20.1584
3516,CA-2016-168536,2016-12-20,2016-12-24,Standard Class,SC-20800,Stuart Calhoun,Consumer,United States,Jackson,Mississippi,39212,South,TEC-AC-10002323,Technology,Accessories,SanDisk Ultra 32 GB MicroSDHC Class 10 Memory Card,66.3,3,0.0,8.619
3518,US-2016-113649,2016-08-09,2016-08-12,First Class,HA-14920,Helen Andreada,Consumer,United States,Fayetteville,North Carolina,28314,South,TEC-PH-10002350,Technology,Phones,Apple EarPods with Remote and Mic,44.784,2,0.2,4.4784
3523,CA-2016-114482,2016-11-21,2016-11-25,Second Class,DM-13345,Denise Monton,Corporate,United States,Des Moines,Iowa,50315,Central,TEC-PH-10001580,Technology,Phones,Logitech Mobile Speakerphone P710e - speaker phone,404.94,3,0.0,109.3338
3524,CA-2016-137673,2016-09-05,2016-09-10,Standard Class,ML-17395,Marina Lichtenstein,Corporate,United States,San Diego,California,92105,West,TEC-AC-10002345,Technology,Accessories,HP Standard 104 key PS/2 Keyboard,116.0,8,0.0,29.0
3525,CA-2016-132731,2016-11-24,2016-11-28,Standard Class,GA-14515,George Ashbrook,Consumer,United States,Dallas,Texas,75081,Central,TEC-PH-10004120,Technology,Phones,AT&T 1080 Phone,657.552,6,0.2,49.3164
3526,CA-2017-148922,2017-12-10,2017-12-15,Second Class,SU-20665,Stephanie Ulpright,Home Office,United States,Jackson,Mississippi,39212,South,TEC-AC-10001838,Technology,Accessories,Razer Tiamat Over Ear 7.1 Surround Sound PC Gaming Headset,599.97,3,0.0,257.9871
3527,CA-2017-148922,2017-12-10,2017-12-15,Second Class,SU-20665,Stephanie Ulpright,Home Office,United States,Jackson,Mississippi,39212,South,TEC-PH-10000148,Technology,Phones,Cyber Acoustics AC-202b Speech Recognition Stereo Headset,38.97,3,0.0,0.7794
3530,CA-2015-141145,2015-09-17,2015-09-23,Standard Class,DB-13405,Denny Blanton,Consumer,United States,Orlando,Florida,32839,South,TEC-AC-10001465,Technology,Accessories,SanDisk Cruzer 64 GB USB Flash Drive,87.168,3,0.2,10.896
3533,CA-2014-110849,2014-04-18,2014-04-23,Standard Class,JL-15835,John Lee,Consumer,United States,Los Angeles,California,90049,West,TEC-MA-10002859,Technology,Machines,Ativa MDM8000 8-Sheet Micro-Cut Shredder,287.968,4,0.2,97.1892
3553,CA-2016-152555,2016-03-29,2016-04-02,Second Class,ME-17320,Maria Etezadi,Home Office,United States,Chicago,Illinois,60653,Central,TEC-PH-10001254,Technology,Phones,Jabra BIZ 2300 Duo QD Duo Corded Headset,812.736,8,0.2,60.9552
3556,CA-2014-120838,2014-03-23,2014-03-26,Second Class,PO-18865,Patrick O'Donnell,Consumer,United States,Los Angeles,California,90036,West,TEC-PH-10003484,Technology,Phones,Ooma Telo VoIP Home Phone System,604.752,6,0.2,37.797
3560,CA-2017-152737,2017-11-07,2017-11-12,Standard Class,TS-21505,Tony Sayre,Consumer,United States,San Francisco,California,94122,West,TEC-AC-10004975,Technology,Accessories,Plantronics Audio 995 Wireless Stereo Headset,439.8,4,0.0,145.134
3569,CA-2017-168109,2017-07-03,2017-07-03,Same Day,JK-15640,Jim Kriz,Home Office,United States,Seattle,Washington,98105,West,TEC-AC-10003628,Technology,Accessories,Logitech 910-002974 M325 Wireless Mouse for Web Scrolling,59.98,2,0.0,26.3912
3570,CA-2017-168109,2017-07-03,2017-07-03,Same Day,JK-15640,Jim Kriz,Home Office,United States,Seattle,Washington,98105,West,TEC-MA-10001148,Technology,Machines,Okidata MB491 Multifunction Printer,2395.2,6,0.2,209.58
3571,CA-2017-168109,2017-07-03,2017-07-03,Same Day,JK-15640,Jim Kriz,Home Office,United States,Seattle,Washington,98105,West,TEC-AC-10002049,Technology,Accessories,Plantronics Savi W720 Multi-Device Wireless Headset System,1687.8,4,0.0,742.632
3572,CA-2017-168109,2017-07-03,2017-07-03,Same Day,JK-15640,Jim Kriz,Home Office,United States,Seattle,Washington,98105,West,TEC-PH-10000702,Technology,Phones,"Square Credit Card Reader, 4 1/2"" x 4 1/2"" x 1"", White",7.992,1,0.2,2.6973
3601,CA-2017-138310,2017-06-26,2017-06-30,Standard Class,NP-18700,Nora Preis,Consumer,United States,Denver,Colorado,80219,West,TEC-AC-10001990,Technology,Accessories,Kensington Orbit Wireless Mobile Trackball for PC and Mac,431.928,9,0.2,64.7892
3612,US-2016-131674,2016-11-29,2016-12-01,Second Class,NC-18535,Nick Crebassa,Corporate,United States,Dallas,Texas,75217,Central,TEC-AC-10004864,Technology,Accessories,Memorex Micro Travel Drive 32 GB,58.416,2,0.2,16.7946
3614,CA-2015-110093,2015-12-03,2015-12-08,Standard Class,AB-10255,Alejandro Ballentine,Home Office,United States,Philadelphia,Pennsylvania,19134,East,TEC-AC-10000171,Technology,Accessories,"Verbatim 25 GB 6x Blu-ray Single Layer Recordable Disc, 25/Pack",36.784,2,0.2,10.5754
3619,CA-2017-141929,2017-09-04,2017-09-08,Standard Class,RA-19285,Ralph Arnett,Consumer,United States,Los Angeles,California,90004,West,TEC-PH-10002185,Technology,Phones,QVS USB Car Charger 2-Port 2.1Amp for iPod/iPhone/iPad/iPad 2/iPad 3,5.56,1,0.2,1.7375
3622,CA-2016-109743,2016-09-22,2016-09-29,Standard Class,SH-19975,Sally Hughsby,Corporate,United States,Smyrna,Tennessee,37167,South,TEC-PH-10004071,Technology,Phones,PayAnywhere Card Reader,63.936,8,0.2,5.5944
3628,CA-2017-113530,2017-05-19,2017-05-21,Second Class,BC-11125,Becky Castell,Home Office,United States,San Francisco,California,94109,West,TEC-AC-10001465,Technology,Accessories,SanDisk Cruzer 64 GB USB Flash Drive,36.32,1,0.0,10.896
3651,CA-2017-109960,2017-12-09,2017-12-11,Second Class,DB-13210,Dean Braden,Consumer,United States,Detroit,Michigan,48234,Central,TEC-AC-10004859,Technology,Accessories,"Maxell Pro 80 Minute CD-R, 10/Pack",104.88,6,0.0,41.952
3657,CA-2017-158036,2017-09-08,2017-09-14,Standard Class,DB-13555,Dorothy Badders,Corporate,United States,Dublin,Ohio,43017,East,TEC-AC-10002558,Technology,Accessories,Imation Swivel Flash Drive USB flash drive - 8 GB,9.096,1,0.2,1.7055
3662,CA-2016-155005,2016-06-13,2016-06-15,Second Class,SC-20050,Sample Company A,Home Office,United States,Jackson,Michigan,49201,Central,TEC-PH-10003484,Technology,Phones,Ooma Telo VoIP Home Phone System,377.97,3,0.0,94.4925
3663,US-2017-129777,2017-07-03,2017-07-09,Standard Class,FM-14290,Frank Merwin,Home Office,United States,Quincy,Massachusetts,2169,East,TEC-AC-10003590,Technology,Accessories,"TRENDnet 56K USB 2.0 Phone, Internet and Fax Modem",258.9,10,0.0,93.204
3667,CA-2014-129364,2014-12-08,2014-12-13,Standard Class,TB-21250,Tim Brockman,Consumer,United States,Salem,Oregon,97301,West,TEC-PH-10003095,Technology,Phones,Samsung HM1900 Bluetooth Headset,52.68,3,0.2,19.755
3679,CA-2015-132626,2015-07-09,2015-07-14,Standard Class,BT-11680,Brian Thompson,Consumer,United States,Clinton,Maryland,20735,East,TEC-MA-10002428,Technology,Machines,Fellowes Powershred HS-440 4-Sheet High Security Shredder,464.97,3,0.0,209.2365
3692,US-2015-131359,2015-10-30,2015-11-02,Second Class,FA-14230,Frank Atkinson,Corporate,United States,Denver,Colorado,80219,West,TEC-CO-10001571,Technology,Copiers,Sharp 1540cs Digital Laser Copier,439.992,1,0.2,164.997
3693,US-2015-131359,2015-10-30,2015-11-02,Second Class,FA-14230,Frank Atkinson,Corporate,United States,Denver,Colorado,80219,West,TEC-PH-10004531,Technology,Phones,OtterBox Commuter Series Case - iPhone 5 & 5s,87.96,5,0.2,30.786
3700,CA-2017-160416,2017-11-13,2017-11-18,Second Class,AD-10180,Alan Dominguez,Home Office,United States,Yonkers,New York,10701,East,TEC-AC-10004114,Technology,Accessories,KeyTronic 6101 Series - Keyboard - Black,163.96,4,0.0,70.5028
3705,CA-2015-104941,2015-06-13,2015-06-19,Standard Class,DH-13075,Dave Hallsten,Corporate,United States,Decatur,Alabama,35601,South,TEC-CO-10004202,Technology,Copiers,Brother DCP1000 Digital 3 in 1 Multifunction Machine,899.97,3,0.0,314.9895
3710,CA-2014-120544,2014-11-23,2014-11-27,Standard Class,SS-20140,Saphhira Shifley,Corporate,United States,Mesquite,Texas,75150,Central,TEC-AC-10003709,Technology,Accessories,Maxell 4.7GB DVD-R 5/Pack,5.544,7,0.2,1.6632
3713,CA-2017-166198,2017-04-21,2017-04-24,First Class,JW-15955,Joni Wasserman,Consumer,United States,Seattle,Washington,98103,West,TEC-AC-10000521,Technology,Accessories,"Verbatim Slim CD and DVD Storage Cases, 50/Pack",11.54,1,0.0,3.462
3719,CA-2016-142370,2016-09-19,2016-09-23,Standard Class,TP-21130,Theone Pippenger,Consumer,United States,Columbus,Georgia,31907,South,TEC-AC-10002926,Technology,Accessories,Logitech Wireless Marathon Mouse M705,249.95,5,0.0,107.4785
3732,CA-2015-109575,2015-09-18,2015-09-23,Standard Class,KH-16630,Ken Heidel,Corporate,United States,Clinton,Maryland,20735,East,TEC-PH-10000730,Technology,Phones,Samsung Galaxy S4 Active,499.99,1,0.0,129.9974
3733,CA-2015-109575,2015-09-18,2015-09-23,Standard Class,KH-16630,Ken Heidel,Corporate,United States,Clinton,Maryland,20735,East,TEC-PH-10000895,Technology,Phones,Polycom VVX 310 VoIP phone,1259.93,7,0.0,327.5818
3737,CA-2016-115476,2016-03-17,2016-03-17,Same Day,VM-21835,Vivian Mathis,Consumer,United States,Newark,Delaware,19711,East,TEC-PH-10000673,Technology,Phones,Plantronics Voyager Pro HD - Bluetooth Headset,129.98,2,0.0,62.3904
3739,CA-2016-133340,2016-12-09,2016-12-13,Standard Class,LH-17155,Logan Haushalter,Consumer,United States,Jackson,Michigan,49201,Central,TEC-PH-10003988,Technology,Phones,"LF Elite 3D Dazzle Designer Hard Case Cover, Lf Stylus Pen and Wiper For Apple Iphone 5c Mini Lite",10.9,1,0.0,3.052
3740,CA-2016-133340,2016-12-09,2016-12-13,Standard Class,LH-17155,Logan Haushalter,Consumer,United States,Jackson,Michigan,49201,Central,TEC-AC-10001109,Technology,Accessories,Logitech Trackman Marble Mouse,59.98,2,0.0,25.1916
3750,CA-2017-161956,2017-08-27,2017-08-29,Second Class,DR-12880,Dan Reichenbach,Corporate,United States,Inglewood,California,90301,West,TEC-CO-10001571,Technology,Copiers,Sharp 1540cs Digital Laser Copier,879.984,2,0.2,329.994
3768,CA-2015-103205,2015-12-08,2015-12-10,Second Class,JJ-15760,Joel Jenkins,Home Office,United States,Houston,Texas,77036,Central,TEC-PH-10004896,Technology,Phones,Nokia Lumia 521 (T-Mobile),119.96,5,0.2,11.996
3773,CA-2014-115357,2014-08-06,2014-08-11,Second Class,RF-19735,Roland Fjeld,Consumer,United States,Columbia,South Carolina,29203,South,TEC-AC-10000023,Technology,Accessories,"Maxell 74 Minute CD-R Spindle, 50/Pack",62.91,3,0.0,22.6476
3775,US-2014-102715,2014-04-11,2014-04-13,Second Class,JK-15370,Jay Kimmel,Consumer,United States,Miami,Florida,33180,South,TEC-AC-10002001,Technology,Accessories,Logitech Wireless Gaming Headset G930,383.976,3,0.2,81.5949
3777,US-2014-102715,2014-04-11,2014-04-13,Second Class,JK-15370,Jay Kimmel,Consumer,United States,Miami,Florida,33180,South,TEC-AC-10001874,Technology,Accessories,Logitech Wireless Anywhere Mouse MX for PC and Mac,335.944,7,0.2,41.993
3779,US-2017-148768,2017-11-30,2017-12-02,Second Class,PN-18775,Parhena Norris,Home Office,United States,Miami,Florida,33180,South,TEC-PH-10002564,Technology,Phones,OtterBox Defender Series Case - Samsung Galaxy S4,71.976,3,0.2,8.997
3781,CA-2014-149643,2014-11-16,2014-11-20,Standard Class,RH-19510,Rick Huthwaite,Home Office,United States,Manhattan,Kansas,66502,Central,TEC-PH-10000038,Technology,Phones,Jawbone MINI JAMBOX Wireless Bluetooth Speaker,273.96,2,0.0,10.9584
3782,CA-2015-135314,2015-07-09,2015-07-14,Second Class,MC-17575,Matt Collins,Consumer,United States,Philadelphia,Pennsylvania,19120,East,TEC-PH-10003072,Technology,Phones,Panasonic KX-TG9541B DECT 6.0 Digital 2-Line Expandable Cordless Phone With Digital Answering System,269.982,3,0.4,40.4973
3785,CA-2017-125752,2017-07-31,2017-08-04,Standard Class,EH-14125,Eugene Hildebrand,Home Office,United States,Fort Lauderdale,Florida,33311,South,TEC-AC-10003590,Technology,Accessories,"TRENDnet 56K USB 2.0 Phone, Internet and Fax Modem",41.424,2,0.2,8.2848
3800,CA-2017-147760,2017-11-04,2017-11-05,First Class,KL-16555,Kelly Lampkin,Corporate,United States,Greensboro,North Carolina,27405,South,TEC-PH-10002483,Technology,Phones,Motorola Moto X,1359.96,5,0.2,118.9965
3802,CA-2016-156503,2016-10-14,2016-10-20,Standard Class,NC-18415,Nathan Cano,Consumer,United States,Jacksonville,North Carolina,28540,South,TEC-AC-10002473,Technology,Accessories,Maxell 4.7GB DVD-R,22.704,1,0.2,5.9598
3811,CA-2015-113628,2015-11-12,2015-11-19,Standard Class,AH-10690,Anna Häberlin,Corporate,United States,Plantation,Florida,33317,South,TEC-PH-10000441,Technology,Phones,VTech DS6151,100.792,1,0.2,10.0792
3815,CA-2016-152471,2016-07-08,2016-07-08,Same Day,ZD-21925,Zuschuss Donatelli,Consumer,United States,Jacksonville,Florida,32216,South,TEC-PH-10002824,Technology,Phones,Jabra SPEAK 410 Multidevice Speakerphone,823.96,5,0.2,51.4975
3825,CA-2015-140984,2015-09-14,2015-09-18,Standard Class,CC-12685,Craig Carroll,Consumer,United States,New York City,New York,10011,East,TEC-CO-10001571,Technology,Copiers,Sharp 1540cs Digital Laser Copier,879.984,2,0.2,329.994
3838,CA-2014-126760,2014-07-26,2014-08-02,Standard Class,KM-16720,Kunst Miller,Consumer,United States,North Las Vegas,Nevada,89031,West,TEC-PH-10001363,Technology,Phones,Apple iPhone 5S,911.984,2,0.2,113.998
3841,CA-2014-126760,2014-07-26,2014-08-02,Standard Class,KM-16720,Kunst Miller,Consumer,United States,North Las Vegas,Nevada,89031,West,TEC-AC-10004814,Technology,Accessories,Logitech Illuminated Ultrathin Keyboard with Backlighting,170.97,3,0.0,70.0977
3850,CA-2017-161053,2017-09-22,2017-09-23,First Class,JE-15745,Joel Eaton,Consumer,United States,Fayetteville,Arkansas,72701,South,TEC-AC-10004633,Technology,Accessories,"Verbatim 25 GB 6x Blu-ray Single Layer Recordable Disc, 3/Pack",34.95,5,0.0,15.378
3857,US-2017-105389,2017-10-23,2017-10-28,Second Class,DM-13015,Darrin Martin,Consumer,United States,San Antonio,Texas,78207,Central,TEC-PH-10002824,Technology,Phones,Jabra SPEAK 410 Multidevice Speakerphone,823.96,5,0.2,51.4975
3859,CA-2014-140816,2014-12-20,2014-12-20,Same Day,TC-21295,Toby Carlisle,Consumer,United States,Thornton,Colorado,80229,West,TEC-AC-10001539,Technology,Accessories,Logitech G430 Surround Sound Gaming Headset with Dolby 7.1 Technology,447.944,7,0.2,89.5888
3861,CA-2017-154039,2017-02-17,2017-02-22,Standard Class,JK-16120,Julie Kriz,Home Office,United States,Chicago,Illinois,60653,Central,TEC-PH-10002789,Technology,Phones,LG Exalt,124.792,1,0.2,10.9193
3866,CA-2014-124709,2014-07-27,2014-07-29,Second Class,GW-14605,Giulietta Weimer,Consumer,United States,San Francisco,California,94122,West,TEC-AC-10002842,Technology,Accessories,WD My Passport Ultra 2TB Portable External Hard Drive,238.0,2,0.0,38.08
3867,CA-2017-146360,2017-04-23,2017-04-25,Second Class,SC-20305,Sean Christensen,Consumer,United States,Lawrence,Indiana,46226,Central,TEC-AC-10003590,Technology,Accessories,"TRENDnet 56K USB 2.0 Phone, Internet and Fax Modem",155.34,6,0.0,55.9224
3868,CA-2015-132486,2015-10-23,2015-10-27,Second Class,JF-15355,Jay Fein,Consumer,United States,San Diego,California,92105,West,TEC-AC-10000710,Technology,Accessories,Maxell DVD-RAM Discs,148.32,9,0.0,63.7776
3876,CA-2016-136231,2016-09-05,2016-09-07,Second Class,DM-13015,Darrin Martin,Consumer,United States,Johnson City,Tennessee,37604,South,TEC-PH-10002660,Technology,Phones,Nortel Networks T7316 E Nt8 B27,108.784,2,0.2,6.799
3887,CA-2016-167759,2016-03-03,2016-03-08,Second Class,CC-12670,Craig Carreira,Consumer,United States,Bloomington,Indiana,47401,Central,TEC-PH-10003171,Technology,Phones,Plantronics Encore H101 Dual Earpieces Headset,134.85,3,0.0,37.758
3889,CA-2014-100895,2014-06-02,2014-06-06,Standard Class,SV-20785,Stewart Visinsky,Consumer,United States,Roswell,Georgia,30076,South,TEC-PH-10001425,Technology,Phones,Mophie Juice Pack Helium for iPhone,239.97,3,0.0,67.1916
3891,US-2016-163881,2016-11-24,2016-11-30,Standard Class,SP-20860,Sung Pak,Corporate,United States,Los Angeles,California,90036,West,TEC-AC-10003033,Technology,Accessories,Plantronics CS510 - Over-the-Head monaural Wireless Headset System,659.9,2,0.0,217.767
3893,US-2016-163881,2016-11-24,2016-11-30,Standard Class,SP-20860,Sung Pak,Corporate,United States,Los Angeles,California,90036,West,TEC-AC-10000420,Technology,Accessories,Logitech G500s Laser Gaming Mouse with Adjustable Weight Tuning,559.92,8,0.0,190.3728
3894,US-2016-144547,2016-11-10,2016-11-14,Standard Class,MS-17770,Maxwell Schwartz,Consumer,United States,Houston,Texas,77036,Central,TEC-AC-10004901,Technology,Accessories,Kensington SlimBlade Notebook Wireless Mouse with Nano Receiver ,279.944,7,0.2,48.9902
3896,CA-2017-110212,2017-05-01,2017-05-05,Standard Class,SJ-20125,Sanjit Jacobs,Home Office,United States,Texarkana,Arkansas,71854,South,TEC-AC-10002331,Technology,Accessories,"Maxell 74 Minute CDR, 10/Pack",48.9,5,0.0,18.093
3900,CA-2017-157980,2017-12-07,2017-12-09,First Class,SH-20395,Shahid Hopkins,Consumer,United States,Toledo,Ohio,43615,East,TEC-AC-10002567,Technology,Accessories,Logitech G602 Wireless Gaming Mouse,127.984,2,0.2,25.5968
3912,CA-2017-126788,2017-06-05,2017-06-06,First Class,AB-10105,Adrian Barton,Consumer,United States,Pearland,Texas,77581,Central,TEC-PH-10001619,Technology,Phones,LG G3,470.376,3,0.2,52.9173
3922,CA-2016-110044,2016-06-28,2016-07-02,Second Class,RF-19735,Roland Fjeld,Consumer,United States,Chicago,Illinois,60610,Central,TEC-PH-10001299,Technology,Phones,Polycom CX300 Desktop Phone USB VoIP phone,359.976,3,0.2,35.9976
3933,CA-2016-132094,2016-08-26,2016-09-02,Standard Class,VG-21805,Vivek Grady,Corporate,United States,Philadelphia,Pennsylvania,19140,East,TEC-AC-10001109,Technology,Accessories,Logitech Trackman Marble Mouse,47.984,2,0.2,13.1956
3936,CA-2017-123001,2017-09-02,2017-09-08,Standard Class,AW-10840,Anthony Witt,Consumer,United States,Bakersfield,California,93309,West,TEC-PH-10003484,Technology,Phones,Ooma Telo VoIP Home Phone System,201.584,2,0.2,12.599
3953,US-2016-151862,2016-03-01,2016-03-08,Standard Class,ON-18715,Odella Nelson,Corporate,United States,Denver,Colorado,80219,West,TEC-PH-10003535,Technology,Phones,RCA ViSYS 25423RE1 Corded phone,159.984,2,0.2,13.9986
3962,CA-2015-113901,2015-10-19,2015-10-24,Standard Class,NH-18610,Nicole Hansen,Corporate,United States,Detroit,Michigan,48227,Central,TEC-PH-10002564,Technology,Phones,OtterBox Defender Series Case - Samsung Galaxy S4,149.95,5,0.0,44.985
3984,CA-2016-135265,2016-07-07,2016-07-09,Second Class,CC-12370,Christopher Conant,Consumer,United States,Los Angeles,California,90045,West,TEC-CO-10003763,Technology,Copiers,Canon PC1060 Personal Laser Copier,2799.96,5,0.2,944.9865
3997,CA-2015-105627,2015-03-08,2015-03-12,Standard Class,DK-12895,Dana Kaydos,Consumer,United States,Kenosha,Wisconsin,53142,Central,TEC-PH-10003012,Technology,Phones,Nortel Meridian M3904 Professional Digital phone,769.95,5,0.0,223.2855
4002,CA-2014-116834,2014-10-11,2014-10-16,Standard Class,Dp-13240,Dean percer,Home Office,United States,Seattle,Washington,98115,West,TEC-AC-10002942,Technology,Accessories,WD My Passport Ultra 1TB Portable External Hard Drive,345.0,5,0.0,58.65
4004,CA-2016-145730,2016-03-03,2016-03-08,Standard Class,CC-12220,Chris Cortes,Consumer,United States,San Antonio,Texas,78207,Central,TEC-MA-10001016,Technology,Machines,Canon PC170 Desktop Personal Copier,287.91,3,0.4,33.5895
4008,US-2015-168732,2015-12-10,2015-12-16,Standard Class,KM-16660,Khloe Miller,Consumer,United States,Roswell,Georgia,30076,South,TEC-AC-10001553,Technology,Accessories,"Memorex 25GB 6X Branded Blu-Ray Recordable Disc, 15/Pack",101.94,6,0.0,21.4074
4019,CA-2015-165624,2015-08-23,2015-08-28,Standard Class,FH-14350,Fred Harton,Consumer,United States,Atlanta,Georgia,30318,South,TEC-AC-10004568,Technology,Accessories,Maxell LTO Ultrium - 800 GB,251.91,9,0.0,47.8629
4025,CA-2017-130764,2017-10-27,2017-10-28,First Class,JO-15145,Jack O'Briant,Corporate,United States,San Francisco,California,94110,West,TEC-PH-10003215,Technology,Phones,Jackery Bar Premium Fast-charging Portable Charger,95.84,4,0.2,34.742
4028,CA-2017-139311,2017-08-11,2017-08-13,First Class,SF-20965,Sylvia Foulston,Corporate,United States,Bedford,Texas,76021,Central,TEC-PH-10001557,Technology,Phones,Pyle PMP37LED,153.584,2,0.2,13.4386
4030,CA-2017-124296,2017-12-24,2017-12-28,Standard Class,CS-12355,Christine Sundaresam,Consumer,United States,Lafayette,Louisiana,70506,South,TEC-MA-10003183,Technology,Machines,DYMO CardScan Personal V9 Business Card Scanner,479.97,3,0.0,239.985
4034,CA-2016-169957,2016-09-26,2016-09-30,Standard Class,SN-20710,Steve Nguyen,Home Office,United States,Covington,Washington,98042,West,TEC-AC-10003063,Technology,Accessories,Micro Innovations USB RF Wireless Keyboard with Mouse,100.0,4,0.0,21.0
4036,US-2016-108777,2016-12-12,2016-12-12,Same Day,JM-15655,Jim Mitchum,Corporate,United States,Lorain,Ohio,44052,East,TEC-AC-10002567,Technology,Accessories,Logitech G602 Wireless Gaming Mouse,383.952,6,0.2,76.7904
4040,CA-2014-110786,2014-12-29,2015-01-02,Standard Class,AJ-10795,Anthony Johnson,Corporate,United States,San Francisco,California,94110,West,TEC-MA-10003183,Technology,Machines,DYMO CardScan Personal V9 Business Card Scanner,767.952,6,0.2,287.982
4042,CA-2014-110786,2014-12-29,2015-01-02,Standard Class,AJ-10795,Anthony Johnson,Corporate,United States,San Francisco,California,94110,West,TEC-PH-10001425,Technology,Phones,Mophie Juice Pack Helium for iPhone,191.976,3,0.2,19.1976
4049,US-2015-166520,2015-07-16,2015-07-19,First Class,KE-16420,Katrina Edelman,Corporate,United States,New York City,New York,10035,East,TEC-AC-10001990,Technology,Accessories,Kensington Orbit Wireless Mobile Trackball for PC and Mac,599.9,10,0.0,191.968
4061,CA-2016-129196,2016-11-01,2016-11-07,Standard Class,XP-21865,Xylona Preis,Consumer,United States,Chicago,Illinois,60610,Central,TEC-AC-10002473,Technology,Accessories,Maxell 4.7GB DVD-R,68.112,3,0.2,17.8794
4063,US-2016-122182,2016-03-10,2016-03-14,Standard Class,BD-11770,Bryan Davis,Consumer,United States,Philadelphia,Pennsylvania,19143,East,TEC-AC-10002800,Technology,Accessories,Plantronics Audio 478 Stereo USB Headset,39.992,1,0.2,7.4985
4069,CA-2014-102673,2014-11-01,2014-11-05,Standard Class,KH-16630,Ken Heidel,Corporate,United States,Charlotte,North Carolina,28205,South,TEC-PH-10004434,Technology,Phones,Cisco IP Phone 7961G VoIP phone - Dark gray,978.84,9,0.2,110.1195
4073,CA-2015-156104,2015-12-06,2015-12-08,Second Class,NP-18685,Nora Pelletier,Home Office,United States,Indianapolis,Indiana,46203,Central,TEC-CO-10002095,Technology,Copiers,Hewlett Packard 610 Color Digital Copier / Printer,999.98,2,0.0,449.991
4074,US-2015-164308,2015-09-24,2015-09-27,First Class,SC-20680,Steve Carroll,Home Office,United States,Broken Arrow,Oklahoma,74012,Central,TEC-PH-10004120,Technology,Phones,AT&T 1080 Phone,821.94,6,0.0,213.7044
4080,CA-2015-165414,2015-12-21,2015-12-24,First Class,LS-17245,Lynn Smith,Consumer,United States,Jacksonville,North Carolina,28540,South,TEC-PH-10002293,Technology,Phones,Anker 36W 4-Port USB Wall Charger Travel Power Adapter for iPhone 5s 5c 5,47.976,3,0.2,4.7976
4086,CA-2016-111913,2016-08-04,2016-08-06,Second Class,LC-16930,Linda Cazamias,Corporate,United States,Sacramento,California,95823,West,TEC-PH-10002275,Technology,Phones,Mitel 5320 IP Phone VoIP phone,302.384,2,0.2,30.2384
4094,CA-2015-102491,2015-08-24,2015-08-28,Standard Class,KW-16435,Katrina Willman,Consumer,United States,Florence,Kentucky,41042,South,TEC-MA-10000864,Technology,Machines,Cisco 9971 IP Video Phone Charcoal,3080.0,7,0.0,1416.8
4095,CA-2015-102491,2015-08-24,2015-08-28,Standard Class,KW-16435,Katrina Willman,Consumer,United States,Florence,Kentucky,41042,South,TEC-AC-10003289,Technology,Accessories,Anker Ultra-Slim Mini Bluetooth 3.0 Wireless Keyboard,79.96,4,0.0,18.3908
4096,CA-2015-102491,2015-08-24,2015-08-28,Standard Class,KW-16435,Katrina Willman,Consumer,United States,Florence,Kentucky,41042,South,TEC-PH-10001619,Technology,Phones,LG G3,587.97,3,0.0,170.5113
4105,US-2017-155999,2017-08-07,2017-08-13,Standard Class,JK-15370,Jay Kimmel,Consumer,United States,San Diego,California,92105,West,TEC-PH-10000439,Technology,Phones,GE DSL Phone Line Filter,159.96,5,0.2,17.9955
4110,CA-2015-153717,2015-12-25,2016-01-01,Standard Class,DL-13495,Dionis Lloyd,Corporate,United States,Detroit,Michigan,48227,Central,TEC-PH-10002923,Technology,Phones,"Logitech B530 USB Headset - headset - Full size, Binaural",73.98,2,0.0,19.9746
4115,CA-2015-116687,2015-05-02,2015-05-07,Standard Class,NC-18625,Noah Childs,Corporate,United States,Houston,Texas,77095,Central,TEC-PH-10001750,Technology,Phones,Samsung Rugby III,158.376,3,0.2,13.8579
4135,CA-2014-128839,2014-09-08,2014-09-13,Standard Class,TT-21070,Ted Trevino,Consumer,United States,Chesapeake,Virginia,23320,South,TEC-MA-10000029,Technology,Machines,"Epson WorkForce WF-2530 All-in-One Printer, Copier Scanner",209.97,3,0.0,90.2871
4157,CA-2015-101091,2015-12-05,2015-12-09,Second Class,SW-20245,Scot Wooten,Consumer,United States,Philadelphia,Pennsylvania,19140,East,TEC-AC-10003280,Technology,Accessories,Belkin F8E887 USB Wired Ergonomic Keyboard,47.984,2,0.2,0.5998
4161,CA-2017-115546,2017-05-14,2017-05-18,Standard Class,AH-10465,Amy Hunt,Consumer,United States,New York City,New York,10035,East,TEC-PH-10002834,Technology,Phones,Google Nexus 5,539.97,3,0.0,134.9925
4177,CA-2014-128846,2014-04-07,2014-04-12,Standard Class,RS-19765,Roland Schwarz,Corporate,United States,Columbia,South Carolina,29203,South,TEC-PH-10003273,Technology,Phones,AT&T TR1909W,629.95,5,0.0,163.787
4182,US-2017-136868,2017-10-06,2017-10-12,Standard Class,CR-12820,Cyra Reiten,Home Office,United States,New York City,New York,10035,East,TEC-AC-10001539,Technology,Accessories,Logitech G430 Surround Sound Gaming Headset with Dolby 7.1 Technology,319.96,4,0.0,115.1856
4186,CA-2016-111493,2016-10-21,2016-10-22,First Class,CM-12160,Charles McCrossin,Consumer,United States,Baltimore,Maryland,21215,East,TEC-AC-10004510,Technology,Accessories,Logitech Desktop MK120 Mouse and keyboard Combo,98.16,6,0.0,9.816
4191,CA-2017-166709,2017-11-17,2017-11-22,Standard Class,HL-15040,Hunter Lopez,Consumer,United States,Newark,Delaware,19711,East,TEC-CO-10004722,Technology,Copiers,Canon imageCLASS 2200 Advanced Copier,10499.97,3,0.0,5039.9856
4194,CA-2015-150875,2015-11-16,2015-11-20,Standard Class,HK-14890,Heather Kirkland,Corporate,United States,Boise,Idaho,83704,West,TEC-PH-10001254,Technology,Phones,Jabra BIZ 2300 Duo QD Duo Corded Headset,304.776,3,0.2,22.8582
4201,CA-2015-143105,2015-12-10,2015-12-10,Same Day,MA-17560,Matt Abelman,Home Office,United States,New York City,New York,10024,East,TEC-CO-10002095,Technology,Copiers,Hewlett Packard 610 Color Digital Copier / Printer,799.984,2,0.2,249.995
4219,CA-2017-149881,2017-04-01,2017-04-03,First Class,NC-18535,Nick Crebassa,Corporate,United States,San Francisco,California,94110,West,TEC-MA-10000418,Technology,Machines,Cubify CubeX 3D Printer Double Head Print,4799.984,2,0.2,359.9988
4222,CA-2017-134565,2017-06-11,2017-06-13,Second Class,TB-21400,Tom Boeckenhauer,Consumer,United States,Seattle,Washington,98103,West,TEC-MA-10001570,Technology,Machines,Cisco Desktop Collaboration Experience DX650 IP Video Phone,385.8,5,0.2,130.2075
4243,CA-2016-159142,2016-04-04,2016-04-05,First Class,ME-17320,Maria Etezadi,Home Office,United States,Springfield,Virginia,22153,South,TEC-PH-10001448,Technology,Phones,Anker Astro 15000mAh USB Portable Charger,149.97,3,0.0,5.9988
4245,CA-2014-138436,2014-03-26,2014-03-30,Standard Class,JD-15895,Jonathan Doherty,Corporate,United States,Los Angeles,California,90036,West,TEC-AC-10002323,Technology,Accessories,SanDisk Ultra 32 GB MicroSDHC Class 10 Memory Card,66.3,3,0.0,8.619
4254,CA-2015-155068,2015-10-23,2015-10-23,Same Day,RA-19285,Ralph Arnett,Consumer,United States,Lakeland,Florida,33801,South,TEC-PH-10004924,Technology,Phones,"SKILCRAFT Telephone Shoulder Rest, 2"" x 6.5"" x 2.5"", Black",11.824,2,0.2,1.0346
4262,CA-2017-158344,2017-08-07,2017-08-11,Standard Class,CC-12475,Cindy Chapman,Consumer,United States,Moorhead,Minnesota,56560,Central,TEC-AC-10002006,Technology,Accessories,Memorex Micro Travel Drive 16 GB,63.96,4,0.0,19.8276
4269,US-2016-131611,2016-11-05,2016-11-09,Standard Class,EP-13915,Emily Phan,Consumer,United States,Houston,Texas,77036,Central,TEC-AC-10004001,Technology,Accessories,Logitech Wireless Headset H600 Over-The-Head Design,171.96,5,0.2,45.1395
4273,US-2017-158505,2017-07-21,2017-07-21,Same Day,SF-20200,Sarah Foster,Consumer,United States,Murray,Utah,84107,West,TEC-PH-10004071,Technology,Phones,PayAnywhere Card Reader,71.928,9,0.2,6.2937
4278,US-2016-107440,2016-04-16,2016-04-20,Standard Class,BS-11365,Bill Shonely,Corporate,United States,Lakewood,New Jersey,8701,East,TEC-MA-10001047,Technology,Machines,"3D Systems Cube Printer, 2nd Generation, Magenta",9099.93,7,0.0,2365.9818
4287,CA-2015-105690,2015-11-21,2015-11-26,Second Class,CA-11965,Carol Adams,Corporate,United States,Port Arthur,Texas,77642,Central,TEC-CO-10001571,Technology,Copiers,Sharp 1540cs Digital Laser Copier,439.992,1,0.2,164.997
4298,CA-2017-129021,2017-08-23,2017-08-26,Second Class,PO-18850,Patrick O'Brill,Consumer,United States,Tallahassee,Florida,32303,South,TEC-PH-10001459,Technology,Phones,Samsung Galaxy Mega 6.3,4367.896,13,0.2,327.5922
4306,CA-2014-162278,2014-10-26,2014-10-30,Second Class,AH-10585,Angele Hood,Consumer,United States,Seattle,Washington,98105,West,TEC-PH-10000526,Technology,Phones,Vtech CS6719,383.96,5,0.2,38.396
4309,CA-2014-125829,2014-11-04,2014-11-11,Standard Class,WB-21850,William Brown,Consumer,United States,Los Angeles,California,90045,West,TEC-PH-10001079,Technology,Phones,Polycom SoundPoint Pro SE-225 Corded phone,666.344,7,0.2,66.6344
4313,CA-2014-125829,2014-11-04,2014-11-11,Standard Class,WB-21850,William Brown,Consumer,United States,Los Angeles,California,90045,West,TEC-MA-10003246,Technology,Machines,Hewlett-Packard Deskjet D4360 Printer,447.968,4,0.2,139.99
4326,US-2015-147662,2015-02-14,2015-02-19,Standard Class,KB-16315,Karl Braun,Consumer,United States,Akron,Ohio,44312,East,TEC-AC-10003280,Technology,Accessories,Belkin F8E887 USB Wired Ergonomic Keyboard,71.976,3,0.2,0.8997
4332,CA-2017-107909,2017-09-01,2017-09-06,Standard Class,SS-20875,Sung Shariari,Consumer,United States,Redmond,Washington,98052,West,TEC-AC-10001998,Technology,Accessories,Logitech LS21 Speaker System - PC Multimedia - 2.1-CH - Wired,19.99,1,0.0,6.7966
4334,CA-2015-112375,2015-12-21,2015-12-27,Standard Class,RD-19720,Roger Demir,Consumer,United States,Daytona Beach,Florida,32114,South,TEC-AC-10003237,Technology,Accessories,Memorex Micro Travel Drive 4 GB,50.88,6,0.2,14.628
4338,CA-2015-125234,2015-11-27,2015-12-01,Standard Class,SN-20710,Steve Nguyen,Home Office,United States,Los Angeles,California,90049,West,TEC-AC-10000158,Technology,Accessories,Sony 64GB Class 10 Micro SDHC R40 Memory Card,107.97,3,0.0,22.6737
4345,CA-2017-105410,2017-03-19,2017-03-22,First Class,ND-18370,Natalie DeCherney,Consumer,United States,San Francisco,California,94110,West,TEC-AC-10001552,Technology,Accessories,Logitech K350 2.4Ghz Wireless Keyboard,99.54,2,0.0,10.9494
4346,CA-2017-105410,2017-03-19,2017-03-22,First Class,ND-18370,Natalie DeCherney,Consumer,United States,San Francisco,California,94110,West,TEC-AC-10002926,Technology,Accessories,Logitech Wireless Marathon Mouse M705,199.96,4,0.0,85.9828
4353,CA-2017-107748,2017-12-10,2017-12-12,Second Class,AG-10330,Alex Grayson,Consumer,United States,Stockton,California,95207,West,TEC-PH-10003215,Technology,Phones,Jackery Bar Premium Fast-charging Portable Charger,95.84,4,0.2,34.742
4362,US-2017-163195,2017-02-17,2017-02-21,Second Class,LL-16840,Lauren Leatherbury,Consumer,United States,Lafayette,Louisiana,70506,South,TEC-PH-10003875,Technology,Phones,KLD Oscar II Style Snap-on Ultra Thin Side Flip Synthetic Leather Cover Case for HTC One HTC M7,29.16,3,0.0,8.4564
4374,US-2017-169320,2017-07-23,2017-07-25,Second Class,LH-16900,Lena Hernandez,Consumer,United States,Elkhart,Indiana,46514,Central,TEC-AC-10002550,Technology,Accessories,"Memorex 25GB 6X Branded Blu-Ray Recordable Disc, 30/Pack",159.75,5,0.0,11.1825
4385,US-2015-122784,2015-07-20,2015-07-27,Standard Class,RA-19915,Russell Applegate,Consumer,United States,Highland Park,Illinois,60035,Central,TEC-PH-10001557,Technology,Phones,Pyle PMP37LED,153.584,2,0.2,13.4386
4391,CA-2017-111556,2017-11-20,2017-11-22,First Class,CD-11920,Carlos Daly,Consumer,United States,New York City,New York,10035,East,TEC-PH-10001459,Technology,Phones,Samsung Galaxy Mega 6.3,1259.97,3,0.0,327.5922
4394,CA-2016-108868,2016-09-08,2016-09-12,Standard Class,KB-16585,Ken Black,Corporate,United States,Dallas,Texas,75081,Central,TEC-PH-10000923,Technology,Phones,"Belkin SportFit Armband For iPhone 5s/5c, Fuchsia",59.96,5,0.2,21.7355
4397,CA-2016-148740,2016-11-15,2016-11-19,Standard Class,AH-10690,Anna Häberlin,Corporate,United States,San Diego,California,92024,West,TEC-PH-10002549,Technology,Phones,Polycom SoundPoint IP 450 VoIP phone,361.376,2,0.2,27.1032
4405,CA-2015-164336,2015-07-05,2015-07-10,Standard Class,MW-18220,Mitch Webber,Consumer,United States,Philadelphia,Pennsylvania,19140,East,TEC-AC-10002345,Technology,Accessories,HP Standard 104 key PS/2 Keyboard,34.8,3,0.2,2.175
4413,CA-2014-130624,2014-06-21,2014-06-24,First Class,TB-21280,Toby Braunhardt,Consumer,United States,New York City,New York,10024,East,TEC-PH-10003963,Technology,Phones,GE 2-Jack Phone Line Splitter,617.97,3,0.0,160.6722
4416,CA-2014-153983,2014-11-29,2014-12-06,Standard Class,AH-10210,Alan Hwang,Consumer,United States,San Francisco,California,94122,West,TEC-PH-10004586,Technology,Phones,Wilson SignalBoost 841262 DB PRO Amplifier Kit,575.92,2,0.2,71.99
4425,CA-2017-159464,2017-05-18,2017-05-19,First Class,TB-21355,Todd Boyes,Corporate,United States,Sandy Springs,Georgia,30328,South,TEC-PH-10002185,Technology,Phones,QVS USB Car Charger 2-Port 2.1Amp for iPod/iPhone/iPad/iPad 2/iPad 3,34.75,5,0.0,15.6375
4427,CA-2017-159464,2017-05-18,2017-05-19,First Class,TB-21355,Todd Boyes,Corporate,United States,Sandy Springs,Georgia,30328,South,TEC-PH-10002350,Technology,Phones,Apple EarPods with Remote and Mic,55.98,2,0.0,15.6744
4441,US-2016-111290,2016-07-22,2016-07-26,Standard Class,DK-13375,Dennis Kane,Consumer,United States,Westland,Michigan,48185,Central,TEC-AC-10004975,Technology,Accessories,Plantronics Audio 995 Wireless Stereo Headset,109.95,1,0.0,36.2835
4462,US-2017-125717,2017-09-28,2017-10-01,First Class,DS-13030,Darrin Sayre,Home Office,United States,Aurora,Colorado,80013,West,TEC-AC-10003657,Technology,Accessories,Lenovo 17-Key USB Numeric Keypad,54.384,2,0.2,1.3596
4473,CA-2017-121300,2017-09-29,2017-09-29,Same Day,MG-17680,Maureen Gastineau,Home Office,United States,Mentor,Ohio,44060,East,TEC-AC-10004571,Technology,Accessories,Logitech G700s Rechargeable Gaming Mouse,239.976,3,0.2,65.9934
4492,CA-2014-150798,2014-12-01,2014-12-03,Second Class,JK-15730,Joe Kamberova,Consumer,United States,Columbus,Ohio,43229,East,TEC-CO-10001571,Technology,Copiers,Sharp 1540cs Digital Laser Copier,659.988,2,0.4,109.998
4504,US-2014-138247,2014-12-24,2014-12-29,Standard Class,BF-11170,Ben Ferrer,Home Office,United States,Los Angeles,California,90045,West,TEC-PH-10000213,Technology,Phones,Seidio BD2-HK3IPH5-BK DILEX Case and Holster Combo for Apple iPhone 5/5s - Black,173.656,7,0.2,17.3656
4506,US-2014-138247,2014-12-24,2014-12-29,Standard Class,BF-11170,Ben Ferrer,Home Office,United States,Los Angeles,California,90045,West,TEC-AC-10004708,Technology,Accessories,Sony 32GB Class 10 Micro SDHC R40 Memory Card,62.85,3,0.0,13.1985
4507,US-2014-138247,2014-12-24,2014-12-29,Standard Class,BF-11170,Ben Ferrer,Home Office,United States,Los Angeles,California,90045,West,TEC-PH-10001530,Technology,Phones,Cisco Unified IP Phone 7945G VoIP phone,818.376,3,0.2,51.1485
4521,CA-2014-109491,2014-02-20,2014-02-26,Standard Class,LC-16930,Linda Cazamias,Corporate,United States,Richmond,Indiana,47374,Central,TEC-AC-10001284,Technology,Accessories,Enermax Briskie RF Wireless Keyboard and Mouse Combo,62.31,3,0.0,22.4316
4526,US-2017-105046,2017-07-17,2017-07-23,Standard Class,BE-11335,Bill Eplett,Home Office,United States,Rome,New York,13440,East,TEC-PH-10004536,Technology,Phones,Avaya 5420 Digital phone,269.98,2,0.0,67.495
4529,CA-2017-152856,2017-09-08,2017-09-10,Second Class,RS-19765,Roland Schwarz,Corporate,United States,Marion,Ohio,43302,East,TEC-AC-10004864,Technology,Accessories,Memorex Micro Travel Drive 32 GB,116.832,4,0.2,33.5892
4540,CA-2015-104129,2015-02-27,2015-03-02,Standard Class,ES-14080,Erin Smith,Corporate,United States,Providence,Rhode Island,2908,East,TEC-PH-10003800,Technology,Phones,i.Sound Portable Power - 8000 mAh,105.98,2,0.0,1.0598
4545,CA-2015-126557,2015-07-12,2015-07-17,Second Class,RL-19615,Rob Lucas,Consumer,United States,Chicago,Illinois,60610,Central,TEC-PH-10003505,Technology,Phones,Geemarc AmpliPOWER60,148.48,2,0.2,16.704
4546,CA-2015-126557,2015-07-12,2015-07-17,Second Class,RL-19615,Rob Lucas,Consumer,United States,Chicago,Illinois,60610,Central,TEC-PH-10000526,Technology,Phones,Vtech CS6719,537.544,7,0.2,53.7544
4550,CA-2015-126557,2015-07-12,2015-07-17,Second Class,RL-19615,Rob Lucas,Consumer,United States,Chicago,Illinois,60610,Central,TEC-PH-10003963,Technology,Phones,GE 2-Jack Phone Line Splitter,659.168,4,0.2,49.4376
4562,CA-2015-118871,2015-12-04,2015-12-09,Second Class,HM-14860,Harry Marie,Corporate,United States,Los Angeles,California,90049,West,TEC-PH-10000193,Technology,Phones,Jensen SMPS-640 - speaker phone,110.352,3,0.2,8.2764
4573,CA-2017-126662,2017-07-17,2017-07-21,Standard Class,AB-10255,Alejandro Ballentine,Home Office,United States,Los Angeles,California,90036,West,TEC-CO-10004202,Technology,Copiers,Brother DCP1000 Digital 3 in 1 Multifunction Machine,479.984,2,0.2,89.997
4574,CA-2016-139395,2016-12-12,2016-12-18,Standard Class,MG-17650,Matthew Grinstein,Home Office,United States,Jackson,Michigan,49201,Central,TEC-PH-10002103,Technology,Phones,Jabra SPEAK 410,657.93,7,0.0,184.2204
4581,CA-2015-164427,2015-07-31,2015-08-06,Standard Class,AR-10405,Allen Rosenblatt,Corporate,United States,Hattiesburg,Mississippi,39401,South,TEC-AC-10004469,Technology,Accessories,Microsoft Sculpt Comfort Mouse,239.7,6,0.0,105.468
4592,CA-2016-129868,2016-12-26,2016-12-31,Standard Class,MC-18130,Mike Caudle,Corporate,United States,Los Angeles,California,90004,West,TEC-PH-10002275,Technology,Phones,Mitel 5320 IP Phone VoIP phone,302.384,2,0.2,30.2384
4606,US-2015-113327,2015-05-26,2015-05-29,Second Class,BF-11170,Ben Ferrer,Home Office,United States,Jacksonville,North Carolina,28540,South,TEC-AC-10003628,Technology,Accessories,Logitech 910-002974 M325 Wireless Mouse for Web Scrolling,167.944,7,0.2,50.3832
4607,CA-2015-135020,2015-05-28,2015-06-02,Standard Class,MS-17770,Maxwell Schwartz,Consumer,United States,Rochester,New York,14609,East,TEC-PH-10004093,Technology,Phones,Panasonic Kx-TS550,45.99,1,0.0,13.3371
4617,CA-2015-159863,2015-09-04,2015-09-07,Second Class,DS-13180,David Smith,Corporate,United States,Houston,Texas,77095,Central,TEC-AC-10000109,Technology,Accessories,Sony Micro Vault Click 16 GB USB 2.0 Flash Drive,134.376,3,0.2,6.7188
4618,CA-2015-117800,2015-09-21,2015-09-26,Standard Class,TH-21550,Tracy Hopkins,Home Office,United States,Everett,Massachusetts,2149,East,TEC-PH-10002415,Technology,Phones,Polycom VoiceStation 500 Conference phone,589.9,2,0.0,147.475
4620,CA-2017-145219,2017-12-24,2017-12-25,First Class,RM-19675,Robert Marley,Home Office,United States,Los Angeles,California,90049,West,TEC-CO-10001449,Technology,Copiers,Hewlett Packard LaserJet 3310 Copier,2879.952,6,0.2,1007.9832
4640,CA-2016-102162,2016-09-11,2016-09-16,Standard Class,JF-15565,Jill Fjeld,Consumer,United States,Newport News,Virginia,23602,South,TEC-CO-10001943,Technology,Copiers,Canon PC-428 Personal Copier,1599.92,8,0.0,751.9624
4645,CA-2015-147501,2015-08-02,2015-08-06,Standard Class,Co-12640,Corey-Lock,Consumer,United States,Seattle,Washington,98105,West,TEC-MA-10001972,Technology,Machines,Okidata C331dn Printer,558.4,2,0.2,41.88
4668,CA-2016-116547,2016-01-10,2016-01-17,Standard Class,KB-16585,Ken Black,Corporate,United States,Seattle,Washington,98115,West,TEC-AC-10002335,Technology,Accessories,Logitech Media Keyboard K200,69.98,2,0.0,13.2962
4673,CA-2016-133550,2016-07-31,2016-08-06,Standard Class,KL-16645,Ken Lonsdale,Consumer,United States,Detroit,Michigan,48205,Central,TEC-PH-10004042,Technology,Phones,ClearOne Communications CHAT 70 OC Speaker Phone,635.96,4,0.0,165.3496
4674,CA-2016-133550,2016-07-31,2016-08-06,Standard Class,KL-16645,Ken Lonsdale,Consumer,United States,Detroit,Michigan,48205,Central,TEC-PH-10001079,Technology,Phones,Polycom SoundPoint Pro SE-225 Corded phone,118.99,1,0.0,33.3172
4679,CA-2014-114510,2014-03-14,2014-03-19,Standard Class,JF-15295,Jason Fortune-,Consumer,United States,Logan,Utah,84321,West,TEC-AC-10004877,Technology,Accessories,Imation 30456 USB Flash Drive 8GB,82.8,12,0.0,6.624
4683,CA-2016-127698,2016-12-01,2016-12-01,Same Day,MV-18190,Mike Vittorini,Consumer,United States,Raleigh,North Carolina,27604,South,TEC-PH-10003811,Technology,Phones,Jabra Supreme Plus Driver Edition Headset,863.928,9,0.2,86.3928
4688,CA-2016-101987,2016-06-24,2016-06-30,Standard Class,HL-15040,Hunter Lopez,Consumer,United States,Richmond,Indiana,47374,Central,TEC-PH-10001305,Technology,Phones,Panasonic KX TS208W Corded phone,440.91,9,0.0,123.4548
4691,CA-2014-138681,2014-12-20,2014-12-22,First Class,CT-11995,Carol Triggs,Consumer,United States,Tucson,Arizona,85705,West,TEC-AC-10003628,Technology,Accessories,Logitech 910-002974 M325 Wireless Mouse for Web Scrolling,71.976,3,0.2,21.5928
4711,CA-2017-138149,2017-06-29,2017-06-30,First Class,WB-21850,William Brown,Consumer,United States,Los Angeles,California,90049,West,TEC-AC-10001284,Technology,Accessories,Enermax Briskie RF Wireless Keyboard and Mouse Combo,62.31,3,0.0,22.4316
4715,CA-2017-121643,2017-05-18,2017-05-20,First Class,AB-10105,Adrian Barton,Consumer,United States,Portland,Oregon,97206,West,TEC-PH-10002200,Technology,Phones,Aastra 6757i CT Wireless VoIP phone,344.704,2,0.2,38.7792
4716,US-2015-122910,2015-05-12,2015-05-16,Standard Class,LT-16765,Larry Tron,Consumer,United States,Louisville,Colorado,80027,West,TEC-PH-10000441,Technology,Phones,VTech DS6151,201.584,2,0.2,20.1584
4730,CA-2016-124681,2016-07-18,2016-07-23,Second Class,SV-20935,Susan Vittorini,Consumer,United States,Dallas,Texas,75217,Central,TEC-AC-10000487,Technology,Accessories,SanDisk Cruzer 4 GB USB Flash Drive,15.576,3,0.2,3.3099
4733,US-2015-103996,2015-03-29,2015-03-31,Second Class,RB-19435,Richard Bierner,Consumer,United States,San Diego,California,92105,West,TEC-AC-10003116,Technology,Accessories,Memorex Froggy Flash Drive 8 GB,53.25,3,0.0,20.7675
4738,CA-2015-155054,2015-06-13,2015-06-19,Standard Class,PS-19045,Penelope Sewall,Home Office,United States,Lewiston,Maine,4240,East,TEC-AC-10003657,Technology,Accessories,Lenovo 17-Key USB Numeric Keypad,67.98,2,0.0,14.9556
4751,CA-2016-127649,2016-10-07,2016-10-09,First Class,DL-13495,Dionis Lloyd,Corporate,United States,Spokane,Washington,99207,West,TEC-MA-10001972,Technology,Machines,Okidata C331dn Printer,837.6,3,0.2,62.82
4754,US-2015-167220,2015-12-12,2015-12-16,Standard Class,JB-15925,Joni Blumstein,Consumer,United States,Austin,Texas,78745,Central,TEC-AC-10002018,Technology,Accessories,AmazonBasics 3-Button USB Wired Mouse,22.368,4,0.2,6.4308
4759,CA-2014-121573,2014-11-03,2014-11-07,Standard Class,SG-20605,Speros Goranitis,Consumer,United States,New York City,New York,10009,East,TEC-PH-10000984,Technology,Phones,Panasonic KX-TG9471B,783.96,4,0.0,219.5088
4767,CA-2015-123155,2015-03-09,2015-03-12,First Class,NS-18640,Noel Staavos,Corporate,United States,San Antonio,Texas,78207,Central,TEC-AC-10002473,Technology,Accessories,Maxell 4.7GB DVD-R,113.52,5,0.2,29.799
4768,CA-2015-123155,2015-03-09,2015-03-12,First Class,NS-18640,Noel Staavos,Corporate,United States,San Antonio,Texas,78207,Central,TEC-PH-10001809,Technology,Phones,Panasonic KX T7736-B Digital phone,359.88,3,0.2,22.4925
4772,US-2014-167262,2014-10-31,2014-11-03,Second Class,AC-10450,Amy Cox,Consumer,United States,Avondale,Arizona,85323,West,TEC-PH-10000486,Technology,Phones,Plantronics HL10 Handset Lifter,742.336,8,0.2,83.5128
4775,CA-2017-119746,2017-11-23,2017-11-27,Standard Class,CM-12385,Christopher Martinez,Consumer,United States,Chicago,Illinois,60610,Central,TEC-PH-10004447,Technology,Phones,Toshiba IPT2010-SD IP Telephone,222.384,2,0.2,16.6788
4800,US-2016-148901,2016-05-14,2016-05-19,Standard Class,MK-17905,Michael Kennedy,Corporate,United States,Jacksonville,Florida,32216,South,TEC-PH-10003988,Technology,Phones,"LF Elite 3D Dazzle Designer Hard Case Cover, Lf Stylus Pen and Wiper For Apple Iphone 5c Mini Lite",43.6,5,0.2,4.36
4811,CA-2015-151589,2015-12-27,2015-12-30,First Class,RE-19450,Richard Eichhorn,Consumer,United States,Eau Claire,Wisconsin,54703,Central,TEC-PH-10004345,Technology,Phones,Cisco SPA 502G IP Phone,239.9,2,0.0,71.97
4813,CA-2016-121370,2016-11-14,2016-11-19,Second Class,EB-14110,Eugene Barchas,Consumer,United States,Philadelphia,Pennsylvania,19134,East,TEC-CO-10004115,Technology,Copiers,Sharp AL-1530CS Digital Copier,1199.976,4,0.4,179.9964
4822,CA-2015-140025,2015-04-07,2015-04-11,Standard Class,PF-19120,Peter Fuller,Consumer,United States,San Antonio,Texas,78207,Central,TEC-AC-10002402,Technology,Accessories,Razer Kraken PRO Over Ear PC and Music Headset,383.952,6,0.2,47.994
4847,CA-2014-164469,2014-06-25,2014-06-27,Second Class,GK-14620,Grace Kelly,Corporate,United States,Salem,Oregon,97301,West,TEC-PH-10002115,Technology,Phones,Plantronics 81402,263.96,5,0.2,19.797
4862,CA-2014-138940,2014-04-11,2014-04-16,Second Class,GM-14455,Gary Mitchum,Home Office,United States,Austin,Texas,78745,Central,TEC-PH-10001835,Technology,Phones,Jawbone JAMBOX Wireless Bluetooth Speaker,758.352,6,0.2,265.4232
4865,CA-2017-163531,2017-06-26,2017-06-30,Standard Class,SC-20725,Steven Cartwright,Consumer,United States,New York City,New York,10024,East,TEC-PH-10001425,Technology,Phones,Mophie Juice Pack Helium for iPhone,239.97,3,0.0,67.1916
4876,CA-2014-132864,2014-12-02,2014-12-07,Standard Class,KN-16390,Katherine Nockton,Corporate,United States,Columbus,Ohio,43229,East,TEC-AC-10001267,Technology,Accessories,Imation 32GB Pocket Pro USB 3.0 Flash Drive - 32 GB - Black - 1 P ...,119.8,5,0.2,29.95
4882,CA-2017-143567,2017-11-02,2017-11-05,Second Class,TB-21175,Thomas Boland,Corporate,United States,Henderson,Kentucky,42420,South,TEC-AC-10004145,Technology,Accessories,Logitech diNovo Edge Keyboard,2249.91,9,0.0,517.4793
4888,CA-2016-163167,2016-11-28,2016-12-01,Second Class,RF-19345,Randy Ferguson,Corporate,United States,Marietta,Georgia,30062,South,TEC-AC-10003441,Technology,Accessories,Kingston Digital DataTraveler 32GB USB 2.0,101.7,6,0.0,6.102
4912,CA-2017-127306,2017-01-14,2017-01-18,Standard Class,BH-11710,Brosina Hoffman,Consumer,United States,Johnson City,Tennessee,37604,South,TEC-PH-10001924,Technology,Phones,iHome FM Clock Radio with Lightning Dock,111.984,2,0.2,6.999
4920,CA-2016-160304,2016-01-02,2016-01-07,Standard Class,BM-11575,Brendan Murry,Corporate,United States,Gaithersburg,Maryland,20877,East,TEC-PH-10000455,Technology,Phones,GE 30522EE2,231.98,2,0.0,67.2742
4925,CA-2017-114055,2017-12-25,2017-12-29,Second Class,MH-18115,Mick Hernandez,Home Office,United States,Huntsville,Alabama,35810,South,TEC-PH-10002890,Technology,Phones,AT&T 17929 Lendline Telephone,90.48,2,0.0,23.5248
4936,CA-2015-155124,2015-03-15,2015-03-21,Standard Class,KS-16300,Karen Seio,Corporate,United States,Lehi,Utah,84043,West,TEC-PH-10003356,Technology,Phones,"SmartStand Mobile Device Holder, Assorted Colors",16.776,3,0.2,1.6776
4954,CA-2015-153906,2015-03-16,2015-03-20,Standard Class,MS-17980,Michael Stewart,Corporate,United States,New York City,New York,10009,East,TEC-PH-10001527,Technology,Phones,Plantronics MX500i Earset,85.9,2,0.0,2.577
4960,CA-2016-166226,2016-11-18,2016-11-22,Standard Class,TC-21535,Tracy Collins,Home Office,United States,Los Angeles,California,90008,West,TEC-PH-10003357,Technology,Phones,Grandstream GXP2100 Mainstream Business Phone,61.192,1,0.2,6.1192
4966,CA-2015-109708,2015-05-25,2015-05-28,Second Class,CY-12745,Craig Yedwab,Corporate,United States,Columbia,Tennessee,38401,South,TEC-PH-10001944,Technology,Phones,Wi-Ex zBoost YX540 Cellular Phone Signal Booster,467.04,4,0.2,58.38
4967,CA-2015-122406,2015-08-02,2015-08-05,Second Class,BE-11455,Brad Eason,Home Office,United States,Providence,Rhode Island,2908,East,TEC-PH-10001527,Technology,Phones,Plantronics MX500i Earset,128.85,3,0.0,3.8655
4969,CA-2015-122406,2015-08-02,2015-08-05,Second Class,BE-11455,Brad Eason,Home Office,United States,Providence,Rhode Island,2908,East,TEC-AC-10004571,Technology,Accessories,Logitech G700s Rechargeable Gaming Mouse,199.98,2,0.0,83.9916
4976,CA-2015-142202,2015-09-18,2015-09-23,Second Class,JR-16210,Justin Ritter,Corporate,United States,Jacksonville,Florida,32216,South,TEC-AC-10003198,Technology,Accessories,Enermax Acrylux Wireless Keyboard,717.12,9,0.2,152.388
4979,CA-2015-165050,2015-12-07,2015-12-09,First Class,AH-10210,Alan Hwang,Consumer,United States,New York City,New York,10024,East,TEC-PH-10001336,Technology,Phones,Digium D40 VoIP phone,773.94,6,0.0,224.4426
4991,CA-2017-107321,2017-08-31,2017-09-04,Standard Class,AW-10930,Arthur Wiediger,Home Office,United States,San Francisco,California,94110,West,TEC-PH-10002200,Technology,Phones,Aastra 6757i CT Wireless VoIP phone,689.408,4,0.2,77.5584
4999,CA-2016-129238,2016-01-31,2016-02-04,Standard Class,SC-20050,Sample Company A,Home Office,United States,Los Angeles,California,90045,West,TEC-PH-10004120,Technology,Phones,AT&T 1080 Phone,109.592,1,0.2,8.2194
5001,CA-2017-159688,2017-05-07,2017-05-12,Standard Class,AB-10060,Adam Bellavance,Home Office,United States,Los Angeles,California,90004,West,TEC-AC-10000736,Technology,Accessories,Logitech G600 MMO Gaming Mouse,79.99,1,0.0,28.7964
5005,CA-2014-156006,2014-04-30,2014-05-02,Second Class,TM-21010,Tamara Manning,Consumer,United States,Jackson,Mississippi,39212,South,TEC-AC-10002550,Technology,Accessories,Maxell 4.7GB DVD-RW 3/Pack,47.79,3,0.0,16.2486
5007,CA-2015-169796,2015-11-09,2015-11-14,Standard Class,Dp-13240,Dean percer,Home Office,United States,New York City,New York,10035,East,TEC-MA-10000045,Technology,Machines,Zebra ZM400 Thermal Label Printer,2321.9,2,0.0,1114.512
5019,CA-2014-127558,2014-11-15,2014-11-18,First Class,SS-20410,Shahid Shariari,Consumer,United States,Los Angeles,California,90008,West,TEC-AC-10003832,Technology,Accessories,Logitech P710e Mobile Speakerphone,772.47,3,0.0,146.7693
5022,CA-2016-133795,2016-12-18,2016-12-24,Standard Class,JE-15475,Jeremy Ellison,Consumer,United States,San Diego,California,92037,West,TEC-AC-10001465,Technology,Accessories,SanDisk Cruzer 64 GB USB Flash Drive,72.64,2,0.0,21.792
5023,CA-2016-133795,2016-12-18,2016-12-24,Standard Class,JE-15475,Jeremy Ellison,Consumer,United States,San Diego,California,92037,West,TEC-AC-10003832,Technology,Accessories,Logitech P710e Mobile Speakerphone,772.47,3,0.0,146.7693
5026,US-2017-130953,2017-07-29,2017-08-03,Standard Class,RF-19735,Roland Fjeld,Consumer,United States,Oklahoma City,Oklahoma,73120,Central,TEC-PH-10003012,Technology,Phones,Nortel Meridian M3904 Professional Digital phone,461.97,3,0.0,133.9713
5029,CA-2014-151792,2014-09-02,2014-09-07,Second Class,CV-12295,Christina VanderZanden,Consumer,United States,Chicago,Illinois,60653,Central,TEC-AC-10001606,Technology,Accessories,Logitech Wireless Performance Mouse MX for PC and Mac,239.976,3,0.2,53.9946
5037,CA-2014-169803,2014-04-06,2014-04-12,Standard Class,SC-20260,Scott Cohen,Corporate,United States,Seattle,Washington,98115,West,TEC-AC-10003441,Technology,Accessories,Kingston Digital DataTraveler 32GB USB 2.0,33.9,2,0.0,2.034
5038,CA-2017-141719,2017-11-17,2017-11-21,Second Class,EG-13900,Emily Grady,Consumer,United States,Naperville,Illinois,60540,Central,TEC-AC-10003610,Technology,Accessories,Logitech Illuminated - Keyboard,239.96,5,0.2,83.986
5040,CA-2015-136469,2015-07-11,2015-07-12,First Class,TS-21370,Todd Sumrall,Corporate,United States,Wilmington,Delaware,19805,East,TEC-PH-10001817,Technology,Phones,Wilson Electronics DB Pro Signal Booster,716.0,2,0.0,193.32
5050,US-2014-104759,2014-03-31,2014-04-04,Standard Class,DD-13570,Dorothy Dickinson,Consumer,United States,Chicago,Illinois,60610,Central,TEC-AC-10004901,Technology,Accessories,Kensington SlimBlade Notebook Wireless Mouse with Nano Receiver ,79.984,2,0.2,13.9972
5054,CA-2015-141243,2015-01-03,2015-01-08,Second Class,AH-10465,Amy Hunt,Consumer,United States,Dallas,Texas,75217,Central,TEC-AC-10003198,Technology,Accessories,Enermax Acrylux Wireless Keyboard,398.4,5,0.2,84.66
5060,CA-2016-109722,2016-12-05,2016-12-07,Second Class,TP-21130,Theone Pippenger,Consumer,United States,Georgetown,Kentucky,40324,South,TEC-PH-10000560,Technology,Phones,Samsung Galaxy S III - 16GB - pebble blue (T-Mobile),699.98,2,0.0,195.9944
5063,CA-2015-136798,2015-05-08,2015-05-12,Standard Class,DL-12925,Daniel Lacy,Consumer,United States,Minneapolis,Minnesota,55407,Central,TEC-PH-10000441,Technology,Phones,VTech DS6151,377.97,3,0.0,105.8316
5065,CA-2017-122196,2017-09-22,2017-09-24,First Class,CA-12265,Christina Anderson,Consumer,United States,Wilmington,Delaware,19805,East,TEC-PH-10004977,Technology,Phones,GE 30524EE4,391.98,2,0.0,113.6742
5066,CA-2017-142090,2017-11-30,2017-12-07,Standard Class,SC-20380,Shahid Collister,Consumer,United States,Burlington,North Carolina,27217,South,TEC-AC-10002001,Technology,Accessories,Logitech Wireless Gaming Headset G930,383.976,3,0.2,81.5949
5069,CA-2014-124478,2014-08-08,2014-08-12,Standard Class,MA-17560,Matt Abelman,Home Office,United States,Trenton,Michigan,48183,Central,TEC-CO-10001571,Technology,Copiers,Sharp 1540cs Digital Laser Copier,549.99,1,0.0,274.995
5073,CA-2014-124478,2014-08-08,2014-08-12,Standard Class,MA-17560,Matt Abelman,Home Office,United States,Trenton,Michigan,48183,Central,TEC-PH-10001128,Technology,Phones,Motorola Droid Maxx,299.98,2,0.0,83.9944
5083,CA-2016-155138,2016-09-08,2016-09-12,Standard Class,JM-15580,Jill Matthias,Consumer,United States,Monroe,North Carolina,28110,South,TEC-AC-10004209,Technology,Accessories,Memorex Froggy Flash Drive 4 GB,35.168,4,0.2,8.3524
5105,CA-2015-167374,2015-03-26,2015-03-30,Second Class,GM-14500,Gene McClure,Consumer,United States,Philadelphia,Pennsylvania,19140,East,TEC-AC-10004633,Technology,Accessories,"Verbatim 25 GB 6x Blu-ray Single Layer Recordable Disc, 3/Pack",16.776,3,0.2,5.0328
5107,CA-2015-147102,2015-09-19,2015-09-26,Standard Class,NH-18610,Nicole Hansen,Corporate,United States,Columbus,Georgia,31907,South,TEC-AC-10000682,Technology,Accessories,Kensington K72356US Mouse-in-a-Box USB Desktop Mouse,66.36,4,0.0,23.226
5119,CA-2015-127173,2015-09-26,2015-10-03,Standard Class,GM-14500,Gene McClure,Consumer,United States,Oceanside,New York,11572,East,TEC-MA-10002859,Technology,Machines,Ativa MDM8000 8-Sheet Micro-Cut Shredder,629.93,7,0.0,296.0671
5122,CA-2014-149538,2014-04-04,2014-04-08,Standard Class,KB-16585,Ken Black,Corporate,United States,Lafayette,Louisiana,70506,South,TEC-AC-10002926,Technology,Accessories,Logitech Wireless Marathon Mouse M705,99.98,2,0.0,42.9914
5127,CA-2014-160766,2014-09-14,2014-09-14,Same Day,DM-13015,Darrin Martin,Consumer,United States,New York City,New York,10009,East,TEC-MA-10003979,Technology,Machines,Ativa V4110MDD Micro-Cut Shredder,2799.96,4,0.0,1371.9804
5129,CA-2014-160766,2014-09-14,2014-09-14,Same Day,DM-13015,Darrin Martin,Consumer,United States,New York City,New York,10009,East,TEC-PH-10001536,Technology,Phones,Spigen Samsung Galaxy S5 Case Wallet,16.99,1,0.0,4.4174
5130,CA-2014-160766,2014-09-14,2014-09-14,Same Day,DM-13015,Darrin Martin,Consumer,United States,New York City,New York,10009,East,TEC-PH-10000526,Technology,Phones,Vtech CS6719,287.97,3,0.0,80.6316
5133,CA-2015-123330,2015-06-21,2015-06-27,Standard Class,EP-13915,Emily Phan,Consumer,United States,Deltona,Florida,32725,South,TEC-PH-10001819,Technology,Phones,Innergie mMini Combo Duo USB Travel Charging Kit,107.976,3,0.2,37.7916
5141,CA-2015-154886,2015-11-08,2015-11-12,Standard Class,SW-20455,Shaun Weien,Consumer,United States,San Francisco,California,94109,West,TEC-AC-10001956,Technology,Accessories,Microsoft Arc Touch Mouse,119.9,2,0.0,43.164
5150,CA-2014-141796,2014-06-21,2014-06-21,Same Day,JG-15160,James Galang,Consumer,United States,Long Beach,New York,11561,East,TEC-PH-10001578,Technology,Phones,Polycom SoundStation2 EX Conference phone,1214.85,3,0.0,352.3065
5157,CA-2017-163006,2017-06-30,2017-07-04,Second Class,GH-14410,Gary Hansen,Home Office,United States,Chicago,Illinois,60653,Central,TEC-PH-10002584,Technology,Phones,Samsung Galaxy S4,1001.584,2,0.2,125.198
5160,CA-2015-156146,2015-10-26,2015-10-30,Second Class,AG-10495,Andrew Gjertsen,Corporate,United States,Peoria,Arizona,85345,West,TEC-PH-10001700,Technology,Phones,Panasonic KX-TG6844B Expandable Digital Cordless Telephone,105.584,2,0.2,9.2386
5180,US-2015-120502,2015-04-13,2015-04-19,Standard Class,BT-11395,Bill Tyler,Corporate,United States,Los Angeles,California,90036,West,TEC-PH-10003645,Technology,Phones,Aastra 57i VoIP phone,258.576,2,0.2,19.3932
5188,CA-2015-115567,2015-09-13,2015-09-18,Standard Class,ZC-21910,Zuschuss Carroll,Consumer,United States,Columbus,Indiana,47201,Central,TEC-AC-10001314,Technology,Accessories,Case Logic 2.4GHz Wireless Keyboard,199.96,4,0.0,15.9968
5198,CA-2014-159709,2014-05-10,2014-05-15,Standard Class,AI-10855,Arianne Irving,Consumer,United States,Kent,Washington,98031,West,TEC-PH-10003988,Technology,Phones,"LF Elite 3D Dazzle Designer Hard Case Cover, Lf Stylus Pen and Wiper For Apple Iphone 5c Mini Lite",43.6,5,0.2,4.36
5201,CA-2016-103982,2016-03-03,2016-03-08,Standard Class,AA-10315,Alex Avila,Consumer,United States,Round Rock,Texas,78664,Central,TEC-PH-10000895,Technology,Phones,Polycom VVX 310 VoIP phone,431.976,3,0.2,32.3982
5202,CA-2016-103982,2016-03-03,2016-03-08,Standard Class,AA-10315,Alex Avila,Consumer,United States,Round Rock,Texas,78664,Central,TEC-AC-10002857,Technology,Accessories,"Verbatim 25 GB 6x Blu-ray Single Layer Recordable Disc, 1/Pack",41.72,7,0.2,5.7365
5223,CA-2017-117401,2017-05-18,2017-05-22,Second Class,PP-18955,Paul Prost,Home Office,United States,Springfield,Missouri,65807,Central,TEC-PH-10003555,Technology,Phones,Motorola HK250 Universal Bluetooth Headset,114.95,5,0.0,2.299
5239,CA-2014-166744,2014-09-20,2014-09-24,Standard Class,DN-13690,Duane Noonan,Consumer,United States,Columbia,Maryland,21044,East,TEC-AC-10003628,Technology,Accessories,Logitech 910-002974 M325 Wireless Mouse for Web Scrolling,59.98,2,0.0,26.3912
5246,CA-2016-156265,2016-08-02,2016-08-04,Second Class,BF-11020,Barry Französisch,Corporate,United States,Los Angeles,California,90032,West,TEC-PH-10001918,Technology,Phones,Nortel Business Series Terminal T7208 Digital phone,333.576,3,0.2,33.3576
5249,US-2017-110989,2017-11-03,2017-11-05,Second Class,EJ-14155,Eva Jacobs,Consumer,United States,Seattle,Washington,98105,West,TEC-AC-10002345,Technology,Accessories,HP Standard 104 key PS/2 Keyboard,43.5,3,0.0,10.875
5251,US-2016-169369,2016-12-12,2016-12-18,Standard Class,EC-14050,Erin Creighton,Consumer,United States,Columbus,Georgia,31907,South,TEC-AC-10001314,Technology,Accessories,Case Logic 2.4GHz Wireless Keyboard,249.95,5,0.0,19.996
5261,CA-2014-105165,2014-09-07,2014-09-10,First Class,SZ-20035,Sam Zeldin,Home Office,United States,Houston,Texas,77036,Central,TEC-PH-10000675,Technology,Phones,Panasonic KX TS3282B Corded phone,196.776,3,0.2,14.7582
5269,US-2017-114657,2017-11-16,2017-11-21,Standard Class,MH-18115,Mick Hernandez,Home Office,United States,Yonkers,New York,10701,East,TEC-MA-10003173,Technology,Machines,Hewlett-Packard 300S Scientific Calculator,52.44,4,0.0,24.1224
5276,CA-2017-147333,2017-12-14,2017-12-20,Standard Class,KL-16555,Kelly Lampkin,Corporate,United States,Fayetteville,Arkansas,72701,South,TEC-AC-10004469,Technology,Accessories,Microsoft Sculpt Comfort Mouse,159.8,4,0.0,70.312
5277,CA-2017-147333,2017-12-14,2017-12-20,Standard Class,KL-16555,Kelly Lampkin,Corporate,United States,Fayetteville,Arkansas,72701,South,TEC-AC-10003038,Technology,Accessories,Kingston Digital DataTraveler 16GB USB 2.0,44.75,5,0.0,8.5025
5280,US-2017-104094,2017-09-07,2017-09-11,Standard Class,AG-10675,Anna Gayman,Consumer,United States,Milwaukee,Wisconsin,53209,Central,TEC-AC-10002134,Technology,Accessories,Rosewill 107 Normal Keys USB Wired Standard Keyboard,13.48,1,0.0,1.8872
5298,CA-2017-108791,2017-07-27,2017-07-31,Standard Class,TM-21490,Tony Molinari,Consumer,United States,Yonkers,New York,10701,East,TEC-PH-10002660,Technology,Phones,Nortel Networks T7316 E Nt8 B27,543.92,8,0.0,135.98
5302,CA-2016-113831,2016-05-30,2016-06-03,Standard Class,AH-10690,Anna Häberlin,Corporate,United States,Springfield,Virginia,22153,South,TEC-AC-10003033,Technology,Accessories,Plantronics CS510 - Over-the-Head monaural Wireless Headset System,1979.7,6,0.0,653.301
5308,US-2016-168410,2016-02-21,2016-02-26,Standard Class,BV-11245,Benjamin Venier,Corporate,United States,Oceanside,New York,11572,East,TEC-PH-10002583,Technology,Phones,iOttie HLCRIO102 Car Mount,39.98,2,0.0,1.999
5329,CA-2015-120320,2015-03-05,2015-03-09,Standard Class,MV-18190,Mike Vittorini,Consumer,United States,Houston,Texas,77036,Central,TEC-PH-10000149,Technology,Phones,Cisco SPA525G2 IP Phone - Wireless,31.92,2,0.2,2.394
5341,CA-2015-146486,2015-11-09,2015-11-14,Second Class,DV-13465,Dianna Vittorini,Consumer,United States,Oceanside,New York,11572,East,TEC-AC-10002018,Technology,Accessories,AmazonBasics 3-Button USB Wired Mouse,13.98,2,0.0,6.0114
5342,CA-2015-146486,2015-11-09,2015-11-14,Second Class,DV-13465,Dianna Vittorini,Consumer,United States,Oceanside,New York,11572,East,TEC-AC-10002637,Technology,Accessories,Logitech VX Revolution Cordless Laser Mouse for Notebooks (Black),899.95,5,0.0,53.997
5344,US-2014-168501,2014-11-21,2014-11-27,Standard Class,JK-15325,Jason Klamczynski,Corporate,United States,Dallas,Texas,75220,Central,TEC-PH-10004922,Technology,Phones,RCA Visys Integrated PBX 8-Line Router,267.96,5,0.2,16.7475
5345,CA-2015-112053,2015-10-11,2015-10-13,Second Class,SH-20395,Shahid Hopkins,Consumer,United States,Rochester,New York,14609,East,TEC-AC-10002550,Technology,Accessories,"Memorex 25GB 6X Branded Blu-Ray Recordable Disc, 30/Pack",31.95,1,0.0,2.2365
5353,CA-2016-123932,2016-09-06,2016-09-12,Standard Class,YC-21895,Yoseph Carroll,Corporate,United States,Dallas,Texas,75217,Central,TEC-PH-10002447,Technology,Phones,AT&T CL83451 4-Handset Telephone,329.584,2,0.2,37.0782
5358,CA-2014-150490,2014-08-05,2014-08-11,Standard Class,SS-20590,Sonia Sunley,Consumer,United States,San Francisco,California,94122,West,TEC-AC-10004510,Technology,Accessories,Logitech Desktop MK120 Mouse and keyboard Combo,16.36,1,0.0,1.636
5366,CA-2016-107790,2016-11-20,2016-11-24,Standard Class,EH-13990,Erica Hackney,Consumer,United States,Houston,Texas,77041,Central,TEC-PH-10004539,Technology,Phones,Wireless Extenders zBoost YX545 SOHO Signal Booster,151.192,1,0.2,13.2293
5367,CA-2017-158071,2017-06-10,2017-06-15,Standard Class,BD-11320,Bill Donatelli,Consumer,United States,Seattle,Washington,98103,West,TEC-PH-10002923,Technology,Phones,"Logitech B530 USB Headset - headset - Full size, Binaural",88.776,3,0.2,7.7679
5376,CA-2017-134152,2017-05-27,2017-05-31,Standard Class,RP-19855,Roy Phan,Corporate,United States,Seattle,Washington,98103,West,TEC-AC-10004510,Technology,Accessories,Logitech Desktop MK120 Mouse and keyboard Combo,98.16,6,0.0,9.816
5381,CA-2016-136021,2016-08-14,2016-08-18,Standard Class,JM-15580,Jill Matthias,Consumer,United States,Los Angeles,California,90045,West,TEC-MA-10000423,Technology,Machines,Texas Instruments TI-34 Scientific Calculator,105.552,6,0.2,35.6238
5385,CA-2017-161410,2017-06-26,2017-07-03,Standard Class,CC-12220,Chris Cortes,Consumer,United States,Philadelphia,Pennsylvania,19143,East,TEC-PH-10001760,Technology,Phones,Bose SoundLink Bluetooth Speaker,358.2,3,0.4,41.79
5386,CA-2017-161410,2017-06-26,2017-07-03,Standard Class,CC-12220,Chris Cortes,Consumer,United States,Philadelphia,Pennsylvania,19143,East,TEC-PH-10000673,Technology,Phones,Plantronics Voyager Pro HD - Bluetooth Headset,545.916,14,0.4,72.7888
5388,CA-2017-164707,2017-02-18,2017-02-21,Second Class,CV-12805,Cynthia Voltz,Corporate,United States,Los Angeles,California,90045,West,TEC-PH-10001924,Technology,Phones,iHome FM Clock Radio with Lightning Dock,167.976,3,0.2,10.4985
5389,CA-2017-164707,2017-02-18,2017-02-21,Second Class,CV-12805,Cynthia Voltz,Corporate,United States,Los Angeles,California,90045,West,TEC-AC-10004864,Technology,Accessories,Memorex Micro Travel Drive 32 GB,109.53,3,0.0,47.0979
5401,CA-2017-132262,2017-09-21,2017-09-23,First Class,ML-18265,Muhammed Lee,Consumer,United States,Seattle,Washington,98103,West,TEC-AC-10000158,Technology,Accessories,Sony 64GB Class 10 Micro SDHC R40 Memory Card,71.98,2,0.0,15.1158
5402,CA-2017-132262,2017-09-21,2017-09-23,First Class,ML-18265,Muhammed Lee,Consumer,United States,Seattle,Washington,98103,West,TEC-AC-10000303,Technology,Accessories,Logitech M510 Wireless Mouse,79.98,2,0.0,26.3934
5405,US-2016-143280,2016-02-22,2016-02-26,Standard Class,TZ-21580,Tracy Zic,Consumer,United States,Los Angeles,California,90045,West,TEC-PH-10002398,Technology,Phones,AT&T 1070 Corded Phone,445.96,5,0.2,55.745
5406,US-2016-143280,2016-02-22,2016-02-26,Standard Class,TZ-21580,Tracy Zic,Consumer,United States,Los Angeles,California,90045,West,TEC-AC-10003399,Technology,Accessories,Memorex Mini Travel Drive 64 GB USB 2.0 Flash Drive,36.24,1,0.0,15.2208
5413,CA-2017-166856,2017-09-18,2017-09-22,Standard Class,TS-21505,Tony Sayre,Consumer,United States,Clovis,New Mexico,88101,West,TEC-AC-10004992,Technology,Accessories,Kingston Digital DataTraveler 64GB USB 2.0,101.34,3,0.0,8.1072
5414,CA-2016-153157,2016-09-11,2016-09-14,First Class,TB-21625,Trudy Brown,Consumer,United States,Wichita,Kansas,67212,Central,TEC-PH-10003171,Technology,Phones,Plantronics Encore H101 Dual Earpieces Headset,224.75,5,0.0,62.93
5420,CA-2015-110877,2015-10-23,2015-10-26,First Class,JE-15715,Joe Elijah,Consumer,United States,Houston,Texas,77041,Central,TEC-PH-10002103,Technology,Phones,Jabra SPEAK 410,150.384,2,0.2,15.0384
5422,US-2016-151827,2016-03-31,2016-04-02,Second Class,CS-11950,Carlos Soltero,Consumer,United States,Philadelphia,Pennsylvania,19134,East,TEC-AC-10003289,Technology,Accessories,Anker Ultra-Slim Mini Bluetooth 3.0 Wireless Keyboard,31.984,2,0.2,1.1994
5426,CA-2016-153598,2016-12-03,2016-12-06,First Class,NM-18520,Neoma Murray,Consumer,United States,Los Angeles,California,90045,West,TEC-AC-10003870,Technology,Accessories,Logitech Z-906 Speaker sys - home theater - 5.1-CH,1649.95,5,0.0,659.98
5436,CA-2015-160171,2015-10-19,2015-10-24,Standard Class,RM-19675,Robert Marley,Home Office,United States,Los Angeles,California,90008,West,TEC-AC-10000892,Technology,Accessories,NETGEAR N750 Dual Band Wi-Fi Gigabit Router,270.0,3,0.0,97.2
5443,CA-2015-148712,2015-04-17,2015-04-23,Standard Class,JM-15535,Jessica Myrick,Consumer,United States,New York City,New York,10035,East,TEC-AC-10003198,Technology,Accessories,Enermax Acrylux Wireless Keyboard,99.6,1,0.0,36.852
5447,US-2016-127425,2016-08-26,2016-08-31,Standard Class,DR-12880,Dan Reichenbach,Corporate,United States,New York City,New York,10035,East,TEC-PH-10003442,Technology,Phones,Samsung Replacement EH64AVFWE Premium Headset,33.0,6,0.0,8.25
5448,US-2016-127425,2016-08-26,2016-08-31,Standard Class,DR-12880,Dan Reichenbach,Corporate,United States,New York City,New York,10035,East,TEC-AC-10002800,Technology,Accessories,Plantronics Audio 478 Stereo USB Headset,249.95,5,0.0,87.4825
5450,US-2014-119081,2014-09-12,2014-09-19,Standard Class,TA-21385,Tom Ashbrook,Home Office,United States,Olathe,Kansas,66062,Central,TEC-AC-10001542,Technology,Accessories,SanDisk Cruzer 16 GB USB Flash Drive,57.4,5,0.0,10.906
5481,CA-2017-105487,2017-10-08,2017-10-14,Standard Class,CS-12250,Chris Selesnick,Corporate,United States,San Diego,California,92105,West,TEC-PH-10001336,Technology,Phones,Digium D40 VoIP phone,103.192,1,0.2,11.6091
5482,CA-2017-105487,2017-10-08,2017-10-14,Standard Class,CS-12250,Chris Selesnick,Corporate,United States,San Diego,California,92105,West,TEC-AC-10002305,Technology,Accessories,KeyTronic E03601U1 - Keyboard - Beige,36.0,2,0.0,6.48
5483,CA-2017-105487,2017-10-08,2017-10-14,Standard Class,CS-12250,Chris Selesnick,Corporate,United States,San Diego,California,92105,West,TEC-AC-10003610,Technology,Accessories,Logitech Illuminated - Keyboard,239.96,4,0.0,115.1808
5497,CA-2017-117821,2017-06-12,2017-06-16,Standard Class,HG-15025,Hunter Glantz,Consumer,United States,Marion,Ohio,43302,East,TEC-AC-10004469,Technology,Accessories,Microsoft Sculpt Comfort Mouse,63.92,2,0.2,19.176
5500,CA-2017-164378,2017-07-15,2017-07-18,Second Class,MM-18055,Michelle Moray,Consumer,United States,New York City,New York,10024,East,TEC-AC-10004708,Technology,Accessories,Sony 32GB Class 10 Micro SDHC R40 Memory Card,41.9,2,0.0,8.799
5511,US-2017-152569,2017-05-15,2017-05-20,Standard Class,JD-16015,Joy Daniels,Consumer,United States,Chicago,Illinois,60653,Central,TEC-PH-10002185,Technology,Phones,QVS USB Car Charger 2-Port 2.1Amp for iPod/iPhone/iPad/iPad 2/iPad 3,11.12,2,0.2,3.475
5514,CA-2015-103177,2015-05-30,2015-06-01,First Class,EN-13780,Edward Nazzal,Consumer,United States,New York City,New York,10009,East,TEC-PH-10001795,Technology,Phones,RCA H5401RE1 DECT 6.0 4-Line Cordless Handset With Caller ID/Call Waiting,239.97,3,0.0,2.3997
5516,CA-2015-103177,2015-05-30,2015-06-01,First Class,EN-13780,Edward Nazzal,Consumer,United States,New York City,New York,10009,East,TEC-PH-10001527,Technology,Phones,Plantronics MX500i Earset,128.85,3,0.0,3.8655
5517,US-2016-138408,2016-11-18,2016-11-21,Second Class,KC-16255,Karen Carlisle,Corporate,United States,Huntsville,Alabama,35810,South,TEC-AC-10003870,Technology,Accessories,Logitech Z-906 Speaker sys - home theater - 5.1-CH,1319.96,4,0.0,527.984
5529,CA-2015-137106,2015-03-31,2015-04-04,Standard Class,SC-20260,Scott Cohen,Corporate,United States,Jacksonville,Florida,32216,South,TEC-PH-10000011,Technology,Phones,PureGear Roll-On Screen Protector,79.96,5,0.2,27.986
5531,CA-2017-160885,2017-12-02,2017-12-06,Standard Class,JK-16090,Juliana Krohn,Consumer,United States,Omaha,Nebraska,68104,Central,TEC-PH-10001795,Technology,Phones,ClearOne CHATAttach 160 - speaker phone,2479.96,4,0.0,743.988
5532,US-2016-167472,2016-06-06,2016-06-07,First Class,CK-12595,Clytie Kelty,Consumer,United States,Little Rock,Arkansas,72209,South,TEC-AC-10001109,Technology,Accessories,Logitech Trackman Marble Mouse,179.94,6,0.0,75.5748
5533,US-2016-167472,2016-06-06,2016-06-07,First Class,CK-12595,Clytie Kelty,Consumer,United States,Little Rock,Arkansas,72209,South,TEC-AC-10003038,Technology,Accessories,Kingston Digital DataTraveler 16GB USB 2.0,26.85,3,0.0,5.1015
5534,US-2016-167472,2016-06-06,2016-06-07,First Class,CK-12595,Clytie Kelty,Consumer,United States,Little Rock,Arkansas,72209,South,TEC-AC-10003174,Technology,Accessories,Plantronics S12 Corded Telephone Headset System,323.37,3,0.0,129.348
5548,CA-2017-151008,2017-09-07,2017-09-08,First Class,JM-16195,Justin MacKendrick,Consumer,United States,Draper,Utah,84020,West,TEC-PH-10002807,Technology,Phones,Motorla HX550 Universal Bluetooth Headset,126.56,4,0.2,47.46
5550,CA-2014-159800,2014-11-28,2014-12-01,First Class,SG-20470,Sheri Gordon,Consumer,United States,San Francisco,California,94109,West,TEC-AC-10003447,Technology,Accessories,Micropad Numeric Keypads,139.93,7,0.0,34.9825
5553,US-2014-159618,2014-11-12,2014-11-16,Standard Class,DB-12970,Darren Budd,Corporate,United States,Houston,Texas,77036,Central,TEC-AC-10003832,Technology,Accessories,Imation 16GB Mini TravelDrive USB 2.0 Flash Drive,79.512,3,0.2,20.8719
5563,CA-2017-133263,2017-03-31,2017-04-02,Second Class,JE-15610,Jim Epp,Corporate,United States,Atlanta,Georgia,30318,South,TEC-CO-10001449,Technology,Copiers,Hewlett Packard LaserJet 3310 Copier,2999.95,5,0.0,1439.976
5566,CA-2017-157966,2017-03-13,2017-03-13,Same Day,SU-20665,Stephanie Ulpright,Home Office,United States,Chicago,Illinois,60610,Central,TEC-MA-10002109,Technology,Machines,"HP Officejet Pro 8600 e-All-In-One Printer, Copier, Scanner, Fax",209.986,2,0.3,8.9994
5569,CA-2017-157966,2017-03-13,2017-03-13,Same Day,SU-20665,Stephanie Ulpright,Home Office,United States,Chicago,Illinois,60610,Central,TEC-CO-10001449,Technology,Copiers,Hewlett Packard LaserJet 3310 Copier,959.984,2,0.2,335.9944
5586,CA-2017-105333,2017-11-30,2017-12-04,Standard Class,VP-21730,Victor Preis,Home Office,United States,New York City,New York,10011,East,TEC-PH-10001468,Technology,Phones,Panasonic Business Telephones KX-T7736,546.06,3,0.0,163.818
5595,CA-2017-160325,2017-09-24,2017-09-24,Same Day,BP-11095,Bart Pistole,Corporate,United States,Lawrence,Massachusetts,1841,East,TEC-PH-10000984,Technology,Phones,Panasonic KX-TG9471B,391.98,2,0.0,109.7544
5596,CA-2017-160325,2017-09-24,2017-09-24,Same Day,BP-11095,Bart Pistole,Corporate,United States,Lawrence,Massachusetts,1841,East,TEC-PH-10001944,Technology,Phones,Wi-Ex zBoost YX540 Cellular Phone Signal Booster,437.85,3,0.0,131.355
5610,CA-2017-117198,2017-08-31,2017-09-05,Standard Class,BG-11035,Barry Gonzalez,Consumer,United States,Monroe,Louisiana,71203,South,TEC-AC-10003033,Technology,Accessories,Plantronics CS510 - Over-the-Head monaural Wireless Headset System,659.9,2,0.0,217.767
5612,CA-2017-121027,2017-08-18,2017-08-22,Standard Class,HW-14935,Helen Wasserman,Corporate,United States,Seattle,Washington,98105,West,TEC-AC-10002049,Technology,Accessories,Plantronics Savi W720 Multi-Device Wireless Headset System,843.9,2,0.0,371.316
5613,CA-2017-121027,2017-08-18,2017-08-22,Standard Class,HW-14935,Helen Wasserman,Corporate,United States,Seattle,Washington,98105,West,TEC-AC-10002253,Technology,Accessories,Imation Bio 8GB USB Flash Drive Imation Corp,1496.16,9,0.0,224.424
5620,US-2016-124163,2016-09-25,2016-09-30,Standard Class,SC-20695,Steve Chapman,Corporate,United States,La Crosse,Wisconsin,54601,Central,TEC-AC-10001908,Technology,Accessories,Logitech Wireless Headset h800,499.95,5,0.0,174.9825
5624,CA-2016-121748,2016-10-24,2016-10-28,Second Class,VW-21775,Victoria Wilson,Corporate,United States,Los Angeles,California,90032,West,TEC-AC-10003063,Technology,Accessories,Micro Innovations USB RF Wireless Keyboard with Mouse,100.0,4,0.0,21.0
5625,CA-2016-121748,2016-10-24,2016-10-28,Second Class,VW-21775,Victoria Wilson,Corporate,United States,Los Angeles,California,90032,West,TEC-AC-10002637,Technology,Accessories,Logitech VX Revolution Cordless Laser Mouse for Notebooks (Black),359.98,2,0.0,21.5988
5631,CA-2014-127614,2014-02-11,2014-02-15,Standard Class,NF-18385,Natalie Fritzler,Consumer,United States,Chesapeake,Virginia,23320,South,TEC-AC-10001432,Technology,Accessories,Enermax Aurora Lite Keyboard,234.45,3,0.0,103.158
5637,CA-2017-123022,2017-09-03,2017-09-08,Standard Class,SC-20050,Sample Company A,Home Office,United States,La Mesa,California,91941,West,TEC-AC-10000474,Technology,Accessories,Kensington Expert Mouse Optical USB Trackball for PC or Mac,284.97,3,0.0,85.491
5670,CA-2016-142405,2016-06-11,2016-06-15,Standard Class,SE-20110,Sanjit Engle,Consumer,United States,Seattle,Washington,98103,West,TEC-AC-10003095,Technology,Accessories,Logitech G35 7.1-Channel Surround Sound Headset,389.97,3,0.0,132.5898
5672,CA-2015-141012,2015-06-09,2015-06-11,Second Class,TG-21640,Trudy Glocke,Consumer,United States,Pocatello,Idaho,83201,West,TEC-PH-10004522,Technology,Phones,Dexim XPower Skin Super-Thin Power Case for iPhone 5 - Black,140.376,3,0.2,8.7735
5676,CA-2014-135993,2014-05-28,2014-06-02,Standard Class,PJ-18835,Patrick Jones,Corporate,United States,Seattle,Washington,98115,West,TEC-PH-10001552,Technology,Phones,I Need's 3d Hello Kitty Hybrid Silicone Case Cover for HTC One X 4g with 3d Hello Kitty Stylus Pen Green/pink,57.408,6,0.2,5.7408
5677,CA-2014-135993,2014-05-28,2014-06-02,Standard Class,PJ-18835,Patrick Jones,Corporate,United States,Seattle,Washington,98115,West,TEC-AC-10004877,Technology,Accessories,Imation 30456 USB Flash Drive 8GB,27.6,4,0.0,2.208
5684,CA-2014-164315,2014-04-02,2014-04-08,Standard Class,RD-19585,Rob Dowd,Consumer,United States,Athens,Georgia,30605,South,TEC-PH-10001128,Technology,Phones,Motorola Droid Maxx,1049.93,7,0.0,293.9804
5693,US-2015-138093,2015-12-10,2015-12-16,Standard Class,KM-16225,Kalyca Meade,Corporate,United States,Baltimore,Maryland,21215,East,TEC-PH-10004667,Technology,Phones,Cisco 8x8 Inc. 6753i IP Business Phone System,134.99,1,0.0,36.4473
5705,US-2014-123519,2014-12-14,2014-12-21,Standard Class,SS-20875,Sung Shariari,Consumer,United States,Marion,Ohio,43302,East,TEC-AC-10003033,Technology,Accessories,Plantronics CS510 - Over-the-Head monaural Wireless Headset System,263.96,1,0.2,42.8935
5711,US-2015-160857,2015-05-08,2015-05-15,Standard Class,NW-18400,Natalie Webber,Consumer,United States,New York City,New York,10024,East,TEC-CO-10004115,Technology,Copiers,Sharp AL-1530CS Digital Copier,2799.944,7,0.2,1014.9797
5713,CA-2017-115805,2017-07-31,2017-07-31,Same Day,KW-16435,Katrina Willman,Consumer,United States,Chicago,Illinois,60653,Central,TEC-PH-10003092,Technology,Phones,Motorola L804,36.792,1,0.2,4.1391
5714,US-2014-143707,2014-03-01,2014-03-05,Standard Class,HR-14770,Hallie Redmond,Home Office,United States,New York City,New York,10035,East,TEC-PH-10003655,Technology,Phones,Sannysis Cute Owl Design Soft Skin Case Cover for Samsung Galaxy S4,5.94,3,0.0,1.6038
5716,CA-2015-124107,2015-10-09,2015-10-12,Second Class,BM-11650,Brian Moss,Corporate,United States,Ann Arbor,Michigan,48104,Central,TEC-AC-10002049,Technology,Accessories,Logitech G19 Programmable Gaming Keyboard,619.95,5,0.0,111.591
5717,CA-2015-124107,2015-10-09,2015-10-12,Second Class,BM-11650,Brian Moss,Corporate,United States,Ann Arbor,Michigan,48104,Central,TEC-PH-10003875,Technology,Phones,KLD Oscar II Style Snap-on Ultra Thin Side Flip Synthetic Leather Cover Case for HTC One HTC M7,29.16,3,0.0,8.4564
5722,CA-2015-138674,2015-11-14,2015-11-17,First Class,KB-16585,Ken Black,Corporate,United States,Springfield,Oregon,97477,West,TEC-AC-10000358,Technology,Accessories,Imation Secure Drive  Hardware Encrypted USB flash drive - 16 GB,91.176,3,0.2,4.5588
5723,CA-2015-138674,2015-11-14,2015-11-17,First Class,KB-16585,Ken Black,Corporate,United States,Springfield,Oregon,97477,West,TEC-AC-10002800,Technology,Accessories,Plantronics Audio 478 Stereo USB Headset,159.968,4,0.2,29.994
5726,CA-2015-103933,2015-09-25,2015-09-27,First Class,DR-12880,Dan Reichenbach,Corporate,United States,New York City,New York,10011,East,TEC-AC-10004171,Technology,Accessories,Razer Kraken 7.1 Surround Sound Over Ear USB Gaming Headset,899.91,9,0.0,395.9604
5727,CA-2015-110548,2015-05-04,2015-05-08,Standard Class,AH-10690,Anna Häberlin,Corporate,United States,Houston,Texas,77095,Central,TEC-PH-10002922,Technology,Phones,ShoreTel ShorePhone IP 230 VoIP phone,946.344,7,0.2,118.293
5728,CA-2017-117324,2017-12-08,2017-12-13,Standard Class,JP-15520,Jeremy Pistek,Consumer,United States,Madison,Wisconsin,53711,Central,TEC-AC-10003023,Technology,Accessories,Logitech G105 Gaming Keyboard,178.11,3,0.0,32.0598
5742,US-2017-147886,2017-03-28,2017-03-31,First Class,DH-13075,Dave Hallsten,Corporate,United States,Fairfield,California,94533,West,TEC-MA-10004679,Technology,Machines,StarTech.com 10/100 VDSL2 Ethernet Extender Kit,532.72,2,0.2,53.272
5747,CA-2016-113733,2016-12-08,2016-12-12,Standard Class,LH-16900,Lena Hernandez,Consumer,United States,Greenville,North Carolina,27834,South,TEC-PH-10002496,Technology,Phones,Cisco SPA301,249.584,2,0.2,31.198
5748,CA-2016-113733,2016-12-08,2016-12-12,Standard Class,LH-16900,Lena Hernandez,Consumer,United States,Greenville,North Carolina,27834,South,TEC-AC-10002473,Technology,Accessories,Maxell 4.7GB DVD-R,68.112,3,0.2,17.8794
5750,CA-2017-104913,2017-11-18,2017-11-22,Standard Class,DK-13090,Dave Kipp,Consumer,United States,Long Beach,New York,11561,East,TEC-PH-10000923,Technology,Phones,"Belkin SportFit Armband For iPhone 5s/5c, Fuchsia",74.95,5,0.0,36.7255
5757,CA-2014-163748,2014-10-14,2014-10-18,Standard Class,HG-15025,Hunter Glantz,Consumer,United States,Fort Worth,Texas,76106,Central,TEC-CO-10002095,Technology,Copiers,Hewlett Packard 610 Color Digital Copier / Printer,1999.96,5,0.2,624.9875
5766,US-2014-126340,2014-11-08,2014-11-14,Standard Class,EB-13870,Emily Burns,Consumer,United States,Redding,California,96003,West,TEC-PH-10004447,Technology,Phones,Toshiba IPT2010-SD IP Telephone,333.576,3,0.2,25.0182
5768,CA-2017-126396,2017-09-08,2017-09-12,Second Class,AR-10345,Alex Russell,Corporate,United States,Houston,Texas,77070,Central,TEC-AC-10003116,Technology,Accessories,Memorex Froggy Flash Drive 8 GB,85.2,6,0.2,20.235
5773,CA-2015-158939,2015-11-26,2015-12-01,Standard Class,EA-14035,Erin Ashbrook,Corporate,United States,Springfield,Missouri,65807,Central,TEC-CO-10002313,Technology,Copiers,Canon PC1080F Personal Copier,599.99,1,0.0,233.9961
5781,US-2015-159513,2015-04-02,2015-04-09,Standard Class,JD-15790,John Dryer,Consumer,United States,Los Angeles,California,90049,West,TEC-MA-10003329,Technology,Machines,"Vtech AT&T CL2940 Corded Speakerphone, Black",71.976,3,0.2,24.2919
5801,CA-2014-123225,2014-07-11,2014-07-14,First Class,MN-17935,Michael Nguyen,Consumer,United States,El Paso,Texas,79907,Central,TEC-PH-10000895,Technology,Phones,Polycom VVX 310 VoIP phone,575.968,4,0.2,43.1976
5803,CA-2015-163440,2015-03-22,2015-03-24,First Class,RD-19900,Ruben Dartt,Consumer,United States,Thousand Oaks,California,91360,West,TEC-PH-10000376,Technology,Phones,Square Credit Card Reader,15.984,2,0.2,1.1988
5813,US-2015-163279,2015-03-22,2015-03-26,Standard Class,JD-16150,Justin Deggeller,Corporate,United States,San Diego,California,92037,West,TEC-PH-10001795,Technology,Phones,ClearOne CHATAttach 160 - speaker phone,1487.976,3,0.2,185.997
5816,CA-2014-124730,2014-11-26,2014-11-26,Same Day,LS-17245,Lynn Smith,Consumer,United States,Utica,New York,13501,East,TEC-PH-10002170,Technology,Phones,ClearSounds CSC500 Amplified Spirit Phone Corded phone,279.96,4,0.0,78.3888
5832,CA-2015-111206,2015-07-18,2015-07-22,Standard Class,RF-19735,Roland Fjeld,Consumer,United States,San Diego,California,92105,West,TEC-AC-10003095,Technology,Accessories,Logitech G35 7.1-Channel Surround Sound Headset,519.96,4,0.0,176.7864
5838,CA-2017-133207,2017-11-27,2017-12-03,Standard Class,DO-13645,Doug O'Connell,Consumer,United States,Los Angeles,California,90036,West,TEC-PH-10004100,Technology,Phones,Griffin GC17055 Auxiliary Audio Cable,57.568,4,0.2,5.7568
5842,CA-2015-126725,2015-11-17,2015-11-21,Standard Class,BS-11665,Brian Stugart,Consumer,United States,San Diego,California,92105,West,TEC-PH-10003174,Technology,Phones,RCA ViSYS 25825 Wireless digital phone,415.968,4,0.2,51.996
5851,CA-2015-121783,2015-11-10,2015-11-14,Standard Class,PO-19180,Philisse Overcash,Home Office,United States,Roseville,Minnesota,55113,Central,TEC-CO-10001571,Technology,Copiers,Sharp 1540cs Digital Laser Copier,549.99,1,0.0,274.995
5887,US-2014-109456,2014-10-16,2014-10-17,Same Day,LS-17245,Lynn Smith,Consumer,United States,San Francisco,California,94110,West,TEC-AC-10003610,Technology,Accessories,Logitech Illuminated - Keyboard,179.97,3,0.0,86.3856
5893,CA-2016-146157,2016-11-21,2016-11-26,Standard Class,RD-19720,Roger Demir,Consumer,United States,Chicago,Illinois,60610,Central,TEC-AC-10003657,Technology,Accessories,Lenovo 17-Key USB Numeric Keypad,81.576,3,0.2,2.0394
5899,CA-2016-167682,2016-04-03,2016-04-09,Standard Class,ZD-21925,Zuschuss Donatelli,Consumer,United States,Richmond,Indiana,47374,Central,TEC-PH-10000673,Technology,Phones,Plantronics Voyager Pro HD - Bluetooth Headset,259.96,4,0.0,124.7808
5907,US-2017-153948,2017-11-06,2017-11-06,Same Day,FM-14290,Frank Merwin,Home Office,United States,San Francisco,California,94122,West,TEC-AC-10003441,Technology,Accessories,Kingston Digital DataTraveler 32GB USB 2.0,16.95,1,0.0,1.017
5920,US-2015-126977,2015-09-17,2015-09-23,Standard Class,PF-19120,Peter Fuller,Consumer,United States,New York City,New York,10035,East,TEC-PH-10002170,Technology,Phones,ClearSounds CSC500 Amplified Spirit Phone Corded phone,209.97,3,0.0,58.7916
5921,US-2015-126977,2015-09-17,2015-09-23,Standard Class,PF-19120,Peter Fuller,Consumer,United States,New York City,New York,10035,East,TEC-AC-10003033,Technology,Accessories,Plantronics CS510 - Over-the-Head monaural Wireless Headset System,659.9,2,0.0,217.767
5923,US-2015-126977,2015-09-17,2015-09-23,Standard Class,PF-19120,Peter Fuller,Consumer,United States,New York City,New York,10035,East,TEC-PH-10000169,Technology,Phones,ARKON Windshield Dashboard Air Vent Car Mount Holder,67.8,4,0.0,1.356
5926,CA-2017-150420,2017-06-03,2017-06-08,Standard Class,GD-14590,Giulietta Dortch,Corporate,United States,Bellingham,Washington,98226,West,TEC-AC-10004975,Technology,Accessories,Plantronics Audio 995 Wireless Stereo Headset,1099.5,10,0.0,362.835
5934,US-2017-169551,2017-07-07,2017-07-09,First Class,RL-19615,Rob Lucas,Consumer,United States,Philadelphia,Pennsylvania,19120,East,TEC-AC-10002018,Technology,Accessories,AmazonBasics 3-Button USB Wired Mouse,16.776,3,0.2,4.8231
5935,US-2017-169551,2017-07-07,2017-07-09,First Class,RL-19615,Rob Lucas,Consumer,United States,Philadelphia,Pennsylvania,19120,East,TEC-AC-10003033,Technology,Accessories,Plantronics CS510 - Over-the-Head monaural Wireless Headset System,527.92,2,0.2,85.787
5937,CA-2016-103107,2016-07-04,2016-07-04,Same Day,RB-19465,Rick Bensley,Home Office,United States,Seattle,Washington,98103,West,TEC-PH-10001198,Technology,Phones,Avaya 4621SW VoIP phone,177.48,3,0.2,19.9665
5938,CA-2016-103107,2016-07-04,2016-07-04,Same Day,RB-19465,Rick Bensley,Home Office,United States,Seattle,Washington,98103,West,TEC-PH-10002564,Technology,Phones,OtterBox Defender Series Case - Samsung Galaxy S4,71.976,3,0.2,8.997
5939,CA-2017-122077,2017-05-19,2017-05-25,Standard Class,JF-15295,Jason Fortune-,Consumer,United States,Plano,Texas,75023,Central,TEC-PH-10003811,Technology,Phones,Jabra Supreme Plus Driver Edition Headset,95.992,1,0.2,9.5992
5941,CA-2017-112431,2017-10-12,2017-10-14,Second Class,RW-19690,Robert Waldorf,Consumer,United States,Los Angeles,California,90049,West,TEC-AC-10001465,Technology,Accessories,SanDisk Cruzer 64 GB USB Flash Drive,435.84,12,0.0,130.752
5943,CA-2016-151092,2016-08-06,2016-08-13,Standard Class,VG-21790,Vivek Gonzalez,Consumer,United States,Los Angeles,California,90032,West,TEC-PH-10001700,Technology,Phones,Panasonic KX-TG6844B Expandable Digital Cordless Telephone,211.168,4,0.2,18.4772
5945,CA-2014-104178,2014-08-25,2014-08-29,Standard Class,JM-15265,Janet Molinari,Corporate,United States,Los Angeles,California,90036,West,TEC-AC-10002399,Technology,Accessories,SanDisk Cruzer 32 GB USB Flash Drive,95.1,5,0.0,30.432
5950,CA-2017-161046,2017-03-05,2017-03-05,Same Day,CB-12535,Claudia Bergmann,Corporate,United States,Southaven,Mississippi,38671,South,TEC-AC-10004571,Technology,Accessories,Logitech G700s Rechargeable Gaming Mouse,299.97,3,0.0,125.9874
5962,CA-2014-140732,2014-11-11,2014-11-13,Second Class,MA-17560,Matt Abelman,Home Office,United States,Los Angeles,California,90004,West,TEC-PH-10001425,Technology,Phones,Mophie Juice Pack Helium for iPhone,575.928,9,0.2,57.5928
5967,CA-2017-119011,2017-08-20,2017-08-25,Standard Class,LR-17035,Lisa Ryan,Corporate,United States,San Francisco,California,94109,West,TEC-PH-10003171,Technology,Phones,Plantronics Encore H101 Dual Earpieces Headset,107.88,3,0.2,10.788
5978,CA-2017-116953,2017-04-24,2017-04-25,First Class,SV-20935,Susan Vittorini,Consumer,United States,Mesa,Arizona,85204,West,TEC-PH-10004614,Technology,Phones,AT&T 841000 Phone,552.0,10,0.2,34.5
5992,US-2017-163300,2017-09-15,2017-09-21,Standard Class,ES-14020,Erica Smith,Consumer,United States,Los Angeles,California,90049,West,TEC-PH-10001700,Technology,Phones,Panasonic KX-TG6844B Expandable Digital Cordless Telephone,369.544,7,0.2,32.3351
6007,CA-2017-129581,2017-12-11,2017-12-18,Standard Class,KN-16390,Katherine Nockton,Corporate,United States,New Bedford,Massachusetts,2740,East,TEC-PH-10001527,Technology,Phones,Plantronics MX500i Earset,128.85,3,0.0,3.8655
6011,CA-2015-135580,2015-12-30,2016-01-03,Standard Class,CL-12565,Clay Ludtke,Consumer,United States,Los Angeles,California,90049,West,TEC-MA-10004002,Technology,Machines,Zebra GX420t Direct Thermal/Thermal Transfer Printer,2548.56,6,0.2,286.713
6013,CA-2015-135580,2015-12-30,2016-01-03,Standard Class,CL-12565,Clay Ludtke,Consumer,United States,Los Angeles,California,90049,West,TEC-PH-10004345,Technology,Phones,Cisco SPA 502G IP Phone,287.88,3,0.2,35.985
6015,CA-2016-159016,2016-03-10,2016-03-11,First Class,KF-16285,Karen Ferguson,Home Office,United States,Los Angeles,California,90008,West,TEC-PH-10002885,Technology,Phones,Apple iPhone 5,4158.912,8,0.2,363.9048
6022,US-2016-156692,2016-08-13,2016-08-13,Same Day,HG-15025,Hunter Glantz,Consumer,United States,Kenner,Louisiana,70065,South,TEC-AC-10000158,Technology,Accessories,Sony 64GB Class 10 Micro SDHC R40 Memory Card,71.98,2,0.0,15.1158
6024,US-2017-128832,2017-04-24,2017-04-27,First Class,LS-16945,Linda Southworth,Corporate,United States,Providence,Rhode Island,2908,East,TEC-AC-10004855,Technology,Accessories,V7 USB Numeric Keypad,69.98,2,0.0,4.8986
6028,CA-2017-136007,2017-02-23,2017-03-02,Standard Class,AC-10615,Ann Chong,Corporate,United States,Seattle,Washington,98115,West,TEC-PH-10003589,Technology,Phones,invisibleSHIELD by ZAGG Smudge-Free Screen Protector,71.96,5,0.2,25.186
6041,CA-2017-122364,2017-09-24,2017-09-29,Standard Class,FA-14230,Frank Atkinson,Corporate,United States,Los Angeles,California,90008,West,TEC-PH-10001817,Technology,Phones,Wilson Electronics DB Pro Signal Booster,859.2,3,0.2,75.18
6042,CA-2017-122364,2017-09-24,2017-09-29,Standard Class,FA-14230,Frank Atkinson,Corporate,United States,Los Angeles,California,90008,West,TEC-MA-10001031,Technology,Machines,Socket Bluetooth Cordless Hand Scanner (CHS),506.28,3,0.2,177.198
6060,CA-2014-138072,2014-12-30,2015-01-03,Standard Class,GA-14725,Guy Armstrong,Consumer,United States,Philadelphia,Pennsylvania,19120,East,TEC-AC-10004859,Technology,Accessories,"Maxell Pro 80 Minute CD-R, 10/Pack",27.968,2,0.2,6.992
6063,CA-2015-111780,2015-12-25,2015-12-30,Second Class,RA-19285,Ralph Arnett,Consumer,United States,San Diego,California,92037,West,TEC-CO-10004202,Technology,Copiers,Brother DCP1000 Digital 3 in 1 Multifunction Machine,1199.96,5,0.2,224.9925
6070,CA-2017-166695,2017-05-20,2017-05-24,Standard Class,CC-12430,Chuck Clark,Home Office,United States,Lakewood,California,90712,West,TEC-MA-10003176,Technology,Machines,Okidata B400 Printer,343.2,1,0.2,38.61
6077,CA-2016-151561,2016-09-01,2016-09-07,Standard Class,PG-18820,Patrick Gardner,Consumer,United States,New York City,New York,10011,East,TEC-AC-10001432,Technology,Accessories,Enermax Aurora Lite Keyboard,468.9,6,0.0,206.316
6078,CA-2016-151561,2016-09-01,2016-09-07,Standard Class,PG-18820,Patrick Gardner,Consumer,United States,New York City,New York,10011,East,TEC-AC-10003399,Technology,Accessories,Memorex Mini Travel Drive 64 GB USB 2.0 Flash Drive,72.48,2,0.0,30.4416
6092,CA-2017-100111,2017-09-20,2017-09-26,Standard Class,SV-20365,Seth Vernon,Consumer,United States,New York City,New York,10035,East,TEC-AC-10002647,Technology,Accessories,"Logitech Wireless Boombox Speaker - portable - wireless, wired",212.8,2,0.0,95.76
6094,CA-2017-100111,2017-09-20,2017-09-26,Standard Class,SV-20365,Seth Vernon,Consumer,United States,New York City,New York,10035,East,TEC-AC-10001465,Technology,Accessories,SanDisk Cruzer 64 GB USB Flash Drive,72.64,2,0.0,21.792
6101,CA-2017-100111,2017-09-20,2017-09-26,Standard Class,SV-20365,Seth Vernon,Consumer,United States,New York City,New York,10035,East,TEC-PH-10002885,Technology,Phones,Apple iPhone 5,1299.66,2,0.0,350.9082
6103,CA-2017-100111,2017-09-20,2017-09-26,Standard Class,SV-20365,Seth Vernon,Consumer,United States,New York City,New York,10035,East,TEC-PH-10000215,Technology,Phones,Plantronics Cordless Phone Headset with In-line Volume - M214C,104.85,3,0.0,28.3095
6104,CA-2017-100111,2017-09-20,2017-09-26,Standard Class,SV-20365,Seth Vernon,Consumer,United States,New York City,New York,10035,East,TEC-AC-10001998,Technology,Accessories,Logitech LS21 Speaker System - PC Multimedia - 2.1-CH - Wired,59.97,3,0.0,20.3898
6117,US-2016-113677,2016-11-13,2016-11-19,Standard Class,CM-12655,Corinna Mitchell,Home Office,United States,New York City,New York,10011,East,TEC-PH-10002114,Technology,Phones,Xiaomi Mi3,2279.96,4,0.0,592.7896
6119,CA-2017-143378,2017-09-19,2017-09-25,Standard Class,JR-16210,Justin Ritter,Corporate,United States,Springfield,Oregon,97477,West,TEC-PH-10001425,Technology,Phones,Mophie Juice Pack Helium for iPhone,191.976,3,0.2,19.1976
6125,CA-2017-145772,2017-06-03,2017-06-07,Standard Class,SS-20140,Saphhira Shifley,Corporate,United States,Los Angeles,California,90036,West,TEC-AC-10003038,Technology,Accessories,Kingston Digital DataTraveler 16GB USB 2.0,44.75,5,0.0,8.5025
6130,CA-2017-162033,2017-03-26,2017-04-02,Standard Class,EM-14200,Evan Minnotte,Home Office,United States,Virginia Beach,Virginia,23464,South,TEC-AC-10003116,Technology,Accessories,Memorex Froggy Flash Drive 8 GB,53.25,3,0.0,20.7675
6136,CA-2015-105613,2015-10-18,2015-10-22,Standard Class,KN-16705,Kristina Nunn,Home Office,United States,Mcallen,Texas,78501,Central,TEC-AC-10000521,Technology,Accessories,"Verbatim Slim CD and DVD Storage Cases, 50/Pack",27.696,3,0.2,3.462
6143,CA-2017-121083,2017-07-09,2017-07-15,Standard Class,JF-15190,Jamie Frazer,Consumer,United States,Manchester,Connecticut,6040,East,TEC-PH-10001336,Technology,Phones,Digium D40 VoIP phone,257.98,2,0.0,74.8142
6149,CA-2016-161928,2016-06-27,2016-06-29,Second Class,AC-10660,Anna Chung,Consumer,United States,San Francisco,California,94109,West,TEC-PH-10003484,Technology,Phones,Ooma Telo VoIP Home Phone System,201.584,2,0.2,12.599
6159,CA-2016-104150,2016-08-03,2016-08-05,Second Class,AG-10330,Alex Grayson,Consumer,United States,Tulsa,Oklahoma,74133,Central,TEC-AC-10004803,Technology,Accessories,Sony Micro Vault Click 4 GB USB 2.0 Flash Drive,167.28,12,0.0,23.4192
6161,CA-2014-103989,2014-03-19,2014-03-21,First Class,MC-17605,Matt Connell,Corporate,United States,Lakeland,Florida,33801,South,TEC-PH-10004667,Technology,Phones,Cisco 8x8 Inc. 6753i IP Business Phone System,323.976,3,0.2,28.3479
6167,CA-2014-103989,2014-03-19,2014-03-21,First Class,MC-17605,Matt Connell,Corporate,United States,Lakeland,Florida,33801,South,TEC-AC-10002647,Technology,Accessories,"Logitech Wireless Boombox Speaker - portable - wireless, wired",170.24,2,0.2,53.2
6174,US-2014-106299,2014-08-02,2014-08-08,Standard Class,NZ-18565,Nick Zandusky,Home Office,United States,Springfield,Missouri,65807,Central,TEC-AC-10003237,Technology,Accessories,Memorex Micro Travel Drive 4 GB,21.2,2,0.0,9.116
6181,CA-2015-158421,2015-09-21,2015-09-26,Standard Class,GB-14575,Giulietta Baptist,Consumer,United States,Columbia,South Carolina,29203,South,TEC-PH-10000369,Technology,Phones,HTC One Mini,629.95,5,0.0,176.386
6182,CA-2015-158421,2015-09-21,2015-09-26,Standard Class,GB-14575,Giulietta Baptist,Consumer,United States,Columbia,South Carolina,29203,South,TEC-PH-10002538,Technology,Phones,Grandstream GXP1160 VoIP phone,113.73,3,0.0,32.9817
6190,CA-2017-157903,2017-04-04,2017-04-08,Standard Class,AM-10705,Anne McFarland,Consumer,United States,Des Plaines,Illinois,60016,Central,TEC-PH-10004345,Technology,Phones,Cisco SPA 502G IP Phone,383.84,4,0.2,47.98
6199,CA-2015-149909,2015-11-13,2015-11-17,Standard Class,RA-19915,Russell Applegate,Consumer,United States,Columbus,Indiana,47201,Central,TEC-PH-10001536,Technology,Phones,Spigen Samsung Galaxy S5 Case Wallet,50.97,3,0.0,13.2522
6201,CA-2015-146675,2015-04-16,2015-04-20,Standard Class,SB-20185,Sarah Brown,Consumer,United States,Evanston,Illinois,60201,Central,TEC-CO-10001766,Technology,Copiers,Canon PC940 Copier,1439.968,4,0.2,485.9892
6218,US-2015-129553,2015-07-27,2015-08-02,Standard Class,PG-18820,Patrick Gardner,Consumer,United States,Louisville,Kentucky,40214,South,TEC-PH-10004897,Technology,Phones,Mediabridge Sport Armband iPhone 5s,29.97,3,0.0,0.2997
6219,CA-2016-160220,2016-10-20,2016-10-26,Standard Class,JS-16030,Joy Smith,Consumer,United States,Trenton,Michigan,48183,Central,TEC-PH-10001300,Technology,Phones,"iKross Bluetooth Portable Keyboard  Cell Phone Stand Holder  Brush for Apple iPhone 5S 5C 5, 4S 4",125.7,6,0.0,35.196
6220,CA-2016-160220,2016-10-20,2016-10-26,Standard Class,JS-16030,Joy Smith,Consumer,United States,Trenton,Michigan,48183,Central,TEC-PH-10001557,Technology,Phones,Pyle PMP37LED,191.98,2,0.0,51.8346
6228,CA-2014-148782,2014-11-02,2014-11-07,Standard Class,PO-18850,Patrick O'Brill,Consumer,United States,Irving,Texas,75061,Central,TEC-PH-10002923,Technology,Phones,"Logitech B530 USB Headset - headset - Full size, Binaural",88.776,3,0.2,7.7679
6230,CA-2016-148208,2016-01-22,2016-01-27,Standard Class,BT-11530,Bradley Talbott,Home Office,United States,Cleveland,Ohio,44105,East,TEC-AC-10000171,Technology,Accessories,"Verbatim 25 GB 6x Blu-ray Single Layer Recordable Disc, 25/Pack",55.176,3,0.2,15.8631
6247,CA-2015-112305,2015-11-20,2015-11-25,Standard Class,KB-16405,Katrina Bavinger,Home Office,United States,Seattle,Washington,98105,West,TEC-AC-10002018,Technology,Accessories,AmazonBasics 3-Button USB Wired Mouse,13.98,2,0.0,6.0114
6254,CA-2014-165806,2014-04-07,2014-04-07,Same Day,VM-21685,Valerie Mitchum,Home Office,United States,Marietta,Georgia,30062,South,TEC-PH-10004922,Technology,Phones,RCA Visys Integrated PBX 8-Line Router,200.97,3,0.0,50.2425
6268,CA-2015-115392,2015-10-01,2015-10-04,Second Class,RM-19675,Robert Marley,Home Office,United States,Cambridge,Massachusetts,2138,East,TEC-PH-10002496,Technology,Phones,Cisco SPA301,311.98,2,0.0,93.594
6273,CA-2017-149706,2017-12-11,2017-12-12,First Class,AS-10285,Alejandro Savely,Corporate,United States,Palatine,Illinois,60067,Central,TEC-AC-10001284,Technology,Accessories,Enermax Briskie RF Wireless Keyboard and Mouse Combo,116.312,7,0.2,23.2624
6275,US-2016-139087,2016-07-17,2016-07-22,Second Class,DK-13375,Dennis Kane,Consumer,United States,Seattle,Washington,98105,West,TEC-AC-10004595,Technology,Accessories,First Data TMFD35 PIN Pad,428.4,3,0.0,89.964
6287,CA-2016-121020,2016-10-24,2016-10-31,Standard Class,CG-12040,Catherine Glotzbach,Home Office,United States,Lebanon,Tennessee,37087,South,TEC-PH-10001061,Technology,Phones,Apple iPhone 5C,239.976,3,0.2,17.9982
6293,CA-2015-151253,2015-04-22,2015-04-26,Standard Class,AZ-10750,Annie Zypern,Consumer,United States,Los Angeles,California,90008,West,TEC-PH-10002923,Technology,Phones,"Logitech B530 USB Headset - headset - Full size, Binaural",88.776,3,0.2,7.7679
6303,CA-2017-166919,2017-11-23,2017-11-27,Standard Class,AH-10210,Alan Hwang,Consumer,United States,Dallas,Texas,75220,Central,TEC-PH-10001305,Technology,Phones,Panasonic KX TS208W Corded phone,195.96,5,0.2,19.596
6314,CA-2017-120019,2017-02-16,2017-02-21,Standard Class,NG-18355,Nat Gilpin,Corporate,United States,Fairfield,Connecticut,6824,East,TEC-PH-10000923,Technology,Phones,"Belkin SportFit Armband For iPhone 5s/5c, Fuchsia",14.99,1,0.0,7.3451
6319,CA-2017-161459,2017-11-25,2017-11-29,Second Class,EB-13750,Edward Becker,Corporate,United States,Laguna Niguel,California,92677,West,TEC-PH-10004071,Technology,Phones,PayAnywhere Card Reader,39.96,5,0.2,3.4965
6324,CA-2014-104402,2014-06-17,2014-06-23,Standard Class,DB-13660,Duane Benoit,Consumer,United States,Newark,Delaware,19711,East,TEC-MA-10000423,Technology,Machines,Texas Instruments TI-34 Scientific Calculator,65.97,3,0.0,31.0059
6338,CA-2016-165995,2016-08-30,2016-09-06,Standard Class,BG-11740,Bruce Geld,Consumer,United States,Los Angeles,California,90008,West,TEC-PH-10004908,Technology,Phones,Panasonic KX TS3282W Corded phone,339.96,5,0.2,42.495
6339,CA-2017-143112,2017-10-05,2017-10-09,Standard Class,TS-21370,Todd Sumrall,Corporate,United States,New York City,New York,10035,East,TEC-PH-10003095,Technology,Phones,Samsung HM1900 Bluetooth Headset,87.8,4,0.0,43.9
6341,CA-2017-143112,2017-10-05,2017-10-09,Standard Class,TS-21370,Todd Sumrall,Corporate,United States,New York City,New York,10035,East,TEC-MA-10001047,Technology,Machines,"3D Systems Cube Printer, 2nd Generation, Magenta",5199.96,4,0.0,1351.9896
6343,CA-2015-146255,2015-03-07,2015-03-10,First Class,EM-14140,Eugene Moren,Home Office,United States,Newark,Delaware,19711,East,TEC-AC-10004469,Technology,Accessories,Microsoft Sculpt Comfort Mouse,119.85,3,0.0,52.734
6346,CA-2015-146255,2015-03-07,2015-03-10,First Class,EM-14140,Eugene Moren,Home Office,United States,Newark,Delaware,19711,East,TEC-PH-10001619,Technology,Phones,LG G3,587.97,3,0.0,170.5113
6352,CA-2017-161130,2017-11-03,2017-11-08,Standard Class,BF-11275,Beth Fritzler,Corporate,United States,Miami,Florida,33178,South,TEC-PH-10002549,Technology,Phones,Polycom SoundPoint IP 450 VoIP phone,361.376,2,0.2,27.1032
6355,US-2015-109015,2015-09-06,2015-09-12,Standard Class,BS-11590,Brendan Sweed,Corporate,United States,New York City,New York,10011,East,TEC-PH-10002922,Technology,Phones,ShoreTel ShorePhone IP 230 VoIP phone,337.98,2,0.0,101.394
6360,CA-2017-139080,2017-01-23,2017-01-28,Standard Class,CS-12250,Chris Selesnick,Corporate,United States,Seattle,Washington,98103,West,TEC-PH-10004100,Technology,Phones,Griffin GC17055 Auxiliary Audio Cable,86.352,6,0.2,8.6352
6364,CA-2017-110443,2017-11-21,2017-11-25,Standard Class,CK-12205,Chloris Kastensmidt,Consumer,United States,Renton,Washington,98059,West,TEC-MA-10002073,Technology,Machines,"3D Systems Cube Printer, 2nd Generation, White",1039.992,1,0.2,103.9992
6366,CA-2017-144848,2017-04-04,2017-04-05,First Class,DS-13030,Darrin Sayre,Home Office,United States,New York City,New York,10009,East,TEC-PH-10004006,Technology,Phones,Panasonic KX - TS880B Telephone,41.22,1,0.0,11.1294
6368,CA-2017-144848,2017-04-04,2017-04-05,First Class,DS-13030,Darrin Sayre,Home Office,United States,New York City,New York,10009,East,TEC-PH-10002262,Technology,Phones,LG Electronics Tone HBS-730 Bluetooth Headset,119.02,2,0.0,33.3256
6374,CA-2017-143035,2017-10-03,2017-10-05,Second Class,CC-12430,Chuck Clark,Home Office,United States,New York City,New York,10009,East,TEC-AC-10002049,Technology,Accessories,Logitech G19 Programmable Gaming Keyboard,371.97,3,0.0,66.9546
6379,CA-2017-150623,2017-04-10,2017-04-14,Standard Class,DB-13360,Dennis Bolton,Home Office,United States,Waterbury,Connecticut,6708,East,TEC-AC-10004571,Technology,Accessories,Logitech G700s Rechargeable Gaming Mouse,99.99,1,0.0,41.9958
6385,US-2017-104661,2017-01-15,2017-01-18,First Class,TB-21250,Tim Brockman,Consumer,United States,Austin,Texas,78745,Central,TEC-AC-10003628,Technology,Accessories,Logitech 910-002974 M325 Wireless Mouse for Web Scrolling,47.984,2,0.2,14.3952
6386,US-2017-104661,2017-01-15,2017-01-18,First Class,TB-21250,Tim Brockman,Consumer,United States,Austin,Texas,78745,Central,TEC-AC-10002331,Technology,Accessories,"Maxell 74 Minute CDR, 10/Pack",62.592,8,0.2,13.3008
6399,CA-2017-151981,2017-08-06,2017-08-12,Standard Class,GM-14455,Gary Mitchum,Home Office,United States,Concord,New Hampshire,3301,East,TEC-PH-10003601,Technology,Phones,"Ativa D5772 2-Line 5.8GHz Digital Expandable Corded/Cordless Phone System with Answering & Caller ID/Call Waiting, Black/Silver",824.95,5,0.0,247.485
6405,CA-2015-156328,2015-11-30,2015-12-05,Standard Class,RM-19375,Raymond Messe,Consumer,United States,Raleigh,North Carolina,27604,South,TEC-PH-10001198,Technology,Phones,Avaya 4621SW VoIP phone,177.48,3,0.2,19.9665
6411,CA-2017-161774,2017-05-14,2017-05-15,First Class,GT-14710,Greg Tran,Consumer,United States,Houston,Texas,77041,Central,TEC-PH-10004071,Technology,Phones,PayAnywhere Card Reader,7.992,1,0.2,0.6993
6414,CA-2017-151211,2017-08-17,2017-08-23,Standard Class,AH-10120,Adrian Hane,Home Office,United States,Louisville,Kentucky,40214,South,TEC-AC-10004510,Technology,Accessories,Logitech Desktop MK120 Mouse and keyboard Combo,98.16,6,0.0,9.816
6423,CA-2014-159121,2014-07-26,2014-08-01,Standard Class,JO-15145,Jack O'Briant,Corporate,United States,Draper,Utah,84020,West,TEC-AC-10002006,Technology,Accessories,Memorex Micro Travel Drive 16 GB,111.93,7,0.0,34.6983
6426,CA-2016-143714,2016-05-23,2016-05-27,Standard Class,CC-12370,Christopher Conant,Consumer,United States,Philadelphia,Pennsylvania,19120,East,TEC-CO-10004722,Technology,Copiers,Canon imageCLASS 2200 Advanced Copier,8399.976,4,0.4,1119.9968
6435,CA-2015-121405,2015-03-30,2015-04-04,Standard Class,FC-14335,Fred Chung,Corporate,United States,Chicago,Illinois,60610,Central,TEC-PH-10002890,Technology,Phones,AT&T 17929 Lendline Telephone,180.96,5,0.2,13.572
6438,US-2017-116897,2017-05-27,2017-05-29,First Class,JG-15160,James Galang,Consumer,United States,Pocatello,Idaho,83201,West,TEC-PH-10004389,Technology,Phones,Nokia Lumia 925,302.376,3,0.2,22.6782
6453,US-2015-110261,2015-12-19,2015-12-23,Second Class,PR-18880,Patrick Ryan,Consumer,United States,Glenview,Illinois,60025,Central,TEC-PH-10001750,Technology,Phones,Samsung Rugby III,158.376,3,0.2,13.8579
6457,CA-2014-110065,2014-08-05,2014-08-11,Standard Class,SP-20650,Stephanie Phelps,Corporate,United States,New York City,New York,10009,East,TEC-PH-10002468,Technology,Phones,"Plantronics CS 50-USB - headset - Convertible, Monaural",135.99,1,0.0,36.7173
6462,US-2017-133361,2017-05-14,2017-05-17,First Class,AJ-10780,Anthony Jacobs,Corporate,United States,Baltimore,Maryland,21215,East,TEC-AC-10003280,Technology,Accessories,Belkin F8E887 USB Wired Ergonomic Keyboard,89.97,3,0.0,18.8937
6467,CA-2017-153080,2017-05-22,2017-05-25,Second Class,EH-13945,Eric Hoffmann,Consumer,United States,Los Angeles,California,90008,West,TEC-AC-10002331,Technology,Accessories,"Maxell 74 Minute CDR, 10/Pack",68.46,7,0.0,25.3302
6469,CA-2016-163804,2016-12-02,2016-12-08,Standard Class,DB-13270,Deborah Brumfield,Home Office,United States,Providence,Rhode Island,2908,East,TEC-PH-10000441,Technology,Phones,VTech DS6151,629.95,5,0.0,176.386
6471,CA-2015-108532,2015-08-29,2015-09-02,Standard Class,CC-12100,Chad Cunningham,Home Office,United States,Detroit,Michigan,48234,Central,TEC-PH-10001750,Technology,Phones,Samsung Rugby III,131.98,2,0.0,35.6346
6472,CA-2015-108532,2015-08-29,2015-09-02,Standard Class,CC-12100,Chad Cunningham,Home Office,United States,Detroit,Michigan,48234,Central,TEC-AC-10004510,Technology,Accessories,Logitech Desktop MK120 Mouse and keyboard Combo,114.52,7,0.0,11.452
6480,CA-2017-140872,2017-06-03,2017-06-10,Standard Class,NR-18550,Nick Radford,Consumer,United States,Pembroke Pines,Florida,33024,South,TEC-PH-10000441,Technology,Phones,VTech DS6151,503.96,5,0.2,50.396
6485,CA-2017-113908,2017-06-03,2017-06-09,Standard Class,KN-16390,Katherine Nockton,Corporate,United States,New York City,New York,10011,East,TEC-MA-10003173,Technology,Machines,Hewlett-Packard 300S Scientific Calculator,78.66,6,0.0,36.1836
6494,CA-2016-113845,2016-11-20,2016-11-25,Standard Class,FA-14230,Frank Atkinson,Corporate,United States,Orlando,Florida,32839,South,TEC-PH-10003357,Technology,Phones,Grandstream GXP2100 Mainstream Business Phone,244.768,4,0.2,24.4768
6500,CA-2015-103135,2015-07-24,2015-07-28,Standard Class,SS-20515,Shirley Schmidt,Home Office,United States,Louisville,Kentucky,40214,South,TEC-AC-10003289,Technology,Accessories,Anker Ultra-Slim Mini Bluetooth 3.0 Wireless Keyboard,279.86,14,0.0,64.3678
6515,CA-2017-167640,2017-03-06,2017-03-10,Standard Class,FC-14245,Frank Carlisle,Home Office,United States,San Francisco,California,94109,West,TEC-PH-10001336,Technology,Phones,Digium D40 VoIP phone,206.384,2,0.2,23.2182
6528,CA-2016-157791,2016-12-23,2016-12-28,Second Class,CA-11965,Carol Adams,Corporate,United States,Warwick,Rhode Island,2886,East,TEC-CO-10002095,Technology,Copiers,Hewlett Packard 610 Color Digital Copier / Printer,1999.96,4,0.0,899.982
6533,US-2017-107384,2017-12-04,2017-12-08,Standard Class,TP-21130,Theone Pippenger,Consumer,United States,Rochester,Minnesota,55901,Central,TEC-AC-10004595,Technology,Accessories,First Data TMFD35 PIN Pad,142.8,1,0.0,29.988
6534,US-2017-107384,2017-12-04,2017-12-08,Standard Class,TP-21130,Theone Pippenger,Consumer,United States,Rochester,Minnesota,55901,Central,TEC-AC-10001539,Technology,Accessories,Logitech G430 Surround Sound Gaming Headset with Dolby 7.1 Technology,399.95,5,0.0,143.982
6539,CA-2015-109862,2015-10-25,2015-10-30,Standard Class,HK-14890,Heather Kirkland,Corporate,United States,Newark,Delaware,19711,East,TEC-PH-10004042,Technology,Phones,ClearOne Communications CHAT 70 OC Speaker Phone,158.99,1,0.0,41.3374
6543,US-2017-107888,2017-11-16,2017-11-19,First Class,CC-12220,Chris Cortes,Consumer,United States,Seattle,Washington,98103,West,TEC-PH-10003171,Technology,Phones,Plantronics Encore H101 Dual Earpieces Headset,107.88,3,0.2,10.788
6554,CA-2014-137092,2014-10-20,2014-10-22,Second Class,LS-16975,Lindsay Shagiari,Home Office,United States,Chicago,Illinois,60653,Central,TEC-AC-10001606,Technology,Accessories,Logitech Wireless Performance Mouse MX for PC and Mac,319.968,4,0.2,71.9928
6572,CA-2014-100678,2014-04-18,2014-04-22,Standard Class,KM-16720,Kunst Miller,Consumer,United States,Houston,Texas,77095,Central,TEC-AC-10000474,Technology,Accessories,Kensington Expert Mouse Optical USB Trackball for PC or Mac,227.976,3,0.2,28.497
6575,CA-2016-160535,2016-11-25,2016-11-30,Standard Class,BP-11050,Barry Pond,Corporate,United States,Plainfield,New Jersey,7060,East,TEC-MA-10004255,Technology,Machines,Konica Minolta magicolor 1690MF Multifunction Printer,319.92,8,0.0,118.3704
6576,CA-2017-123085,2017-03-03,2017-03-08,Standard Class,EJ-13720,Ed Jacobs,Consumer,United States,Los Angeles,California,90008,West,TEC-AC-10000990,Technology,Accessories,Imation Bio 2GB USB Flash Drive Imation Corp,1049.44,8,0.0,440.7648
6578,CA-2015-153752,2015-12-06,2015-12-11,Second Class,RO-19780,Rose O'Brian,Consumer,United States,Arlington,Virginia,22204,South,TEC-PH-10001615,Technology,Phones,AT&T CL82213,173.94,6,0.0,50.4426
6579,CA-2014-103660,2014-08-25,2014-08-30,Standard Class,MW-18220,Mitch Webber,Consumer,United States,Seattle,Washington,98103,West,TEC-PH-10000895,Technology,Phones,Polycom VVX 310 VoIP phone,1007.944,7,0.2,75.5958
6583,CA-2016-148516,2016-08-07,2016-08-11,Standard Class,DW-13585,Dorothy Wardle,Corporate,United States,Edmonds,Washington,98026,West,TEC-AC-10003610,Technology,Accessories,Logitech Illuminated - Keyboard,179.97,3,0.0,86.3856
6585,CA-2017-104731,2017-07-21,2017-07-27,Standard Class,AM-10705,Anne McFarland,Consumer,United States,Salem,Virginia,24153,South,TEC-PH-10002660,Technology,Phones,Nortel Networks T7316 E Nt8 B27,271.96,4,0.0,67.99
6593,CA-2015-103716,2015-04-30,2015-05-06,Standard Class,KB-16585,Ken Black,Corporate,United States,San Francisco,California,94110,West,TEC-PH-10000347,Technology,Phones,Cush Cases Heavy Duty Rugged Cover Case for Samsung Galaxy S5 - Purple,19.8,5,0.2,1.7325
6607,CA-2016-148852,2016-05-26,2016-05-31,Standard Class,SV-20785,Stewart Visinsky,Consumer,United States,Santa Ana,California,92704,West,TEC-PH-10003885,Technology,Phones,Cisco SPA508G,211.168,4,0.2,23.7564
6609,CA-2016-148852,2016-05-26,2016-05-31,Standard Class,SV-20785,Stewart Visinsky,Consumer,United States,Santa Ana,California,92704,West,TEC-MA-10002428,Technology,Machines,Fellowes Powershred HS-440 4-Sheet High Security Shredder,371.976,3,0.2,116.2425
6614,CA-2015-107678,2015-04-21,2015-04-28,Standard Class,JK-16090,Juliana Krohn,Consumer,United States,Louisville,Kentucky,40214,South,TEC-PH-10002103,Technology,Phones,Jabra SPEAK 410,469.95,5,0.0,131.586
6627,CA-2014-145541,2014-12-14,2014-12-21,Standard Class,TB-21400,Tom Boeckenhauer,Consumer,United States,New York City,New York,10024,East,TEC-MA-10001127,Technology,Machines,"HP Designjet T520 Inkjet Large Format Printer - 24"" Color",6999.96,4,0.0,2239.9872
6629,CA-2015-135489,2015-09-19,2015-09-22,Second Class,GW-14605,Giulietta Weimer,Consumer,United States,New York City,New York,10024,East,TEC-PH-10000011,Technology,Phones,PureGear Roll-On Screen Protector,279.86,14,0.0,134.3328
6634,CA-2016-166275,2016-10-24,2016-10-24,Same Day,SS-20590,Sonia Sunley,Consumer,United States,San Francisco,California,94109,West,TEC-AC-10001838,Technology,Accessories,Razer Tiamat Over Ear 7.1 Surround Sound PC Gaming Headset,199.99,1,0.0,85.9957
6636,CA-2017-144498,2017-05-06,2017-05-06,Same Day,MB-18085,Mick Brown,Consumer,United States,Charlotte,North Carolina,28205,South,TEC-PH-10004977,Technology,Phones,GE 30524EE4,627.168,4,0.2,70.5564
6642,CA-2017-128328,2017-08-05,2017-08-09,Standard Class,PO-18865,Patrick O'Donnell,Consumer,United States,Indianapolis,Indiana,46203,Central,TEC-AC-10001714,Technology,Accessories,Logitech MX Performance Wireless Mouse,79.78,2,0.0,29.5186
6644,US-2015-156496,2015-08-10,2015-08-16,Standard Class,WB-21850,William Brown,Consumer,United States,Redmond,Oregon,97756,West,TEC-PH-10000576,Technology,Phones,AT&T 1080 Corded phone,438.368,4,0.2,38.3572
6650,US-2017-124779,2017-09-08,2017-09-11,First Class,BF-11020,Barry Französisch,Corporate,United States,Arlington,Texas,76017,Central,TEC-CO-10001943,Technology,Copiers,Canon PC-428 Personal Copier,319.984,2,0.2,107.9946
6655,CA-2017-135937,2017-02-20,2017-02-27,Standard Class,KM-16375,Katherine Murray,Home Office,United States,Gilbert,Arizona,85234,West,TEC-PH-10004447,Technology,Phones,Toshiba IPT2010-SD IP Telephone,333.576,3,0.2,25.0182
6656,CA-2017-135937,2017-02-20,2017-02-27,Standard Class,KM-16375,Katherine Murray,Home Office,United States,Gilbert,Arizona,85234,West,TEC-AC-10001114,Technology,Accessories,Microsoft Wireless Mobile Mouse 4000,31.992,1,0.2,4.7988
6670,CA-2017-122175,2017-05-12,2017-05-14,Second Class,CA-12775,Cynthia Arntzen,Consumer,United States,Vineland,New Jersey,8360,East,TEC-AC-10004859,Technology,Accessories,"Maxell Pro 80 Minute CD-R, 10/Pack",87.4,5,0.0,34.96
6676,CA-2015-109337,2015-11-21,2015-11-23,Second Class,DL-13330,Denise Leinenbach,Consumer,United States,Lawrence,Indiana,46226,Central,TEC-MA-10002930,Technology,Machines,Ricoh - Ink Collector Unit for GX3000 Series Printers,83.9,2,0.0,22.653
6678,CA-2015-109337,2015-11-21,2015-11-23,Second Class,DL-13330,Denise Leinenbach,Consumer,United States,Lawrence,Indiana,46226,Central,TEC-AC-10000990,Technology,Accessories,Imation Bio 2GB USB Flash Drive Imation Corp,393.54,3,0.0,165.2868
6689,CA-2017-140494,2017-03-10,2017-03-15,Second Class,CM-11815,Candace McMahon,Corporate,United States,San Francisco,California,94109,West,TEC-AC-10004568,Technology,Accessories,Maxell LTO Ultrium - 800 GB,111.96,4,0.0,21.2724
6695,US-2016-163538,2016-08-26,2016-08-30,Standard Class,SS-20515,Shirley Schmidt,Home Office,United States,Franklin,Wisconsin,53132,Central,TEC-AC-10002006,Technology,Accessories,Memorex Micro Travel Drive 16 GB,47.97,3,0.0,14.8707
6704,CA-2015-139164,2015-06-23,2015-06-28,Standard Class,CS-12355,Christine Sundaresam,Consumer,United States,Long Beach,California,90805,West,TEC-PH-10002468,Technology,Phones,"Plantronics CS 50-USB - headset - Convertible, Monaural",217.584,2,0.2,19.0386
6706,CA-2015-139164,2015-06-23,2015-06-28,Standard Class,CS-12355,Christine Sundaresam,Consumer,United States,Long Beach,California,90805,West,TEC-PH-10003931,Technology,Phones,JBL Micro Wireless Portable Bluetooth Speaker,143.976,3,0.2,8.9985
6707,CA-2016-112277,2016-09-10,2016-09-15,Standard Class,SC-20695,Steve Chapman,Corporate,United States,Fort Lauderdale,Florida,33311,South,TEC-PH-10003505,Technology,Phones,Geemarc AmpliPOWER60,519.68,7,0.2,58.464
6721,CA-2017-102974,2017-09-19,2017-09-24,Standard Class,DP-13105,Dave Poirier,Corporate,United States,Los Angeles,California,90032,West,TEC-AC-10000057,Technology,Accessories,Microsoft Natural Ergonomic Keyboard 4000,149.95,5,0.0,31.4895
6745,CA-2017-111269,2017-06-16,2017-06-18,Second Class,CS-12355,Christine Sundaresam,Consumer,United States,Dublin,Ohio,43017,East,TEC-AC-10001606,Technology,Accessories,Logitech Wireless Performance Mouse MX for PC and Mac,479.952,6,0.2,107.9892
6747,CA-2017-159156,2017-11-13,2017-11-16,First Class,KB-16600,Ken Brennan,Corporate,United States,New York City,New York,10009,East,TEC-PH-10004389,Technology,Phones,Nokia Lumia 925,629.95,5,0.0,163.787
6750,CA-2017-100230,2017-12-11,2017-12-15,Standard Class,AA-10375,Allen Armold,Consumer,United States,New York City,New York,10035,East,TEC-PH-10004522,Technology,Phones,Dexim XPower Skin Super-Thin Power Case for iPhone 5 - Black,116.98,2,0.0,29.245
6758,CA-2017-124205,2017-09-15,2017-09-19,Standard Class,TC-21145,Theresa Coyne,Corporate,United States,Lakewood,New Jersey,8701,East,TEC-PH-10002115,Technology,Phones,Plantronics 81402,395.94,6,0.0,102.9444
6778,US-2017-166037,2017-01-28,2017-02-01,Standard Class,CL-12700,Craig Leslie,Home Office,United States,New York City,New York,10009,East,TEC-AC-10002800,Technology,Accessories,Plantronics Audio 478 Stereo USB Headset,449.91,9,0.0,157.4685
6795,CA-2015-145394,2015-11-16,2015-11-20,Standard Class,MC-17605,Matt Connell,Corporate,United States,Chicago,Illinois,60610,Central,TEC-PH-10001051,Technology,Phones,HTC One,239.976,3,0.2,26.9973
6803,CA-2016-109827,2016-12-25,2017-01-01,Standard Class,LW-16825,Laurel Workman,Corporate,United States,Phoenix,Arizona,85023,West,TEC-AC-10004353,Technology,Accessories,Hypercom P1300 Pinpad,100.8,2,0.2,21.42
6805,CA-2014-152233,2014-10-05,2014-10-06,First Class,KH-16510,Keith Herrera,Consumer,United States,Pomona,California,91767,West,TEC-AC-10002800,Technology,Accessories,Plantronics Audio 478 Stereo USB Headset,99.98,2,0.0,34.993
6827,CA-2016-118689,2016-10-02,2016-10-09,Standard Class,TC-20980,Tamara Chand,Corporate,United States,Lafayette,Indiana,47905,Central,TEC-CO-10004722,Technology,Copiers,Canon imageCLASS 2200 Advanced Copier,17499.95,5,0.0,8399.976
6831,CA-2016-140438,2016-12-24,2016-12-27,Second Class,PW-19030,Pauline Webber,Corporate,United States,New York City,New York,10009,East,TEC-PH-10001750,Technology,Phones,Samsung Rugby III,197.97,3,0.0,53.4519
6835,CA-2016-142615,2016-11-20,2016-11-24,Standard Class,BM-11575,Brendan Murry,Corporate,United States,Montebello,California,90640,West,TEC-AC-10004803,Technology,Accessories,Sony Micro Vault Click 4 GB USB 2.0 Flash Drive,27.88,2,0.0,3.9032
6840,CA-2017-107517,2017-02-05,2017-02-09,Standard Class,FC-14335,Fred Chung,Corporate,United States,Torrance,California,90503,West,TEC-PH-10003505,Technology,Phones,Geemarc AmpliPOWER60,371.2,5,0.2,41.76
6842,CA-2016-123946,2016-09-12,2016-09-17,Standard Class,AJ-10795,Anthony Johnson,Corporate,United States,Springfield,Virginia,22153,South,TEC-AC-10004877,Technology,Accessories,Imation 30456 USB Flash Drive 8GB,20.7,3,0.0,1.656
6848,CA-2016-162110,2016-07-18,2016-07-22,Standard Class,NP-18670,Nora Paige,Consumer,United States,Phoenix,Arizona,85023,West,TEC-PH-10001924,Technology,Phones,iHome FM Clock Radio with Lightning Dock,55.992,1,0.2,3.4995
6854,US-2017-162670,2017-12-23,2017-12-28,Second Class,MF-18250,Monica Federle,Corporate,United States,Little Rock,Arkansas,72209,South,TEC-PH-10003601,Technology,Phones,"Ativa D5772 2-Line 5.8GHz Digital Expandable Corded/Cordless Phone System with Answering & Caller ID/Call Waiting, Black/Silver",494.97,3,0.0,148.491
6861,CA-2017-128965,2017-04-17,2017-04-22,Standard Class,PS-18760,Pamela Stobb,Consumer,United States,Los Angeles,California,90008,West,TEC-AC-10001383,Technology,Accessories,Logitech Wireless Touch Keyboard K400,274.89,11,0.0,46.7313
6867,US-2016-126452,2016-08-21,2016-08-28,Standard Class,SC-20230,Scot Coram,Corporate,United States,Los Angeles,California,90004,West,TEC-AC-10000844,Technology,Accessories,Logitech Gaming G510s - Keyboard,254.97,3,0.0,91.7892
6886,CA-2017-123036,2017-09-10,2017-09-17,Standard Class,HA-14905,Helen Abelman,Consumer,United States,Springfield,Ohio,45503,East,TEC-AC-10003499,Technology,Accessories,Memorex Mini Travel Drive 8 GB USB 2.0 Flash Drive,37.056,4,0.2,8.8008
6890,CA-2017-164756,2017-09-18,2017-09-22,Standard Class,SS-20140,Saphhira Shifley,Corporate,United States,Columbus,Georgia,31907,South,TEC-PH-10001552,Technology,Phones,I Need's 3d Hello Kitty Hybrid Silicone Case Cover for HTC One X 4g with 3d Hello Kitty Stylus Pen Green/pink,95.68,8,0.0,26.7904
6895,CA-2017-164756,2017-09-18,2017-09-22,Standard Class,SS-20140,Saphhira Shifley,Corporate,United States,Columbus,Georgia,31907,South,TEC-PH-10002447,Technology,Phones,AT&T CL83451 4-Handset Telephone,411.98,2,0.0,119.4742
6901,CA-2015-140557,2015-09-07,2015-09-11,Standard Class,TN-21040,Tanja Norvell,Home Office,United States,New York City,New York,10009,East,TEC-AC-10002402,Technology,Accessories,Razer Kraken PRO Over Ear PC and Music Headset,559.93,7,0.0,167.979
6902,US-2017-135013,2017-07-24,2017-07-24,Same Day,HR-14830,Harold Ryan,Corporate,United States,Huntington Beach,California,92646,West,TEC-CO-10001449,Technology,Copiers,Hewlett Packard LaserJet 3310 Copier,2399.96,5,0.2,839.986
6908,CA-2016-140249,2016-09-27,2016-10-03,Standard Class,SW-20455,Shaun Weien,Consumer,United States,Seattle,Washington,98103,West,TEC-PH-10002584,Technology,Phones,Samsung Galaxy S4,1001.584,2,0.2,125.198
6913,US-2017-128398,2017-05-02,2017-05-05,Second Class,EM-13825,Elizabeth Moffitt,Corporate,United States,Los Angeles,California,90049,West,TEC-AC-10001714,Technology,Accessories,Logitech MX Performance Wireless Mouse,159.56,4,0.0,59.0372
6914,CA-2015-104115,2015-06-12,2015-06-16,Standard Class,JH-15910,Jonathan Howell,Consumer,United States,West Palm Beach,Florida,33407,South,TEC-PH-10002844,Technology,Phones,Speck Products Candyshell Flip Case,55.984,2,0.2,4.1988
6930,CA-2016-140382,2016-06-23,2016-06-25,Second Class,RD-19900,Ruben Dartt,Consumer,United States,San Francisco,California,94109,West,TEC-PH-10003012,Technology,Phones,Nortel Meridian M3904 Professional Digital phone,862.344,7,0.2,97.0137
6939,CA-2016-125094,2016-11-05,2016-11-09,Standard Class,NP-18700,Nora Preis,Consumer,United States,Seattle,Washington,98105,West,TEC-AC-10004420,Technology,Accessories,Cherry 142-key Programmable Keyboard,479.72,4,0.0,52.7692
6944,CA-2015-139248,2015-07-25,2015-07-30,Standard Class,RD-19930,Russell D'Ascenzo,Consumer,United States,Los Angeles,California,90032,West,TEC-PH-10004094,Technology,Phones,Motorola L703CM,623.96,5,0.2,38.9975
6952,CA-2015-161767,2015-11-20,2015-11-24,Standard Class,GK-14620,Grace Kelly,Corporate,United States,Dallas,Texas,75217,Central,TEC-MA-10002790,Technology,Machines,NeatDesk Desktop Scanner & Digital Filing System,479.988,2,0.4,55.9986
6955,CA-2015-129917,2015-10-02,2015-10-03,First Class,HM-14980,Henry MacAllister,Consumer,United States,Los Angeles,California,90008,West,TEC-PH-10000369,Technology,Phones,HTC One Mini,503.96,5,0.2,50.396
6966,CA-2016-157161,2016-07-16,2016-07-20,Second Class,JD-15895,Jonathan Doherty,Corporate,United States,Columbia,South Carolina,29203,South,TEC-AC-10000358,Technology,Accessories,Imation Secure Drive  Hardware Encrypted USB flash drive - 16 GB,75.98,2,0.0,18.2352
6969,CA-2015-110765,2015-10-16,2015-10-20,Second Class,MP-17965,Michael Paige,Corporate,United States,New York City,New York,10011,East,TEC-PH-10004165,Technology,Phones,Mitel MiVoice 5330e IP Phone,824.97,3,0.0,214.4922
6972,CA-2017-153822,2017-09-19,2017-09-25,Standard Class,AB-10105,Adrian Barton,Consumer,United States,Phoenix,Arizona,85023,West,TEC-AC-10000109,Technology,Accessories,Sony Micro Vault Click 16 GB USB 2.0 Flash Drive,89.584,2,0.2,4.4792
6973,CA-2017-153822,2017-09-19,2017-09-25,Standard Class,AB-10105,Adrian Barton,Consumer,United States,Phoenix,Arizona,85023,West,TEC-PH-10002415,Technology,Phones,Polycom VoiceStation 500 Conference phone,471.92,2,0.2,29.495
6978,US-2016-119298,2016-11-25,2016-11-28,First Class,EP-13915,Emily Phan,Consumer,United States,Jonesboro,Arkansas,72401,South,TEC-PH-10002564,Technology,Phones,OtterBox Defender Series Case - Samsung Galaxy S4,59.98,2,0.0,17.994
6984,CA-2016-116526,2016-09-01,2016-09-05,Standard Class,JA-15970,Joseph Airdo,Consumer,United States,Detroit,Michigan,48227,Central,TEC-PH-10002365,Technology,Phones,Belkin Grip Candy Sheer Case / Cover for iPhone 5 and 5S,8.78,1,0.0,2.2828
6992,CA-2015-109386,2015-11-08,2015-11-13,Second Class,RH-19600,Rob Haberlin,Consumer,United States,Hampton,Virginia,23666,South,TEC-PH-10002890,Technology,Phones,AT&T 17929 Lendline Telephone,226.2,5,0.0,58.812
7016,CA-2014-114790,2014-03-11,2014-03-13,Second Class,FM-14215,Filia McAdams,Corporate,United States,Richmond,Kentucky,40475,South,TEC-AC-10000710,Technology,Accessories,Maxell DVD-RAM Discs,32.96,2,0.0,14.1728
7017,CA-2014-114790,2014-03-11,2014-03-13,Second Class,FM-14215,Filia McAdams,Corporate,United States,Richmond,Kentucky,40475,South,TEC-PH-10000984,Technology,Phones,Panasonic KX-TG9471B,587.97,3,0.0,164.6316
7023,CA-2014-124737,2014-08-23,2014-08-27,Standard Class,AP-10915,Arthur Prichep,Consumer,United States,Denver,Colorado,80219,West,TEC-PH-10000149,Technology,Phones,Cisco SPA525G2 IP Phone - Wireless,143.64,9,0.2,10.773
7026,US-2017-101840,2017-02-06,2017-02-12,Standard Class,SP-20545,Sibella Parks,Corporate,United States,New York City,New York,10024,East,TEC-PH-10002538,Technology,Phones,Grandstream GXP1160 VoIP phone,227.46,6,0.0,65.9634
7031,CA-2016-145548,2016-11-11,2016-11-16,Standard Class,EB-13750,Edward Becker,Corporate,United States,New York City,New York,10011,East,TEC-AC-10002305,Technology,Accessories,KeyTronic E03601U1 - Keyboard - Beige,36.0,2,0.0,6.48
7037,CA-2014-124618,2014-05-02,2014-05-04,Second Class,CS-11860,Cari Schnelling,Consumer,United States,Lakeland,Florida,33801,South,TEC-CO-10004202,Technology,Copiers,Brother DCP1000 Digital 3 in 1 Multifunction Machine,479.984,2,0.2,89.997
7043,US-2017-165358,2017-07-18,2017-07-23,Standard Class,SV-20365,Seth Vernon,Consumer,United States,Philadelphia,Pennsylvania,19134,East,TEC-CO-10001943,Technology,Copiers,Canon PC-428 Personal Copier,599.97,5,0.4,69.9965
7048,CA-2014-150581,2014-04-08,2014-04-12,Standard Class,NM-18445,Nathan Mautz,Home Office,United States,Concord,California,94521,West,TEC-AC-10001908,Technology,Accessories,Logitech Wireless Headset h800,399.96,4,0.0,139.986
7054,CA-2016-165330,2016-12-11,2016-12-11,Same Day,WB-21850,William Brown,Consumer,United States,Anaheim,California,92804,West,TEC-AC-10000057,Technology,Accessories,Microsoft Natural Ergonomic Keyboard 4000,119.96,4,0.0,25.1916
7082,CA-2016-106950,2016-09-02,2016-09-06,Standard Class,JE-15715,Joe Elijah,Consumer,United States,Charlotte,North Carolina,28205,South,TEC-AC-10002049,Technology,Accessories,Plantronics Savi W720 Multi-Device Wireless Headset System,1012.68,3,0.2,303.804
7085,CA-2017-118724,2017-07-21,2017-07-25,Second Class,AR-10825,Anthony Rawles,Corporate,United States,Concord,California,94521,West,TEC-PH-10002549,Technology,Phones,Polycom SoundPoint IP 450 VoIP phone,1626.192,9,0.2,121.9644
7090,CA-2017-118864,2017-06-15,2017-06-19,Second Class,KH-16690,Kristen Hastings,Corporate,United States,Los Angeles,California,90032,West,TEC-PH-10001809,Technology,Phones,Panasonic KX T7736-B Digital phone,119.96,1,0.2,7.4975
7095,US-2015-153374,2015-02-09,2015-02-13,Second Class,JF-15565,Jill Fjeld,Consumer,United States,Decatur,Illinois,62521,Central,TEC-AC-10001908,Technology,Accessories,Logitech Wireless Headset h800,479.952,6,0.2,89.991
7107,CA-2017-128944,2017-06-19,2017-06-21,Second Class,KH-16330,Katharine Harms,Corporate,United States,Newark,Ohio,43055,East,TEC-AC-10001553,Technology,Accessories,"Memorex 25GB 6X Branded Blu-Ray Recordable Disc, 15/Pack",122.328,9,0.2,1.5291
7108,CA-2016-109666,2016-04-19,2016-04-26,Standard Class,KM-16720,Kunst Miller,Consumer,United States,New York City,New York,10035,East,TEC-PH-10004774,Technology,Phones,Gear Head AU3700S Headset,25.98,2,0.0,0.7794
7130,CA-2016-166282,2016-04-16,2016-04-22,Standard Class,PK-19075,Pete Kriz,Consumer,United States,Nashville,Tennessee,37211,South,TEC-AC-10004209,Technology,Accessories,Memorex Froggy Flash Drive 4 GB,35.168,4,0.2,8.3524
7133,CA-2017-141439,2017-11-26,2017-12-01,Standard Class,TT-21460,Tonja Turnell,Home Office,United States,Richmond,Indiana,47374,Central,TEC-PH-10002624,Technology,Phones,Samsung Galaxy S4 Mini,1879.96,4,0.0,545.1884
7135,CA-2017-141439,2017-11-26,2017-12-01,Standard Class,TT-21460,Tonja Turnell,Home Office,United States,Richmond,Indiana,47374,Central,TEC-PH-10001819,Technology,Phones,Innergie mMini Combo Duo USB Travel Charging Kit,89.98,2,0.0,43.1904
7141,CA-2017-128783,2017-09-07,2017-09-07,Same Day,TG-21640,Trudy Glocke,Consumer,United States,Saint Charles,Missouri,63301,Central,TEC-AC-10002473,Technology,Accessories,Maxell 4.7GB DVD-R,113.52,4,0.0,46.5432
7150,CA-2015-166583,2015-06-26,2015-06-30,Standard Class,VD-21670,Valerie Dominguez,Consumer,United States,Houston,Texas,77070,Central,TEC-PH-10001578,Technology,Phones,Polycom SoundStation2 EX Conference phone,971.88,3,0.2,109.3365
7160,CA-2015-145835,2015-05-13,2015-05-18,Second Class,BF-11170,Ben Ferrer,Home Office,United States,Chicago,Illinois,60623,Central,TEC-PH-10004447,Technology,Phones,Toshiba IPT2010-SD IP Telephone,222.384,2,0.2,16.6788
7172,CA-2017-125381,2017-04-25,2017-04-27,Second Class,SG-20605,Speros Goranitis,Consumer,United States,San Francisco,California,94109,West,TEC-AC-10000158,Technology,Accessories,Sony 64GB Class 10 Micro SDHC R40 Memory Card,107.97,3,0.0,22.6737
7173,US-2017-141677,2017-03-26,2017-03-30,Standard Class,HK-14890,Heather Kirkland,Corporate,United States,Houston,Texas,77070,Central,TEC-AC-10000158,Technology,Accessories,Sony 64GB Class 10 Micro SDHC R40 Memory Card,143.96,5,0.2,1.7995
7174,US-2017-141677,2017-03-26,2017-03-30,Standard Class,HK-14890,Heather Kirkland,Corporate,United States,Houston,Texas,77070,Central,TEC-CO-10002313,Technology,Copiers,Canon PC1080F Personal Copier,2399.96,5,0.2,569.9905
7180,US-2016-144351,2016-11-14,2016-11-18,Standard Class,RC-19960,Ryan Crowe,Consumer,United States,Baltimore,Maryland,21215,East,TEC-PH-10001644,Technology,Phones,"BlueLounge Milo Smartphone Stand, White/Metallic",89.97,3,0.0,25.1916
7182,CA-2016-138667,2016-12-27,2016-12-30,Second Class,MW-18220,Mitch Webber,Consumer,United States,Lancaster,Ohio,43130,East,TEC-AC-10003063,Technology,Accessories,Micro Innovations USB RF Wireless Keyboard with Mouse,40.0,2,0.2,0.5
7190,CA-2016-164399,2016-11-12,2016-11-15,First Class,DW-13480,Dianna Wilson,Home Office,United States,San Diego,California,92024,West,TEC-PH-10004908,Technology,Phones,Panasonic KX TS3282W Corded phone,203.976,3,0.2,25.497
7200,US-2015-156797,2015-08-11,2015-08-15,Standard Class,PO-19180,Philisse Overcash,Home Office,United States,New York City,New York,10035,East,TEC-PH-10004614,Technology,Phones,AT&T 841000 Phone,138.0,2,0.0,34.5
7201,CA-2016-104276,2016-11-27,2016-12-03,Standard Class,HF-14995,Herbert Flentye,Consumer,United States,Fort Lauderdale,Florida,33311,South,TEC-PH-10001944,Technology,Phones,Wi-Ex zBoost YX540 Cellular Phone Signal Booster,116.76,1,0.2,14.595
7207,CA-2017-137414,2017-10-02,2017-10-06,Standard Class,CM-12115,Chad McGuire,Consumer,United States,San Francisco,California,94109,West,TEC-MA-10002930,Technology,Machines,Ricoh - Ink Collector Unit for GX3000 Series Printers,369.16,11,0.2,32.3015
7219,CA-2015-150770,2015-05-03,2015-05-06,First Class,LC-16870,Lena Cacioppo,Consumer,United States,San Francisco,California,94109,West,TEC-AC-10000844,Technology,Accessories,Logitech Gaming G510s - Keyboard,339.96,4,0.0,122.3856
7222,US-2017-104437,2017-01-27,2017-01-31,Standard Class,TG-21310,Toby Gnade,Consumer,United States,New York City,New York,10035,East,TEC-PH-10000193,Technology,Phones,Jensen SMPS-640 - speaker phone,137.94,3,0.0,35.8644
7224,CA-2016-109953,2016-07-14,2016-07-18,Standard Class,RB-19360,Raymond Buch,Consumer,United States,San Francisco,California,94122,West,TEC-PH-10004093,Technology,Phones,Panasonic Kx-TS550,110.376,3,0.2,12.4173
7228,CA-2017-127397,2017-02-24,2017-02-28,Standard Class,ES-14080,Erin Smith,Corporate,United States,Philadelphia,Pennsylvania,19134,East,TEC-AC-10003033,Technology,Accessories,Plantronics CS510 - Over-the-Head monaural Wireless Headset System,1319.8,5,0.2,214.4675
7250,CA-2015-158491,2015-06-04,2015-06-09,Second Class,BP-11155,Becky Pak,Consumer,United States,Los Angeles,California,90008,West,TEC-AC-10001874,Technology,Accessories,Logitech Wireless Anywhere Mouse MX for PC and Mac,119.98,2,0.0,35.994
7251,CA-2015-158491,2015-06-04,2015-06-09,Second Class,BP-11155,Becky Pak,Consumer,United States,Los Angeles,California,90008,West,TEC-AC-10003870,Technology,Accessories,Logitech Z-906 Speaker sys - home theater - 5.1-CH,989.97,3,0.0,395.988
7261,CA-2016-152730,2016-05-30,2016-06-04,Standard Class,EM-14140,Eugene Moren,Home Office,United States,Superior,Wisconsin,54880,Central,TEC-PH-10000441,Technology,Phones,VTech DS6151,125.99,1,0.0,35.2772
7275,CA-2015-144519,2015-11-13,2015-11-17,Standard Class,AW-10930,Arthur Wiediger,Home Office,United States,Helena,Montana,59601,West,TEC-PH-10004908,Technology,Phones,Panasonic KX TS3282W Corded phone,339.96,5,0.2,42.495
7277,CA-2014-120670,2014-11-02,2014-11-06,Standard Class,JK-16120,Julie Kriz,Home Office,United States,Fort Lauderdale,Florida,33311,South,TEC-AC-10004171,Technology,Accessories,Razer Kraken 7.1 Surround Sound Over Ear USB Gaming Headset,799.92,10,0.2,239.976
7278,CA-2016-157217,2016-07-19,2016-07-21,First Class,TC-21535,Tracy Collins,Home Office,United States,San Francisco,California,94110,West,TEC-PH-10002070,Technology,Phones,Griffin GC36547 PowerJolt SE Lightning Charger,35.984,2,0.2,4.498
7279,CA-2016-157217,2016-07-19,2016-07-21,First Class,TC-21535,Tracy Collins,Home Office,United States,San Francisco,California,94110,West,TEC-AC-10003095,Technology,Accessories,Logitech G35 7.1-Channel Surround Sound Headset,389.97,3,0.0,132.5898
7280,CA-2016-108224,2016-05-14,2016-05-14,Same Day,TH-21235,Tiffany House,Corporate,United States,Yuma,Arizona,85364,West,TEC-AC-10003832,Technology,Accessories,Imation 16GB Mini TravelDrive USB 2.0 Flash Drive,185.528,7,0.2,48.7011
7286,CA-2017-151183,2017-10-14,2017-10-19,Standard Class,BK-11260,Berenike Kampe,Consumer,United States,San Francisco,California,94110,West,TEC-AC-10003614,Technology,Accessories,"Verbatim 25 GB 6x Blu-ray Single Layer Recordable Disc, 10/Pack",46.36,4,0.0,15.2988
7287,CA-2016-149965,2016-06-20,2016-06-25,Standard Class,BS-11365,Bill Shonely,Corporate,United States,Oklahoma City,Oklahoma,73120,Central,TEC-AC-10004877,Technology,Accessories,Imation 30456 USB Flash Drive 8GB,6.9,1,0.0,0.552
7307,CA-2016-144092,2016-11-05,2016-11-07,Second Class,LH-17155,Logan Haushalter,Consumer,United States,San Jose,California,95123,West,TEC-AC-10002305,Technology,Accessories,KeyTronic E03601U1 - Keyboard - Beige,72.0,4,0.0,12.96
7315,CA-2016-121377,2016-05-28,2016-06-02,Standard Class,TN-21040,Tanja Norvell,Home Office,United States,Park Ridge,Illinois,60068,Central,TEC-PH-10001817,Technology,Phones,Wilson Electronics DB Pro Signal Booster,286.4,1,0.2,25.06
7320,CA-2017-100097,2017-11-26,2017-11-29,Second Class,MN-17935,Michael Nguyen,Consumer,United States,New York City,New York,10009,East,TEC-PH-10002310,Technology,Phones,Plantronics Calisto P620-M USB Wireless Speakerphone System,979.95,5,0.0,264.5865
7323,CA-2017-167626,2017-09-03,2017-09-07,Standard Class,MY-18295,Muhammed Yedwab,Corporate,United States,Chicago,Illinois,60623,Central,TEC-AC-10004353,Technology,Accessories,Hypercom P1300 Pinpad,100.8,2,0.2,21.42
7329,US-2014-131275,2014-03-18,2014-03-24,Standard Class,SC-20050,Sample Company A,Home Office,United States,Burbank,California,91505,West,TEC-MA-10001148,Technology,Machines,Swingline SM12-08 MicroCut Jam Free Shredder,1279.968,4,0.2,415.9896
7336,CA-2015-113152,2015-12-25,2015-12-30,Standard Class,JK-15625,Jim Karlsson,Consumer,United States,New York City,New York,10024,East,TEC-AC-10002049,Technology,Accessories,Plantronics Savi W720 Multi-Device Wireless Headset System,843.9,2,0.0,371.316
7352,CA-2017-141138,2017-11-10,2017-11-16,Standard Class,GH-14425,Gary Hwang,Consumer,United States,Modesto,California,95351,West,TEC-AC-10001772,Technology,Accessories,Memorex Mini Travel Drive 16 GB USB 2.0 Flash Drive,111.79,7,0.0,43.5981
7371,CA-2014-107769,2014-10-28,2014-11-01,Standard Class,BT-11395,Bill Tyler,Corporate,United States,Garden City,Kansas,67846,Central,TEC-PH-10001336,Technology,Phones,Digium D40 VoIP phone,257.98,2,0.0,74.8142
7382,CA-2016-105732,2016-09-13,2016-09-18,Standard Class,AG-10270,Alejandro Grove,Consumer,United States,Omaha,Nebraska,68104,Central,TEC-PH-10001644,Technology,Phones,"BlueLounge Milo Smartphone Stand, White/Metallic",149.95,5,0.0,41.986
7389,CA-2016-105732,2016-09-13,2016-09-18,Standard Class,AG-10270,Alejandro Grove,Consumer,United States,Omaha,Nebraska,68104,Central,TEC-PH-10004897,Technology,Phones,Mediabridge Sport Armband iPhone 5s,29.97,3,0.0,0.2997
7400,CA-2014-124807,2014-07-12,2014-07-15,Second Class,ME-17725,Max Engle,Consumer,United States,Chicago,Illinois,60610,Central,TEC-AC-10002857,Technology,Accessories,"Verbatim 25 GB 6x Blu-ray Single Layer Recordable Disc, 1/Pack",23.84,4,0.2,3.278
7411,CA-2014-103058,2014-07-23,2014-07-24,First Class,AG-10270,Alejandro Grove,Consumer,United States,New York City,New York,10011,East,TEC-AC-10001314,Technology,Accessories,Case Logic 2.4GHz Wireless Keyboard,99.98,2,0.0,7.9984
7412,CA-2017-121125,2017-05-30,2017-06-03,Standard Class,MG-17890,Michael Granlund,Home Office,United States,Tigard,Oregon,97224,West,TEC-PH-10001619,Technology,Phones,LG G3,156.792,1,0.2,17.6391
7416,US-2016-114013,2016-03-13,2016-03-15,Second Class,SC-20770,Stewart Carmichael,Corporate,United States,Philadelphia,Pennsylvania,19134,East,TEC-AC-10000474,Technology,Accessories,Kensington Expert Mouse Optical USB Trackball for PC or Mac,379.96,5,0.2,47.495
7453,CA-2017-105669,2017-09-17,2017-09-22,Second Class,SJ-20125,Sanjit Jacobs,Home Office,United States,Houston,Texas,77036,Central,TEC-PH-10002415,Technology,Phones,Polycom VoiceStation 500 Conference phone,1415.76,6,0.2,88.485
7454,CA-2017-134796,2017-06-25,2017-07-01,Standard Class,FM-14380,Fred McMath,Consumer,United States,Bolingbrook,Illinois,60440,Central,TEC-PH-10003505,Technology,Phones,Geemarc AmpliPOWER60,148.48,2,0.2,16.704
7457,CA-2015-137974,2015-04-16,2015-04-18,First Class,LL-16840,Lauren Leatherbury,Consumer,United States,Waynesboro,Virginia,22980,South,TEC-PH-10002033,Technology,Phones,Konftel 250 Conference phone - Charcoal black,569.64,2,0.0,148.1064
7461,US-2015-136987,2015-04-11,2015-04-14,Second Class,AR-10540,Andy Reiter,Consumer,United States,Los Angeles,California,90004,West,TEC-CO-10001943,Technology,Copiers,Canon PC-428 Personal Copier,639.968,4,0.2,215.9892
7463,CA-2015-138485,2015-02-27,2015-03-01,Second Class,NP-18670,Nora Paige,Consumer,United States,Seattle,Washington,98105,West,TEC-AC-10002076,Technology,Accessories,Microsoft Natural Keyboard Elite,538.92,9,0.0,80.838
7473,CA-2016-139997,2016-07-01,2016-07-03,First Class,EM-14140,Eugene Moren,Home Office,United States,Lehi,Utah,84043,West,TEC-CO-10000971,Technology,Copiers,Hewlett Packard 310 Color Digital Copier,1499.95,5,0.0,449.985
7478,CA-2014-167199,2014-01-06,2014-01-10,Standard Class,ME-17320,Maria Etezadi,Home Office,United States,Henderson,Kentucky,42420,South,TEC-PH-10004977,Technology,Phones,GE 30524EE4,391.98,2,0.0,113.6742
7479,CA-2014-167199,2014-01-06,2014-01-10,Standard Class,ME-17320,Maria Etezadi,Home Office,United States,Henderson,Kentucky,42420,South,TEC-PH-10004539,Technology,Phones,Wireless Extenders zBoost YX545 SOHO Signal Booster,755.96,4,0.0,204.1092
7488,US-2015-134558,2015-12-19,2015-12-24,Second Class,PM-19135,Peter McVee,Home Office,United States,Dover,New Hampshire,3820,East,TEC-AC-10004145,Technology,Accessories,Logitech diNovo Edge Keyboard,2249.91,9,0.0,517.4793
7492,US-2017-118598,2017-11-16,2017-11-16,Same Day,CM-12190,Charlotte Melton,Consumer,United States,Utica,New York,13501,East,TEC-PH-10002583,Technology,Phones,iOttie HLCRIO102 Car Mount,119.94,6,0.0,5.997
7501,CA-2017-121048,2017-07-14,2017-07-18,Standard Class,TC-21295,Toby Carlisle,Consumer,United States,Westminster,California,92683,West,TEC-AC-10000991,Technology,Accessories,Sony Micro Vault Click 8 GB USB 2.0 Flash Drive,140.97,3,0.0,19.7358
7502,CA-2017-121048,2017-07-14,2017-07-18,Standard Class,TC-21295,Toby Carlisle,Consumer,United States,Westminster,California,92683,West,TEC-PH-10004977,Technology,Phones,GE 30524EE4,470.376,3,0.2,52.9173
7504,US-2017-120147,2017-03-30,2017-03-30,Same Day,TB-21400,Tom Boeckenhauer,Consumer,United States,Los Angeles,California,90036,West,TEC-PH-10002447,Technology,Phones,AT&T CL83451 4-Handset Telephone,164.792,1,0.2,18.5391
7507,CA-2014-115889,2014-11-02,2014-11-06,Standard Class,SH-20395,Shahid Hopkins,Consumer,United States,San Francisco,California,94122,West,TEC-PH-10001615,Technology,Phones,AT&T CL82213,46.384,2,0.2,5.2182
7518,US-2017-167920,2017-12-09,2017-12-12,Second Class,JL-15835,John Lee,Consumer,United States,Richmond,Kentucky,40475,South,TEC-AC-10001013,Technology,Accessories,Logitech ClearChat Comfort/USB Headset H390,146.45,5,0.0,48.3285
7521,US-2017-167920,2017-12-09,2017-12-12,Second Class,JL-15835,John Lee,Consumer,United States,Richmond,Kentucky,40475,South,TEC-CO-10001046,Technology,Copiers,Canon Imageclass D680 Copier / Fax,1399.98,2,0.0,629.991
7542,US-2017-112347,2017-12-02,2017-12-06,Standard Class,BS-11380,Bill Stewart,Corporate,United States,Denver,Colorado,80219,West,TEC-PH-10000213,Technology,Phones,Seidio BD2-HK3IPH5-BK DILEX Case and Holster Combo for Apple iPhone 5/5s - Black,49.616,2,0.2,4.9616
7546,CA-2014-103492,2014-10-10,2014-10-15,Standard Class,CM-12715,Craig Molinari,Corporate,United States,Huntsville,Texas,77340,Central,TEC-PH-10001128,Technology,Phones,Motorola Droid Maxx,719.952,6,0.2,71.9952
7547,CA-2014-103492,2014-10-10,2014-10-15,Standard Class,CM-12715,Craig Molinari,Corporate,United States,Huntsville,Texas,77340,Central,TEC-PH-10004667,Technology,Phones,Cisco 8x8 Inc. 6753i IP Business Phone System,755.944,7,0.2,66.1451
7552,CA-2014-140396,2014-11-20,2014-11-25,Standard Class,KH-16330,Katharine Harms,Corporate,United States,New York City,New York,10024,East,TEC-PH-10004447,Technology,Phones,Toshiba IPT2010-SD IP Telephone,833.94,6,0.0,216.8244
7564,CA-2017-157672,2017-10-05,2017-10-07,First Class,RB-19795,Ross Baird,Home Office,United States,Denver,Colorado,80219,West,TEC-AC-10001714,Technology,Accessories,Logitech MX Performance Wireless Mouse,63.824,2,0.2,13.5626
7567,CA-2017-140802,2017-04-21,2017-04-23,First Class,KN-16390,Katherine Nockton,Corporate,United States,Houston,Texas,77070,Central,TEC-AC-10001998,Technology,Accessories,Logitech LS21 Speaker System - PC Multimedia - 2.1-CH - Wired,47.976,3,0.2,8.3958
7576,CA-2015-129532,2015-12-08,2015-12-12,Standard Class,YS-21880,Yana Sorensen,Corporate,United States,Los Angeles,California,90036,West,TEC-AC-10000865,Technology,Accessories,WD My Passport Ultra 500GB Portable External Hard Drive,236.0,4,0.0,40.12
7577,CA-2014-134726,2014-11-02,2014-11-07,Second Class,SW-20755,Steven Ward,Corporate,United States,Seattle,Washington,98115,West,TEC-AC-10000023,Technology,Accessories,"Maxell 74 Minute CD-R Spindle, 50/Pack",41.94,2,0.0,15.0984
7578,CA-2014-134726,2014-11-02,2014-11-07,Second Class,SW-20755,Steven Ward,Corporate,United States,Seattle,Washington,98115,West,TEC-PH-10001750,Technology,Phones,Samsung Rugby III,52.792,1,0.2,4.6193
7584,CA-2014-163223,2014-03-21,2014-03-25,Standard Class,KH-16690,Kristen Hastings,Corporate,United States,Springfield,Virginia,22153,South,TEC-PH-10000730,Technology,Phones,Samsung Galaxy S4 Active,3499.93,7,0.0,909.9818
7597,CA-2015-164567,2015-06-15,2015-06-19,Standard Class,GK-14620,Grace Kelly,Corporate,United States,Los Angeles,California,90004,West,TEC-PH-10002103,Technology,Phones,Jabra SPEAK 410,225.576,3,0.2,22.5576
7603,CA-2014-131947,2014-09-17,2014-09-22,Standard Class,JA-15970,Joseph Airdo,Consumer,United States,Springfield,Oregon,97477,West,TEC-AC-10004633,Technology,Accessories,"Verbatim 25 GB 6x Blu-ray Single Layer Recordable Disc, 3/Pack",55.92,10,0.2,16.776
7620,CA-2017-151225,2017-10-27,2017-10-29,First Class,JM-15655,Jim Mitchum,Corporate,United States,Los Angeles,California,90032,West,TEC-PH-10004100,Technology,Phones,Griffin GC17055 Auxiliary Audio Cable,71.96,5,0.2,7.196
7621,US-2014-144078,2014-11-25,2014-11-29,Standard Class,RB-19435,Richard Bierner,Consumer,United States,Los Angeles,California,90004,West,TEC-PH-10001580,Technology,Phones,Logitech Mobile Speakerphone P710e - speaker phone,539.92,5,0.2,47.243
7631,CA-2014-162089,2014-03-30,2014-04-01,First Class,MP-17470,Mark Packer,Home Office,United States,Brownsville,Texas,78521,Central,TEC-PH-10001819,Technology,Phones,Innergie mMini Combo Duo USB Travel Charging Kit,251.944,7,0.2,88.1804
7645,US-2016-157490,2016-10-06,2016-10-07,First Class,LB-16795,Laurel Beltran,Home Office,United States,Pueblo,Colorado,81001,West,TEC-AC-10001553,Technology,Accessories,"Memorex 25GB 6X Branded Blu-Ray Recordable Disc, 15/Pack",67.96,5,0.2,0.8495
7667,US-2016-140158,2016-10-04,2016-10-08,Standard Class,DR-12940,Daniel Raglin,Home Office,United States,Providence,Rhode Island,2908,East,TEC-CO-10001449,Technology,Copiers,Hewlett Packard LaserJet 3310 Copier,5399.91,9,0.0,2591.9568
7671,CA-2015-130974,2015-11-27,2015-11-29,Second Class,MA-17560,Matt Abelman,Home Office,United States,Everett,Massachusetts,2149,East,TEC-AC-10003095,Technology,Accessories,Logitech G35 7.1-Channel Surround Sound Headset,259.98,2,0.0,88.3932
7677,CA-2014-142951,2014-10-08,2014-10-08,Same Day,JG-15115,Jack Garza,Consumer,United States,Charlotte,North Carolina,28205,South,TEC-AC-10002331,Technology,Accessories,"Maxell 74 Minute CDR, 10/Pack",23.472,3,0.2,4.9878
7680,CA-2014-133592,2014-12-31,2015-01-07,Standard Class,KM-16375,Katherine Murray,Home Office,United States,Providence,Rhode Island,2908,East,TEC-AC-10002049,Technology,Accessories,Plantronics Savi W720 Multi-Device Wireless Headset System,1687.8,4,0.0,742.632
7686,CA-2015-116876,2015-02-14,2015-02-21,Standard Class,TT-21070,Ted Trevino,Consumer,United States,Rochester,New York,14609,East,TEC-PH-10002584,Technology,Phones,Samsung Galaxy S4,625.99,1,0.0,187.797
7689,CA-2016-169838,2016-11-25,2016-11-29,Standard Class,BB-11545,Brenda Bowman,Corporate,United States,Jackson,Michigan,49201,Central,TEC-AC-10004518,Technology,Accessories,Memorex Mini Travel Drive 32 GB USB 2.0 Flash Drive,160.0,8,0.0,62.4
7694,CA-2014-102330,2014-12-29,2015-01-03,Standard Class,AI-10855,Arianne Irving,Consumer,United States,Brentwood,California,94513,West,TEC-PH-10001051,Technology,Phones,HTC One,319.968,4,0.2,35.9964
7698,CA-2017-151799,2017-12-14,2017-12-18,Standard Class,BF-11170,Ben Ferrer,Home Office,United States,Lawrence,Massachusetts,1841,East,TEC-CO-10002313,Technology,Copiers,Canon PC1080F Personal Copier,1199.98,2,0.0,467.9922
7704,CA-2016-114601,2016-08-26,2016-09-02,Standard Class,AA-10480,Andrew Allen,Consumer,United States,Detroit,Michigan,48234,Central,TEC-PH-10002170,Technology,Phones,ClearSounds CSC500 Amplified Spirit Phone Corded phone,209.97,3,0.0,58.7916
7706,CA-2016-114601,2016-08-26,2016-09-02,Standard Class,AA-10480,Andrew Allen,Consumer,United States,Detroit,Michigan,48234,Central,TEC-AC-10003911,Technology,Accessories,NETGEAR AC1750 Dual Band Gigabit Smart WiFi Router,479.97,3,0.0,163.1898
7709,CA-2014-139542,2014-10-25,2014-10-29,Standard Class,EH-14185,Evan Henry,Consumer,United States,Philadelphia,Pennsylvania,19120,East,TEC-AC-10001553,Technology,Accessories,"Memorex 25GB 6X Branded Blu-Ray Recordable Disc, 15/Pack",40.776,3,0.2,0.5097
7711,US-2015-142811,2015-04-02,2015-04-07,Standard Class,JL-15850,John Lucas,Consumer,United States,Mesa,Arizona,85204,West,TEC-PH-10003095,Technology,Phones,Samsung HM1900 Bluetooth Headset,87.8,5,0.2,32.925
7716,US-2017-101518,2017-11-03,2017-11-08,Standard Class,PB-19105,Peter Bühler,Consumer,United States,Philadelphia,Pennsylvania,19140,East,TEC-AC-10001553,Technology,Accessories,"Memorex 25GB 6X Branded Blu-Ray Recordable Disc, 15/Pack",40.776,3,0.2,0.5097
7719,US-2017-146213,2017-09-09,2017-09-14,Standard Class,MC-17605,Matt Connell,Corporate,United States,Los Angeles,California,90032,West,TEC-AC-10001114,Technology,Accessories,Microsoft Wireless Mobile Mouse 4000,159.96,4,0.0,51.1872
7739,CA-2017-141103,2017-07-30,2017-08-06,Standard Class,JF-15355,Jay Fein,Consumer,United States,Baltimore,Maryland,21215,East,TEC-PH-10003589,Technology,Phones,invisibleSHIELD by ZAGG Smudge-Free Screen Protector,89.95,5,0.0,43.176
7741,CA-2014-154781,2014-11-21,2014-11-26,Standard Class,SC-20680,Steve Carroll,Home Office,United States,San Francisco,California,94110,West,TEC-AC-10000474,Technology,Accessories,Kensington Expert Mouse Optical USB Trackball for PC or Mac,94.99,1,0.0,28.497
7742,CA-2015-147816,2015-09-24,2015-09-26,Second Class,CM-11935,Carlos Meador,Consumer,United States,Tucson,Arizona,85705,West,TEC-PH-10003095,Technology,Phones,Samsung HM1900 Bluetooth Headset,35.12,2,0.2,13.17
7745,CA-2016-133613,2016-06-17,2016-06-22,Standard Class,CP-12340,Christine Phan,Corporate,United States,Waterbury,Connecticut,6708,East,TEC-PH-10004539,Technology,Phones,Wireless Extenders zBoost YX545 SOHO Signal Booster,566.97,3,0.0,153.0819
7747,CA-2015-109113,2015-12-19,2015-12-23,Standard Class,EK-13795,Eileen Kiefer,Home Office,United States,Chicago,Illinois,60610,Central,TEC-AC-10004761,Technology,Accessories,Maxell 4.7GB DVD 3/Pack,25.488,2,0.2,4.779
7752,CA-2015-133242,2015-06-18,2015-06-24,Standard Class,KH-16510,Keith Herrera,Consumer,United States,Arlington,Virginia,22204,South,TEC-PH-10002496,Technology,Phones,Cisco SPA301,467.97,3,0.0,140.391
7757,CA-2017-100902,2017-11-17,2017-11-21,Standard Class,CK-12595,Clytie Kelty,Consumer,United States,Charlotte,North Carolina,28205,South,TEC-AC-10003174,Technology,Accessories,Plantronics S12 Corded Telephone Headset System,431.16,5,0.2,107.79
7758,CA-2017-112844,2017-11-13,2017-11-16,Second Class,SP-20620,Stefania Perrino,Corporate,United States,Buffalo,New York,14215,East,TEC-PH-10003988,Technology,Phones,"LF Elite 3D Dazzle Designer Hard Case Cover, Lf Stylus Pen and Wiper For Apple Iphone 5c Mini Lite",43.6,4,0.0,12.208
7770,CA-2016-155978,2016-08-01,2016-08-01,Same Day,TS-21205,Thomas Seio,Corporate,United States,Riverside,California,92503,West,TEC-PH-10002885,Technology,Phones,Apple iPhone 5,1039.728,2,0.2,90.9762
7774,CA-2016-108196,2016-11-25,2016-12-02,Standard Class,CS-12505,Cindy Stewart,Consumer,United States,Lancaster,Ohio,43130,East,TEC-AC-10000926,Technology,Accessories,NETGEAR RangeMax WNR1000 Wireless Router,59.976,3,0.2,11.9952
7781,CA-2016-139381,2016-04-18,2016-04-22,Standard Class,RF-19840,Roy Französisch,Consumer,United States,Chesapeake,Virginia,23320,South,TEC-PH-10004924,Technology,Phones,"SKILCRAFT Telephone Shoulder Rest, 2"" x 6.5"" x 2.5"", Black",29.56,4,0.0,7.9812
7796,CA-2015-112711,2015-07-12,2015-07-18,Standard Class,FM-14380,Fred McMath,Consumer,United States,Amarillo,Texas,79109,Central,TEC-PH-10000526,Technology,Phones,Vtech CS6719,307.168,4,0.2,30.7168
7799,CA-2017-166184,2017-03-24,2017-03-27,First Class,HR-14830,Harold Ryan,Corporate,United States,New York City,New York,10035,East,TEC-PH-10002624,Technology,Phones,Samsung Galaxy S4 Mini,469.99,1,0.0,136.2971
7810,US-2016-137295,2016-01-08,2016-01-13,Standard Class,VS-21820,Vivek Sundaresam,Consumer,United States,Raleigh,North Carolina,27604,South,TEC-PH-10004080,Technology,Phones,Avaya 5410 Digital phone,108.784,2,0.2,10.8784
7824,US-2014-115413,2014-08-26,2014-09-01,Standard Class,PP-18955,Paul Prost,Home Office,United States,Newark,Delaware,19711,East,TEC-AC-10002800,Technology,Accessories,Plantronics Audio 478 Stereo USB Headset,149.97,3,0.0,52.4895
7827,CA-2017-117114,2017-10-31,2017-11-05,Standard Class,CY-12745,Craig Yedwab,Corporate,United States,Chicago,Illinois,60610,Central,TEC-PH-10004042,Technology,Phones,ClearOne Communications CHAT 70 OC Speaker Phone,508.768,4,0.2,38.1576
7831,CA-2015-137302,2015-04-26,2015-05-01,Standard Class,BW-11110,Bart Watters,Corporate,United States,San Diego,California,92105,West,TEC-PH-10003174,Technology,Phones,RCA ViSYS 25825 Wireless digital phone,311.976,3,0.2,38.997
7833,CA-2016-112382,2016-05-09,2016-05-13,Standard Class,MB-18085,Mick Brown,Consumer,United States,Houston,Texas,77036,Central,TEC-PH-10001552,Technology,Phones,I Need's 3d Hello Kitty Hybrid Silicone Case Cover for HTC One X 4g with 3d Hello Kitty Stylus Pen Green/pink,19.136,2,0.2,1.9136
7836,CA-2015-106257,2015-04-13,2015-04-17,Second Class,EB-14110,Eugene Barchas,Consumer,United States,Los Angeles,California,90045,West,TEC-PH-10001494,Technology,Phones,Polycom CX600 IP Phone VoIP phone,479.92,2,0.2,41.993
7839,CA-2015-149083,2015-09-25,2015-09-30,Standard Class,SH-19975,Sally Hughsby,Corporate,United States,Seattle,Washington,98103,West,TEC-AC-10002567,Technology,Accessories,Logitech G602 Wireless Gaming Mouse,159.98,2,0.0,57.5928
7847,CA-2015-125976,2015-09-27,2015-10-02,Standard Class,JK-15205,Jamie Kunitz,Consumer,United States,Arlington,Virginia,22204,South,TEC-PH-10002496,Technology,Phones,Cisco SPA301,1871.88,12,0.0,561.564
7856,CA-2017-135587,2017-12-07,2017-12-12,Standard Class,BH-11710,Brosina Hoffman,Consumer,United States,Hattiesburg,Mississippi,39401,South,TEC-AC-10001266,Technology,Accessories,Memorex Micro Travel Drive 8 GB,52.0,4,0.0,23.4
7858,CA-2014-103429,2014-05-30,2014-06-01,First Class,LW-16825,Laurel Workman,Corporate,United States,New York City,New York,10024,East,TEC-PH-10003505,Technology,Phones,Geemarc AmpliPOWER60,464.0,5,0.0,134.56
7862,CA-2015-142993,2015-10-12,2015-10-17,Standard Class,KA-16525,Kelly Andreada,Consumer,United States,Seattle,Washington,98103,West,TEC-AC-10003038,Technology,Accessories,Kingston Digital DataTraveler 16GB USB 2.0,17.9,2,0.0,3.401
7882,CA-2017-118017,2017-12-03,2017-12-06,Second Class,LC-16870,Lena Cacioppo,Consumer,United States,Thornton,Colorado,80229,West,TEC-AC-10002006,Technology,Accessories,Memorex Micro Travel Drive 16 GB,76.752,6,0.2,10.5534
7883,CA-2017-118017,2017-12-03,2017-12-06,Second Class,LC-16870,Lena Cacioppo,Consumer,United States,Thornton,Colorado,80229,West,TEC-AC-10002006,Technology,Accessories,Memorex Micro Travel Drive 16 GB,102.336,8,0.2,14.0712
7891,CA-2016-148684,2016-12-25,2016-12-29,Standard Class,TS-21655,Trudy Schmidt,Consumer,United States,Fayetteville,Arkansas,72701,South,TEC-AC-10001838,Technology,Accessories,Razer Tiamat Over Ear 7.1 Surround Sound PC Gaming Headset,399.98,2,0.0,171.9914
7901,CA-2017-128363,2017-08-13,2017-08-18,Standard Class,DC-12850,Dan Campbell,Consumer,United States,Memphis,Tennessee,38109,South,TEC-AC-10003709,Technology,Accessories,Maxell 4.7GB DVD-R 5/Pack,1.584,2,0.2,0.4752
7915,CA-2017-165323,2017-06-17,2017-06-21,Standard Class,SR-20740,Steven Roelle,Home Office,United States,New York City,New York,10024,East,TEC-MA-10003673,Technology,Machines,Hewlett-Packard Desktjet 6988DT Refurbished Printer,3404.5,5,0.0,1668.205
7916,CA-2017-165323,2017-06-17,2017-06-21,Standard Class,SR-20740,Steven Roelle,Home Office,United States,New York City,New York,10024,East,TEC-AC-10004992,Technology,Accessories,Kingston Digital DataTraveler 64GB USB 2.0,101.34,3,0.0,8.1072
7921,CA-2017-139822,2017-09-15,2017-09-21,Standard Class,Dp-13240,Dean percer,Home Office,United States,Waterbury,Connecticut,6708,East,TEC-AC-10001090,Technology,Accessories,Micro Innovations Wireless Classic Keyboard with Mouse,59.98,2,0.0,10.7964
7923,CA-2017-134096,2017-09-24,2017-09-29,Standard Class,PP-18955,Paul Prost,Home Office,United States,Hollywood,Florida,33021,South,TEC-PH-10000526,Technology,Phones,Vtech CS6719,383.96,5,0.2,38.396
7927,CA-2017-120404,2017-11-20,2017-11-24,Second Class,KH-16330,Katharine Harms,Corporate,United States,New York City,New York,10035,East,TEC-AC-10003433,Technology,Accessories,Maxell 4.7GB DVD 5/Pack,2.97,3,0.0,1.3365
7928,CA-2017-120404,2017-11-20,2017-11-24,Second Class,KH-16330,Katharine Harms,Corporate,United States,New York City,New York,10035,East,TEC-PH-10001363,Technology,Phones,Apple iPhone 5S,569.99,1,0.0,170.997
7935,CA-2017-166093,2017-08-17,2017-08-24,Standard Class,RW-19540,Rick Wilson,Corporate,United States,Brentwood,California,94513,West,TEC-PH-10002564,Technology,Phones,OtterBox Defender Series Case - Samsung Galaxy S4,71.976,3,0.2,8.997
7953,CA-2015-145814,2015-11-19,2015-11-24,Standard Class,KD-16345,Katherine Ducich,Consumer,United States,New York City,New York,10035,East,TEC-PH-10002200,Technology,Phones,Aastra 6757i CT Wireless VoIP phone,861.76,4,0.0,249.9104
7961,CA-2017-131807,2017-10-05,2017-10-10,Standard Class,GG-14650,Greg Guthrie,Corporate,United States,Chico,California,95928,West,TEC-PH-10000702,Technology,Phones,"Square Credit Card Reader, 4 1/2"" x 4 1/2"" x 1"", White",7.992,1,0.2,2.6973
7978,CA-2014-166051,2014-05-31,2014-06-05,Standard Class,JK-15625,Jim Karlsson,Consumer,United States,Jackson,Mississippi,39212,South,TEC-PH-10002680,Technology,Phones,Samsung Galaxy Note 3,659.97,3,0.0,197.991
7979,CA-2014-166051,2014-05-31,2014-06-05,Standard Class,JK-15625,Jim Karlsson,Consumer,United States,Jackson,Mississippi,39212,South,TEC-PH-10002538,Technology,Phones,Grandstream GXP1160 VoIP phone,113.73,3,0.0,32.9817
7987,CA-2016-137939,2016-07-20,2016-07-23,Second Class,PJ-19015,Pauline Johnson,Consumer,United States,Long Beach,New York,11561,East,TEC-PH-10003589,Technology,Phones,invisibleSHIELD by ZAGG Smudge-Free Screen Protector,89.95,5,0.0,43.176
7991,US-2016-117793,2016-08-23,2016-08-29,Standard Class,MA-17560,Matt Abelman,Home Office,United States,Sheboygan,Wisconsin,53081,Central,TEC-AC-10003433,Technology,Accessories,Maxell 4.7GB DVD 5/Pack,1.98,2,0.0,0.891
7993,CA-2016-133872,2016-06-14,2016-06-17,First Class,VM-21835,Vivian Mathis,Consumer,United States,Boca Raton,Florida,33433,South,TEC-AC-10000521,Technology,Accessories,"Verbatim Slim CD and DVD Storage Cases, 50/Pack",18.464,2,0.2,2.308
7997,US-2017-105998,2017-11-03,2017-11-05,First Class,CR-12580,Clay Rozendal,Home Office,United States,San Diego,California,92037,West,TEC-AC-10004469,Technology,Accessories,Microsoft Sculpt Comfort Mouse,199.75,5,0.0,87.89
8001,US-2015-151407,2015-11-08,2015-11-12,Standard Class,RD-19585,Rob Dowd,Consumer,United States,Dubuque,Iowa,52001,Central,TEC-PH-10003885,Technology,Phones,Cisco SPA508G,263.96,4,0.0,76.5484
8002,CA-2015-110870,2015-12-12,2015-12-15,First Class,KD-16270,Karen Daniels,Consumer,United States,Los Angeles,California,90032,West,TEC-AC-10002926,Technology,Accessories,Logitech Wireless Marathon Mouse M705,299.94,6,0.0,128.9742
8004,CA-2014-143210,2014-12-01,2014-12-03,First Class,AA-10645,Anna Andreadi,Consumer,United States,Lowell,Massachusetts,1852,East,TEC-PH-10004434,Technology,Phones,Cisco IP Phone 7961G VoIP phone - Dark gray,271.9,2,0.0,78.851
8012,US-2015-136427,2015-06-20,2015-06-23,First Class,JM-16195,Justin MacKendrick,Consumer,United States,Aurora,Colorado,80013,West,TEC-PH-10002070,Technology,Phones,Griffin GC36547 PowerJolt SE Lightning Charger,125.944,7,0.2,15.743
8014,CA-2017-120168,2017-05-25,2017-05-25,Same Day,TB-21625,Trudy Brown,Consumer,United States,New York City,New York,10009,East,TEC-AC-10002167,Technology,Accessories,Imation 8gb Micro Traveldrive Usb 2.0 Flash Drive,120.0,8,0.0,13.2
8019,CA-2017-114804,2017-10-17,2017-10-19,Second Class,BF-11020,Barry Französisch,Corporate,United States,Modesto,California,95351,West,TEC-PH-10001700,Technology,Phones,Panasonic KX-TG6844B Expandable Digital Cordless Telephone,52.792,1,0.2,4.6193
8028,CA-2015-132465,2015-09-11,2015-09-15,Second Class,DM-13525,Don Miller,Corporate,United States,New York City,New York,10035,East,TEC-AC-10001998,Technology,Accessories,Logitech LS21 Speaker System - PC Multimedia - 2.1-CH - Wired,19.99,1,0.0,6.7966
8042,CA-2017-121489,2017-08-21,2017-08-25,Second Class,CM-11815,Candace McMahon,Corporate,United States,Seattle,Washington,98115,West,TEC-AC-10000682,Technology,Accessories,Kensington K72356US Mouse-in-a-Box USB Desktop Mouse,33.18,2,0.0,11.613
8043,US-2017-133081,2017-03-11,2017-03-15,Standard Class,PV-18985,Paul Van Hugh,Home Office,United States,Cambridge,Massachusetts,2138,East,TEC-AC-10001772,Technology,Accessories,Memorex Mini Travel Drive 16 GB USB 2.0 Flash Drive,63.88,4,0.0,24.9132
8059,CA-2015-121188,2015-08-28,2015-09-04,Standard Class,CB-12025,Cassandra Brandow,Consumer,United States,Los Angeles,California,90049,West,TEC-PH-10003589,Technology,Phones,invisibleSHIELD by ZAGG Smudge-Free Screen Protector,43.176,3,0.2,15.1116
8063,CA-2016-132997,2016-11-07,2016-11-09,First Class,LW-17215,Luke Weiss,Consumer,United States,Rochester,New York,14609,East,TEC-PH-10000586,Technology,Phones,AT&T SB67148 SynJ,263.96,4,0.0,71.2692
8064,CA-2016-132997,2016-11-07,2016-11-09,First Class,LW-17215,Luke Weiss,Consumer,United States,Rochester,New York,14609,East,TEC-PH-10003811,Technology,Phones,Jabra Supreme Plus Driver Edition Headset,359.97,3,0.0,100.7916
8068,US-2015-160563,2015-10-20,2015-10-24,Standard Class,NS-18640,Noel Staavos,Corporate,United States,San Francisco,California,94109,West,TEC-AC-10002567,Technology,Accessories,Logitech G602 Wireless Gaming Mouse,239.97,3,0.0,86.3892
8079,CA-2015-106187,2015-06-23,2015-06-29,Standard Class,RF-19345,Randy Ferguson,Corporate,United States,East Point,Georgia,30344,South,TEC-AC-10001590,Technology,Accessories,Dell Slim USB Multimedia Keyboard,75.0,3,0.0,18.0
8097,CA-2017-133046,2017-07-27,2017-08-01,Second Class,DK-13375,Dennis Kane,Consumer,United States,Seattle,Washington,98115,West,TEC-AC-10000991,Technology,Accessories,Sony Micro Vault Click 8 GB USB 2.0 Flash Drive,234.95,5,0.0,32.893
8100,CA-2016-169663,2016-03-10,2016-03-13,First Class,RH-19510,Rick Huthwaite,Home Office,United States,Los Angeles,California,90045,West,TEC-AC-10003038,Technology,Accessories,Kingston Digital DataTraveler 16GB USB 2.0,26.85,3,0.0,5.1015
8101,CA-2016-169663,2016-03-10,2016-03-13,First Class,RH-19510,Rick Huthwaite,Home Office,United States,Los Angeles,California,90045,West,TEC-MA-10000984,Technology,Machines,Okidata MB760 Printer,3357.6,3,0.2,377.73
8103,CA-2015-149846,2015-05-22,2015-05-26,Standard Class,SB-20185,Sarah Brown,Consumer,United States,Los Angeles,California,90045,West,TEC-MA-10004002,Technology,Machines,Zebra GX420t Direct Thermal/Thermal Transfer Printer,2973.32,7,0.2,334.4985
8105,CA-2015-149846,2015-05-22,2015-05-26,Standard Class,SB-20185,Sarah Brown,Consumer,United States,Los Angeles,California,90045,West,TEC-PH-10003645,Technology,Phones,Aastra 57i VoIP phone,775.728,6,0.2,58.1796
8124,CA-2014-138128,2014-12-09,2014-12-15,Standard Class,FP-14320,Frank Preis,Consumer,United States,Philadelphia,Pennsylvania,19134,East,TEC-CO-10001766,Technology,Copiers,Canon PC940 Copier,1079.976,4,0.4,125.9972
8127,CA-2015-137064,2015-02-06,2015-02-13,Standard Class,TS-21655,Trudy Schmidt,Consumer,United States,Houston,Texas,77070,Central,TEC-AC-10003499,Technology,Accessories,Memorex Mini Travel Drive 8 GB USB 2.0 Flash Drive,18.528,2,0.2,4.4004
8130,CA-2014-127866,2014-07-20,2014-07-23,First Class,JD-15895,Jonathan Doherty,Corporate,United States,Riverside,California,92503,West,TEC-AC-10000023,Technology,Accessories,"Maxell 74 Minute CD-R Spindle, 50/Pack",41.94,2,0.0,15.0984
8154,CA-2017-140151,2017-03-23,2017-03-25,First Class,RB-19360,Raymond Buch,Consumer,United States,Seattle,Washington,98115,West,TEC-CO-10004722,Technology,Copiers,Canon imageCLASS 2200 Advanced Copier,13999.96,4,0.0,6719.9808
8155,US-2017-143770,2017-03-20,2017-03-24,Standard Class,RD-19720,Roger Demir,Consumer,United States,Middletown,Connecticut,6457,East,TEC-AC-10002842,Technology,Accessories,WD My Passport Ultra 2TB Portable External Hard Drive,238.0,2,0.0,38.08
8158,CA-2016-103464,2016-11-18,2016-11-22,Standard Class,PG-18820,Patrick Gardner,Consumer,United States,San Diego,California,92105,West,TEC-AC-10002842,Technology,Accessories,WD My Passport Ultra 2TB Portable External Hard Drive,595.0,5,0.0,95.2
8160,CA-2016-120803,2016-03-09,2016-03-13,Standard Class,RB-19465,Rick Bensley,Home Office,United States,Milford,Connecticut,6460,East,TEC-AC-10004469,Technology,Accessories,Microsoft Sculpt Comfort Mouse,199.75,5,0.0,87.89
8163,CA-2015-120915,2015-09-28,2015-10-03,Second Class,JJ-15445,Jennifer Jackson,Consumer,United States,New York City,New York,10035,East,TEC-PH-10003012,Technology,Phones,Nortel Meridian M3904 Professional Digital phone,307.98,2,0.0,89.3142
8171,CA-2017-107174,2017-11-06,2017-11-13,Standard Class,AB-10060,Adam Bellavance,Home Office,United States,Seattle,Washington,98105,West,TEC-AC-10001465,Technology,Accessories,SanDisk Cruzer 64 GB USB Flash Drive,108.96,3,0.0,32.688
8178,CA-2017-149699,2017-12-22,2017-12-24,First Class,CM-12115,Chad McGuire,Consumer,United States,Los Angeles,California,90008,West,TEC-AC-10000474,Technology,Accessories,Kensington Expert Mouse Optical USB Trackball for PC or Mac,474.95,5,0.0,142.485
8179,CA-2016-166429,2016-09-02,2016-09-08,Standard Class,TG-21310,Toby Gnade,Consumer,United States,Des Moines,Washington,98198,West,TEC-CO-10002095,Technology,Copiers,Hewlett Packard 610 Color Digital Copier / Printer,999.98,2,0.0,449.991
8203,CA-2015-114811,2015-11-08,2015-11-08,Same Day,KD-16495,Keith Dawkins,Corporate,United States,New York City,New York,10024,East,TEC-PH-10004165,Technology,Phones,Mitel MiVoice 5330e IP Phone,549.98,2,0.0,142.9948
8205,CA-2015-114811,2015-11-08,2015-11-08,Same Day,KD-16495,Keith Dawkins,Corporate,United States,New York City,New York,10024,East,TEC-MA-10000045,Technology,Machines,Zebra ZM400 Thermal Label Printer,4643.8,4,0.0,2229.024
8230,CA-2016-123050,2016-04-04,2016-04-08,Second Class,BC-11125,Becky Castell,Home Office,United States,Troy,New York,12180,East,TEC-AC-10001109,Technology,Accessories,Logitech Trackman Marble Mouse,89.97,3,0.0,37.7874
8243,CA-2014-109855,2014-09-01,2014-09-05,Standard Class,LH-16900,Lena Hernandez,Consumer,United States,New York City,New York,10009,East,TEC-AC-10002842,Technology,Accessories,WD My Passport Ultra 2TB Portable External Hard Drive,357.0,3,0.0,57.12
8244,CA-2014-109897,2014-08-12,2014-08-16,Standard Class,BW-11200,Ben Wallace,Consumer,United States,San Francisco,California,94122,West,TEC-PH-10003691,Technology,Phones,BlackBerry Q10,806.336,8,0.2,50.396
8254,CA-2017-152310,2017-08-12,2017-08-19,Standard Class,DK-12895,Dana Kaydos,Consumer,United States,Seattle,Washington,98103,West,TEC-CO-10000971,Technology,Copiers,Hewlett Packard 310 Color Digital Copier,299.99,1,0.0,89.997
8256,CA-2017-152310,2017-08-12,2017-08-19,Standard Class,DK-12895,Dana Kaydos,Consumer,United States,Seattle,Washington,98103,West,TEC-PH-10002538,Technology,Phones,Grandstream GXP1160 VoIP phone,242.624,8,0.2,27.2952
8258,CA-2017-152310,2017-08-12,2017-08-19,Standard Class,DK-12895,Dana Kaydos,Consumer,United States,Seattle,Washington,98103,West,TEC-AC-10000397,Technology,Accessories,"Perixx PERIBOARD-512B, Ergonomic Split Keyboard",174.95,5,0.0,12.2465
8267,CA-2014-118304,2014-04-29,2014-05-04,Standard Class,KH-16360,Katherine Hughes,Consumer,United States,Dover,Delaware,19901,East,TEC-PH-10000376,Technology,Phones,Square Credit Card Reader,19.98,2,0.0,5.1948
8270,CA-2017-121790,2017-01-30,2017-02-06,Standard Class,LP-17095,Liz Preis,Consumer,United States,Aurora,Illinois,60505,Central,TEC-PH-10002584,Technology,Phones,Samsung Galaxy S4,2003.168,4,0.2,250.396
8283,CA-2015-154284,2015-12-21,2015-12-26,Second Class,SZ-20035,Sam Zeldin,Home Office,United States,Saint Charles,Illinois,60174,Central,TEC-MA-10004241,Technology,Machines,Star Micronics TSP800 TSP847IIU Receipt Printer,600.53,2,0.3,137.264
8285,CA-2015-154284,2015-12-21,2015-12-26,Second Class,SZ-20035,Sam Zeldin,Home Office,United States,Saint Charles,Illinois,60174,Central,TEC-AC-10003198,Technology,Accessories,Enermax Acrylux Wireless Keyboard,637.44,8,0.2,135.456
8289,CA-2014-156244,2014-08-12,2014-08-16,Standard Class,DH-13675,Duane Huffman,Home Office,United States,Miami,Florida,33180,South,TEC-AC-10002473,Technology,Accessories,Maxell 4.7GB DVD-R,158.928,7,0.2,41.7186
8295,US-2017-146906,2017-03-13,2017-03-17,Standard Class,MT-17815,Meg Tillman,Consumer,United States,New York City,New York,10011,East,TEC-PH-10001809,Technology,Phones,Panasonic KX T7736-B Digital phone,299.9,2,0.0,74.975
8297,CA-2016-166380,2016-05-30,2016-06-03,Standard Class,EB-13750,Edward Becker,Corporate,United States,Arlington,Virginia,22204,South,TEC-AC-10000109,Technology,Accessories,Sony Micro Vault Click 16 GB USB 2.0 Flash Drive,111.98,2,0.0,26.8752
8302,US-2017-167318,2017-07-26,2017-08-01,Standard Class,GZ-14545,George Zrebassa,Corporate,United States,Los Angeles,California,90036,West,TEC-AC-10003870,Technology,Accessories,Logitech Z-906 Speaker sys - home theater - 5.1-CH,1649.95,5,0.0,659.98
8304,US-2014-120313,2014-10-31,2014-11-02,Second Class,NL-18310,Nancy Lomonaco,Home Office,United States,San Francisco,California,94110,West,TEC-PH-10003092,Technology,Phones,Motorola L804,73.584,2,0.2,8.2782
8313,US-2017-105935,2017-01-26,2017-01-31,Standard Class,BD-11500,Bradley Drucker,Consumer,United States,Columbus,Georgia,31907,South,TEC-PH-10001459,Technology,Phones,Samsung Galaxy Mega 6.3,2939.93,7,0.0,764.3818
8326,CA-2017-144456,2017-09-08,2017-09-09,First Class,FC-14245,Frank Carlisle,Home Office,United States,Hialeah,Florida,33012,South,TEC-PH-10001750,Technology,Phones,Samsung Rugby III,158.376,3,0.2,13.8579
8331,CA-2017-113572,2017-11-07,2017-11-11,Standard Class,FP-14320,Frank Preis,Consumer,United States,New York City,New York,10024,East,TEC-AC-10002370,Technology,Accessories,Maxell CD-R Discs,7.88,4,0.0,2.5216
8339,CA-2014-153087,2014-12-27,2015-01-03,Standard Class,TC-20980,Tamara Chand,Corporate,United States,Decatur,Alabama,35601,South,TEC-AC-10003198,Technology,Accessories,Enermax Acrylux Wireless Keyboard,498.0,5,0.0,184.26
8349,US-2015-115238,2015-04-30,2015-05-04,Standard Class,JW-15220,Jane Waco,Corporate,United States,Lawrence,Massachusetts,1841,East,TEC-PH-10001300,Technology,Phones,"iKross Bluetooth Portable Keyboard  Cell Phone Stand Holder  Brush for Apple iPhone 5S 5C 5, 4S 4",209.5,10,0.0,58.66
8359,CA-2014-110555,2014-04-11,2014-04-18,Standard Class,MM-18055,Michelle Moray,Consumer,United States,Great Falls,Montana,59405,West,TEC-PH-10000586,Technology,Phones,AT&T SB67148 SynJ,105.584,2,0.2,9.2386
8360,CA-2014-110555,2014-04-11,2014-04-18,Standard Class,MM-18055,Michelle Moray,Consumer,United States,Great Falls,Montana,59405,West,TEC-AC-10003399,Technology,Accessories,Memorex Mini Travel Drive 64 GB USB 2.0 Flash Drive,217.44,6,0.0,91.3248
8365,CA-2017-137631,2017-04-28,2017-05-02,Standard Class,JL-15235,Janet Lee,Consumer,United States,Kissimmee,Florida,34741,South,TEC-PH-10002624,Technology,Phones,Samsung Galaxy S4 Mini,751.984,2,0.2,84.5982
8366,CA-2017-157273,2017-01-30,2017-02-02,First Class,SZ-20035,Sam Zeldin,Home Office,United States,Seattle,Washington,98105,West,TEC-PH-10002275,Technology,Phones,Mitel 5320 IP Phone VoIP phone,604.768,4,0.2,60.4768
8384,CA-2016-145135,2016-11-26,2016-11-28,First Class,CD-12790,Cynthia Delaney,Home Office,United States,Shelton,Connecticut,6484,East,TEC-AC-10003447,Technology,Accessories,Micropad Numeric Keypads,59.97,3,0.0,14.9925
8393,CA-2016-142594,2016-12-01,2016-12-06,Second Class,EJ-14155,Eva Jacobs,Consumer,United States,Franklin,Massachusetts,2038,East,TEC-PH-10000193,Technology,Phones,Jensen SMPS-640 - speaker phone,137.94,3,0.0,35.8644
8406,CA-2017-140480,2017-07-08,2017-07-12,Standard Class,HE-14800,Harold Engle,Corporate,United States,Newark,Delaware,19711,East,TEC-AC-10002473,Technology,Accessories,Maxell 4.7GB DVD-R,141.9,5,0.0,58.179
8421,CA-2017-118199,2017-05-09,2017-05-11,First Class,LB-16795,Laurel Beltran,Home Office,United States,Seattle,Washington,98105,West,TEC-AC-10004171,Technology,Accessories,Razer Kraken 7.1 Surround Sound Over Ear USB Gaming Headset,199.98,2,0.0,87.9912
8422,CA-2017-150091,2017-10-12,2017-10-16,Standard Class,NP-18670,Nora Paige,Consumer,United States,Lakewood,New Jersey,8701,East,TEC-AC-10002167,Technology,Accessories,Imation 8gb Micro Traveldrive Usb 2.0 Flash Drive,45.0,3,0.0,4.95
8438,CA-2015-112823,2015-12-10,2015-12-16,Standard Class,RA-19945,Ryan Akin,Consumer,United States,Cleveland,Ohio,44105,East,TEC-AC-10002550,Technology,Accessories,Maxell 4.7GB DVD-RW 3/Pack,25.488,2,0.2,4.4604
8440,CA-2017-114370,2017-03-14,2017-03-17,Second Class,BN-11470,Brad Norvell,Corporate,United States,Chicago,Illinois,60623,Central,TEC-PH-10000213,Technology,Phones,Seidio BD2-HK3IPH5-BK DILEX Case and Holster Combo for Apple iPhone 5/5s - Black,49.616,2,0.2,4.9616
8452,CA-2014-131387,2014-04-28,2014-04-30,First Class,AI-10855,Arianne Irving,Consumer,United States,San Francisco,California,94122,West,TEC-PH-10001459,Technology,Phones,Samsung Galaxy Mega 6.3,1679.96,5,0.2,125.997
8456,CA-2016-154081,2016-05-22,2016-05-29,Standard Class,JE-15610,Jim Epp,Corporate,United States,Los Angeles,California,90049,West,TEC-PH-10001918,Technology,Phones,Nortel Business Series Terminal T7208 Digital phone,222.384,2,0.2,22.2384
8464,CA-2014-100881,2014-03-28,2014-04-01,Standard Class,DR-12940,Daniel Raglin,Home Office,United States,Albuquerque,New Mexico,87105,West,TEC-PH-10003273,Technology,Phones,AT&T TR1909W,302.376,3,0.2,22.6782
8471,US-2017-132031,2017-04-23,2017-04-27,Standard Class,PN-18775,Parhena Norris,Home Office,United States,Clarksville,Tennessee,37042,South,TEC-AC-10002473,Technology,Accessories,Maxell 4.7GB DVD-R,45.408,2,0.2,11.9196
8478,CA-2015-145758,2015-10-30,2015-10-30,Same Day,BF-11020,Barry Französisch,Corporate,United States,New York City,New York,10024,East,TEC-MA-10004552,Technology,Machines,Star Micronics TSP100 TSP143LAN Receipt Printer,1035.8,4,0.0,269.308
8481,CA-2014-109890,2014-07-21,2014-07-27,Standard Class,PG-18820,Patrick Gardner,Consumer,United States,Omaha,Nebraska,68104,Central,TEC-PH-10004100,Technology,Phones,Griffin GC17055 Auxiliary Audio Cable,35.98,2,0.0,10.0744
8489,CA-2016-158841,2016-02-02,2016-02-04,Second Class,SE-20110,Sanjit Engle,Consumer,United States,Arlington,Virginia,22204,South,TEC-MA-10001127,Technology,Machines,"HP Designjet T520 Inkjet Large Format Printer - 24"" Color",8749.95,5,0.0,2799.984
8494,CA-2015-109190,2015-10-23,2015-10-28,Standard Class,CC-12685,Craig Carroll,Consumer,United States,Lubbock,Texas,79424,Central,TEC-CO-10001943,Technology,Copiers,Canon PC-428 Personal Copier,479.976,3,0.2,161.9919
8498,CA-2014-169061,2014-03-05,2014-03-08,Second Class,AB-10150,Aimee Bixby,Consumer,United States,Yonkers,New York,10701,East,TEC-AC-10002001,Technology,Accessories,Logitech Wireless Gaming Headset G930,479.97,3,0.0,177.5889
8502,CA-2015-102316,2015-03-01,2015-03-03,Second Class,DH-13075,Dave Hallsten,Corporate,United States,Los Angeles,California,90045,West,TEC-PH-10000376,Technology,Phones,Square Credit Card Reader,15.984,2,0.2,1.1988
8507,CA-2016-130400,2016-03-08,2016-03-12,Standard Class,SJ-20125,Sanjit Jacobs,Home Office,United States,Dallas,Texas,75217,Central,TEC-AC-10004633,Technology,Accessories,"Verbatim 25 GB 6x Blu-ray Single Layer Recordable Disc, 3/Pack",27.96,5,0.2,8.388
8509,CA-2015-135853,2015-12-11,2015-12-14,First Class,CA-12775,Cynthia Arntzen,Consumer,United States,Detroit,Michigan,48205,Central,TEC-AC-10004761,Technology,Accessories,Maxell 4.7GB DVD 3/Pack,175.23,11,0.0,61.3305
8510,CA-2015-135853,2015-12-11,2015-12-14,First Class,CA-12775,Cynthia Arntzen,Consumer,United States,Detroit,Michigan,48205,Central,TEC-PH-10003691,Technology,Phones,BlackBerry Q10,125.99,1,0.0,31.4975
8523,US-2016-160206,2016-04-01,2016-04-07,Standard Class,MY-18295,Muhammed Yedwab,Corporate,United States,Milwaukee,Wisconsin,53209,Central,TEC-PH-10000148,Technology,Phones,Cyber Acoustics AC-202b Speech Recognition Stereo Headset,12.99,1,0.0,0.2598
8528,CA-2017-161172,2017-03-16,2017-03-16,Same Day,SP-20920,Susan Pistek,Consumer,United States,Columbus,Ohio,43229,East,TEC-AC-10004571,Technology,Accessories,Logitech G700s Rechargeable Gaming Mouse,159.984,2,0.2,43.9956
8536,US-2014-163146,2014-05-16,2014-05-20,Standard Class,CC-12475,Cindy Chapman,Consumer,United States,San Francisco,California,94122,West,TEC-AC-10002217,Technology,Accessories,Imation Clip USB flash drive - 8 GB,56.4,3,0.0,3.384
8540,CA-2017-147354,2017-03-09,2017-03-13,Standard Class,KB-16315,Karl Braun,Consumer,United States,Los Angeles,California,90008,West,TEC-CO-10000971,Technology,Copiers,Hewlett Packard 310 Color Digital Copier,479.984,2,0.2,59.998
8544,CA-2014-137575,2014-08-06,2014-08-11,Standard Class,TB-21625,Trudy Brown,Consumer,United States,New York City,New York,10035,East,TEC-AC-10004571,Technology,Accessories,Logitech G700s Rechargeable Gaming Mouse,199.98,2,0.0,83.9916
8548,CA-2015-149566,2015-12-05,2015-12-10,Standard Class,GB-14530,George Bell,Corporate,United States,Los Angeles,California,90049,West,TEC-AC-10001266,Technology,Accessories,Memorex Micro Travel Drive 8 GB,39.0,3,0.0,17.55
8553,CA-2014-140473,2014-05-30,2014-06-03,Standard Class,MC-17425,Mark Cousins,Corporate,United States,Chicago,Illinois,60623,Central,TEC-CO-10004202,Technology,Copiers,Brother DCP1000 Digital 3 in 1 Multifunction Machine,719.976,3,0.2,134.9955
8554,US-2017-102904,2017-11-13,2017-11-20,Standard Class,CB-12025,Cassandra Brandow,Consumer,United States,Decatur,Alabama,35601,South,TEC-AC-10000927,Technology,Accessories,Anker Ultrathin Bluetooth Wireless Keyboard Aluminum Cover with Stand ,239.92,8,0.0,23.992
8556,CA-2015-117884,2015-03-22,2015-03-22,Same Day,DC-13285,Debra Catini,Consumer,United States,Plantation,Florida,33317,South,TEC-AC-10002567,Technology,Accessories,Logitech G602 Wireless Gaming Mouse,447.944,7,0.2,89.5888
8558,CA-2016-132829,2016-12-23,2016-12-26,Second Class,LA-16780,Laura Armstrong,Corporate,United States,Houston,Texas,77041,Central,TEC-PH-10004539,Technology,Phones,Wireless Extenders zBoost YX545 SOHO Signal Booster,453.576,3,0.2,39.6879
8560,CA-2016-132829,2016-12-23,2016-12-26,Second Class,LA-16780,Laura Armstrong,Corporate,United States,Houston,Texas,77041,Central,TEC-PH-10004345,Technology,Phones,Cisco SPA 502G IP Phone,287.88,3,0.2,35.985
8561,CA-2016-132829,2016-12-23,2016-12-26,Second Class,LA-16780,Laura Armstrong,Corporate,United States,Houston,Texas,77041,Central,TEC-PH-10004912,Technology,Phones,Cisco SPA112 2 Port Phone Adapter,131.88,3,0.2,14.8365
8566,CA-2016-134110,2016-11-17,2016-11-18,First Class,BG-11035,Barry Gonzalez,Consumer,United States,The Colony,Texas,75056,Central,TEC-PH-10002350,Technology,Phones,Apple EarPods with Remote and Mic,67.176,3,0.2,6.7176
8571,CA-2016-162390,2016-12-06,2016-12-12,Standard Class,DP-13105,Dave Poirier,Corporate,United States,Hempstead,New York,11550,East,TEC-CO-10004202,Technology,Copiers,Brother DCP1000 Digital 3 in 1 Multifunction Machine,479.984,2,0.2,89.997
8587,CA-2017-162015,2017-07-11,2017-07-18,Standard Class,KB-16240,Karen Bern,Corporate,United States,Los Angeles,California,90049,West,TEC-AC-10003832,Technology,Accessories,Logitech P710e Mobile Speakerphone,1287.45,5,0.0,244.6155
8594,CA-2017-159667,2017-11-09,2017-11-13,Standard Class,PM-19135,Peter McVee,Home Office,United States,Jacksonville,Florida,32216,South,TEC-AC-10002567,Technology,Accessories,Logitech G602 Wireless Gaming Mouse,191.976,3,0.2,38.3952
8595,CA-2017-159667,2017-11-09,2017-11-13,Standard Class,PM-19135,Peter McVee,Home Office,United States,Jacksonville,Florida,32216,South,TEC-PH-10004094,Technology,Phones,Motorola L703CM,499.168,4,0.2,31.198
8603,US-2014-133949,2014-12-31,2014-12-31,Same Day,JL-15175,James Lanier,Home Office,United States,Reno,Nevada,89502,West,TEC-PH-10004908,Technology,Phones,Panasonic KX TS3282W Corded phone,475.944,7,0.2,59.493
8606,US-2016-116365,2016-01-03,2016-01-08,Standard Class,CA-12310,Christine Abelman,Corporate,United States,San Antonio,Texas,78207,Central,TEC-PH-10002890,Technology,Phones,AT&T 17929 Lendline Telephone,180.96,5,0.2,13.572
8607,CA-2017-162936,2017-08-18,2017-08-22,Standard Class,CM-12160,Charles McCrossin,Consumer,United States,New Bedford,Massachusetts,2740,East,TEC-AC-10003614,Technology,Accessories,"Verbatim 25 GB 6x Blu-ray Single Layer Recordable Disc, 10/Pack",23.18,2,0.0,7.6494
8612,CA-2017-123624,2017-11-13,2017-11-17,Second Class,SE-20110,Sanjit Engle,Consumer,United States,Oxnard,California,93030,West,TEC-AC-10000682,Technology,Accessories,Kensington K72356US Mouse-in-a-Box USB Desktop Mouse,82.95,5,0.0,29.0325
8614,CA-2016-138233,2016-11-09,2016-11-14,Standard Class,PF-19165,Philip Fox,Consumer,United States,Oakland,California,94601,West,TEC-AC-10002001,Technology,Accessories,Logitech Wireless Gaming Headset G930,479.97,3,0.0,177.5889
8628,CA-2015-164084,2015-09-07,2015-09-12,Standard Class,AG-10525,Andy Gerbode,Corporate,United States,New York City,New York,10011,East,TEC-AC-10002305,Technology,Accessories,KeyTronic E03601U1 - Keyboard - Beige,90.0,5,0.0,16.2
8639,CA-2017-118346,2017-07-23,2017-07-24,First Class,PO-19180,Philisse Overcash,Home Office,United States,Kenosha,Wisconsin,53142,Central,TEC-AC-10000736,Technology,Accessories,Logitech G600 MMO Gaming Mouse,399.95,5,0.0,143.982
8654,CA-2014-142769,2014-09-13,2014-09-13,Same Day,RP-19390,Resi Pölking,Consumer,United States,Seattle,Washington,98103,West,TEC-AC-10001606,Technology,Accessories,Logitech Wireless Performance Mouse MX for PC and Mac,199.98,2,0.0,75.9924
8655,CA-2014-142769,2014-09-13,2014-09-13,Same Day,RP-19390,Resi Pölking,Consumer,United States,Seattle,Washington,98103,West,TEC-AC-10003399,Technology,Accessories,Memorex Mini Travel Drive 64 GB USB 2.0 Flash Drive,144.96,4,0.0,60.8832
8656,CA-2014-142769,2014-09-13,2014-09-13,Same Day,RP-19390,Resi Pölking,Consumer,United States,Seattle,Washington,98103,West,TEC-AC-10000865,Technology,Accessories,WD My Passport Ultra 500GB Portable External Hard Drive,118.0,2,0.0,20.06
8663,CA-2015-131856,2015-05-12,2015-05-17,Standard Class,JG-15160,James Galang,Consumer,United States,Houston,Texas,77041,Central,TEC-PH-10001336,Technology,Phones,Digium D40 VoIP phone,619.152,6,0.2,69.6546
8669,CA-2016-149916,2016-12-22,2016-12-24,Second Class,ED-13885,Emily Ducich,Home Office,United States,Seattle,Washington,98115,West,TEC-MA-10000752,Technology,Machines,Texas Instrument TI-15 Fraction Calculator,11.56,1,0.2,3.757
8680,CA-2016-112739,2016-09-02,2016-09-07,Second Class,RD-19810,Ross DeVincentis,Home Office,United States,Houston,Texas,77070,Central,TEC-AC-10001714,Technology,Accessories,Logitech MX Performance Wireless Mouse,159.56,5,0.2,33.9065
8683,CA-2014-133634,2014-11-05,2014-11-10,Standard Class,SR-20740,Steven Roelle,Home Office,United States,Arlington,Virginia,22204,South,TEC-AC-10002550,Technology,Accessories,Maxell 4.7GB DVD-RW 3/Pack,47.79,3,0.0,16.2486
8685,CA-2016-155446,2016-12-16,2016-12-23,Standard Class,TN-21040,Tanja Norvell,Home Office,United States,San Diego,California,92024,West,TEC-AC-10001445,Technology,Accessories,Imation USB 2.0 Swivel Flash Drive USB flash drive - 4 GB - Pink,21.21,7,0.0,4.4541
8693,CA-2016-136770,2016-08-14,2016-08-18,Standard Class,SP-20650,Stephanie Phelps,Corporate,United States,Akron,Ohio,44312,East,TEC-AC-10000420,Technology,Accessories,Logitech G500s Laser Gaming Mouse with Adjustable Weight Tuning,279.96,5,0.2,48.993
8694,CA-2016-118311,2016-10-24,2016-10-28,Standard Class,ED-13885,Emily Ducich,Home Office,United States,San Francisco,California,94110,West,TEC-AC-10000892,Technology,Accessories,NETGEAR N750 Dual Band Wi-Fi Gigabit Router,450.0,5,0.0,162.0
8697,CA-2017-119284,2017-06-15,2017-06-20,Standard Class,TS-21205,Thomas Seio,Corporate,United States,Nashville,Tennessee,37211,South,TEC-PH-10001051,Technology,Phones,HTC One,239.976,3,0.2,26.9973
8700,CA-2017-119284,2017-06-15,2017-06-20,Standard Class,TS-21205,Thomas Seio,Corporate,United States,Nashville,Tennessee,37211,South,TEC-PH-10000560,Technology,Phones,Samsung Galaxy S III - 16GB - pebble blue (T-Mobile),2239.936,8,0.2,223.9936
8705,CA-2016-111318,2016-07-23,2016-07-26,First Class,IL-15100,Ivan Liston,Consumer,United States,Houston,Texas,77041,Central,TEC-PH-10004100,Technology,Phones,Griffin GC17055 Auxiliary Audio Cable,115.136,8,0.2,11.5136
8714,CA-2017-136623,2017-07-11,2017-07-16,Standard Class,TS-21430,Tom Stivers,Corporate,United States,San Diego,California,92105,West,TEC-PH-10000004,Technology,Phones,Belkin iPhone and iPad Lightning Cable,71.952,6,0.2,5.3964
8727,CA-2015-103870,2015-12-27,2015-12-31,Standard Class,SP-20860,Sung Pak,Corporate,United States,Murfreesboro,Tennessee,37130,South,TEC-AC-10002370,Technology,Accessories,Maxell CD-R Discs,4.728,3,0.2,0.7092
8735,CA-2017-116988,2017-06-27,2017-06-29,Second Class,PW-19030,Pauline Webber,Corporate,United States,Seattle,Washington,98105,West,TEC-AC-10003832,Technology,Accessories,Logitech P710e Mobile Speakerphone,1287.45,5,0.0,244.6155
8749,CA-2017-128076,2017-02-02,2017-02-07,Standard Class,BO-11350,Bill Overfelt,Corporate,United States,San Diego,California,92105,West,TEC-MA-10002109,Technology,Machines,"HP Officejet Pro 8600 e-All-In-One Printer, Copier, Scanner, Fax",239.984,2,0.2,38.9974
8751,US-2015-163825,2015-06-16,2015-06-19,First Class,LC-16885,Lena Creighton,Consumer,United States,New York City,New York,10009,East,TEC-PH-10004922,Technology,Phones,RCA Visys Integrated PBX 8-Line Router,133.98,2,0.0,33.495
8753,CA-2016-105662,2016-05-05,2016-05-09,Standard Class,RB-19465,Rick Bensley,Home Office,United States,Tallahassee,Florida,32303,South,TEC-PH-10001198,Technology,Phones,Avaya 4621SW VoIP phone,177.48,3,0.2,19.9665
8769,CA-2015-151722,2015-10-05,2015-10-09,Standard Class,IL-15100,Ivan Liston,Consumer,United States,Columbus,Ohio,43229,East,TEC-AC-10000892,Technology,Accessories,NETGEAR N750 Dual Band Wi-Fi Gigabit Router,288.0,4,0.2,57.6
8770,CA-2016-151148,2016-09-12,2016-09-13,Same Day,PO-19180,Philisse Overcash,Home Office,United States,Louisville,Colorado,80027,West,TEC-PH-10001870,Technology,Phones,Lunatik TT5L-002 Taktik Strike Impact Protection System for iPhone 5,146.952,3,0.2,9.1845
8786,CA-2017-145765,2017-05-28,2017-06-02,Standard Class,CM-11815,Candace McMahon,Corporate,United States,Phoenix,Arizona,85023,West,TEC-PH-10001305,Technology,Phones,Panasonic KX TS208W Corded phone,195.96,5,0.2,19.596
8788,CA-2017-145765,2017-05-28,2017-06-02,Standard Class,CM-11815,Candace McMahon,Corporate,United States,Phoenix,Arizona,85023,West,TEC-AC-10000844,Technology,Accessories,Logitech Gaming G510s - Keyboard,271.968,4,0.2,54.3936
8792,CA-2017-162075,2017-03-18,2017-03-24,Standard Class,TT-21220,Thomas Thornton,Consumer,United States,Houston,Texas,77041,Central,TEC-PH-10001557,Technology,Phones,Pyle PMP37LED,537.544,7,0.2,47.0351
8795,CA-2014-162992,2014-12-19,2014-12-21,First Class,BP-11095,Bart Pistole,Corporate,United States,Los Angeles,California,90008,West,TEC-PH-10001944,Technology,Phones,Wi-Ex zBoost YX540 Cellular Phone Signal Booster,583.8,5,0.2,72.975
8796,CA-2014-162992,2014-12-19,2014-12-21,First Class,BP-11095,Bart Pistole,Corporate,United States,Los Angeles,California,90008,West,TEC-PH-10002085,Technology,Phones,Clarity 53712,211.168,4,0.2,15.8376
8799,US-2016-150140,2016-04-06,2016-04-10,Standard Class,VM-21685,Valerie Mitchum,Home Office,United States,Burlington,Vermont,5408,East,TEC-PH-10002555,Technology,Phones,Nortel Meridian M5316 Digital phone,1294.75,5,0.0,336.635
8800,CA-2014-116666,2014-05-08,2014-05-10,First Class,KT-16480,Kean Thornton,Consumer,United States,Philadelphia,Pennsylvania,19134,East,TEC-CO-10001449,Technology,Copiers,Hewlett Packard LaserJet 3310 Copier,1799.97,5,0.4,239.996
8802,CA-2016-140935,2016-11-10,2016-11-12,First Class,AB-10015,Aaron Bergman,Consumer,United States,Oklahoma City,Oklahoma,73120,Central,TEC-PH-10000562,Technology,Phones,Samsung Convoy 3,221.98,2,0.0,62.1544
8804,CA-2014-157644,2014-12-31,2015-01-01,First Class,AH-10030,Aaron Hawkins,Corporate,United States,New York City,New York,10035,East,TEC-AC-10003614,Technology,Accessories,"Verbatim 25 GB 6x Blu-ray Single Layer Recordable Disc, 10/Pack",34.77,3,0.0,11.4741
8809,US-2017-110646,2017-10-26,2017-10-31,Standard Class,JF-15190,Jamie Frazer,Consumer,United States,Philadelphia,Pennsylvania,19134,East,TEC-PH-10002807,Technology,Phones,Motorla HX550 Universal Bluetooth Headset,118.65,5,0.4,19.775
8815,CA-2015-144274,2015-11-23,2015-11-25,Second Class,PW-19240,Pierre Wener,Consumer,United States,Wilmington,Delaware,19805,East,TEC-PH-10003012,Technology,Phones,Nortel Meridian M3904 Professional Digital phone,307.98,2,0.0,89.3142
8821,CA-2017-100622,2017-11-03,2017-11-07,Standard Class,DK-13090,Dave Kipp,Consumer,United States,Orlando,Florida,32839,South,TEC-CO-10003236,Technology,Copiers,Canon Image Class D660 Copier,959.984,2,0.2,311.9948
8835,US-2017-132675,2017-09-24,2017-09-28,Standard Class,KF-16285,Karen Ferguson,Home Office,United States,Sandy Springs,Georgia,30328,South,TEC-PH-10003171,Technology,Phones,Plantronics Encore H101 Dual Earpieces Headset,89.9,2,0.0,25.172
8841,CA-2014-153808,2014-04-06,2014-04-10,Second Class,FH-14275,Frank Hawley,Corporate,United States,Los Angeles,California,90004,West,TEC-AC-10004171,Technology,Accessories,Razer Kraken 7.1 Surround Sound Over Ear USB Gaming Headset,299.97,3,0.0,131.9868
8842,US-2016-112396,2016-02-09,2016-02-13,Standard Class,JR-16210,Justin Ritter,Corporate,United States,San Francisco,California,94110,West,TEC-AC-10003628,Technology,Accessories,Logitech 910-002974 M325 Wireless Mouse for Web Scrolling,89.97,3,0.0,39.5868
8843,US-2016-112396,2016-02-09,2016-02-13,Standard Class,JR-16210,Justin Ritter,Corporate,United States,San Francisco,California,94110,West,TEC-AC-10004761,Technology,Accessories,Maxell 4.7GB DVD 3/Pack,31.86,2,0.0,11.151
8849,CA-2015-140718,2015-07-02,2015-07-04,First Class,FA-14230,Frank Atkinson,Corporate,United States,Raleigh,North Carolina,27604,South,TEC-PH-10003505,Technology,Phones,Geemarc AmpliPOWER60,74.24,1,0.2,8.352
8857,CA-2017-135909,2017-10-13,2017-10-20,Standard Class,JW-15220,Jane Waco,Corporate,United States,Sacramento,California,95823,West,TEC-AC-10002335,Technology,Accessories,Logitech Media Keyboard K200,209.94,6,0.0,39.8886
8860,US-2017-114356,2017-08-20,2017-08-26,Standard Class,TT-21460,Tonja Turnell,Home Office,United States,Charlotte,North Carolina,28205,South,TEC-PH-10003171,Technology,Phones,Plantronics Encore H101 Dual Earpieces Headset,35.96,1,0.2,3.596
8868,CA-2014-120411,2014-09-20,2014-09-23,First Class,SB-20185,Sarah Brown,Consumer,United States,Chicago,Illinois,60653,Central,TEC-PH-10002185,Technology,Phones,QVS USB Car Charger 2-Port 2.1Amp for iPod/iPhone/iPad/iPad 2/iPad 3,11.12,2,0.2,3.475
8869,CA-2016-158260,2016-11-04,2016-11-08,Standard Class,CC-12475,Cindy Chapman,Consumer,United States,San Diego,California,92037,West,TEC-MA-10003176,Technology,Machines,Okidata B400 Printer,686.4,2,0.2,77.22
8878,CA-2017-126928,2017-09-17,2017-09-23,Standard Class,GZ-14470,Gary Zandusky,Consumer,United States,Morristown,New Jersey,7960,East,TEC-MA-10004626,Technology,Machines,Lexmark 20R1285 X6650 Wireless All-in-One Printer,480.0,4,0.0,225.6
8881,US-2015-107944,2015-03-23,2015-03-25,First Class,AM-10360,Alice McCarthy,Corporate,United States,Los Angeles,California,90008,West,TEC-AC-10000736,Technology,Accessories,Logitech G600 MMO Gaming Mouse,239.97,3,0.0,86.3892
8883,US-2017-115252,2017-10-20,2017-10-25,Standard Class,MY-18295,Muhammed Yedwab,Corporate,United States,Durham,North Carolina,27707,South,TEC-PH-10004071,Technology,Phones,PayAnywhere Card Reader,15.984,2,0.2,1.3986
8890,CA-2016-147256,2016-10-17,2016-10-21,Second Class,FC-14245,Frank Carlisle,Home Office,United States,Columbia,Missouri,65203,Central,TEC-PH-10003072,Technology,Phones,Panasonic KX-TG9541B DECT 6.0 Digital 2-Line Expandable Cordless Phone With Digital Answering System,449.97,3,0.0,220.4853
8897,CA-2016-167241,2016-08-15,2016-08-22,Standard Class,BD-11320,Bill Donatelli,Consumer,United States,Los Angeles,California,90004,West,TEC-PH-10004614,Technology,Phones,AT&T 841000 Phone,165.6,3,0.2,10.35
8899,CA-2015-163237,2015-08-07,2015-08-09,Second Class,EM-14095,Eudokia Martin,Corporate,United States,Springfield,Virginia,22153,South,TEC-PH-10003601,Technology,Phones,"Ativa D5772 2-Line 5.8GHz Digital Expandable Corded/Cordless Phone System with Answering & Caller ID/Call Waiting, Black/Silver",494.97,3,0.0,148.491
8906,US-2016-126431,2016-07-01,2016-07-01,Same Day,SU-20665,Stephanie Ulpright,Home Office,United States,New York City,New York,10009,East,TEC-AC-10001635,Technology,Accessories,KeyTronic KT400U2 - Keyboard - Black,30.84,3,0.0,6.168
8908,CA-2016-139934,2016-12-18,2016-12-20,First Class,AY-10555,Andy Yotov,Corporate,United States,San Francisco,California,94110,West,TEC-PH-10001552,Technology,Phones,I Need's 3d Hello Kitty Hybrid Silicone Case Cover for HTC One X 4g with 3d Hello Kitty Stylus Pen Green/pink,66.976,7,0.2,6.6976
8911,CA-2017-102610,2017-11-04,2017-11-08,Standard Class,CA-12265,Christina Anderson,Consumer,United States,Chattanooga,Tennessee,37421,South,TEC-AC-10000303,Technology,Accessories,Logitech M510 Wireless Mouse,95.976,3,0.2,15.5961
8921,CA-2014-132983,2014-04-28,2014-05-03,Standard Class,DS-13180,David Smith,Corporate,United States,Jamestown,New York,14701,East,TEC-AC-10000736,Technology,Accessories,Logitech G600 MMO Gaming Mouse,159.98,2,0.0,57.5928
8922,CA-2016-145709,2016-10-04,2016-10-08,Standard Class,AH-10690,Anna Häberlin,Corporate,United States,Coral Gables,Florida,33134,South,TEC-PH-10003095,Technology,Phones,Samsung HM1900 Bluetooth Headset,52.68,3,0.2,19.755
8925,CA-2016-168032,2016-01-30,2016-02-03,Standard Class,DF-13135,David Flashing,Consumer,United States,Rockford,Illinois,61107,Central,TEC-PH-10004241,Technology,Phones,Nokia Lumia 1020,1439.968,4,0.2,143.9968
8931,US-2015-168704,2015-04-13,2015-04-17,Standard Class,FP-14320,Frank Preis,Consumer,United States,Huntsville,Texas,77340,Central,TEC-PH-10001061,Technology,Phones,Apple iPhone 5C,239.976,3,0.2,17.9982
8933,CA-2017-143252,2017-12-18,2017-12-24,Standard Class,HE-14800,Harold Engle,Corporate,United States,Milwaukee,Wisconsin,53209,Central,TEC-AC-10002331,Technology,Accessories,"Maxell 74 Minute CDR, 10/Pack",29.34,3,0.0,10.8558
8936,CA-2017-130036,2017-08-27,2017-08-27,Same Day,BP-11185,Ben Peterman,Corporate,United States,Philadelphia,Pennsylvania,19120,East,TEC-AC-10001908,Technology,Accessories,Logitech Wireless Headset h800,1119.888,14,0.2,209.979
8938,CA-2015-134117,2015-12-17,2015-12-19,Second Class,PG-18895,Paul Gonzalez,Consumer,United States,Los Angeles,California,90008,West,TEC-PH-10004908,Technology,Phones,Panasonic KX TS3282W Corded phone,135.984,2,0.2,16.998
8951,CA-2017-150910,2017-12-22,2017-12-28,Standard Class,JL-15130,Jack Lebron,Consumer,United States,Jackson,Tennessee,38301,South,TEC-AC-10001013,Technology,Accessories,Logitech ClearChat Comfort/USB Headset H390,46.864,2,0.2,7.6154
8959,CA-2017-150266,2017-11-25,2017-11-30,Standard Class,RO-19780,Rose O'Brian,Consumer,United States,Houston,Texas,77070,Central,TEC-PH-10003437,Technology,Phones,Blue Parrot B250XT Professional Grade Wireless Bluetooth Headset with,299.96,5,0.2,37.495
8964,CA-2016-157280,2016-11-05,2016-11-07,First Class,LW-17125,Liz Willingham,Consumer,United States,Virginia Beach,Virginia,23464,South,TEC-AC-10000057,Technology,Accessories,Microsoft Natural Ergonomic Keyboard 4000,89.97,3,0.0,18.8937
8967,CA-2016-134180,2016-11-03,2016-11-07,Standard Class,JP-16135,Julie Prescott,Home Office,United States,Philadelphia,Pennsylvania,19120,East,TEC-AC-10000892,Technology,Accessories,NETGEAR N750 Dual Band Wi-Fi Gigabit Router,72.0,1,0.2,14.4
8988,CA-2015-123092,2015-12-03,2015-12-07,Standard Class,JG-15115,Jack Garza,Consumer,United States,Jacksonville,North Carolina,28540,South,TEC-PH-10001700,Technology,Phones,Panasonic KX-TG6844B Expandable Digital Cordless Telephone,105.584,2,0.2,9.2386
8991,US-2015-128587,2015-12-24,2015-12-30,Standard Class,HM-14860,Harry Marie,Corporate,United States,Springfield,Missouri,65807,Central,TEC-CO-10003763,Technology,Copiers,Canon PC1060 Personal Laser Copier,4899.93,7,0.0,2302.9671
8992,US-2017-139577,2017-10-01,2017-10-06,Standard Class,TN-21040,Tanja Norvell,Home Office,United States,San Francisco,California,94110,West,TEC-AC-10004708,Technology,Accessories,Sony 32GB Class 10 Micro SDHC R40 Memory Card,104.75,5,0.0,21.9975
8993,CA-2017-159100,2017-10-16,2017-10-21,Standard Class,VP-21760,Victoria Pisteka,Corporate,United States,Columbia,Tennessee,38401,South,TEC-AC-10003499,Technology,Accessories,Memorex Mini Travel Drive 8 GB USB 2.0 Flash Drive,18.528,2,0.2,4.4004
8997,US-2017-116491,2017-11-11,2017-11-13,First Class,PG-18820,Patrick Gardner,Consumer,United States,Dallas,Texas,75081,Central,TEC-PH-10004531,Technology,Phones,OtterBox Commuter Series Case - iPhone 5 & 5s,35.184,2,0.2,12.3144
9002,CA-2014-103807,2014-12-02,2014-12-09,Standard Class,EM-13825,Elizabeth Moffitt,Corporate,United States,Sandy Springs,Georgia,30328,South,TEC-AC-10000199,Technology,Accessories,Kingston Digital DataTraveler 8GB USB 2.0,5.95,1,0.0,0.833
9004,CA-2015-102855,2015-04-05,2015-04-06,Same Day,JF-15415,Jennifer Ferguson,Consumer,United States,Spokane,Washington,99207,West,TEC-AC-10001767,Technology,Accessories,SanDisk Ultra 64 GB MicroSDHC Class 10 Memory Card,239.94,6,0.0,26.3934
9012,CA-2015-137071,2015-12-20,2015-12-21,First Class,ED-13885,Emily Ducich,Home Office,United States,Houston,Texas,77036,Central,TEC-AC-10004353,Technology,Accessories,Hypercom P1300 Pinpad,100.8,2,0.2,21.42
9020,CA-2014-100706,2014-12-16,2014-12-18,Second Class,LE-16810,Laurel Elliston,Consumer,United States,Springfield,Virginia,22153,South,TEC-AC-10001314,Technology,Accessories,Case Logic 2.4GHz Wireless Keyboard,99.98,2,0.0,7.9984
9025,CA-2016-102127,2016-06-26,2016-07-02,Standard Class,VP-21760,Victoria Pisteka,Corporate,United States,New York City,New York,10035,East,TEC-AC-10002018,Technology,Accessories,AmazonBasics 3-Button USB Wired Mouse,20.97,3,0.0,9.0171
9026,CA-2016-102127,2016-06-26,2016-07-02,Standard Class,VP-21760,Victoria Pisteka,Corporate,United States,New York City,New York,10035,East,TEC-AC-10000397,Technology,Accessories,"Perixx PERIBOARD-512B, Ergonomic Split Keyboard",139.96,4,0.0,9.7972
9036,CA-2015-148873,2015-10-01,2015-10-05,Standard Class,EM-13960,Eric Murdock,Consumer,United States,Quincy,Illinois,62301,Central,TEC-AC-10003657,Technology,Accessories,Lenovo 17-Key USB Numeric Keypad,108.768,4,0.2,2.7192
9044,CA-2016-168830,2016-11-07,2016-11-13,Standard Class,ML-17395,Marina Lichtenstein,Corporate,United States,San Francisco,California,94122,West,TEC-AC-10003911,Technology,Accessories,NETGEAR AC1750 Dual Band Gigabit Smart WiFi Router,479.97,3,0.0,163.1898
9046,CA-2017-137463,2017-12-16,2017-12-20,Second Class,KM-16225,Kalyca Meade,Corporate,United States,Sunnyvale,California,94086,West,TEC-AC-10000358,Technology,Accessories,Imation Secure Drive  Hardware Encrypted USB flash drive - 16 GB,189.95,5,0.0,45.588
9047,CA-2017-137463,2017-12-16,2017-12-20,Second Class,KM-16225,Kalyca Meade,Corporate,United States,Sunnyvale,California,94086,West,TEC-AC-10000057,Technology,Accessories,Microsoft Natural Ergonomic Keyboard 4000,149.95,5,0.0,31.4895
9054,CA-2014-141838,2014-03-26,2014-03-31,Second Class,DK-12835,Damala Kotsonis,Corporate,United States,San Francisco,California,94122,West,TEC-PH-10004100,Technology,Phones,Griffin GC17055 Auxiliary Audio Cable,28.784,2,0.2,2.8784
9056,CA-2015-128993,2015-09-12,2015-09-17,Second Class,CC-12670,Craig Carreira,Consumer,United States,Seattle,Washington,98103,West,TEC-AC-10004209,Technology,Accessories,Memorex Froggy Flash Drive 4 GB,21.98,2,0.0,8.5722
9067,CA-2017-152968,2017-05-26,2017-05-30,Standard Class,BM-11785,Bryan Mills,Consumer,United States,Harrisonburg,Virginia,22801,South,TEC-AC-10000521,Technology,Accessories,"Verbatim Slim CD and DVD Storage Cases, 50/Pack",23.08,2,0.0,6.924
9068,CA-2016-150077,2016-02-04,2016-02-10,Standard Class,MS-17365,Maribeth Schnelling,Consumer,United States,Rockville,Maryland,20852,East,TEC-PH-10002890,Technology,Phones,AT&T 17929 Lendline Telephone,90.48,2,0.0,23.5248
9074,CA-2016-142524,2016-09-04,2016-09-08,Standard Class,MB-18085,Mick Brown,Consumer,United States,Springfield,Missouri,65807,Central,TEC-AC-10000109,Technology,Accessories,Sony Micro Vault Click 16 GB USB 2.0 Flash Drive,279.95,5,0.0,67.188
9078,US-2014-124625,2014-11-03,2014-11-07,Standard Class,SP-20650,Stephanie Phelps,Corporate,United States,Omaha,Nebraska,68104,Central,TEC-AC-10003280,Technology,Accessories,Belkin F8E887 USB Wired Ergonomic Keyboard,89.97,3,0.0,18.8937
9081,CA-2017-166898,2017-09-11,2017-09-13,Second Class,KH-16630,Ken Heidel,Corporate,United States,Santa Ana,California,92704,West,TEC-PH-10002564,Technology,Phones,OtterBox Defender Series Case - Samsung Galaxy S4,143.952,6,0.2,17.994
9089,CA-2015-150308,2015-12-15,2015-12-20,Standard Class,RR-19525,Rick Reed,Corporate,United States,Cary,North Carolina,27511,South,TEC-PH-10001433,Technology,Phones,Cisco Small Business SPA 502G VoIP phone,246.168,3,0.2,21.5397
9094,US-2015-132836,2015-06-01,2015-06-05,Standard Class,AJ-10945,Ashley Jarboe,Consumer,United States,Detroit,Michigan,48227,Central,TEC-PH-10001299,Technology,Phones,Polycom CX300 Desktop Phone USB VoIP phone,299.98,2,0.0,83.9944
9096,US-2015-132836,2015-06-01,2015-06-05,Standard Class,AJ-10945,Ashley Jarboe,Consumer,United States,Detroit,Michigan,48227,Central,TEC-PH-10001300,Technology,Phones,"iKross Bluetooth Portable Keyboard  Cell Phone Stand Holder  Brush for Apple iPhone 5S 5C 5, 4S 4",41.9,2,0.0,11.732
9099,CA-2017-152933,2017-10-12,2017-10-16,Standard Class,MG-17650,Matthew Grinstein,Home Office,United States,Dallas,Texas,75081,Central,TEC-PH-10002085,Technology,Phones,Clarity 53712,369.544,7,0.2,27.7158
9101,CA-2017-152933,2017-10-12,2017-10-16,Standard Class,MG-17650,Matthew Grinstein,Home Office,United States,Dallas,Texas,75081,Central,TEC-AC-10003033,Technology,Accessories,Plantronics CS510 - Over-the-Head monaural Wireless Headset System,791.88,3,0.2,128.6805
9107,CA-2015-163181,2015-11-07,2015-11-12,Standard Class,AB-10105,Adrian Barton,Consumer,United States,Houston,Texas,77041,Central,TEC-MA-10001016,Technology,Machines,Canon PC170 Desktop Personal Copier,287.91,3,0.4,33.5895
9110,CA-2015-132941,2015-05-25,2015-05-28,First Class,MM-18280,Muhammed MacIntyre,Corporate,United States,Haltom City,Texas,76117,Central,TEC-AC-10003095,Technology,Accessories,Logitech G35 7.1-Channel Surround Sound Headset,207.984,2,0.2,36.3972
9112,CA-2014-132010,2014-10-13,2014-10-15,First Class,MA-17995,Michelle Arnett,Home Office,United States,Richmond,Virginia,23223,South,TEC-AC-10001542,Technology,Accessories,SanDisk Cruzer 16 GB USB Flash Drive,22.96,2,0.0,4.3624
9115,CA-2016-135461,2016-02-07,2016-02-10,Second Class,EB-13975,Erica Bern,Corporate,United States,Los Angeles,California,90049,West,TEC-PH-10004094,Technology,Phones,Motorola L703CM,623.96,5,0.2,38.9975
9134,CA-2015-157805,2015-08-31,2015-09-04,Standard Class,RH-19510,Rick Huthwaite,Home Office,United States,San Diego,California,92037,West,TEC-PH-10004447,Technology,Phones,Toshiba IPT2010-SD IP Telephone,555.96,5,0.2,41.697
9139,CA-2014-123400,2014-02-02,2014-02-09,Standard Class,EB-13930,Eric Barreto,Consumer,United States,Saint Petersburg,Florida,33710,South,TEC-PH-10002890,Technology,Phones,AT&T 17929 Lendline Telephone,180.96,5,0.2,13.572
9140,CA-2014-106971,2014-09-02,2014-09-08,Standard Class,BM-11785,Bryan Mills,Consumer,United States,Buffalo Grove,Illinois,60089,Central,TEC-AC-10000844,Technology,Accessories,Logitech Gaming G510s - Keyboard,475.944,7,0.2,95.1888
9141,CA-2017-123029,2017-09-30,2017-10-02,Second Class,BT-11530,Bradley Talbott,Home Office,United States,Los Angeles,California,90049,West,TEC-AC-10002402,Technology,Accessories,Razer Kraken PRO Over Ear PC and Music Headset,159.98,2,0.0,47.994
9142,CA-2016-139409,2016-09-05,2016-09-07,First Class,FW-14395,Fred Wasserman,Corporate,United States,New York City,New York,10011,East,TEC-PH-10003988,Technology,Phones,"LF Elite 3D Dazzle Designer Hard Case Cover, Lf Stylus Pen and Wiper For Apple Iphone 5c Mini Lite",43.6,4,0.0,12.208
9144,US-2017-166688,2017-05-20,2017-05-26,Standard Class,RD-19480,Rick Duston,Consumer,United States,Las Vegas,Nevada,89115,West,TEC-PH-10004094,Technology,Phones,Motorola L703CM,1123.128,9,0.2,70.1955
9147,US-2016-165505,2016-01-23,2016-01-27,Standard Class,CB-12535,Claudia Bergmann,Corporate,United States,Burlington,Vermont,5408,East,TEC-AC-10002926,Technology,Accessories,Logitech Wireless Marathon Mouse M705,99.98,2,0.0,42.9914
9153,US-2015-106873,2015-09-24,2015-09-29,Second Class,KM-16720,Kunst Miller,Consumer,United States,Avondale,Arizona,85323,West,TEC-AC-10002345,Technology,Accessories,HP Standard 104 key PS/2 Keyboard,23.2,2,0.2,1.45
9159,CA-2014-134215,2014-08-04,2014-08-08,Standard Class,ML-17395,Marina Lichtenstein,Corporate,United States,Bangor,Maine,4401,East,TEC-AC-10002473,Technology,Accessories,Maxell 4.7GB DVD-R,255.42,9,0.0,104.7222
9164,CA-2015-164007,2015-06-08,2015-06-12,Standard Class,MG-17695,Maureen Gnade,Consumer,United States,Chicago,Illinois,60610,Central,TEC-AC-10003433,Technology,Accessories,Maxell 4.7GB DVD 5/Pack,2.376,3,0.2,0.7425
9166,CA-2016-100300,2016-06-24,2016-06-26,Second Class,MJ-17740,Max Jones,Consumer,United States,San Diego,California,92037,West,TEC-MA-10000984,Technology,Machines,Okidata MB760 Printer,4476.8,4,0.2,503.64
9175,CA-2017-119424,2017-06-12,2017-06-14,Second Class,SB-20185,Sarah Brown,Consumer,United States,Kent,Washington,98031,West,TEC-PH-10002564,Technology,Phones,OtterBox Defender Series Case - Samsung Galaxy S4,71.976,3,0.2,8.997
9178,CA-2016-166618,2016-11-14,2016-11-18,Standard Class,DP-13000,Darren Powers,Consumer,United States,New York City,New York,10035,East,TEC-PH-10003356,Technology,Phones,"SmartStand Mobile Device Holder, Assorted Colors",13.98,2,0.0,3.9144
9180,CA-2017-156776,2017-08-07,2017-08-11,Standard Class,JL-15505,Jeremy Lonsdale,Consumer,United States,Westminster,California,92683,West,TEC-PH-10002415,Technology,Phones,Polycom VoiceStation 500 Conference phone,707.88,3,0.2,44.2425
9183,CA-2017-156776,2017-08-07,2017-08-11,Standard Class,JL-15505,Jeremy Lonsdale,Consumer,United States,Westminster,California,92683,West,TEC-AC-10004803,Technology,Accessories,Sony Micro Vault Click 4 GB USB 2.0 Flash Drive,55.76,4,0.0,7.8064
9189,US-2015-130512,2015-08-21,2015-08-25,Standard Class,SM-20320,Sean Miller,Home Office,United States,Allentown,Pennsylvania,18103,East,TEC-AC-10000290,Technology,Accessories,Sabrent 4-Port USB 2.0 Hub,21.728,4,0.2,3.8024
9194,CA-2015-141810,2015-11-02,2015-11-07,Standard Class,BB-10990,Barry Blumstein,Corporate,United States,San Antonio,Texas,78207,Central,TEC-PH-10002200,Technology,Phones,Aastra 6757i CT Wireless VoIP phone,344.704,2,0.2,38.7792
9198,CA-2014-103310,2014-05-10,2014-05-15,Standard Class,GM-14680,Greg Matthias,Consumer,United States,San Jose,California,95123,West,TEC-PH-10001817,Technology,Phones,Wilson Electronics DB Pro Signal Booster,1432.0,5,0.2,125.3
9208,CA-2017-140781,2017-08-03,2017-08-07,Standard Class,AB-10105,Adrian Barton,Consumer,United States,Bloomington,Illinois,61701,Central,TEC-AC-10000682,Technology,Accessories,Kensington K72356US Mouse-in-a-Box USB Desktop Mouse,39.816,3,0.2,7.4655
9235,CA-2016-126732,2016-09-02,2016-09-06,Standard Class,LR-16915,Lena Radford,Consumer,United States,Los Angeles,California,90036,West,TEC-PH-10001530,Technology,Phones,Cisco Unified IP Phone 7945G VoIP phone,1091.168,4,0.2,68.198
9250,CA-2016-127761,2016-11-10,2016-11-14,Standard Class,SW-20275,Scott Williamson,Consumer,United States,New York City,New York,10009,East,TEC-PH-10003691,Technology,Phones,BlackBerry Q10,881.93,7,0.0,220.4825
9253,CA-2017-102309,2017-09-23,2017-09-25,Second Class,DO-13645,Doug O'Connell,Consumer,United States,Pine Bluff,Arkansas,71603,South,TEC-AC-10001114,Technology,Accessories,Microsoft Wireless Mobile Mouse 4000,199.95,5,0.0,63.984
9273,CA-2016-100510,2016-05-12,2016-05-17,Standard Class,HM-14860,Harry Marie,Corporate,United States,New York City,New York,10024,East,TEC-PH-10001835,Technology,Phones,Jawbone JAMBOX Wireless Bluetooth Speaker,631.96,4,0.0,303.3408
9277,CA-2016-113236,2016-05-26,2016-05-29,Second Class,CP-12085,Cathy Prescott,Corporate,United States,Delray Beach,Florida,33445,South,TEC-AC-10001267,Technology,Accessories,Imation 32GB Pocket Pro USB 3.0 Flash Drive - 32 GB - Black - 1 P ...,47.92,2,0.2,11.98
9297,US-2015-163433,2015-04-18,2015-04-22,Second Class,MP-17965,Michael Paige,Corporate,United States,Mcallen,Texas,78501,Central,TEC-AC-10003590,Technology,Accessories,"TRENDnet 56K USB 2.0 Phone, Internet and Fax Modem",41.424,2,0.2,8.2848
9298,US-2015-163433,2015-04-18,2015-04-22,Second Class,MP-17965,Michael Paige,Corporate,United States,Mcallen,Texas,78501,Central,TEC-PH-10003357,Technology,Phones,Grandstream GXP2100 Mainstream Business Phone,244.768,4,0.2,24.4768
9302,US-2015-163433,2015-04-18,2015-04-22,Second Class,MP-17965,Michael Paige,Corporate,United States,Mcallen,Texas,78501,Central,TEC-PH-10001870,Technology,Phones,Lunatik TT5L-002 Taktik Strike Impact Protection System for iPhone 5,97.968,2,0.2,6.123
9309,CA-2014-128237,2014-03-25,2014-03-30,Standard Class,CA-12265,Christina Anderson,Consumer,United States,San Francisco,California,94110,West,TEC-AC-10002558,Technology,Accessories,Imation Swivel Flash Drive USB flash drive - 8 GB,45.48,4,0.0,15.918
9328,US-2017-130687,2017-09-07,2017-09-10,First Class,PF-19225,Phillip Flathmann,Consumer,United States,Edmonds,Washington,98026,West,TEC-PH-10002033,Technology,Phones,Konftel 250 Conference phone - Charcoal black,455.712,2,0.2,34.1784
9332,CA-2016-108056,2016-09-29,2016-10-03,Standard Class,ES-14080,Erin Smith,Corporate,United States,Springfield,Oregon,97477,West,TEC-PH-10001817,Technology,Phones,Wilson Electronics DB Pro Signal Booster,859.2,3,0.2,75.18
9342,CA-2014-155264,2014-10-19,2014-10-22,Second Class,RP-19270,Rachel Payne,Corporate,United States,San Francisco,California,94110,West,TEC-PH-10001305,Technology,Phones,Panasonic KX TS208W Corded phone,117.576,3,0.2,11.7576
9374,CA-2017-102820,2017-05-07,2017-05-11,Standard Class,CS-11950,Carlos Soltero,Consumer,United States,Pasadena,California,91104,West,TEC-PH-10003437,Technology,Phones,Blue Parrot B250XT Professional Grade Wireless Bluetooth Headset with,419.944,7,0.2,52.493
9376,CA-2015-126347,2015-12-14,2015-12-19,Second Class,AJ-10945,Ashley Jarboe,Consumer,United States,Los Angeles,California,90045,West,TEC-AC-10003063,Technology,Accessories,Micro Innovations USB RF Wireless Keyboard with Mouse,50.0,2,0.0,10.5
9377,CA-2017-108756,2017-12-25,2017-12-29,Standard Class,PO-18865,Patrick O'Donnell,Consumer,United States,East Orange,New Jersey,7017,East,TEC-AC-10003237,Technology,Accessories,Memorex Micro Travel Drive 4 GB,31.8,3,0.0,13.674
9392,CA-2017-162474,2017-03-13,2017-03-16,First Class,FH-14275,Frank Hawley,Corporate,United States,Aurora,Illinois,60505,Central,TEC-PH-10004700,Technology,Phones,PowerGen Dual USB Car Charger,7.992,1,0.2,2.5974
9394,CA-2014-125997,2014-09-20,2014-09-23,First Class,MW-18220,Mitch Webber,Consumer,United States,New York City,New York,10011,East,TEC-PH-10003484,Technology,Phones,Ooma Telo VoIP Home Phone System,629.95,5,0.0,157.4875
9399,CA-2014-125997,2014-09-20,2014-09-23,First Class,MW-18220,Mitch Webber,Consumer,United States,New York City,New York,10011,East,TEC-PH-10003072,Technology,Phones,Panasonic KX-TG9541B DECT 6.0 Digital 2-Line Expandable Cordless Phone With Digital Answering System,1349.91,9,0.0,661.4559
9406,CA-2014-152618,2014-03-14,2014-03-17,First Class,RB-19465,Rick Bensley,Home Office,United States,Chicago,Illinois,60653,Central,TEC-MA-10003626,Technology,Machines,Hewlett-Packard Deskjet 6540 Color Inkjet Printer,574.91,2,0.3,156.047
9408,CA-2017-162789,2017-09-22,2017-09-24,Second Class,LC-17140,Logan Currie,Consumer,United States,New York City,New York,10035,East,TEC-AC-10002842,Technology,Accessories,WD My Passport Ultra 2TB Portable External Hard Drive,1071.0,9,0.0,171.36
9415,CA-2015-127824,2015-10-18,2015-10-22,Standard Class,JC-15775,John Castell,Consumer,United States,Seattle,Washington,98115,West,TEC-PH-10004094,Technology,Phones,Motorola L703CM,249.584,2,0.2,15.599
9422,CA-2014-145254,2014-07-23,2014-07-27,Standard Class,NC-18535,Nick Crebassa,Corporate,United States,San Francisco,California,94122,West,TEC-PH-10000441,Technology,Phones,VTech DS6151,604.752,6,0.2,60.4752
9424,CA-2014-145254,2014-07-23,2014-07-27,Standard Class,NC-18535,Nick Crebassa,Corporate,United States,San Francisco,California,94122,West,TEC-PH-10004531,Technology,Phones,AT&T CL2909,302.376,3,0.2,37.797
9425,CA-2014-145254,2014-07-23,2014-07-27,Standard Class,NC-18535,Nick Crebassa,Corporate,United States,San Francisco,California,94122,West,TEC-AC-10002167,Technology,Accessories,Imation 8gb Micro Traveldrive Usb 2.0 Flash Drive,45.0,3,0.0,4.95
9430,CA-2015-166219,2015-08-28,2015-09-01,Standard Class,BP-11185,Ben Peterman,Corporate,United States,Dallas,Texas,75081,Central,TEC-PH-10004165,Technology,Phones,Mitel MiVoice 5330e IP Phone,1099.96,5,0.2,82.497
9444,CA-2017-165904,2017-04-07,2017-04-11,Standard Class,HR-14770,Hallie Redmond,Home Office,United States,Jacksonville,Florida,32216,South,TEC-PH-10000576,Technology,Phones,AT&T 1080 Corded phone,219.184,2,0.2,19.1786
9445,CA-2015-104052,2015-03-01,2015-03-02,First Class,TP-21565,Tracy Poddar,Corporate,United States,Coppell,Texas,75019,Central,TEC-PH-10003215,Technology,Phones,Jackery Bar Premium Fast-charging Portable Charger,95.84,4,0.2,34.742
9457,CA-2017-151855,2017-05-27,2017-06-03,Standard Class,BW-11110,Bart Watters,Corporate,United States,Greensboro,North Carolina,27405,South,TEC-AC-10002380,Technology,Accessories,Sony 8GB Class 10 Micro SDHC R40 Memory Card,27.192,3,0.2,0.3399
9462,CA-2014-100867,2014-10-19,2014-10-24,Standard Class,EH-14125,Eugene Hildebrand,Home Office,United States,Lakewood,California,90712,West,TEC-PH-10004922,Technology,Phones,RCA Visys Integrated PBX 8-Line Router,321.552,6,0.2,20.097
9471,CA-2017-102925,2017-11-05,2017-11-10,Second Class,CD-12280,Christina DeMoss,Consumer,United States,New York City,New York,10024,East,TEC-PH-10001448,Technology,Phones,Anker Astro 15000mAh USB Portable Charger,99.98,2,0.0,3.9992
9483,CA-2015-158351,2015-06-20,2015-06-24,Second Class,BC-11125,Becky Castell,Home Office,United States,Philadelphia,Pennsylvania,19134,East,TEC-AC-10001838,Technology,Accessories,Razer Tiamat Over Ear 7.1 Surround Sound PC Gaming Headset,319.984,2,0.2,91.9954
9489,CA-2015-156566,2015-10-01,2015-10-04,First Class,EM-13960,Eric Murdock,Consumer,United States,Portland,Oregon,97206,West,TEC-PH-10001817,Technology,Phones,Wilson Electronics DB Pro Signal Booster,572.8,2,0.2,50.12
9496,US-2016-123610,2016-05-12,2016-05-16,Standard Class,VM-21835,Vivian Mathis,Consumer,United States,Mission Viejo,California,92691,West,TEC-AC-10004518,Technology,Accessories,Memorex Mini Travel Drive 32 GB USB 2.0 Flash Drive,120.0,6,0.0,46.8
9505,CA-2016-113607,2016-10-14,2016-10-18,Standard Class,PW-19030,Pauline Webber,Corporate,United States,New York City,New York,10009,East,TEC-PH-10004094,Technology,Phones,Motorola L703CM,1091.93,7,0.0,272.9825
9514,CA-2016-125220,2016-10-14,2016-10-19,Standard Class,BE-11410,Bobby Elias,Consumer,United States,Appleton,Wisconsin,54915,Central,TEC-AC-10003033,Technology,Accessories,Plantronics CS510 - Over-the-Head monaural Wireless Headset System,1649.75,5,0.0,544.4175
9517,CA-2015-123939,2015-08-24,2015-08-26,Second Class,MS-17710,Maurice Satty,Consumer,United States,Bowling Green,Ohio,43402,East,TEC-PH-10000923,Technology,Phones,"Belkin SportFit Armband For iPhone 5s/5c, Fuchsia",26.982,3,0.4,4.0473
9522,CA-2014-169446,2014-12-19,2014-12-25,Standard Class,SG-20605,Speros Goranitis,Consumer,United States,Chicago,Illinois,60623,Central,TEC-PH-10002817,Technology,Phones,RCA ViSYS 25425RE1 Corded phone,323.976,3,0.2,36.4473
9546,CA-2014-166590,2014-10-29,2014-11-02,Standard Class,NC-18625,Noah Childs,Corporate,United States,Columbus,Indiana,47201,Central,TEC-AC-10003433,Technology,Accessories,Maxell 4.7GB DVD 5/Pack,1.98,2,0.0,0.891
9553,CA-2015-163923,2015-05-30,2015-06-03,Standard Class,BD-11560,Brendan Dodson,Home Office,United States,Springfield,Virginia,22153,South,TEC-AC-10000358,Technology,Accessories,Imation Secure Drive  Hardware Encrypted USB flash drive - 16 GB,151.96,4,0.0,36.4704
9559,CA-2016-129280,2016-05-03,2016-05-05,First Class,SM-20905,Susan MacKendrick,Consumer,United States,Newark,Ohio,43055,East,TEC-AC-10003832,Technology,Accessories,Imation 16GB Mini TravelDrive USB 2.0 Flash Drive,132.52,5,0.2,34.7865
9569,CA-2017-104388,2017-07-05,2017-07-07,First Class,DK-12835,Damala Kotsonis,Corporate,United States,Fremont,Nebraska,68025,Central,TEC-PH-10002293,Technology,Phones,Anker 36W 4-Port USB Wall Charger Travel Power Adapter for iPhone 5s 5c 5,79.96,4,0.0,22.3888
9579,CA-2017-152975,2017-09-14,2017-09-16,First Class,RB-19705,Roger Barcio,Home Office,United States,New York City,New York,10035,East,TEC-PH-10004586,Technology,Phones,Wilson SignalBoost 841262 DB PRO Amplifier Kit,1079.85,3,0.0,323.955
9598,CA-2017-104619,2017-01-24,2017-01-29,Standard Class,KD-16495,Keith Dawkins,Corporate,United States,San Jose,California,95123,West,TEC-PH-10000193,Technology,Phones,Jensen SMPS-640 - speaker phone,110.352,3,0.2,8.2764
9613,CA-2016-110086,2016-09-18,2016-09-22,Standard Class,BD-11320,Bill Donatelli,Consumer,United States,Woodland,California,95695,West,TEC-PH-10001299,Technology,Phones,Polycom CX300 Desktop Phone USB VoIP phone,239.984,2,0.2,23.9984
9615,CA-2014-128524,2014-11-11,2014-11-13,First Class,MZ-17515,Mary Zewe,Corporate,United States,Seattle,Washington,98115,West,TEC-AC-10002718,Technology,Accessories,Belkin Standard 104 key USB Keyboard,102.13,7,0.0,15.3195
9618,CA-2017-160633,2017-11-16,2017-11-21,Standard Class,BS-11380,Bill Stewart,Corporate,United States,Bowling Green,Ohio,43402,East,TEC-CO-10002095,Technology,Copiers,Hewlett Packard 610 Color Digital Copier / Printer,899.982,3,0.4,74.9985
9622,CA-2014-115133,2014-09-26,2014-09-30,Standard Class,DA-13450,Dianna Arnett,Home Office,United States,Lancaster,Ohio,43130,East,TEC-AC-10002370,Technology,Accessories,Maxell CD-R Discs,3.152,2,0.2,0.4728
9632,CA-2016-168844,2016-05-31,2016-06-06,Standard Class,NM-18520,Neoma Murray,Consumer,United States,New York City,New York,10011,East,TEC-PH-10003215,Technology,Phones,Jackery Bar Premium Fast-charging Portable Charger,179.7,6,0.0,88.053
9634,CA-2014-151330,2014-10-14,2014-10-17,First Class,TC-21295,Toby Carlisle,Consumer,United States,Everett,Massachusetts,2149,East,TEC-AC-10000865,Technology,Accessories,WD My Passport Ultra 500GB Portable External Hard Drive,177.0,3,0.0,30.09
9645,US-2017-107979,2017-06-08,2017-06-13,Standard Class,FO-14305,Frank Olsen,Consumer,United States,Glendale,Arizona,85301,West,TEC-AC-10002006,Technology,Accessories,Memorex Micro Travel Drive 16 GB,89.544,7,0.2,12.3123
9649,CA-2014-150518,2014-11-19,2014-11-24,Standard Class,MW-18220,Mitch Webber,Consumer,United States,Coon Rapids,Minnesota,55433,Central,TEC-PH-10002103,Technology,Phones,Jabra SPEAK 410,281.97,3,0.0,78.9516
9654,CA-2017-161893,2017-01-23,2017-01-27,Standard Class,HP-14815,Harold Pawlan,Home Office,United States,Tucson,Arizona,85705,West,TEC-AC-10001874,Technology,Accessories,Logitech Wireless Anywhere Mouse MX for PC and Mac,95.984,2,0.2,11.998
9661,CA-2016-160717,2016-06-06,2016-06-11,Standard Class,ME-17320,Maria Etezadi,Home Office,United States,Santa Barbara,California,93101,West,TEC-PH-10001459,Technology,Phones,Samsung Galaxy Mega 6.3,3023.928,9,0.2,226.7946
9662,CA-2016-160717,2016-06-06,2016-06-11,Standard Class,ME-17320,Maria Etezadi,Home Office,United States,Santa Barbara,California,93101,West,TEC-AC-10002134,Technology,Accessories,Rosewill 107 Normal Keys USB Wired Standard Keyboard,26.96,2,0.0,3.7744
9663,CA-2016-160717,2016-06-06,2016-06-11,Standard Class,ME-17320,Maria Etezadi,Home Office,United States,Santa Barbara,California,93101,West,TEC-PH-10001760,Technology,Phones,Bose SoundLink Bluetooth Speaker,477.6,3,0.2,161.19
9672,US-2017-140312,2017-11-13,2017-11-19,Standard Class,KL-16645,Ken Lonsdale,Consumer,United States,Dublin,California,94568,West,TEC-PH-10003442,Technology,Phones,Samsung Replacement EH64AVFWE Premium Headset,22.0,5,0.2,1.375
9681,CA-2015-130113,2015-12-27,2015-12-31,Standard Class,AH-10030,Aaron Hawkins,Corporate,United States,San Francisco,California,94122,West,TEC-PH-10003505,Technology,Phones,Geemarc AmpliPOWER60,668.16,9,0.2,75.168
9686,CA-2017-118668,2017-01-02,2017-01-04,Second Class,FW-14395,Fred Wasserman,Corporate,United States,Los Angeles,California,90032,West,TEC-AC-10000682,Technology,Accessories,Kensington K72356US Mouse-in-a-Box USB Desktop Mouse,16.59,1,0.0,5.8065
9690,US-2017-135986,2017-06-20,2017-06-27,Standard Class,PG-18895,Paul Gonzalez,Consumer,United States,Richmond,Virginia,23223,South,TEC-PH-10003691,Technology,Phones,BlackBerry Q10,503.96,4,0.0,125.99
9701,CA-2017-154116,2017-12-15,2017-12-19,Standard Class,KM-16660,Khloe Miller,Consumer,United States,Inglewood,California,90301,West,TEC-PH-10000675,Technology,Phones,Panasonic KX TS3282B Corded phone,196.776,3,0.2,14.7582
9715,CA-2014-114251,2014-11-05,2014-11-10,Standard Class,MD-17350,Maribeth Dona,Consumer,United States,Philadelphia,Pennsylvania,19143,East,TEC-AC-10004864,Technology,Accessories,Memorex Micro Travel Drive 32 GB,58.416,2,0.2,16.7946
9718,CA-2016-108210,2016-05-30,2016-05-31,Same Day,AT-10735,Annie Thurman,Consumer,United States,Houston,Texas,77041,Central,TEC-PH-10002293,Technology,Phones,Anker 36W 4-Port USB Wall Charger Travel Power Adapter for iPhone 5s 5c 5,79.96,5,0.2,7.996
9719,CA-2016-108210,2016-05-30,2016-05-31,Same Day,AT-10735,Annie Thurman,Consumer,United States,Houston,Texas,77041,Central,TEC-AC-10000109,Technology,Accessories,Sony Micro Vault Click 16 GB USB 2.0 Flash Drive,223.96,5,0.2,11.198
9723,CA-2016-105781,2016-02-16,2016-02-20,Standard Class,JF-15565,Jill Fjeld,Consumer,United States,New York City,New York,10024,East,TEC-AC-10003628,Technology,Accessories,Logitech 910-002974 M325 Wireless Mouse for Web Scrolling,89.97,3,0.0,39.5868
9726,CA-2017-142293,2017-09-17,2017-09-20,First Class,SC-20380,Shahid Collister,Consumer,United States,Boise,Idaho,83704,West,TEC-AC-10001109,Technology,Accessories,Logitech Trackman Marble Mouse,89.97,3,0.0,37.7874
9728,CA-2017-167395,2017-12-02,2017-12-04,First Class,KM-16720,Kunst Miller,Consumer,United States,Lowell,Massachusetts,1852,East,TEC-PH-10004977,Technology,Phones,GE 30524EE4,979.95,5,0.0,284.1855
9737,US-2015-100069,2015-06-29,2015-07-03,Standard Class,NF-18475,Neil Französisch,Home Office,United States,Omaha,Nebraska,68104,Central,TEC-PH-10004667,Technology,Phones,Cisco 8x8 Inc. 6753i IP Business Phone System,269.98,2,0.0,72.8946
9750,CA-2016-158358,2016-03-04,2016-03-08,Standard Class,EM-13810,Eleni McCrary,Corporate,United States,Dover,New Hampshire,3820,East,TEC-AC-10002567,Technology,Accessories,Logitech G602 Wireless Gaming Mouse,159.98,2,0.0,57.5928
9758,CA-2017-113705,2017-03-27,2017-03-29,Second Class,LC-16870,Lena Cacioppo,Consumer,United States,Richmond,Virginia,23223,South,TEC-PH-10004006,Technology,Phones,Panasonic KX - TS880B Telephone,206.1,5,0.0,55.647
9762,CA-2014-121762,2014-02-14,2014-02-18,Standard Class,ML-17395,Marina Lichtenstein,Corporate,United States,Seattle,Washington,98103,West,TEC-AC-10000736,Technology,Accessories,Logitech G600 MMO Gaming Mouse,239.97,3,0.0,86.3892
9765,CA-2014-123855,2014-06-18,2014-06-23,Standard Class,MC-18100,Mick Crebagga,Consumer,United States,Los Angeles,California,90036,West,TEC-PH-10000215,Technology,Phones,Plantronics Cordless Phone Headset with In-line Volume - M214C,139.8,5,0.2,12.2325
9774,CA-2016-160234,2016-06-26,2016-07-03,Standard Class,PF-19225,Phillip Flathmann,Consumer,United States,Atlanta,Georgia,30318,South,TEC-PH-10004434,Technology,Phones,Cisco IP Phone 7961G VoIP phone - Dark gray,135.95,1,0.0,39.4255
9781,CA-2016-153178,2016-09-14,2016-09-18,Standard Class,CL-12565,Clay Ludtke,Consumer,United States,Long Beach,New York,11561,East,TEC-PH-10001944,Technology,Phones,Wi-Ex zBoost YX540 Cellular Phone Signal Booster,437.85,3,0.0,131.355
9790,CA-2017-144491,2017-03-27,2017-04-01,Standard Class,CJ-12010,Caroline Jumper,Consumer,United States,Houston,Texas,77070,Central,TEC-AC-10004901,Technology,Accessories,Kensington SlimBlade Notebook Wireless Mouse with Nano Receiver ,39.992,1,0.2,6.9986
9799,CA-2015-128608,2015-01-12,2015-01-17,Standard Class,CS-12490,Cindy Schnelling,Corporate,United States,Toledo,Ohio,43615,East,TEC-PH-10000912,Technology,Phones,Anker 24W Portable Micro USB Car Charger,26.376,4,0.4,2.6376
9800,CA-2015-128608,2015-01-12,2015-01-17,Standard Class,CS-12490,Cindy Schnelling,Corporate,United States,Toledo,Ohio,43615,East,TEC-AC-10000487,Technology,Accessories,SanDisk Cruzer 4 GB USB Flash Drive,10.384,2,0.2,2.2066
9804,CA-2015-122973,2015-07-18,2015-07-20,Second Class,PJ-19015,Pauline Johnson,Consumer,United States,New York City,New York,10024,East,TEC-PH-10002468,Technology,Phones,"Plantronics CS 50-USB - headset - Convertible, Monaural",135.99,1,0.0,36.7173
9831,CA-2014-113257,2014-12-16,2014-12-18,Second Class,SC-20305,Sean Christensen,Consumer,United States,Beaumont,Texas,77705,Central,TEC-AC-10004171,Technology,Accessories,Razer Kraken 7.1 Surround Sound Over Ear USB Gaming Headset,319.968,4,0.2,95.9904
9834,CA-2017-130302,2017-09-14,2017-09-19,Standard Class,CY-12745,Craig Yedwab,Corporate,United States,Springfield,Ohio,45503,East,TEC-AC-10002001,Technology,Accessories,Logitech Wireless Gaming Headset G930,895.944,7,0.2,190.3881
9840,US-2016-125402,2016-09-25,2016-10-01,Standard Class,DL-12865,Dan Lawera,Consumer,United States,Long Beach,California,90805,West,TEC-CO-10001943,Technology,Copiers,Canon PC-428 Personal Copier,479.976,3,0.2,161.9919
9841,US-2016-125402,2016-09-25,2016-10-01,Standard Class,DL-12865,Dan Lawera,Consumer,United States,Long Beach,California,90805,West,TEC-PH-10003356,Technology,Phones,"SmartStand Mobile Device Holder, Assorted Colors",44.736,8,0.2,4.4736
9861,CA-2017-113278,2017-01-14,2017-01-20,Standard Class,HR-14770,Hallie Redmond,Home Office,United States,Richmond,Indiana,47374,Central,TEC-PH-10000169,Technology,Phones,ARKON Windshield Dashboard Air Vent Car Mount Holder,67.8,4,0.0,1.356
9863,CA-2017-113278,2017-01-14,2017-01-20,Standard Class,HR-14770,Hallie Redmond,Home Office,United States,Richmond,Indiana,47374,Central,TEC-AC-10001445,Technology,Accessories,Imation USB 2.0 Swivel Flash Drive USB flash drive - 4 GB - Pink,12.12,4,0.0,2.5452
9865,CA-2017-113278,2017-01-14,2017-01-20,Standard Class,HR-14770,Hallie Redmond,Home Office,United States,Richmond,Indiana,47374,Central,TEC-AC-10004469,Technology,Accessories,Microsoft Sculpt Comfort Mouse,159.8,4,0.0,70.312
9883,CA-2014-153927,2014-08-12,2014-08-13,First Class,LL-16840,Lauren Leatherbury,Consumer,United States,Woodstock,Georgia,30188,South,TEC-AC-10000023,Technology,Accessories,"Maxell 74 Minute CD-R Spindle, 50/Pack",272.61,13,0.0,98.1396
9885,CA-2014-112291,2014-04-03,2014-04-08,Standard Class,KE-16420,Katrina Edelman,Corporate,United States,Los Angeles,California,90008,West,TEC-AC-10001284,Technology,Accessories,Enermax Briskie RF Wireless Keyboard and Mouse Combo,62.31,3,0.0,22.4316
9886,CA-2014-112291,2014-04-03,2014-04-08,Standard Class,KE-16420,Katrina Edelman,Corporate,United States,Los Angeles,California,90008,West,TEC-AC-10000736,Technology,Accessories,Logitech G600 MMO Gaming Mouse,159.98,2,0.0,57.5928
9889,CA-2015-127544,2015-08-08,2015-08-12,Standard Class,RD-19585,Rob Dowd,Consumer,United States,Utica,New York,13501,East,TEC-AC-10000736,Technology,Accessories,Logitech G600 MMO Gaming Mouse,79.99,1,0.0,28.7964
9892,US-2016-115441,2016-07-25,2016-07-28,Second Class,SH-19975,Sally Hughsby,Corporate,United States,Milwaukee,Wisconsin,53209,Central,TEC-AC-10003116,Technology,Accessories,Memorex Froggy Flash Drive 8 GB,124.25,7,0.0,48.4575
9893,US-2016-115441,2016-07-25,2016-07-28,Second Class,SH-19975,Sally Hughsby,Corporate,United States,Milwaukee,Wisconsin,53209,Central,TEC-PH-10002262,Technology,Phones,LG Electronics Tone HBS-730 Bluetooth Headset,297.55,5,0.0,83.314
9896,CA-2014-115049,2014-09-26,2014-10-01,Standard Class,MM-17920,Michael Moore,Consumer,United States,Chicago,Illinois,60623,Central,TEC-AC-10004859,Technology,Accessories,"Maxell Pro 80 Minute CD-R, 10/Pack",153.824,11,0.2,38.456
9905,CA-2014-122609,2014-11-12,2014-11-18,Standard Class,DP-13000,Darren Powers,Consumer,United States,Carrollton,Texas,75007,Central,TEC-AC-10002567,Technology,Accessories,Logitech G602 Wireless Gaming Mouse,127.984,2,0.2,25.5968
9923,US-2017-162124,2017-05-06,2017-05-10,Standard Class,JF-15490,Jeremy Farry,Consumer,United States,Chicago,Illinois,60653,Central,TEC-AC-10001990,Technology,Accessories,Kensington Orbit Wireless Mobile Trackball for PC and Mac,191.968,4,0.2,28.7952
9927,CA-2015-159534,2015-03-20,2015-03-23,First Class,DH-13075,Dave Hallsten,Corporate,United States,New York City,New York,10035,East,TEC-PH-10002310,Technology,Phones,Panasonic KX T7731-B Digital phone,199.98,2,0.0,53.9946
9930,CA-2016-129630,2016-09-04,2016-09-04,Same Day,IM-15055,Ionia McGrath,Consumer,United States,San Francisco,California,94122,West,TEC-CO-10003763,Technology,Copiers,Canon PC1060 Personal Laser Copier,2799.96,5,0.2,944.9865
9934,CA-2014-166555,2014-07-11,2014-07-14,First Class,JK-15205,Jamie Kunitz,Consumer,United States,Niagara Falls,New York,14304,East,TEC-PH-10004912,Technology,Phones,Cisco SPA112 2 Port Phone Adapter,164.85,3,0.0,47.8065
9942,CA-2017-164028,2017-11-24,2017-11-30,Standard Class,JL-15835,John Lee,Consumer,United States,San Francisco,California,94122,West,TEC-AC-10001772,Technology,Accessories,Memorex Mini Travel Drive 16 GB USB 2.0 Flash Drive,223.58,14,0.0,87.1962
9947,CA-2014-111157,2014-03-02,2014-03-06,Standard Class,NH-18610,Nicole Hansen,Corporate,United States,Philadelphia,Pennsylvania,19120,East,TEC-AC-10004353,Technology,Accessories,Hypercom P1300 Pinpad,151.2,3,0.2,32.13
9950,CA-2017-121559,2017-06-01,2017-06-03,Second Class,HW-14935,Helen Wasserman,Corporate,United States,Indianapolis,Indiana,46203,Central,TEC-AC-10004568,Technology,Accessories,Maxell LTO Ultrium - 800 GB,83.97,3,0.0,15.9543
9951,CA-2017-121559,2017-06-01,2017-06-03,Second Class,HW-14935,Helen Wasserman,Corporate,United States,Indianapolis,Indiana,46203,Central,TEC-AC-10001714,Technology,Accessories,Logitech MX Performance Wireless Mouse,39.89,1,0.0,14.7593
9961,CA-2017-141446,2017-09-16,2017-09-18,Second Class,CL-12700,Craig Leslie,Home Office,United States,Florence,Kentucky,41042,South,TEC-AC-10002305,Technology,Accessories,KeyTronic E03601U1 - Keyboard - Beige,18.0,1,0.0,3.24
9974,US-2016-103674,2016-12-06,2016-12-10,Standard Class,AP-10720,Anne Pryor,Home Office,United States,Los Angeles,California,90032,West,TEC-PH-10004080,Technology,Phones,Avaya 5410 Digital phone,271.96,5,0.2,27.196
9977,US-2016-103674,2016-12-06,2016-12-10,Standard Class,AP-10720,Anne Pryor,Home Office,United States,Los Angeles,California,90032,West,TEC-PH-10002496,Technology,Phones,Cisco SPA301,249.584,2,0.2,31.198
9984,US-2016-157728,2016-09-22,2016-09-28,Standard Class,RC-19960,Ryan Crowe,Consumer,United States,Grand Rapids,Michigan,49505,Central,TEC-PH-10001305,Technology,Phones,Panasonic KX TS208W Corded phone,97.98,2,0.0,27.4344
9987,CA-2016-125794,2016-09-29,2016-10-03,Standard Class,ML-17410,Maris LaWare,Consumer,United States,Los Angeles,California,90008,West,TEC-AC-10003399,Technology,Accessories,Memorex Mini Travel Drive 64 GB USB 2.0 Flash Drive,36.24,1,0.0,15.2208
9988,CA-2017-163629,2017-11-17,2017-11-21,Standard Class,RA-19885,Ruben Ausman,Corporate,United States,Athens,Georgia,30605,South,TEC-AC-10001539,Technology,Accessories,Logitech G430 Surround Sound Gaming Headset with Dolby 7.1 Technology,79.99,1,0.0,28.7964
9989,CA-2017-163629,2017-11-17,2017-11-21,Standard Class,RA-19885,Ruben Ausman,Corporate,United States,Athens,Georgia,30605,South,TEC-PH-10004006,Technology,Phones,Panasonic KX - TS880B Telephone,206.1,5,0.0,55.647
9992,CA-2017-121258,2017-02-26,2017-03-03,Standard Class,DB-13060,Dave Brooks,Consumer,United States,Costa Mesa,California,92627,West,TEC-PH-10003645,Technology,Phones,Aastra 57i VoIP phone,258.576,2,0.2,19.3932
