order_item_id,order_id,product_id,quantity,unit_price,discount
OI000001,O00001,P0053,5,16152.78,0.0
OI000002,O00001,P0046,3,23621.0,0.0
OI000003,O00001,P0067,3,29430.12,0.0
OI000004,O00002,P0087,1,2082.59,0.1
OI000005,O00002,P0096,2,2845.8,0.05
OI000006,O00002,P0106,3,29239.45,0.0
OI000007,O00002,P0044,2,22002.91,0.1
OI000008,O00003,P0024,2,9812.32,0.05
OI000010,O00003,P0088,2,16504.89,0.2
OI000011,O00004,P0027,2,5351.07,0.2
OI000012,O00004,P0030,5,7749.16,0.0
OI000013,O00004,P0026,2,12432.11,0.2
OI000014,O00005,P0016,1,14148.38,0.15
OI000015,O00006,P0079,5,3907.55,0.0
OI000016,O00006,P0001,4,5815.44,0.0
OI000017,O00006,P0098,5,16744.36,0.0
OI000018,O00006,P0110,4,10608.58,0.1
OI000022,O00008,P0068,4,1929.24,0.05
OI000023,O00009,P0005,2,29967.2,0.05
OI000024,O00009,P0065,1,20745.59,0.15
OI000025,O00009,P0045,5,22454.73,0.05
OI000027,O00009,P0111,1,19761.46,0.0
OI000028,O00010,P0049,1,22427.19,0.0
OI000030,O00011,P0024,2,9812.32,0.0
OI000031,O00011,P0071,4,1631.29,0.1
OI000032,O00011,P0034,3,29981.28,0.0
OI000033,O00012,P0064,2,12314.5,0.05
OI000034,O00012,P0055,3,20284.12,0.0
OI000035,O00013,P0036,2,8960.67,0.1
OI000037,O00013,P0024,1,9812.32,0.15
OI000038,O00013,P0074,3,23258.13,0.2
OI000039,O00014,P0072,4,23634.91,0.0
OI000040,O00014,P0056,2,26540.94,0.2
OI000043,O00016,P0115,5,2658.52,0.1
OI000045,O00017,P0039,5,22385.74,0.0
OI000046,O00017,P0033,4,20746.57,0.0
OI000047,O00017,P0072,2,23634.91,0.0
OI000048,O00017,P0110,2,10608.58,0.2
OI000049,O00018,P0061,1,11732.74,0.05
OI000050,O00018,P0108,3,27881.04,0.0
OI000051,O00018,P0081,3,15455.55,0.0
OI000052,O00019,P0072,1,23634.91,0.05
OI000053,O00019,P0120,1,20385.15,0.0
OI000054,O00019,P0104,5,25379.76,0.0
OI000055,O00019,P0033,5,20746.57,0.1
OI000056,O00019,P0045,5,22454.73,0.0
OI000057,O00020,P0046,5,23621.0,0.05
OI000058,O00020,P0042,4,27113.7,0.0
OI000059,O00020,P0087,4,2082.59,0.1
OI000063,O00022,P0109,2,5510.83,0.0
OI000064,O00022,P0117,2,13360.22,0.0
OI000066,O00022,P0011,3,29653.81,0.15
OI000067,O00023,P0078,3,9794.29,0.05
OI000068,O00023,P0083,3,9132.71,0.15
OI000069,O00023,P0051,5,29022.02,0.1
OI000070,O00024,P0053,1,16152.78,0.0
OI000071,O00024,P0022,2,29352.73,0.15
OI000072,O00024,P0024,3,9812.32,0.15
OI000073,O00024,P0110,1,10608.58,0.0
OI000076,O00026,P0004,4,8571.23,0.1
OI000077,O00027,P0014,3,15835.42,0.1
OI000078,O00028,P0011,4,29653.81,0.0
OI000079,O00028,P0084,2,29957.77,0.0
OI000080,O00029,P0057,2,6734.45,0.1
OI000081,O00029,P0081,2,15455.55,0.0
OI000082,O00029,P0017,1,18742.99,0.15
OI000083,O00030,P0111,4,19761.46,0.05
OI000084,O00030,P0118,5,13328.28,0.0
OI000085,O00030,P0042,5,27113.7,0.05
OI000086,O00031,P0090,2,12974.36,0.1
OI000087,O00031,P0070,5,19923.53,0.05
OI000088,O00032,P0056,3,26540.94,0.05
OI000089,O00032,P0068,5,1929.24,0.0
OI000090,O00032,P0082,1,6739.91,0.05
OI000091,O00032,P0069,3,28476.44,0.0
OI000092,O00032,P0040,4,18259.1,0.0
OI000093,O00033,P0039,1,22385.74,0.1
OI000094,O00033,P0002,2,25937.12,0.0
OI000095,O00034,P0061,4,11732.74,0.2
OI000096,O00034,P0069,4,28476.44,0.0
OI000097,O00034,P0002,1,25937.12,0.2
OI000098,O00035,P0103,1,19743.28,0.1
OI000099,O00035,P0038,3,361.97,0.0
OI000100,O00035,P0077,4,4058.28,0.1
OI000101,O00035,P0030,4,7749.16,0.05
OI000102,O00036,P0021,4,29923.09,0.2
OI000103,O00036,P0092,4,26656.16,0.0
OI000104,O00037,P0011,2,29653.81,0.1
OI000105,O00037,P0055,5,20284.12,0.2
OI000106,O00037,P0081,3,15455.55,0.0
OI000107,O00038,P0104,1,25379.76,0.0
OI000108,O00038,P0035,2,7207.71,0.0
OI000109,O00038,P0053,1,16152.78,0.15
OI000110,O00038,P0025,4,11320.25,0.1
OI000111,O00038,P0110,4,10608.58,0.0
OI000112,O00039,P0063,1,19689.07,0.1
OI000113,O00039,P0025,1,11320.25,0.0
OI000114,O00039,P0042,1,27113.7,0.0
OI000115,O00039,P0003,3,28035.34,0.0
OI000116,O00039,P0020,4,1192.67,0.15
OI000117,O00040,P0030,1,7749.16,0.0
OI000118,O00041,P0064,2,12314.5,0.0
OI000119,O00042,P0040,3,18259.1,0.05
OI000120,O00042,P0101,1,29055.75,0.0
OI000121,O00042,P0103,1,19743.28,0.2
OI000122,O00042,P0064,2,12314.5,0.0
OI000123,O00043,P0100,5,26223.39,0.05
OI000124,O00043,P0051,2,29022.02,0.0
OI000126,O00044,P0107,2,20288.3,0.05
OI000127,O00044,P0002,4,25937.12,0.0
OI000128,O00044,P0016,1,14148.38,0.0
OI000129,O00044,P0099,4,9969.82,0.15
OI000130,O00045,P0067,2,29430.12,0.05
OI000131,O00046,P0088,2,16504.89,0.15
OI000132,O00046,P0040,1,18259.1,0.15
OI000133,O00046,P0120,5,20385.15,0.1
OI000134,O00046,P0042,1,27113.7,0.0
OI000135,O00047,P0082,1,6739.91,0.2
OI000136,O00047,P0039,2,22385.74,0.0
OI000137,O00047,P0026,2,12432.11,0.15
OI000138,O00047,P0047,4,15113.63,0.0
OI000139,O00048,P0022,3,29352.73,0.1
OI000140,O00049,P0051,2,29022.02,0.0
OI000141,O00050,P0075,4,8404.97,0.15
OI000142,O00051,P0020,2,1192.67,0.05
OI000143,O00051,P0048,1,27431.78,0.15
OI000144,O00051,P0099,5,9969.82,0.0
OI000145,O00051,P0012,1,28948.95,0.0
OI000146,O00051,P0032,3,28363.64,0.15
OI000147,O00052,P0090,1,12974.36,0.0
OI000148,O00052,P0069,4,28476.44,0.0
OI000149,O00053,P0072,3,23634.91,0.2
OI000150,O00053,P0101,4,29055.75,0.15
OI000151,O00053,P0083,2,9132.71,0.0
OI000152,O00054,P0046,1,23621.0,0.05
OI000153,O00054,P0093,4,12034.06,0.1
OI000154,O00054,P0018,3,25587.96,0.1
OI000155,O00054,P0033,4,20746.57,0.0
OI000156,O00055,P0024,4,9812.32,0.0
OI000157,O00055,P0070,5,19923.53,0.2
OI000158,O00055,P0045,5,22454.73,0.0
OI000159,O00055,P0042,1,27113.7,0.1
OI000160,O00055,P0094,2,12871.71,0.05
OI000161,O00056,P0105,3,17274.11,0.05
OI000162,O00056,P0034,1,29981.28,0.2
OI000163,O00056,P0070,5,19923.53,0.05
OI000164,O00057,P0114,5,9431.72,0.2
OI000165,O00057,P0003,3,28035.34,0.2
OI000166,O00058,P0031,5,20367.01,0.2
OI000167,O00058,P0042,4,27113.7,0.0
OI000168,O00058,P0093,5,12034.06,0.15
OI000169,O00058,P0009,4,11563.17,0.2
OI000170,O00058,P0085,5,20620.59,0.0
OI000171,O00059,P0037,1,29340.98,0.1
OI000172,O00059,P0042,1,27113.7,0.0
OI000173,O00059,P0053,2,16152.78,0.0
OI000174,O00059,P0083,1,9132.71,0.0
OI000175,O00059,P0015,1,12370.16,0.05
OI000177,O00060,P0005,4,29967.2,0.15
OI000178,O00061,P0068,3,1929.24,0.0
OI000179,O00061,P0080,3,22400.48,0.0
OI000180,O00061,P0090,5,12974.36,0.15
OI000181,O00061,P0076,1,7609.55,0.0
OI000182,O00062,P0084,1,29957.77,0.05
OI000183,O00062,P0063,1,19689.07,0.0
OI000184,O00063,P0096,1,2845.8,0.2
OI000185,O00063,P0114,5,9431.72,0.0
OI000186,O00063,P0054,5,17586.66,0.0
OI000187,O00063,P0106,1,29239.45,0.2
OI000188,O00063,P0048,3,27431.78,0.0
OI000189,O00064,P0067,1,29430.12,0.15
OI000191,O00065,P0025,5,11320.25,0.15
OI000192,O00065,P0068,2,1929.24,0.1
OI000193,O00065,P0085,5,20620.59,0.05
OI000194,O00065,P0032,1,28363.64,0.2
OI000195,O00066,P0046,4,23621.0,0.0
OI000196,O00066,P0087,2,2082.59,0.2
OI000197,O00066,P0059,2,28394.29,0.1
OI000198,O00066,P0090,4,12974.36,0.1
OI000199,O00066,P0086,3,26990.09,0.15
OI000200,O00067,P0069,4,28476.44,0.0
OI000201,O00067,P0077,3,4058.28,0.1
OI000202,O00068,P0109,4,5510.83,0.2
OI000203,O00068,P0048,3,27431.78,0.1
OI000204,O00068,P0053,2,16152.78,0.1
OI000205,O00069,P0028,3,20532.06,0.0
OI000206,O00069,P0049,4,22427.19,0.05
OI000207,O00069,P0099,4,9969.82,0.0
OI000208,O00069,P0071,1,1631.29,0.0
OI000209,O00069,P0119,5,3520.87,0.0
OI000210,O00070,P0018,2,25587.96,0.2
OI000211,O00070,P0114,3,9431.72,0.0
OI000212,O00070,P0039,3,22385.74,0.1
OI000213,O00070,P0001,5,5815.44,0.1
OI000214,O00070,P0029,5,7057.79,0.1
OI000216,O00071,P0005,2,29967.2,0.0
OI000217,O00072,P0047,2,15113.63,0.0
OI000218,O00072,P0114,3,9431.72,0.2
OI000219,O00072,P0075,3,8404.97,0.0
OI000220,O00073,P0052,1,2818.25,0.15
OI000221,O00073,P0073,3,6309.86,0.2
OI000222,O00073,P0118,4,13328.28,0.0
OI000223,O00073,P0028,4,20532.06,0.2
OI000224,O00073,P0094,5,12871.71,0.2
OI000225,O00074,P0077,3,4058.28,0.0
OI000226,O00075,P0049,3,22427.19,0.0
OI000227,O00075,P0011,4,29653.81,0.05
OI000228,O00075,P0100,1,26223.39,0.2
OI000229,O00075,P0008,2,26103.7,0.15
OI000230,O00075,P0118,5,13328.28,0.0
OI000231,O00076,P0007,3,22914.64,0.1
OI000232,O00076,P0040,5,18259.1,0.0
OI000233,O00076,P0068,3,1929.24,0.1
OI000234,O00076,P0006,2,16212.79,0.0
OI000235,O00077,P0087,4,2082.59,0.05
OI000236,O00078,P0074,3,23258.13,0.2
OI000237,O00078,P0065,4,20745.59,0.0
OI000238,O00078,P0012,2,28948.95,0.0
OI000239,O00078,P0029,1,7057.79,0.05
OI000240,O00078,P0056,5,26540.94,0.15
OI000241,O00079,P0071,4,1631.29,0.0
OI000242,O00080,P0052,5,2818.25,0.05
OI000243,O00081,P0098,4,16744.36,0.1
OI000244,O00081,P0018,2,25587.96,0.05
OI000245,O00082,P0084,5,29957.77,0.15
OI000246,O00082,P0074,5,23258.13,0.0
OI000247,O00082,P0026,2,12432.11,0.0
OI000248,O00082,P0072,3,23634.91,0.2
OI000249,O00083,P0042,1,27113.7,0.0
OI000250,O00083,P0088,4,16504.89,0.05
OI000251,O00083,P0119,3,3520.87,0.0
OI000252,O00083,P0074,2,23258.13,0.0
OI000253,O00084,P0077,3,4058.28,0.0
OI000254,O00084,P0084,3,29957.77,0.1
OI000255,O00084,P0004,4,8571.23,0.1
OI000256,O00085,P0057,2,6734.45,0.0
OI000257,O00085,P0006,3,16212.79,0.0
OI000258,O00086,P0015,1,12370.16,0.0
OI000259,O00087,P0119,3,3520.87,0.0
OI000260,O00087,P0019,3,28629.69,0.15
OI000261,O00087,P0112,1,2861.72,0.0
OI000262,O00087,P0107,4,20288.3,0.05
OI000263,O00087,P0105,1,17274.11,0.0
OI000264,O00088,P0095,2,28613.34,0.0
OI000265,O00088,P0069,5,28476.44,0.1
OI000266,O00089,P0071,2,1631.29,0.15
OI000267,O00089,P0062,1,17669.73,0.05
OI000268,O00089,P0080,5,22400.48,0.15
OI000269,O00090,P0006,2,16212.79,0.2
OI000270,O00090,P0033,5,20746.57,0.0
OI000271,O00090,P0022,1,29352.73,0.05
OI000272,O00090,P0008,1,26103.7,0.0
OI000273,O00090,P0037,4,29340.98,0.15
OI000274,O00091,P0085,3,20620.59,0.2
OI000275,O00091,P0110,1,10608.58,0.0
OI000276,O00091,P0117,3,13360.22,0.2
OI000277,O00092,P0030,1,7749.16,0.0
OI000278,O00092,P0049,4,22427.19,0.2
OI000279,O00092,P0066,5,28522.59,0.1
OI000280,O00092,P0091,1,21658.7,0.0
OI000281,O00093,P0065,5,20745.59,0.15
OI000282,O00093,P0059,1,28394.29,0.0
OI000283,O00094,P0119,3,3520.87,0.0
OI000284,O00094,P0068,4,1929.24,0.05
OI000285,O00095,P0003,3,28035.34,0.0
OI000286,O00095,P0045,3,22454.73,0.0
OI000287,O00096,P0036,4,8960.67,0.2
OI000288,O00096,P0104,1,25379.76,0.1
OI000289,O00096,P0008,3,26103.7,0.0
OI000290,O00096,P0081,2,15455.55,0.0
OI000291,O00096,P0033,4,20746.57,0.15
OI000292,O00097,P0012,4,28948.95,0.1
OI000293,O00097,P0094,5,12871.71,0.2
OI000294,O00098,P0054,5,17586.66,0.0
OI000295,O00098,P0031,4,20367.01,0.0
OI000296,O00099,P0043,2,23683.68,0.1
OI000297,O00099,P0058,5,19519.27,0.15
OI000298,O00099,P0070,2,19923.53,0.2
OI000299,O00099,P0017,2,18742.99,0.0
OI000300,O00099,P0027,5,5351.07,0.0
OI000301,O00100,P0117,5,13360.22,0.0
OI000302,O00100,P0099,3,9969.82,0.0
OI000303,O00100,P0019,5,28629.69,0.1
OI000304,O00100,P0084,1,29957.77,0.0
OI000305,O00101,P0108,1,27881.04,0.2
OI000306,O00101,P0113,3,12664.59,0.05
OI000307,O00101,P0019,4,28629.69,0.0
OI000308,O00102,P0096,3,2845.8,0.0
OI000309,O00102,P0120,2,20385.15,0.0
OI000310,O00102,P0106,2,29239.45,0.0
OI000311,O00102,P0115,1,2658.52,0.2
OI000312,O00103,P0079,5,3907.55,0.0
OI000313,O00103,P0035,2,7207.71,0.15
OI000314,O00103,P0078,1,9794.29,0.0
OI000315,O00103,P0073,1,6309.86,0.15
OI000316,O00103,P0030,4,7749.16,0.0
OI000317,O00104,P0109,3,5510.83,0.0
OI000318,O00104,P0078,4,9794.29,0.05
OI000319,O00104,P0061,4,11732.74,0.0
OI000320,O00104,P0092,2,26656.16,0.0
OI000321,O00104,P0084,2,29957.77,0.0
OI000322,O00105,P0098,4,16744.36,0.0
OI000323,O00105,P0002,2,25937.12,0.2
OI000324,O00105,P0119,2,3520.87,0.0
OI000325,O00105,P0035,2,7207.71,0.05
OI000326,O00106,P0063,2,19689.07,0.05
OI000327,O00106,P0089,4,15973.04,0.2
OI000328,O00106,P0042,1,27113.7,0.1
OI000329,O00106,P0111,4,19761.46,0.15
OI000330,O00106,P0059,3,28394.29,0.05
OI000331,O00107,P0096,1,2845.8,0.1
OI000332,O00107,P0074,1,23258.13,0.05
OI000333,O00107,P0077,4,4058.28,0.2
OI000334,O00107,P0069,1,28476.44,0.0
OI000335,O00107,P0068,5,1929.24,0.1
OI000336,O00108,P0095,5,28613.34,0.2
OI000337,O00108,P0006,1,16212.79,0.0
OI000338,O00108,P0072,3,23634.91,0.05
OI000339,O00108,P0050,4,28891.25,0.0
OI000340,O00109,P0060,3,3024.1,0.1
OI000341,O00109,P0022,1,29352.73,0.15
OI000342,O00109,P0055,5,20284.12,0.0
OI000343,O00110,P0107,5,20288.3,0.0
OI000344,O00110,P0083,2,9132.71,0.2
OI000345,O00110,P0058,5,19519.27,0.15
OI000346,O00110,P0012,5,28948.95,0.0
OI000347,O00111,P0053,2,16152.78,0.05
OI000348,O00111,P0042,5,27113.7,0.15
OI000349,O00111,P0058,2,19519.27,0.05
OI000350,O00111,P0004,1,8571.23,0.0
OI000351,O00112,P0089,2,15973.04,0.15
OI000352,O00112,P0084,1,29957.77,0.0
OI000353,O00112,P0117,1,13360.22,0.15
OI000354,O00113,P0082,4,6739.91,0.15
OI000355,O00113,P0047,5,15113.63,0.1
OI000356,O00113,P0011,2,29653.81,0.05
OI000357,O00113,P0068,5,1929.24,0.05
OI000358,O00114,P0099,2,9969.82,0.0
OI000359,O00115,P0112,2,2861.72,0.0
OI000360,O00115,P0085,1,20620.59,0.05
OI000361,O00115,P0111,3,19761.46,0.0
OI000362,O00115,P0020,4,1192.67,0.0
OI000363,O00115,P0021,2,29923.09,0.0
OI000364,O00116,P0026,5,12432.11,0.2
OI000365,O00116,P0001,3,5815.44,0.0
OI000366,O00117,P0064,1,12314.5,0.1
OI000367,O00117,P0110,4,10608.58,0.0
OI000368,O00117,P0070,2,19923.53,0.1
OI000369,O00117,P0104,4,25379.76,0.05
OI000370,O00118,P0057,2,6734.45,0.1
OI000371,O00118,P0011,3,29653.81,0.1
OI000372,O00118,P0077,5,4058.28,0.2
OI000373,O00118,P0001,2,5815.44,0.0
OI000374,O00119,P0019,3,28629.69,0.0
OI000375,O00119,P0008,2,26103.7,0.2
OI000376,O00120,P0086,5,26990.09,0.2
OI000377,O00121,P0039,1,22385.74,0.05
OI000378,O00121,P0043,2,23683.68,0.0
OI000379,O00121,P0118,3,13328.28,0.1
OI000380,O00121,P0012,5,28948.95,0.1
OI000381,O00121,P0007,5,22914.64,0.0
OI000382,O00122,P0096,1,2845.8,0.0
OI000383,O00122,P0075,3,8404.97,0.0
OI000384,O00122,P0047,3,15113.63,0.05
OI000385,O00122,P0120,1,20385.15,0.2
OI000386,O00123,P0108,4,27881.04,0.0
OI000387,O00123,P0071,1,1631.29,0.15
OI000388,O00123,P0009,3,11563.17,0.0
OI000389,O00123,P0038,5,361.97,0.05
OI000390,O00124,P0027,5,5351.07,0.15
OI000391,O00124,P0090,5,12974.36,0.0
OI000392,O00124,P0079,4,3907.55,0.15
OI000393,O00124,P0008,5,26103.7,0.2
OI000394,O00124,P0014,3,15835.42,0.05
OI000395,O00125,P0109,5,5510.83,0.0
OI000396,O00125,P0041,2,18672.23,0.1
OI000397,O00125,P0034,5,29981.28,0.05
OI000398,O00125,P0068,5,1929.24,0.15
OI000399,O00125,P0074,4,23258.13,0.05
OI000400,O00126,P0114,2,9431.72,0.15
OI000401,O00126,P0079,3,3907.55,0.0
OI000402,O00127,P0016,1,14148.38,0.05
OI000403,O00128,P0095,2,28613.34,0.2
OI000404,O00129,P0054,5,17586.66,0.2
OI000405,O00129,P0053,2,16152.78,0.0
OI000406,O00129,P0006,2,16212.79,0.15
OI000407,O00129,P0043,3,23683.68,0.0
OI000408,O00129,P0045,1,22454.73,0.0
OI000409,O00130,P0065,1,20745.59,0.0
OI000410,O00130,P0071,3,1631.29,0.0
OI000411,O00130,P0042,4,27113.7,0.15
OI000412,O00131,P0079,3,3907.55,0.2
OI000413,O00131,P0004,3,8571.23,0.15
OI000414,O00131,P0107,4,20288.3,0.05
OI000415,O00131,P0023,1,5090.98,0.15
OI000416,O00131,P0025,2,11320.25,0.05
OI000417,O00132,P0081,5,15455.55,0.0
OI000418,O00132,P0059,4,28394.29,0.2
OI000419,O00133,P0119,5,3520.87,0.0
OI000420,O00133,P0096,5,2845.8,0.15
OI000421,O00133,P0008,3,26103.7,0.1
OI000422,O00133,P0107,5,20288.3,0.0
OI000423,O00134,P0074,3,23258.13,0.2
OI000424,O00134,P0088,3,16504.89,0.0
OI000425,O00135,P0036,1,8960.67,0.0
OI000426,O00135,P0108,4,27881.04,0.15
OI000427,O00136,P0108,2,27881.04,0.1
OI000428,O00136,P0022,1,29352.73,0.2
OI000429,O00136,P0074,3,23258.13,0.15
OI000430,O00136,P0078,3,9794.29,0.15
OI000431,O00136,P0050,1,28891.25,0.0
OI000432,O00137,P0012,3,28948.95,0.05
OI000433,O00137,P0064,3,12314.5,0.0
OI000434,O00137,P0113,5,12664.59,0.0
OI000435,O00137,P0031,2,20367.01,0.0
OI000436,O00138,P0101,2,29055.75,0.0
OI000437,O00138,P0005,4,29967.2,0.1
OI000438,O00138,P0100,1,26223.39,0.2
OI000439,O00139,P0116,3,22662.54,0.05
OI000440,O00139,P0065,5,20745.59,0.0
OI000441,O00139,P0020,3,1192.67,0.0
OI000442,O00139,P0025,1,11320.25,0.2
OI000443,O00140,P0087,4,2082.59,0.05
OI000444,O00140,P0017,5,18742.99,0.0
OI000445,O00140,P0027,1,5351.07,0.0
OI000446,O00140,P0093,1,12034.06,0.15
OI000447,O00140,P0005,5,29967.2,0.2
OI000448,O00141,P0043,4,23683.68,0.0
OI000449,O00142,P0067,3,29430.12,0.0
OI000450,O00143,P0098,3,16744.36,0.0
OI000451,O00143,P0040,2,18259.1,0.0
OI000452,O00143,P0082,3,6739.91,0.1
OI000453,O00143,P0115,3,2658.52,0.2
OI000454,O00143,P0027,4,5351.07,0.15
OI000455,O00144,P0035,2,7207.71,0.0
OI000456,O00145,P0015,5,12370.16,0.1
OI000457,O00145,P0002,1,25937.12,0.0
OI000458,O00145,P0080,5,22400.48,0.0
OI000459,O00146,P0041,3,18672.23,0.1
OI000460,O00146,P0035,2,7207.71,0.0
OI000461,O00146,P0019,1,28629.69,0.0
OI000462,O00146,P0091,5,21658.7,0.0
OI000463,O00146,P0103,5,19743.28,0.05
OI000464,O00147,P0017,1,18742.99,0.05
OI000465,O00148,P0014,4,15835.42,0.0
OI000466,O00149,P0055,4,20284.12,0.0
OI000467,O00150,P0115,4,2658.52,0.1
OI000468,O00150,P0076,3,7609.55,0.0
OI000469,O00150,P0081,3,15455.55,0.2
OI000470,O00150,P0108,2,27881.04,0.15
OI000471,O00150,P0089,5,15973.04,0.0
OI000472,O00151,P0073,4,6309.86,0.0
OI000473,O00151,P0017,4,18742.99,0.0
OI000474,O00151,P0012,4,28948.95,0.05
OI000475,O00151,P0105,2,17274.11,0.0
OI000476,O00152,P0111,5,19761.46,0.0
OI000477,O00152,P0115,3,2658.52,0.05
OI000478,O00153,P0090,3,12974.36,0.2
OI000479,O00153,P0118,3,13328.28,0.05
OI000480,O00154,P0004,3,8571.23,0.05
OI000481,O00154,P0009,4,11563.17,0.2
OI000482,O00154,P0061,2,11732.74,0.0
OI000483,O00154,P0015,3,12370.16,0.1
OI000484,O00155,P0017,1,18742.99,0.0
OI000485,O00155,P0066,5,28522.59,0.15
OI000486,O00155,P0014,1,15835.42,0.2
OI000487,O00155,P0052,3,2818.25,0.1
OI000488,O00155,P0105,4,17274.11,0.05
OI000489,O00156,P0053,2,16152.78,0.05
OI000490,O00156,P0031,4,20367.01,0.0
OI000491,O00156,P0080,3,22400.48,0.0
OI000492,O00156,P0032,5,28363.64,0.05
OI000493,O00156,P0071,4,1631.29,0.1
OI000494,O00157,P0070,2,19923.53,0.15
OI000495,O00157,P0089,1,15973.04,0.15
OI000496,O00157,P0031,5,20367.01,0.2
OI000497,O00158,P0015,3,12370.16,0.1
OI000498,O00158,P0076,1,7609.55,0.2
OI000499,O00158,P0077,4,4058.28,0.0
OI000500,O00158,P0060,3,3024.1,0.05
OI000501,O00159,P0077,1,4058.28,0.15
OI000502,O00160,P0099,1,9969.82,0.0
OI000503,O00160,P0105,2,17274.11,0.2
OI000504,O00160,P0049,2,22427.19,0.1
OI000505,O00160,P0042,1,27113.7,0.2
OI000506,O00160,P0064,2,12314.5,0.15
OI000507,O00161,P0058,3,19519.27,0.05
OI000508,O00161,P0069,5,28476.44,0.1
OI000509,O00162,P0026,3,12432.11,0.0
OI000510,O00162,P0027,5,5351.07,0.2
OI000511,O00162,P0088,3,16504.89,0.05
OI000512,O00162,P0113,3,12664.59,0.0
OI000513,O00163,P0002,2,25937.12,0.2
OI000514,O00163,P0079,3,3907.55,0.0
OI000515,O00163,P0066,3,28522.59,0.1
OI000516,O00163,P0052,1,2818.25,0.0
OI000517,O00163,P0109,5,5510.83,0.2
OI000518,O00164,P0015,1,12370.16,0.0
OI000519,O00164,P0111,4,19761.46,0.15
OI000520,O00164,P0037,5,29340.98,0.05
OI000521,O00165,P0092,4,26656.16,0.05
OI000522,O00165,P0049,5,22427.19,0.0
OI000523,O00165,P0052,2,2818.25,0.05
OI000524,O00166,P0025,4,11320.25,0.2
OI000525,O00166,P0072,3,23634.91,0.2
OI000526,O00167,P0020,2,1192.67,0.0
OI000527,O00167,P0037,1,29340.98,0.0
OI000528,O00167,P0112,1,2861.72,0.0
OI000529,O00167,P0086,4,26990.09,0.15
OI000530,O00168,P0018,4,25587.96,0.2
OI000531,O00168,P0011,4,29653.81,0.2
OI000532,O00168,P0083,5,9132.71,0.05
OI000533,O00168,P0104,5,25379.76,0.0
OI000534,O00169,P0066,4,28522.59,0.05
OI000535,O00169,P0055,3,20284.12,0.0
OI000536,O00169,P0071,2,1631.29,0.05
OI000537,O00169,P0105,5,17274.11,0.0
OI000538,O00170,P0064,5,12314.5,0.0
OI000539,O00170,P0109,4,5510.83,0.1
OI000540,O00170,P0094,5,12871.71,0.0
OI000541,O00170,P0031,1,20367.01,0.0
OI000542,O00170,P0092,5,26656.16,0.05
OI000543,O00171,P0015,1,12370.16,0.0
OI000544,O00171,P0075,5,8404.97,0.2
OI000545,O00171,P0062,3,17669.73,0.05
OI000546,O00172,P0011,2,29653.81,0.05
OI000547,O00172,P0067,1,29430.12,0.15
OI000548,O00172,P0114,5,9431.72,0.2
OI000549,O00172,P0079,5,3907.55,0.0
OI000550,O00172,P0012,5,28948.95,0.0
OI000551,O00173,P0069,4,28476.44,0.05
OI000552,O00173,P0100,5,26223.39,0.05
OI000553,O00173,P0002,5,25937.12,0.15
OI000554,O00174,P0054,3,17586.66,0.0
OI000555,O00174,P0046,2,23621.0,0.0
OI000556,O00174,P0103,5,19743.28,0.15
OI000557,O00175,P0094,3,12871.71,0.0
OI000558,O00175,P0101,4,29055.75,0.1
OI000559,O00175,P0073,2,6309.86,0.1
OI000560,O00176,P0085,3,20620.59,0.2
OI000561,O00177,P0004,5,8571.23,0.0
OI000562,O00177,P0037,3,29340.98,0.0
OI000563,O00177,P0063,2,19689.07,0.1
OI000564,O00177,P0011,3,29653.81,0.0
OI000565,O00177,P0017,3,18742.99,0.0
OI000566,O00178,P0078,2,9794.29,0.1
OI000567,O00179,P0085,3,20620.59,0.2
OI000568,O00179,P0058,2,19519.27,0.0
OI000569,O00180,P0063,5,19689.07,0.2
OI000570,O00180,P0024,1,9812.32,0.0
OI000571,O00181,P0019,5,28629.69,0.2
OI000572,O00182,P0108,4,27881.04,0.2
OI000573,O00182,P0064,4,12314.5,0.0
OI000574,O00183,P0093,5,12034.06,0.15
OI000575,O00183,P0082,3,6739.91,0.0
OI000576,O00183,P0022,3,29352.73,0.2
OI000577,O00183,P0027,1,5351.07,0.0
OI000578,O00184,P0060,4,3024.1,0.0
OI000579,O00184,P0052,4,2818.25,0.15
OI000580,O00185,P0030,4,7749.16,0.0
OI000581,O00185,P0049,2,22427.19,0.1
OI000582,O00185,P0088,4,16504.89,0.0
OI000583,O00185,P0091,3,21658.7,0.2
OI000584,O00185,P0050,4,28891.25,0.05
OI000585,O00186,P0068,1,1929.24,0.1
OI000586,O00186,P0088,3,16504.89,0.2
OI000587,O00186,P0006,4,16212.79,0.1
OI000588,O00187,P0043,1,23683.68,0.0
OI000589,O00187,P0035,5,7207.71,0.05
OI000590,O00187,P0103,4,19743.28,0.2
OI000591,O00188,P0094,5,12871.71,0.2
OI000592,O00188,P0087,2,2082.59,0.1
OI000593,O00189,P0087,3,2082.59,0.1
OI000594,O00189,P0089,1,15973.04,0.15
OI000595,O00189,P0024,1,9812.32,0.2
OI000596,O00190,P0002,4,25937.12,0.0
OI000597,O00191,P0014,3,15835.42,0.0
OI000598,O00191,P0088,2,16504.89,0.0
OI000599,O00191,P0058,1,19519.27,0.1
OI000600,O00191,P0045,1,22454.73,0.0
OI000601,O00191,P0029,5,7057.79,0.15
OI000602,O00192,P0077,1,4058.28,0.15
OI000603,O00192,P0082,1,6739.91,0.0
OI000604,O00193,P0017,5,18742.99,0.2
OI000605,O00193,P0049,2,22427.19,0.0
OI000606,O00193,P0085,2,20620.59,0.0
OI000607,O00193,P0098,3,16744.36,0.05
OI000608,O00193,P0116,1,22662.54,0.15
OI000609,O00194,P0119,3,3520.87,0.0
OI000610,O00194,P0036,2,8960.67,0.2
OI000611,O00194,P0099,1,9969.82,0.0
OI000612,O00194,P0055,1,20284.12,0.05
OI000613,O00195,P0043,3,23683.68,0.0
OI000614,O00195,P0008,4,26103.7,0.0
OI000615,O00195,P0034,4,29981.28,0.0
OI000616,O00195,P0105,5,17274.11,0.05
OI000617,O00196,P0083,1,9132.71,0.0
OI000618,O00196,P0063,5,19689.07,0.2
OI000619,O00197,P0028,4,20532.06,0.15
OI000620,O00197,P0079,3,3907.55,0.0
OI000621,O00197,P0083,1,9132.71,0.0
OI000622,O00197,P0014,1,15835.42,0.1
OI000623,O00198,P0100,4,26223.39,0.0
OI000624,O00198,P0058,1,19519.27,0.0
OI000625,O00198,P0003,4,28035.34,0.0
OI000626,O00199,P0090,4,12974.36,0.1
OI000627,O00199,P0043,1,23683.68,0.1
OI000628,O00200,P0062,1,17669.73,0.1
OI000629,O00200,P0056,2,26540.94,0.0
OI000630,O00200,P0052,4,2818.25,0.15
OI000631,O00200,P0109,4,5510.83,0.0
OI000632,O00201,P0069,3,28476.44,0.05
OI000633,O00201,P0120,1,20385.15,0.15
OI000634,O00201,P0046,1,23621.0,0.0
OI000635,O00201,P0043,5,23683.68,0.2
OI000636,O00201,P0088,3,16504.89,0.0
OI000637,O00202,P0098,2,16744.36,0.0
OI000638,O00202,P0099,5,9969.82,0.0
OI000639,O00202,P0038,4,361.97,0.15
OI000640,O00202,P0083,2,9132.71,0.0
OI000641,O00203,P0115,3,2658.52,0.05
OI000642,O00203,P0014,1,15835.42,0.15
OI000643,O00203,P0081,4,15455.55,0.15
OI000644,O00203,P0089,2,15973.04,0.0
OI000645,O00204,P0025,1,11320.25,0.15
OI000646,O00205,P0031,5,20367.01,0.15
OI000647,O00205,P0063,3,19689.07,0.05
OI000648,O00205,P0050,5,28891.25,0.2
OI000649,O00205,P0009,4,11563.17,0.0
OI000650,O00205,P0102,1,3215.58,0.0
OI000651,O00206,P0044,1,22002.91,0.05
OI000652,O00207,P0028,5,20532.06,0.05
OI000653,O00208,P0020,1,1192.67,0.0
OI000654,O00208,P0095,2,28613.34,0.05
OI000655,O00208,P0075,1,8404.97,0.05
OI000656,O00208,P0030,5,7749.16,0.0
OI000657,O00208,P0119,2,3520.87,0.15
OI000658,O00209,P0002,1,25937.12,0.0
OI000659,O00209,P0023,1,5090.98,0.05
OI000660,O00210,P0022,1,29352.73,0.0
OI000661,O00210,P0107,4,20288.3,0.1
OI000662,O00210,P0076,5,7609.55,0.0
OI000663,O00210,P0009,1,11563.17,0.2
OI000664,O00210,P0105,2,17274.11,0.05
OI000665,O00211,P0104,4,25379.76,0.0
OI000666,O00211,P0107,1,20288.3,0.15
OI000667,O00211,P0095,5,28613.34,0.1
OI000668,O00212,P0042,2,27113.7,0.2
OI000669,O00212,P0108,1,27881.04,0.1
OI000670,O00213,P0043,1,23683.68,0.0
OI000671,O00213,P0009,2,11563.17,0.2
OI000672,O00214,P0022,2,29352.73,0.05
OI000673,O00214,P0090,2,12974.36,0.1
OI000674,O00214,P0048,1,27431.78,0.0
OI000675,O00214,P0071,1,1631.29,0.2
OI000676,O00215,P0049,4,22427.19,0.0
OI000677,O00215,P0100,1,26223.39,0.0
OI000678,O00215,P0021,2,29923.09,0.0
OI000679,O00215,P0003,5,28035.34,0.0
OI000680,O00215,P0113,4,12664.59,0.15
OI000681,O00216,P0089,3,15973.04,0.1
OI000682,O00216,P0017,4,18742.99,0.05
OI000683,O00216,P0027,2,5351.07,0.0
OI000684,O00216,P0019,5,28629.69,0.15
OI000685,O00217,P0077,2,4058.28,0.15
OI000686,O00218,P0079,3,3907.55,0.0
OI000687,O00218,P0012,4,28948.95,0.0
OI000688,O00218,P0081,5,15455.55,0.0
OI000689,O00218,P0106,2,29239.45,0.0
OI000691,O00219,P0080,2,22400.48,0.05
OI000692,O00219,P0047,2,15113.63,0.0
OI000693,O00219,P0111,1,19761.46,0.0
OI000694,O00219,P0098,1,16744.36,0.2
OI000695,O00220,P0088,4,16504.89,0.05
OI000696,O00220,P0109,2,5510.83,0.0
OI000697,O00221,P0007,3,22914.64,0.0
OI000698,O00222,P0056,3,26540.94,0.1
OI000699,O00222,P0033,4,20746.57,0.0
OI000700,O00223,P0095,1,28613.34,0.1
OI000701,O00224,P0021,1,29923.09,0.05
OI000702,O00224,P0101,5,29055.75,0.0
OI000703,O00225,P0115,2,2658.52,0.15
OI000704,O00226,P0076,2,7609.55,0.15
OI000705,O00226,P0075,3,8404.97,0.0
OI000706,O00226,P0042,1,27113.7,0.0
OI000707,O00226,P0054,2,17586.66,0.0
OI000708,O00227,P0095,2,28613.34,0.05
OI000709,O00227,P0053,2,16152.78,0.0
OI000710,O00228,P0075,4,8404.97,0.0
OI000711,O00228,P0063,2,19689.07,0.1
OI000712,O00228,P0007,4,22914.64,0.0
OI000713,O00228,P0114,4,9431.72,0.0
OI000714,O00229,P0059,2,28394.29,0.15
OI000715,O00229,P0093,3,12034.06,0.0
OI000716,O00230,P0043,1,23683.68,0.15
OI000717,O00230,P0017,5,18742.99,0.0
OI000718,O00231,P0018,4,25587.96,0.05
OI000719,O00231,P0015,4,12370.16,0.0
OI000720,O00231,P0110,3,10608.58,0.0
OI000721,O00232,P0078,5,9794.29,0.0
OI000722,O00232,P0021,5,29923.09,0.1
OI000723,O00232,P0102,2,3215.58,0.0
OI000724,O00233,P0110,2,10608.58,0.1
OI000725,O00233,P0067,4,29430.12,0.2
OI000726,O00233,P0063,4,19689.07,0.0
OI000727,O00233,P0111,1,19761.46,0.15
OI000728,O00234,P0095,4,28613.34,0.1
OI000729,O00234,P0112,2,2861.72,0.1
OI000730,O00234,P0032,2,28363.64,0.1
OI000731,O00234,P0042,1,27113.7,0.05
OI000732,O00235,P0006,4,16212.79,0.15
OI000733,O00236,P0005,1,29967.2,0.05
OI000734,O00236,P0055,4,20284.12,0.0
OI000735,O00236,P0068,1,1929.24,0.1
OI000736,O00236,P0051,1,29022.02,0.15
OI000737,O00236,P0062,4,17669.73,0.0
OI000738,O00237,P0046,2,23621.0,0.15
OI000739,O00237,P0038,1,361.97,0.0
OI000740,O00238,P0086,4,26990.09,0.2
OI000741,O00238,P0040,5,18259.1,0.15
OI000742,O00238,P0021,5,29923.09,0.0
OI000743,O00238,P0091,4,21658.7,0.05
OI000744,O00239,P0112,4,2861.72,0.0
OI000745,O00239,P0091,3,21658.7,0.15
OI000746,O00240,P0091,1,21658.7,0.05
OI000747,O00240,P0082,3,6739.91,0.1
OI000748,O00240,P0001,1,5815.44,0.0
OI000749,O00240,P0111,4,19761.46,0.2
OI000750,O00241,P0090,5,12974.36,0.2
OI000751,O00241,P0079,2,3907.55,0.2
OI000752,O00241,P0070,1,19923.53,0.1
OI000753,O00242,P0095,5,28613.34,0.15
OI000754,O00242,P0120,3,20385.15,0.0
OI000755,O00242,P0008,1,26103.7,0.05
OI000756,O00243,P0060,3,3024.1,0.0
OI000757,O00243,P0080,2,22400.48,0.15
OI000758,O00243,P0006,5,16212.79,0.15
OI000759,O00244,P0072,2,23634.91,0.0
OI000760,O00245,P0031,4,20367.01,0.15
OI000761,O00245,P0070,5,19923.53,0.2
OI000762,O00245,P0015,2,12370.16,0.2
OI000763,O00246,P0042,3,27113.7,0.1
OI000764,O00246,P0046,4,23621.0,0.0
OI000765,O00247,P0009,3,11563.17,0.0
OI000766,O00248,P0063,1,19689.07,0.05
OI000767,O00248,P0065,5,20745.59,0.15
OI000768,O00248,P0068,5,1929.24,0.0
OI000769,O00248,P0107,4,20288.3,0.1
OI000770,O00249,P0103,1,19743.28,0.0
OI000771,O00249,P0087,4,2082.59,0.0
OI000772,O00249,P0089,1,15973.04,0.05
OI000773,O00250,P0037,1,29340.98,0.0
OI000775,O00251,P0064,2,12314.5,0.1
OI000776,O00251,P0020,1,1192.67,0.0
OI000777,O00252,P0088,4,16504.89,0.0
OI000778,O00252,P0070,4,19923.53,0.05
OI000779,O00252,P0120,1,20385.15,0.0
OI000780,O00252,P0017,2,18742.99,0.0
OI000781,O00253,P0112,2,2861.72,0.2
OI000782,O00254,P0083,3,9132.71,0.05
OI000783,O00254,P0043,5,23683.68,0.15
OI000784,O00254,P0053,5,16152.78,0.2
OI000785,O00254,P0075,5,8404.97,0.05
OI000786,O00254,P0044,4,22002.91,0.0
OI000787,O00255,P0017,3,18742.99,0.0
OI000788,O00255,P0115,4,2658.52,0.0
OI000789,O00255,P0102,3,3215.58,0.2
OI000790,O00255,P0040,1,18259.1,0.0
OI000791,O00255,P0022,3,29352.73,0.0
OI000792,O00256,P0022,5,29352.73,0.0
OI000793,O00256,P0080,2,22400.48,0.0
OI000794,O00256,P0119,2,3520.87,0.0
OI000795,O00256,P0021,2,29923.09,0.0
OI000796,O00257,P0041,5,18672.23,0.0
OI000797,O00258,P0034,5,29981.28,0.15
OI000798,O00258,P0048,1,27431.78,0.15
OI000799,O00258,P0024,3,9812.32,0.0
OI000800,O00258,P0027,2,5351.07,0.0
OI000801,O00259,P0070,1,19923.53,0.0
OI000802,O00259,P0021,4,29923.09,0.05
OI000803,O00259,P0069,2,28476.44,0.05
OI000804,O00259,P0039,3,22385.74,0.0
OI000805,O00260,P0095,5,28613.34,0.1
OI000806,O00261,P0083,4,9132.71,0.0
OI000807,O00261,P0091,5,21658.7,0.15
OI000808,O00261,P0038,2,361.97,0.2
OI000809,O00262,P0094,1,12871.71,0.15
OI000810,O00262,P0117,4,13360.22,0.0
OI000811,O00262,P0119,2,3520.87,0.15
OI000812,O00262,P0057,5,6734.45,0.0
OI000813,O00262,P0044,3,22002.91,0.0
OI000814,O00263,P0080,3,22400.48,0.0
OI000815,O00263,P0108,3,27881.04,0.0
OI000816,O00263,P0029,5,7057.79,0.15
OI000817,O00263,P0058,2,19519.27,0.1
OI000818,O00264,P0029,2,7057.79,0.0
OI000819,O00264,P0101,1,29055.75,0.1
OI000820,O00264,P0120,4,20385.15,0.15
OI000821,O00264,P0099,1,9969.82,0.1
OI000822,O00264,P0036,4,8960.67,0.0
OI000823,O00265,P0041,3,18672.23,0.05
OI000824,O00265,P0078,2,9794.29,0.15
OI000825,O00265,P0066,4,28522.59,0.0
OI000826,O00265,P0008,4,26103.7,0.0
OI000827,O00266,P0037,3,29340.98,0.0
OI000828,O00267,P0058,1,19519.27,0.0
OI000829,O00267,P0112,4,2861.72,0.15
OI000830,O00267,P0072,4,23634.91,0.2
OI000831,O00268,P0037,4,29340.98,0.15
OI000832,O00268,P0021,4,29923.09,0.0
OI000833,O00268,P0104,5,25379.76,0.1
OI000834,O00268,P0094,1,12871.71,0.0
OI000835,O00269,P0039,5,22385.74,0.0
OI000836,O00269,P0061,1,11732.74,0.1
OI000837,O00270,P0012,3,28948.95,0.05
OI000838,O00270,P0001,2,5815.44,0.1
OI000839,O00270,P0053,4,16152.78,0.15
OI000840,O00270,P0082,5,6739.91,0.2
OI000841,O00271,P0026,4,12432.11,0.0
OI000842,O00271,P0024,5,9812.32,0.05
OI000843,O00272,P0106,3,29239.45,0.2
OI000844,O00273,P0039,2,22385.74,0.0
OI000845,O00273,P0064,1,12314.5,0.0
OI000846,O00273,P0072,3,23634.91,0.0
OI000847,O00273,P0095,4,28613.34,0.0
OI000848,O00273,P0060,3,3024.1,0.05
OI000849,O00274,P0063,2,19689.07,0.0
OI000850,O00274,P0117,1,13360.22,0.2
OI000851,O00275,P0064,3,12314.5,0.1
OI000852,O00275,P0009,4,11563.17,0.1
OI000853,O00275,P0077,4,4058.28,0.2
OI000854,O00276,P0081,1,15455.55,0.0
OI000855,O00276,P0088,5,16504.89,0.15
OI000856,O00276,P0061,5,11732.74,0.0
OI000857,O00277,P0021,2,29923.09,0.0
OI000858,O00277,P0075,4,8404.97,0.15
OI000859,O00277,P0008,2,26103.7,0.0
OI000860,O00278,P0007,3,22914.64,0.05
OI000861,O00278,P0035,3,7207.71,0.0
OI000862,O00279,P0038,1,361.97,0.1
OI000863,O00279,P0068,2,1929.24,0.2
OI000864,O00279,P0082,2,6739.91,0.2
OI000865,O00280,P0077,2,4058.28,0.1
OI000866,O00281,P0112,3,2861.72,0.0
OI000867,O00281,P0041,3,18672.23,0.0
OI000868,O00281,P0106,5,29239.45,0.1
OI000869,O00282,P0106,2,29239.45,0.1
OI000870,O00282,P0019,3,28629.69,0.0
OI000871,O00282,P0002,4,25937.12,0.05
OI000872,O00283,P0118,1,13328.28,0.0
OI000873,O00283,P0117,2,13360.22,0.1
OI000874,O00283,P0021,2,29923.09,0.2
OI000875,O00284,P0102,5,3215.58,0.1
OI000876,O00284,P0115,5,2658.52,0.2
OI000877,O00285,P0092,1,26656.16,0.05
OI000878,O00285,P0071,4,1631.29,0.0
OI000879,O00285,P0090,1,12974.36,0.2
OI000880,O00285,P0097,2,3005.35,0.0
OI000881,O00285,P0103,4,19743.28,0.0
OI000882,O00286,P0089,4,15973.04,0.1
OI000883,O00286,P0047,5,15113.63,0.2
OI000884,O00286,P0018,3,25587.96,0.0
OI000885,O00287,P0004,1,8571.23,0.0
OI000886,O00287,P0096,2,2845.8,0.2
OI000887,O00287,P0105,2,17274.11,0.15
OI000888,O00288,P0040,2,18259.1,0.0
OI000889,O00288,P0017,1,18742.99,0.05
OI000891,O00290,P0097,1,3005.35,0.0
OI000892,O00290,P0056,5,26540.94,0.1
OI000893,O00290,P0006,1,16212.79,0.05
OI000894,O00290,P0026,1,12432.11,0.0
OI000895,O00291,P0009,3,11563.17,0.15
OI000896,O00292,P0097,1,3005.35,0.2
OI000897,O00293,P0118,5,13328.28,0.0
OI000898,O00294,P0116,1,22662.54,0.0
OI000899,O00294,P0026,2,12432.11,0.2
OI000900,O00294,P0024,3,9812.32,0.1
OI000901,O00294,P0086,3,26990.09,0.0
OI000902,O00294,P0045,2,22454.73,0.2
OI000903,O00295,P0100,5,26223.39,0.0
OI000904,O00295,P0094,1,12871.71,0.2
OI000905,O00295,P0079,5,3907.55,0.2
OI000906,O00295,P0031,1,20367.01,0.1
OI000907,O00295,P0065,2,20745.59,0.15
OI000908,O00296,P0037,5,29340.98,0.0
OI000909,O00296,P0022,1,29352.73,0.0
OI000910,O00297,P0109,5,5510.83,0.0
OI000911,O00297,P0091,4,21658.7,0.15
OI000912,O00297,P0061,1,11732.74,0.0
OI000913,O00297,P0047,3,15113.63,0.05
OI000914,O00297,P0090,4,12974.36,0.0
OI000915,O00298,P0030,1,7749.16,0.05
OI000916,O00298,P0053,1,16152.78,0.1
OI000917,O00298,P0015,2,12370.16,0.05
OI000918,O00298,P0098,3,16744.36,0.15
OI000919,O00298,P0041,3,18672.23,0.1
OI000920,O00299,P0011,3,29653.81,0.05
OI000921,O00300,P0050,3,28891.25,0.05
OI000922,O00301,P0095,2,28613.34,0.1
OI000923,O00301,P0040,4,18259.1,0.0
OI000924,O00301,P0088,4,16504.89,0.0
OI000925,O00301,P0108,1,27881.04,0.2
OI000926,O00301,P0057,4,6734.45,0.15
OI000927,O00302,P0023,4,5090.98,0.15
OI000928,O00302,P0002,1,25937.12,0.05
OI000929,O00302,P0087,4,2082.59,0.1
OI000930,O00303,P0016,2,14148.38,0.05
OI000931,O00304,P0089,2,15973.04,0.0
OI000932,O00304,P0076,3,7609.55,0.0
OI000933,O00304,P0014,3,15835.42,0.0
OI000934,O00304,P0095,5,28613.34,0.2
OI000935,O00305,P0016,4,14148.38,0.0
OI000936,O00305,P0030,5,7749.16,0.1
OI000937,O00305,P0108,3,27881.04,0.2
OI000938,O00305,P0055,4,20284.12,0.0
OI000939,O00306,P0086,5,26990.09,0.0
OI000940,O00306,P0078,2,9794.29,0.2
OI000941,O00306,P0052,4,2818.25,0.0
OI000942,O00306,P0063,1,19689.07,0.0
OI000943,O00307,P0064,1,12314.5,0.0
OI000944,O00307,P0030,1,7749.16,0.2
OI000945,O00307,P0081,1,15455.55,0.05
OI000946,O00307,P0018,1,25587.96,0.0
OI000947,O00308,P0078,3,9794.29,0.1
OI000948,O00308,P0087,5,2082.59,0.0
OI000949,O00308,P0042,1,27113.7,0.15
OI000950,O00308,P0020,5,1192.67,0.2
OI000951,O00309,P0102,4,3215.58,0.05
OI000952,O00309,P0060,5,3024.1,0.0
OI000953,O00309,P0026,5,12432.11,0.0
OI000954,O00309,P0038,5,361.97,0.1
OI000955,O00310,P0098,1,16744.36,0.05
OI000956,O00311,P0050,4,28891.25,0.0
OI000957,O00312,P0057,5,6734.45,0.15
OI000958,O00312,P0059,3,28394.29,0.15
OI000959,O00312,P0005,2,29967.2,0.05
OI000960,O00312,P0023,4,5090.98,0.0
OI000961,O00313,P0092,1,26656.16,0.1
OI000962,O00313,P0050,4,28891.25,0.15
OI000963,O00313,P0063,5,19689.07,0.15
OI000964,O00314,P0074,5,23258.13,0.0
OI000965,O00314,P0061,4,11732.74,0.0
OI000966,O00314,P0072,4,23634.91,0.1
OI000967,O00314,P0110,4,10608.58,0.1
OI000968,O00314,P0021,3,29923.09,0.2
OI000969,O00315,P0042,5,27113.7,0.0
OI000970,O00315,P0008,2,26103.7,0.2
OI000971,O00315,P0004,3,8571.23,0.0
OI000972,O00316,P0004,4,8571.23,0.0
OI000973,O00316,P0098,4,16744.36,0.0
OI000974,O00316,P0115,3,2658.52,0.05
OI000975,O00316,P0081,3,15455.55,0.0
OI000976,O00316,P0044,2,22002.91,0.0
OI000977,O00317,P0083,5,9132.71,0.0
OI000978,O00317,P0040,1,18259.1,0.2
OI000979,O00318,P0015,1,12370.16,0.1
OI000980,O00318,P0044,3,22002.91,0.0
OI000981,O00318,P0022,4,29352.73,0.15
OI000982,O00319,P0073,3,6309.86,0.0
OI000983,O00319,P0066,4,28522.59,0.1
OI000984,O00319,P0116,1,22662.54,0.0
OI000985,O00319,P0054,4,17586.66,0.1
OI000986,O00320,P0042,4,27113.7,0.0
OI000987,O00320,P0074,2,23258.13,0.0
OI000989,O00320,P0104,3,25379.76,0.0
OI000990,O00321,P0039,1,22385.74,0.2
OI000991,O00321,P0047,5,15113.63,0.0
OI000992,O00321,P0056,3,26540.94,0.0
OI000993,O00321,P0026,1,12432.11,0.0
OI000994,O00321,P0064,5,12314.5,0.05
OI000995,O00322,P0080,1,22400.48,0.15
OI000996,O00322,P0096,5,2845.8,0.0
OI000997,O00323,P0044,5,22002.91,0.05
OI000998,O00323,P0035,4,7207.71,0.0
OI000999,O00323,P0009,3,11563.17,0.2
OI001000,O00323,P0073,1,6309.86,0.15
OI001001,O00323,P0103,3,19743.28,0.1
OI001002,O00324,P0056,3,26540.94,0.0
OI001003,O00324,P0085,4,20620.59,0.05
OI001004,O00324,P0070,3,19923.53,0.1
OI001005,O00325,P0059,1,28394.29,0.15
OI001006,O00325,P0086,5,26990.09,0.2
OI001007,O00325,P0098,2,16744.36,0.1
OI001008,O00325,P0071,4,1631.29,0.0
OI001009,O00325,P0024,4,9812.32,0.0
OI001010,O00326,P0104,4,25379.76,0.1
OI001011,O00326,P0079,1,3907.55,0.1
OI001012,O00326,P0110,2,10608.58,0.0
OI001013,O00326,P0099,4,9969.82,0.0
OI001014,O00326,P0117,2,13360.22,0.0
OI001015,O00327,P0109,3,5510.83,0.2
OI001016,O00327,P0056,1,26540.94,0.15
OI001017,O00327,P0053,2,16152.78,0.2
OI001018,O00328,P0035,2,7207.71,0.0
OI001019,O00328,P0106,5,29239.45,0.0
OI001020,O00328,P0037,4,29340.98,0.0
OI001021,O00328,P0083,1,9132.71,0.0
OI001022,O00329,P0004,3,8571.23,0.05
OI001023,O00329,P0032,4,28363.64,0.1
OI001024,O00330,P0055,2,20284.12,0.0
OI001025,O00330,P0083,3,9132.71,0.0
OI001026,O00330,P0116,1,22662.54,0.0
OI001027,O00330,P0005,3,29967.2,0.15
OI001028,O00331,P0023,4,5090.98,0.2
OI001029,O00331,P0083,1,9132.71,0.0
OI001030,O00331,P0110,1,10608.58,0.0
OI001031,O00331,P0006,5,16212.79,0.0
OI001032,O00331,P0093,1,12034.06,0.05
OI001033,O00332,P0086,1,26990.09,0.05
OI001034,O00332,P0085,2,20620.59,0.0
OI001035,O00332,P0114,1,9431.72,0.1
OI001036,O00333,P0120,5,20385.15,0.2
OI001037,O00333,P0016,5,14148.38,0.0
OI001038,O00333,P0067,4,29430.12,0.0
OI001039,O00333,P0086,2,26990.09,0.1
OI001040,O00333,P0107,1,20288.3,0.2
OI001041,O00334,P0043,4,23683.68,0.2
OI001042,O00334,P0107,2,20288.3,0.05
OI001043,O00334,P0075,2,8404.97,0.0
OI001044,O00335,P0023,2,5090.98,0.0
OI001045,O00336,P0053,1,16152.78,0.05
OI001046,O00336,P0033,5,20746.57,0.0
OI001047,O00336,P0111,1,19761.46,0.0
OI001048,O00336,P0076,5,7609.55,0.05
OI001049,O00337,P0088,2,16504.89,0.0
OI001050,O00337,P0032,4,28363.64,0.15
OI001051,O00337,P0036,3,8960.67,0.2
OI001052,O00337,P0113,3,12664.59,0.0
OI001053,O00338,P0005,1,29967.2,0.15
OI001054,O00338,P0108,2,27881.04,0.0
OI001055,O00338,P0095,5,28613.34,0.05
OI001056,O00338,P0085,3,20620.59,0.15
OI001057,O00338,P0103,3,19743.28,0.2
OI001058,O00339,P0069,2,28476.44,0.2
OI001059,O00340,P0050,3,28891.25,0.0
OI001060,O00340,P0002,1,25937.12,0.2
OI001061,O00340,P0117,2,13360.22,0.0
OI001062,O00340,P0051,2,29022.02,0.2
OI001063,O00341,P0118,3,13328.28,0.2
OI001064,O00341,P0057,4,6734.45,0.2
OI001065,O00342,P0036,1,8960.67,0.2
OI001066,O00343,P0061,3,11732.74,0.15
OI001067,O00343,P0095,4,28613.34,0.2
OI001068,O00343,P0053,1,16152.78,0.2
OI001069,O00343,P0119,2,3520.87,0.15
OI001070,O00344,P0065,4,20745.59,0.1
OI001071,O00344,P0009,5,11563.17,0.15
OI001072,O00344,P0046,3,23621.0,0.05
OI001073,O00345,P0098,1,16744.36,0.15
OI001074,O00346,P0081,2,15455.55,0.0
OI001075,O00346,P0057,4,6734.45,0.0
OI001076,O00347,P0041,1,18672.23,0.0
OI001077,O00347,P0074,2,23258.13,0.1
OI001078,O00347,P0011,2,29653.81,0.2
OI001079,O00348,P0088,4,16504.89,0.2
OI001080,O00348,P0053,2,16152.78,0.0
OI001081,O00348,P0102,2,3215.58,0.15
OI001082,O00348,P0041,5,18672.23,0.2
OI001083,O00348,P0058,3,19519.27,0.2
OI001084,O00349,P0026,3,12432.11,0.0
OI001085,O00349,P0011,4,29653.81,0.05
OI001086,O00349,P0054,5,17586.66,0.0
OI001087,O00350,P0003,5,28035.34,0.15
OI001088,O00351,P0081,2,15455.55,0.0
OI001089,O00351,P0030,2,7749.16,0.0
OI001090,O00351,P0117,4,13360.22,0.1
OI001091,O00351,P0012,4,28948.95,0.1
OI001092,O00351,P0060,3,3024.1,0.0
OI001093,O00352,P0048,2,27431.78,0.1
OI001094,O00353,P0002,5,25937.12,0.05
OI001095,O00354,P0106,2,29239.45,0.15
OI001096,O00354,P0087,2,2082.59,0.0
OI001097,O00354,P0064,3,12314.5,0.0
OI001098,O00354,P0016,4,14148.38,0.05
OI001099,O00355,P0056,2,26540.94,0.1
OI001100,O00355,P0110,2,10608.58,0.2
OI001101,O00356,P0094,4,12871.71,0.0
OI001102,O00356,P0087,4,2082.59,0.2
OI001103,O00356,P0025,2,11320.25,0.0
OI001104,O00357,P0034,4,29981.28,0.0
OI001105,O00357,P0031,3,20367.01,0.1
OI001106,O00357,P0080,4,22400.48,0.0
OI001107,O00358,P0061,2,11732.74,0.2
OI001108,O00359,P0089,2,15973.04,0.15
OI001109,O00359,P0051,4,29022.02,0.15
OI001110,O00359,P0088,4,16504.89,0.15
OI001111,O00360,P0033,1,20746.57,0.0
OI001114,O00360,P0072,5,23634.91,0.15
OI001115,O00360,P0008,1,26103.7,0.0
OI001116,O00361,P0065,3,20745.59,0.05
OI001117,O00361,P0080,3,22400.48,0.0
OI001118,O00361,P0049,5,22427.19,0.0
OI001119,O00362,P0023,3,5090.98,0.05
OI001120,O00362,P0034,2,29981.28,0.0
OI001121,O00362,P0022,3,29352.73,0.15
OI001122,O00362,P0065,5,20745.59,0.05
OI001123,O00362,P0064,2,12314.5,0.0
OI001124,O00363,P0041,1,18672.23,0.0
OI001125,O00364,P0112,3,2861.72,0.05
OI001126,O00364,P0107,3,20288.3,0.0
OI001127,O00364,P0036,5,8960.67,0.2
OI001128,O00364,P0096,3,2845.8,0.1
OI001129,O00365,P0056,3,26540.94,0.15
OI001130,O00365,P0115,4,2658.52,0.2
OI001131,O00365,P0022,2,29352.73,0.1
OI001132,O00366,P0007,2,22914.64,0.0
OI001133,O00366,P0025,4,11320.25,0.0
OI001134,O00366,P0020,2,1192.67,0.15
OI001135,O00366,P0030,4,7749.16,0.05
OI001136,O00367,P0115,4,2658.52,0.0
OI001137,O00368,P0046,4,23621.0,0.05
OI001138,O00368,P0091,1,21658.7,0.2
OI001139,O00368,P0072,2,23634.91,0.0
OI001140,O00368,P0063,3,19689.07,0.0
OI001141,O00369,P0112,2,2861.72,0.2
OI001142,O00369,P0037,2,29340.98,0.15
OI001143,O00370,P0106,5,29239.45,0.0
OI001144,O00370,P0035,5,7207.71,0.0
OI001145,O00370,P0073,5,6309.86,0.2
OI001146,O00370,P0115,5,2658.52,0.0
OI001147,O00370,P0085,4,20620.59,0.0
OI001148,O00371,P0099,1,9969.82,0.0
OI001149,O00371,P0064,1,12314.5,0.0
OI001150,O00372,P0051,3,29022.02,0.1
OI001151,O00373,P0108,3,27881.04,0.0
OI001152,O00374,P0011,4,29653.81,0.2
OI001153,O00375,P0059,1,28394.29,0.0
OI001154,O00375,P0081,1,15455.55,0.15
OI001155,O00375,P0035,5,7207.71,0.05
OI001156,O00375,P0077,3,4058.28,0.15
OI001157,O00376,P0017,3,18742.99,0.0
OI001158,O00376,P0028,1,20532.06,0.15
OI001159,O00376,P0111,1,19761.46,0.1
OI001160,O00376,P0007,5,22914.64,0.05
OI001161,O00376,P0103,1,19743.28,0.05
OI001162,O00377,P0023,4,5090.98,0.0
OI001163,O00377,P0031,1,20367.01,0.2
OI001164,O00377,P0099,2,9969.82,0.0
OI001165,O00378,P0100,2,26223.39,0.0
OI001166,O00378,P0052,3,2818.25,0.05
OI001167,O00378,P0037,4,29340.98,0.15
OI001168,O00378,P0083,3,9132.71,0.15
OI001169,O00379,P0017,3,18742.99,0.1
OI001170,O00379,P0046,2,23621.0,0.05
OI001171,O00379,P0086,4,26990.09,0.05
OI001173,O00379,P0107,5,20288.3,0.1
OI001174,O00380,P0012,3,28948.95,0.1
OI001175,O00380,P0097,2,3005.35,0.05
OI001176,O00380,P0055,4,20284.12,0.0
OI001177,O00380,P0104,1,25379.76,0.1
OI001178,O00381,P0060,2,3024.1,0.05
OI001179,O00381,P0087,5,2082.59,0.15
OI001180,O00381,P0029,5,7057.79,0.0
OI001181,O00382,P0060,4,3024.1,0.0
OI001182,O00382,P0056,2,26540.94,0.0
OI001183,O00382,P0011,3,29653.81,0.2
OI001184,O00383,P0067,3,29430.12,0.1
OI001185,O00383,P0055,1,20284.12,0.1
OI001186,O00384,P0118,1,13328.28,0.1
OI001187,O00385,P0066,4,28522.59,0.05
OI001188,O00386,P0060,5,3024.1,0.2
OI001189,O00387,P0046,1,23621.0,0.2
OI001190,O00387,P0033,5,20746.57,0.0
OI001191,O00387,P0075,1,8404.97,0.15
OI001192,O00388,P0023,4,5090.98,0.0
OI001193,O00388,P0101,1,29055.75,0.05
OI001194,O00388,P0024,3,9812.32,0.0
OI001195,O00388,P0108,5,27881.04,0.15
OI001196,O00389,P0097,3,3005.35,0.0
OI001197,O00389,P0086,2,26990.09,0.0
OI001198,O00389,P0058,2,19519.27,0.0
OI001199,O00389,P0080,5,22400.48,0.0
OI001200,O00390,P0056,5,26540.94,0.0
OI001201,O00391,P0051,1,29022.02,0.0
OI001202,O00392,P0084,4,29957.77,0.15
OI001203,O00392,P0062,4,17669.73,0.2
OI001204,O00393,P0093,5,12034.06,0.0
OI001205,O00393,P0063,4,19689.07,0.2
OI001206,O00393,P0039,3,22385.74,0.0
OI001207,O00393,P0080,2,22400.48,0.0
OI001208,O00393,P0105,1,17274.11,0.0
OI001209,O00394,P0105,1,17274.11,0.15
OI001210,O00395,P0110,2,10608.58,0.05
OI001211,O00395,P0004,2,8571.23,0.15
OI001212,O00396,P0056,5,26540.94,0.0
OI001213,O00396,P0108,1,27881.04,0.0
OI001214,O00397,P0019,1,28629.69,0.0
OI001215,O00397,P0061,2,11732.74,0.15
OI001216,O00397,P0055,4,20284.12,0.05
OI001217,O00397,P0003,4,28035.34,0.0
OI001218,O00398,P0075,5,8404.97,0.2
OI001219,O00398,P0032,4,28363.64,0.0
OI001220,O00398,P0026,3,12432.11,0.0
OI001221,O00398,P0038,1,361.97,0.15
OI001222,O00399,P0054,5,17586.66,0.1
OI001223,O00399,P0109,5,5510.83,0.0
OI001224,O00399,P0064,1,12314.5,0.05
OI001225,O00399,P0095,4,28613.34,0.05
OI001226,O00400,P0076,4,7609.55,0.0
OI001227,O00400,P0093,1,12034.06,0.1
OI001228,O00400,P0079,1,3907.55,0.05
OI001229,O00400,P0120,5,20385.15,0.0
OI001230,O00400,P0087,5,2082.59,0.0
OI001231,O00401,P0115,4,2658.52,0.0
OI001232,O00401,P0083,4,9132.71,0.1
OI001233,O00401,P0054,3,17586.66,0.05
OI001234,O00402,P0003,2,28035.34,0.05
OI001235,O00402,P0021,3,29923.09,0.05
OI001236,O00402,P0037,2,29340.98,0.1
OI001237,O00402,P0093,2,12034.06,0.1
OI001238,O00403,P0118,4,13328.28,0.0
OI001239,O00403,P0078,3,9794.29,0.15
OI001240,O00403,P0110,4,10608.58,0.05
OI001241,O00404,P0102,2,3215.58,0.1
OI001242,O00404,P0061,2,11732.74,0.0
OI001243,O00404,P0103,1,19743.28,0.15
OI001244,O00405,P0017,5,18742.99,0.05
OI001245,O00405,P0023,1,5090.98,0.2
OI001246,O00405,P0026,4,12432.11,0.05
OI001247,O00405,P0021,3,29923.09,0.0
OI001248,O00406,P0072,1,23634.91,0.0
OI001249,O00406,P0007,3,22914.64,0.0
OI001250,O00407,P0023,5,5090.98,0.0
OI001251,O00407,P0106,1,29239.45,0.0
OI001252,O00408,P0015,5,12370.16,0.0
OI001253,O00408,P0080,4,22400.48,0.0
OI001254,O00408,P0030,3,7749.16,0.2
OI001255,O00408,P0016,3,14148.38,0.2
OI001256,O00409,P0099,5,9969.82,0.0
OI001257,O00410,P0110,5,10608.58,0.1
OI001258,O00410,P0089,1,15973.04,0.15
OI001259,O00411,P0119,4,3520.87,0.2
OI001260,O00412,P0108,5,27881.04,0.1
OI001261,O00412,P0097,1,3005.35,0.2
OI001262,O00412,P0015,5,12370.16,0.0
OI001263,O00412,P0014,5,15835.42,0.0
OI001264,O00413,P0081,2,15455.55,0.0
OI001265,O00413,P0016,2,14148.38,0.15
OI001266,O00414,P0091,5,21658.7,0.05
OI001267,O00414,P0057,1,6734.45,0.0
OI001268,O00414,P0098,3,16744.36,0.0
OI001269,O00415,P0016,2,14148.38,0.05
OI001270,O00415,P0109,4,5510.83,0.2
OI001271,O00416,P0032,4,28363.64,0.0
OI001272,O00417,P0065,3,20745.59,0.0
OI001273,O00417,P0022,4,29352.73,0.0
OI001274,O00417,P0011,2,29653.81,0.0
OI001275,O00418,P0054,4,17586.66,0.05
OI001276,O00418,P0101,4,29055.75,0.05
OI001277,O00418,P0030,5,7749.16,0.2
OI001278,O00418,P0018,3,25587.96,0.0
OI001279,O00418,P0103,4,19743.28,0.0
OI001280,O00419,P0092,5,26656.16,0.0
OI001281,O00420,P0044,3,22002.91,0.05
OI001282,O00421,P0056,4,26540.94,0.2
OI001283,O00421,P0008,1,26103.7,0.15
OI001284,O00422,P0116,1,22662.54,0.15
OI001285,O00422,P0074,5,23258.13,0.0
OI001286,O00423,P0052,5,2818.25,0.2
OI001287,O00423,P0114,3,9431.72,0.15
OI001288,O00423,P0088,3,16504.89,0.0
OI001289,O00423,P0090,1,12974.36,0.2
OI001290,O00424,P0116,2,22662.54,0.15
OI001291,O00424,P0068,4,1929.24,0.05
OI001292,O00424,P0079,2,3907.55,0.1
OI001293,O00425,P0101,3,29055.75,0.2
OI001294,O00425,P0080,4,22400.48,0.2
OI001295,O00425,P0084,2,29957.77,0.0
OI001296,O00425,P0057,1,6734.45,0.0
OI001297,O00425,P0090,5,12974.36,0.0
OI001298,O00426,P0093,5,12034.06,0.1
OI001299,O00426,P0095,3,28613.34,0.0
OI001300,O00426,P0113,1,12664.59,0.1
OI001301,O00426,P0017,5,18742.99,0.0
OI001302,O00427,P0044,1,22002.91,0.2
OI001303,O00427,P0097,5,3005.35,0.1
OI001304,O00427,P0082,3,6739.91,0.0
OI001305,O00427,P0021,3,29923.09,0.15
OI001306,O00427,P0003,4,28035.34,0.1
OI001307,O00428,P0094,1,12871.71,0.2
OI001308,O00429,P0034,3,29981.28,0.0
OI001309,O00429,P0081,1,15455.55,0.2
OI001310,O00429,P0065,1,20745.59,0.05
OI001311,O00430,P0074,4,23258.13,0.0
OI001312,O00430,P0095,2,28613.34,0.2
OI001313,O00430,P0001,5,5815.44,0.1
OI001314,O00431,P0109,3,5510.83,0.15
OI001315,O00431,P0077,5,4058.28,0.15
OI001316,O00431,P0030,2,7749.16,0.15
OI001317,O00431,P0045,4,22454.73,0.1
OI001318,O00431,P0039,2,22385.74,0.0
OI001319,O00432,P0067,3,29430.12,0.05
OI001320,O00432,P0075,1,8404.97,0.0
OI001321,O00432,P0025,4,11320.25,0.2
OI001322,O00433,P0011,2,29653.81,0.05
OI001323,O00433,P0012,2,28948.95,0.05
OI001324,O00433,P0008,1,26103.7,0.0
OI001325,O00433,P0055,5,20284.12,0.05
OI001326,O00434,P0072,3,23634.91,0.1
OI001327,O00434,P0067,4,29430.12,0.15
OI001328,O00434,P0100,4,26223.39,0.05
OI001329,O00434,P0051,4,29022.02,0.15
OI001330,O00434,P0112,4,2861.72,0.2
OI001331,O00435,P0019,2,28629.69,0.05
OI001332,O00435,P0065,4,20745.59,0.0
OI001333,O00436,P0111,4,19761.46,0.05
OI001334,O00436,P0068,1,1929.24,0.15
OI001335,O00436,P0016,2,14148.38,0.1
OI001336,O00436,P0089,3,15973.04,0.0
OI001337,O00436,P0028,5,20532.06,0.2
OI001338,O00437,P0015,3,12370.16,0.0
OI001339,O00437,P0016,5,14148.38,0.0
OI001340,O00437,P0048,1,27431.78,0.0
OI001341,O00437,P0074,3,23258.13,0.0
OI001342,O00438,P0038,2,361.97,0.0
OI001343,O00438,P0063,5,19689.07,0.05
OI001344,O00438,P0004,1,8571.23,0.0
OI001345,O00439,P0028,4,20532.06,0.0
OI001346,O00439,P0024,1,9812.32,0.1
OI001347,O00439,P0105,3,17274.11,0.0
OI001348,O00440,P0054,4,17586.66,0.1
OI001349,O00441,P0073,3,6309.86,0.2
OI001350,O00441,P0058,4,19519.27,0.05
OI001351,O00441,P0116,5,22662.54,0.0
OI001352,O00442,P0065,4,20745.59,0.2
OI001353,O00442,P0082,4,6739.91,0.15
OI001354,O00443,P0020,1,1192.67,0.2
OI001355,O00443,P0111,5,19761.46,0.15
OI001356,O00443,P0094,5,12871.71,0.05
OI001357,O00443,P0042,4,27113.7,0.0
OI001358,O00444,P0044,4,22002.91,0.15
OI001359,O00444,P0070,3,19923.53,0.15
OI001360,O00444,P0006,1,16212.79,0.2
OI001361,O00444,P0086,2,26990.09,0.15
OI001362,O00445,P0074,3,23258.13,0.1
OI001363,O00446,P0083,5,9132.71,0.0
OI001364,O00447,P0080,5,22400.48,0.2
OI001365,O00447,P0070,1,19923.53,0.1
OI001366,O00448,P0025,1,11320.25,0.0
OI001367,O00448,P0097,5,3005.35,0.0
OI001368,O00448,P0061,1,11732.74,0.0
OI001369,O00448,P0065,2,20745.59,0.0
OI001370,O00448,P0115,5,2658.52,0.05
OI001371,O00449,P0104,5,25379.76,0.1
OI001372,O00450,P0052,4,2818.25,0.2
OI001373,O00450,P0076,1,7609.55,0.0
OI001374,O00450,P0006,4,16212.79,0.0
OI001375,O00451,P0004,4,8571.23,0.0
OI001376,O00451,P0111,1,19761.46,0.0
OI001377,O00451,P0068,1,1929.24,0.1
OI001378,O00451,P0041,2,18672.23,0.0
OI001379,O00452,P0024,1,9812.32,0.0
OI001380,O00452,P0033,3,20746.57,0.05
OI001381,O00453,P0008,3,26103.7,0.0
OI001382,O00453,P0079,1,3907.55,0.15
OI001383,O00454,P0039,4,22385.74,0.0
OI001384,O00455,P0019,3,28629.69,0.0
OI001385,O00455,P0053,4,16152.78,0.2
OI001386,O00455,P0115,1,2658.52,0.0
OI001387,O00456,P0031,5,20367.01,0.1
OI001388,O00456,P0097,2,3005.35,0.05
OI001389,O00457,P0097,1,3005.35,0.0
OI001390,O00457,P0065,4,20745.59,0.1
OI001391,O00457,P0050,4,28891.25,0.0
OI001392,O00457,P0015,4,12370.16,0.0
OI001393,O00457,P0035,4,7207.71,0.15
OI001394,O00458,P0117,1,13360.22,0.0
OI001395,O00458,P0114,5,9431.72,0.1
OI001396,O00459,P0032,5,28363.64,0.15
OI001397,O00460,P0039,4,22385.74,0.05
OI001398,O00460,P0073,1,6309.86,0.2
OI001399,O00461,P0027,2,5351.07,0.2
OI001400,O00461,P0101,2,29055.75,0.1
OI001401,O00461,P0019,4,28629.69,0.1
OI001402,O00461,P0048,4,27431.78,0.0
OI001403,O00461,P0070,1,19923.53,0.2
OI001404,O00462,P0107,2,20288.3,0.0
OI001405,O00462,P0080,1,22400.48,0.05
OI001406,O00462,P0038,3,361.97,0.1
OI001407,O00462,P0084,3,29957.77,0.2
OI001408,O00463,P0045,5,22454.73,0.2
OI001409,O00463,P0108,5,27881.04,0.0
OI001410,O00463,P0081,1,15455.55,0.0
OI001411,O00463,P0028,5,20532.06,0.1
OI001412,O00464,P0039,1,22385.74,0.05
OI001413,O00465,P0107,2,20288.3,0.15
OI001414,O00466,P0036,5,8960.67,0.2
OI001415,O00466,P0113,3,12664.59,0.15
OI001416,O00466,P0056,3,26540.94,0.15
OI001417,O00466,P0027,3,5351.07,0.2
OI001418,O00466,P0079,4,3907.55,0.0
OI001419,O00467,P0085,3,20620.59,0.0
OI001420,O00467,P0042,4,27113.7,0.1
OI001421,O00468,P0003,2,28035.34,0.15
OI001422,O00468,P0117,1,13360.22,0.1
OI001423,O00468,P0089,4,15973.04,0.0
OI001424,O00469,P0087,2,2082.59,0.05
OI001425,O00470,P0115,4,2658.52,0.1
OI001426,O00470,P0090,1,12974.36,0.2
OI001427,O00470,P0091,1,21658.7,0.1
OI001428,O00470,P0063,1,19689.07,0.2
OI001429,O00470,P0098,4,16744.36,0.15
OI001430,O00471,P0046,4,23621.0,0.2
OI001431,O00472,P0046,1,23621.0,0.0
OI001432,O00472,P0050,4,28891.25,0.0
OI001433,O00472,P0023,2,5090.98,0.05
OI001434,O00472,P0108,1,27881.04,0.0
OI001435,O00472,P0099,1,9969.82,0.2
OI001436,O00473,P0088,3,16504.89,0.0
OI001437,O00473,P0118,1,13328.28,0.2
OI001438,O00473,P0091,5,21658.7,0.15
OI001439,O00474,P0104,2,25379.76,0.05
OI001440,O00474,P0092,3,26656.16,0.0
OI001441,O00474,P0029,3,7057.79,0.05
OI001442,O00475,P0027,4,5351.07,0.0
OI001443,O00475,P0001,3,5815.44,0.1
OI001444,O00475,P0026,5,12432.11,0.05
OI001445,O00475,P0106,2,29239.45,0.1
OI001446,O00475,P0082,2,6739.91,0.15
OI001447,O00476,P0087,1,2082.59,0.1
OI001448,O00476,P0088,2,16504.89,0.15
OI001449,O00476,P0078,1,9794.29,0.0
OI001450,O00476,P0073,3,6309.86,0.1
OI001451,O00476,P0023,2,5090.98,0.1
OI001452,O00477,P0025,1,11320.25,0.15
OI001453,O00477,P0109,5,5510.83,0.1
OI001454,O00477,P0087,3,2082.59,0.15
OI001455,O00478,P0114,1,9431.72,0.2
OI001456,O00478,P0059,3,28394.29,0.05
OI001457,O00478,P0001,4,5815.44,0.0
OI001458,O00478,P0055,1,20284.12,0.15
OI001459,O00478,P0083,5,9132.71,0.05
OI001460,O00479,P0047,2,15113.63,0.0
OI001461,O00479,P0067,3,29430.12,0.05
OI001462,O00479,P0098,5,16744.36,0.05
OI001463,O00479,P0006,3,16212.79,0.0
OI001464,O00480,P0025,5,11320.25,0.2
OI001465,O00480,P0043,1,23683.68,0.15
OI001466,O00480,P0011,2,29653.81,0.15
OI001467,O00480,P0113,4,12664.59,0.0
OI001468,O00481,P0026,3,12432.11,0.0
OI001469,O00481,P0022,1,29352.73,0.15
OI001470,O00482,P0004,4,8571.23,0.05
OI001471,O00483,P0076,3,7609.55,0.2
OI001472,O00484,P0032,2,28363.64,0.0
OI001473,O00484,P0014,1,15835.42,0.2
OI001474,O00484,P0061,3,11732.74,0.1
OI001476,O00485,P0100,4,26223.39,0.2
OI001477,O00486,P0081,4,15455.55,0.1
OI001478,O00487,P0011,1,29653.81,0.0
OI001479,O00488,P0041,1,18672.23,0.2
OI001480,O00488,P0114,2,9431.72,0.0
OI001481,O00488,P0109,4,5510.83,0.0
OI001482,O00488,P0089,3,15973.04,0.1
OI001483,O00489,P0009,5,11563.17,0.0
OI001484,O00489,P0014,3,15835.42,0.2
OI001485,O00489,P0087,4,2082.59,0.05
OI001486,O00489,P0008,1,26103.7,0.1
OI001487,O00490,P0030,5,7749.16,0.0
OI001488,O00490,P0111,4,19761.46,0.05
OI001489,O00490,P0077,4,4058.28,0.2
OI001490,O00490,P0101,4,29055.75,0.1
OI001492,O00491,P0044,5,22002.91,0.0
OI001493,O00491,P0084,5,29957.77,0.0
OI001494,O00491,P0087,1,2082.59,0.0
OI001495,O00491,P0101,1,29055.75,0.1
OI001496,O00492,P0076,2,7609.55,0.1
OI001497,O00493,P0082,3,6739.91,0.0
OI001498,O00493,P0066,4,28522.59,0.05
OI001499,O00494,P0057,1,6734.45,0.0
OI001500,O00494,P0024,2,9812.32,0.0
OI001501,O00494,P0032,5,28363.64,0.05
OI001502,O00494,P0018,5,25587.96,0.15
OI001503,O00494,P0103,3,19743.28,0.0
OI001504,O00495,P0114,3,9431.72,0.1
OI001505,O00495,P0070,3,19923.53,0.0
OI001506,O00495,P0100,3,26223.39,0.0
OI001507,O00495,P0019,5,28629.69,0.1
OI001508,O00495,P0061,2,11732.74,0.0
OI001509,O00496,P0065,5,20745.59,0.2
OI001510,O00496,P0105,1,17274.11,0.05
OI001511,O00497,P0026,2,12432.11,0.2
OI001512,O00497,P0082,1,6739.91,0.0
OI001513,O00497,P0117,2,13360.22,0.15
OI001514,O00498,P0089,5,15973.04,0.1
OI001515,O00498,P0060,3,3024.1,0.1
OI001516,O00498,P0077,3,4058.28,0.05
OI001517,O00498,P0043,3,23683.68,0.0
OI001518,O00499,P0059,1,28394.29,0.05
OI001519,O00500,P0118,2,13328.28,0.15
OI001520,O00500,P0001,2,5815.44,0.05
OI001521,O00501,P0028,3,20532.06,0.2
OI001522,O00501,P0031,4,20367.01,0.0
OI001523,O00501,P0062,4,17669.73,0.0
OI001524,O00501,P0095,1,28613.34,0.0
OI001525,O00501,P0099,1,9969.82,0.0
OI001526,O00502,P0004,2,8571.23,0.0
OI001527,O00502,P0072,4,23634.91,0.0
OI001528,O00502,P0015,5,12370.16,0.2
OI001529,O00503,P0006,2,16212.79,0.0
OI001530,O00503,P0004,2,8571.23,0.0
OI001531,O00503,P0026,3,12432.11,0.15
OI001532,O00504,P0044,5,22002.91,0.0
OI001533,O00504,P0109,2,5510.83,0.0
OI001534,O00505,P0023,3,5090.98,0.0
OI001535,O00506,P0107,2,20288.3,0.05
OI001536,O00507,P0044,2,22002.91,0.0
OI001537,O00508,P0031,2,20367.01,0.1
OI001538,O00508,P0048,5,27431.78,0.05
OI001539,O00508,P0104,1,25379.76,0.0
OI001540,O00508,P0085,2,20620.59,0.0
OI001541,O00509,P0025,4,11320.25,0.15
OI001542,O00509,P0069,3,28476.44,0.0
OI001543,O00510,P0055,5,20284.12,0.1
OI001544,O00510,P0082,2,6739.91,0.2
OI001545,O00510,P0032,5,28363.64,0.0
OI001546,O00510,P0118,2,13328.28,0.0
OI001547,O00510,P0006,2,16212.79,0.0
OI001548,O00511,P0112,5,2861.72,0.1
OI001549,O00511,P0017,4,18742.99,0.0
OI001550,O00511,P0109,1,5510.83,0.2
OI001551,O00512,P0102,2,3215.58,0.1
OI001552,O00512,P0085,4,20620.59,0.2
OI001553,O00512,P0079,5,3907.55,0.0
OI001554,O00512,P0009,4,11563.17,0.1
OI001555,O00513,P0023,5,5090.98,0.15
OI001556,O00513,P0042,4,27113.7,0.15
OI001557,O00513,P0092,4,26656.16,0.05
OI001558,O00513,P0048,3,27431.78,0.1
OI001559,O00514,P0082,1,6739.91,0.0
OI001560,O00514,P0118,2,13328.28,0.0
OI001561,O00514,P0102,4,3215.58,0.2
OI001562,O00514,P0075,2,8404.97,0.05
OI001563,O00515,P0040,4,18259.1,0.1
OI001564,O00515,P0055,2,20284.12,0.2
OI001565,O00516,P0033,2,20746.57,0.2
OI001566,O00516,P0071,1,1631.29,0.0
OI001567,O00516,P0011,4,29653.81,0.1
OI001568,O00517,P0030,4,7749.16,0.1
OI001569,O00517,P0075,5,8404.97,0.0
OI001570,O00517,P0006,4,16212.79,0.05
OI001571,O00518,P0056,4,26540.94,0.0
OI001572,O00518,P0053,3,16152.78,0.05
OI001573,O00518,P0048,1,27431.78,0.0
OI001574,O00518,P0103,4,19743.28,0.0
OI001575,O00519,P0083,1,9132.71,0.0
OI001577,O00519,P0046,5,23621.0,0.15
OI001578,O00520,P0101,3,29055.75,0.0
OI001579,O00521,P0016,1,14148.38,0.0
OI001580,O00522,P0070,2,19923.53,0.0
OI001581,O00523,P0087,3,2082.59,0.0
OI001582,O00523,P0043,3,23683.68,0.0
OI001583,O00524,P0018,5,25587.96,0.0
OI001584,O00524,P0110,1,10608.58,0.2
OI001585,O00524,P0097,3,3005.35,0.0
OI001586,O00524,P0092,3,26656.16,0.2
OI001587,O00524,P0095,4,28613.34,0.05
OI001588,O00525,P0097,2,3005.35,0.2
OI001589,O00525,P0084,4,29957.77,0.0
OI001590,O00525,P0002,2,25937.12,0.15
OI001591,O00525,P0061,2,11732.74,0.05
OI001592,O00525,P0066,2,28522.59,0.1
OI001593,O00526,P0101,4,29055.75,0.0
OI001594,O00526,P0071,1,1631.29,0.0
OI001595,O00526,P0097,2,3005.35,0.05
OI001596,O00526,P0060,4,3024.1,0.0
OI001597,O00526,P0093,4,12034.06,0.05
OI001598,O00527,P0004,2,8571.23,0.0
OI001599,O00527,P0048,1,27431.78,0.05
OI001600,O00527,P0018,3,25587.96,0.0
OI001601,O00527,P0074,2,23258.13,0.05
OI001602,O00527,P0112,4,2861.72,0.15
OI001603,O00528,P0098,3,16744.36,0.0
OI001604,O00528,P0100,5,26223.39,0.0
OI001605,O00528,P0089,5,15973.04,0.2
OI001606,O00528,P0069,1,28476.44,0.0
OI001607,O00529,P0043,5,23683.68,0.1
OI001608,O00529,P0073,5,6309.86,0.2
OI001609,O00530,P0049,5,22427.19,0.05
OI001610,O00530,P0027,2,5351.07,0.05
OI001611,O00530,P0051,1,29022.02,0.0
OI001612,O00530,P0009,5,11563.17,0.05
OI001613,O00531,P0012,5,28948.95,0.0
OI001614,O00531,P0022,1,29352.73,0.2
OI001615,O00531,P0014,5,15835.42,0.05
OI001616,O00532,P0024,2,9812.32,0.0
OI001617,O00533,P0037,5,29340.98,0.0
OI001618,O00533,P0027,4,5351.07,0.0
OI001619,O00533,P0030,3,7749.16,0.1
OI001620,O00533,P0038,1,361.97,0.0
OI001621,O00534,P0111,4,19761.46,0.0
OI001622,O00534,P0117,1,13360.22,0.0
OI001623,O00534,P0053,5,16152.78,0.05
OI001624,O00535,P0096,2,2845.8,0.0
OI001625,O00535,P0009,2,11563.17,0.0
OI001626,O00535,P0050,4,28891.25,0.2
OI001627,O00535,P0116,4,22662.54,0.0
OI001628,O00536,P0074,4,23258.13,0.0
OI001629,O00536,P0040,2,18259.1,0.0
OI001630,O00536,P0076,2,7609.55,0.05
OI001631,O00536,P0026,1,12432.11,0.2
OI001632,O00536,P0065,4,20745.59,0.1
OI001633,O00537,P0068,5,1929.24,0.05
OI001634,O00537,P0043,4,23683.68,0.05
OI001635,O00538,P0006,4,16212.79,0.0
OI001636,O00538,P0095,3,28613.34,0.05
OI001637,O00538,P0012,5,28948.95,0.2
OI001638,O00538,P0037,2,29340.98,0.05
OI001639,O00538,P0083,2,9132.71,0.0
OI001640,O00539,P0094,2,12871.71,0.15
OI001641,O00539,P0056,5,26540.94,0.0
OI001642,O00539,P0059,4,28394.29,0.15
OI001643,O00539,P0050,1,28891.25,0.0
OI001644,O00539,P0117,2,13360.22,0.0
OI001645,O00540,P0038,2,361.97,0.05
OI001646,O00540,P0086,4,26990.09,0.2
OI001647,O00540,P0118,5,13328.28,0.0
OI001648,O00540,P0009,3,11563.17,0.0
OI001649,O00540,P0090,1,12974.36,0.1
OI001650,O00541,P0053,3,16152.78,0.0
OI001651,O00541,P0058,5,19519.27,0.0
OI001652,O00541,P0022,4,29352.73,0.0
OI001653,O00542,P0082,4,6739.91,0.05
OI001654,O00543,P0096,2,2845.8,0.05
OI001655,O00543,P0052,1,2818.25,0.0
OI001656,O00543,P0110,3,10608.58,0.0
OI001657,O00544,P0042,4,27113.7,0.05
OI001658,O00544,P0086,4,26990.09,0.0
OI001659,O00545,P0071,2,1631.29,0.15
OI001660,O00546,P0018,2,25587.96,0.0
OI001661,O00546,P0061,1,11732.74,0.1
OI001662,O00546,P0106,1,29239.45,0.0
OI001663,O00546,P0036,3,8960.67,0.0
OI001664,O00547,P0095,1,28613.34,0.15
OI001665,O00547,P0051,3,29022.02,0.0
OI001666,O00547,P0022,4,29352.73,0.0
OI001668,O00547,P0086,1,26990.09,0.15
OI001669,O00548,P0028,5,20532.06,0.15
OI001670,O00548,P0057,1,6734.45,0.05
OI001671,O00548,P0090,3,12974.36,0.05
OI001672,O00548,P0007,1,22914.64,0.1
OI001673,O00548,P0108,1,27881.04,0.0
OI001674,O00549,P0099,3,9969.82,0.0
OI001675,O00549,P0026,2,12432.11,0.0
OI001676,O00549,P0119,1,3520.87,0.05
OI001677,O00549,P0032,1,28363.64,0.0
OI001678,O00550,P0106,1,29239.45,0.0
OI001679,O00550,P0025,1,11320.25,0.2
OI001680,O00550,P0088,2,16504.89,0.15
OI001681,O00551,P0006,5,16212.79,0.0
OI001682,O00551,P0054,3,17586.66,0.0
OI001683,O00552,P0081,5,15455.55,0.05
OI001684,O00552,P0025,4,11320.25,0.0
OI001685,O00552,P0080,2,22400.48,0.0
OI001686,O00552,P0027,1,5351.07,0.0
OI001687,O00552,P0120,3,20385.15,0.0
OI001688,O00553,P0052,3,2818.25,0.0
OI001689,O00554,P0028,3,20532.06,0.15
OI001690,O00554,P0059,5,28394.29,0.0
OI001691,O00554,P0029,1,7057.79,0.0
OI001692,O00554,P0009,2,11563.17,0.05
OI001693,O00555,P0099,1,9969.82,0.15
OI001694,O00555,P0077,5,4058.28,0.2
OI001695,O00555,P0064,5,12314.5,0.0
OI001697,O00556,P0077,2,4058.28,0.0
OI001698,O00556,P0042,2,27113.7,0.15
OI001699,O00557,P0109,1,5510.83,0.0
OI001700,O00557,P0086,1,26990.09,0.1
OI001701,O00557,P0062,5,17669.73,0.05
OI001702,O00558,P0066,5,28522.59,0.1
OI001703,O00558,P0082,1,6739.91,0.0
OI001704,O00558,P0095,1,28613.34,0.1
OI001705,O00558,P0030,1,7749.16,0.0
OI001706,O00559,P0095,2,28613.34,0.1
OI001707,O00559,P0055,1,20284.12,0.0
OI001708,O00560,P0048,3,27431.78,0.0
OI001709,O00560,P0064,2,12314.5,0.05
OI001710,O00561,P0083,2,9132.71,0.15
OI001711,O00561,P0005,5,29967.2,0.05
OI001712,O00562,P0018,1,25587.96,0.1
OI001713,O00562,P0036,4,8960.67,0.15
OI001714,O00562,P0041,3,18672.23,0.2
OI001715,O00563,P0030,3,7749.16,0.0
OI001716,O00564,P0027,1,5351.07,0.15
OI001717,O00564,P0070,2,19923.53,0.2
OI001718,O00565,P0078,4,9794.29,0.1
OI001719,O00565,P0112,3,2861.72,0.0
OI001720,O00566,P0081,4,15455.55,0.0
OI001721,O00566,P0001,2,5815.44,0.0
OI001722,O00566,P0009,2,11563.17,0.0
OI001723,O00566,P0112,2,2861.72,0.0
OI001724,O00567,P0076,2,7609.55,0.0
OI001725,O00567,P0071,5,1631.29,0.0
OI001726,O00568,P0093,2,12034.06,0.0
OI001727,O00568,P0060,4,3024.1,0.0
OI001728,O00568,P0040,5,18259.1,0.0
OI001729,O00568,P0022,3,29352.73,0.0
OI001730,O00569,P0058,4,19519.27,0.0
OI001731,O00569,P0082,3,6739.91,0.05
OI001732,O00569,P0026,4,12432.11,0.0
OI001733,O00569,P0035,4,7207.71,0.05
OI001734,O00569,P0111,4,19761.46,0.1
OI001735,O00570,P0095,4,28613.34,0.0
OI001736,O00570,P0056,4,26540.94,0.05
OI001737,O00570,P0098,1,16744.36,0.2
OI001738,O00570,P0020,3,1192.67,0.1
OI001739,O00570,P0105,5,17274.11,0.0
OI001740,O00571,P0094,3,12871.71,0.05
OI001741,O00571,P0023,3,5090.98,0.05
OI001742,O00571,P0033,5,20746.57,0.1
OI001743,O00571,P0049,4,22427.19,0.0
OI001744,O00571,P0060,3,3024.1,0.0
OI001745,O00572,P0026,1,12432.11,0.0
OI001746,O00572,P0020,5,1192.67,0.15
OI001747,O00572,P0118,3,13328.28,0.05
OI001748,O00572,P0025,4,11320.25,0.05
OI001749,O00573,P0096,3,2845.8,0.15
OI001750,O00573,P0048,5,27431.78,0.0
OI001751,O00573,P0050,4,28891.25,0.0
OI001752,O00573,P0063,1,19689.07,0.05
OI001753,O00574,P0021,3,29923.09,0.1
OI001754,O00574,P0025,4,11320.25,0.15
OI001755,O00574,P0098,3,16744.36,0.15
OI001756,O00574,P0056,1,26540.94,0.15
OI001757,O00574,P0033,4,20746.57,0.05
OI001758,O00575,P0032,1,28363.64,0.2
OI001759,O00575,P0062,3,17669.73,0.15
OI001760,O00576,P0090,2,12974.36,0.0
OI001761,O00577,P0059,5,28394.29,0.1
OI001762,O00577,P0088,2,16504.89,0.0
OI001763,O00577,P0019,1,28629.69,0.2
OI001764,O00577,P0033,1,20746.57,0.15
OI001765,O00577,P0032,4,28363.64,0.05
OI001766,O00578,P0116,4,22662.54,0.0
OI001767,O00578,P0011,4,29653.81,0.0
OI001768,O00578,P0067,3,29430.12,0.1
OI001769,O00578,P0117,5,13360.22,0.15
OI001770,O00578,P0025,4,11320.25,0.1
OI001771,O00579,P0094,1,12871.71,0.0
OI001772,O00579,P0053,5,16152.78,0.2
OI001773,O00579,P0097,3,3005.35,0.2
OI001774,O00580,P0035,2,7207.71,0.15
OI001775,O00580,P0096,4,2845.8,0.15
OI001776,O00581,P0001,4,5815.44,0.0
OI001777,O00581,P0022,1,29352.73,0.0
OI001778,O00581,P0105,4,17274.11,0.1
OI001779,O00582,P0084,2,29957.77,0.0
OI001780,O00582,P0037,3,29340.98,0.0
OI001781,O00582,P0094,2,12871.71,0.0
OI001782,O00582,P0056,4,26540.94,0.0
OI001783,O00583,P0015,2,12370.16,0.0
OI001784,O00583,P0058,1,19519.27,0.15
OI001785,O00583,P0073,2,6309.86,0.2
OI001786,O00583,P0105,2,17274.11,0.0
OI001787,O00583,P0028,4,20532.06,0.05
OI001788,O00584,P0014,3,15835.42,0.0
OI001789,O00584,P0112,4,2861.72,0.0
OI001790,O00584,P0082,3,6739.91,0.0
OI001791,O00584,P0022,3,29352.73,0.0
OI001792,O00584,P0011,5,29653.81,0.0
OI001793,O00585,P0063,1,19689.07,0.0
OI001794,O00585,P0087,3,2082.59,0.2
OI001795,O00585,P0098,1,16744.36,0.15
OI001798,O00587,P0049,5,22427.19,0.1
OI001799,O00588,P0120,3,20385.15,0.1
OI001800,O00588,P0063,4,19689.07,0.0
OI001801,O00588,P0061,3,11732.74,0.15
OI001802,O00589,P0041,3,18672.23,0.15
OI001803,O00589,P0105,4,17274.11,0.05
OI001804,O00589,P0031,5,20367.01,0.0
OI001805,O00590,P0112,1,2861.72,0.0
OI001806,O00590,P0043,4,23683.68,0.2
OI001807,O00590,P0104,4,25379.76,0.15
OI001808,O00591,P0004,1,8571.23,0.2
OI001809,O00591,P0078,5,9794.29,0.0
OI001810,O00592,P0048,5,27431.78,0.15
OI001811,O00592,P0058,4,19519.27,0.1
OI001812,O00593,P0085,3,20620.59,0.0
OI001813,O00593,P0025,3,11320.25,0.2
OI001814,O00593,P0001,1,5815.44,0.2
OI001815,O00593,P0082,3,6739.91,0.15
OI001816,O00594,P0030,5,7749.16,0.2
OI001817,O00594,P0078,1,9794.29,0.0
OI001818,O00594,P0063,4,19689.07,0.05
OI001819,O00594,P0052,1,2818.25,0.15
OI001820,O00595,P0038,2,361.97,0.2
OI001821,O00595,P0078,5,9794.29,0.1
OI001822,O00595,P0025,5,11320.25,0.0
OI001823,O00595,P0092,2,26656.16,0.05
OI001824,O00596,P0039,5,22385.74,0.2
OI001825,O00597,P0022,4,29352.73,0.15
OI001826,O00597,P0115,5,2658.52,0.0
OI001827,O00597,P0058,2,19519.27,0.0
OI001828,O00597,P0015,2,12370.16,0.2
OI001829,O00598,P0014,4,15835.42,0.15
OI001830,O00599,P0021,3,29923.09,0.05
OI001831,O00600,P0029,4,7057.79,0.15
OI001832,O00600,P0093,1,12034.06,0.15
OI001833,O00600,P0033,2,20746.57,0.1
OI001834,O00601,P0012,2,28948.95,0.1
OI001835,O00601,P0102,5,3215.58,0.0
OI001836,O00601,P0089,3,15973.04,0.05
OI001837,O00601,P0043,4,23683.68,0.15
OI001838,O00602,P0110,3,10608.58,0.0
OI001839,O00602,P0056,3,26540.94,0.0
OI001840,O00602,P0104,1,25379.76,0.0
OI001841,O00602,P0030,3,7749.16,0.15
OI001842,O00602,P0029,5,7057.79,0.0
OI001843,O00603,P0074,3,23258.13,0.0
OI001844,O00604,P0049,1,22427.19,0.0
OI001845,O00604,P0074,1,23258.13,0.1
OI001846,O00604,P0095,5,28613.34,0.0
OI001847,O00605,P0055,2,20284.12,0.1
OI001848,O00605,P0041,5,18672.23,0.1
OI001849,O00605,P0099,2,9969.82,0.0
OI001850,O00605,P0047,4,15113.63,0.0
OI001851,O00606,P0110,3,10608.58,0.2
OI001852,O00606,P0059,2,28394.29,0.05
OI001853,O00606,P0041,4,18672.23,0.0
OI001854,O00606,P0019,5,28629.69,0.0
OI001855,O00606,P0105,2,17274.11,0.15
OI001856,O00607,P0077,3,4058.28,0.0
OI001857,O00608,P0089,5,15973.04,0.05
OI001858,O00608,P0016,2,14148.38,0.05
OI001859,O00608,P0036,3,8960.67,0.15
OI001860,O00608,P0109,4,5510.83,0.0
OI001861,O00608,P0091,3,21658.7,0.0
OI001862,O00609,P0109,2,5510.83,0.15
OI001863,O00609,P0094,1,12871.71,0.2
OI001864,O00610,P0110,4,10608.58,0.0
OI001865,O00610,P0063,2,19689.07,0.0
OI001866,O00611,P0051,3,29022.02,0.2
OI001867,O00611,P0044,4,22002.91,0.05
OI001868,O00611,P0055,1,20284.12,0.1
OI001869,O00611,P0087,3,2082.59,0.0
OI001870,O00611,P0061,2,11732.74,0.15
OI001871,O00612,P0051,5,29022.02,0.2
OI001873,O00612,P0017,3,18742.99,0.05
OI001874,O00612,P0042,2,27113.7,0.1
OI001875,O00612,P0097,2,3005.35,0.05
OI001876,O00613,P0038,2,361.97,0.2
OI001877,O00613,P0115,2,2658.52,0.15
OI001878,O00613,P0019,1,28629.69,0.0
OI001879,O00613,P0027,5,5351.07,0.0
OI001880,O00614,P0049,2,22427.19,0.0
OI001881,O00614,P0055,1,20284.12,0.0
OI001882,O00615,P0023,3,5090.98,0.1
OI001883,O00615,P0007,4,22914.64,0.0
OI001884,O00615,P0016,4,14148.38,0.0
OI001885,O00615,P0066,1,28522.59,0.0
OI001886,O00616,P0051,3,29022.02,0.15
OI001887,O00616,P0063,5,19689.07,0.0
OI001888,O00617,P0100,1,26223.39,0.2
OI001889,O00617,P0089,4,15973.04,0.2
OI001890,O00617,P0102,4,3215.58,0.0
OI001891,O00617,P0086,4,26990.09,0.0
OI001892,O00618,P0016,1,14148.38,0.0
OI001893,O00619,P0063,5,19689.07,0.0
OI001894,O00620,P0076,5,7609.55,0.1
OI001895,O00621,P0036,5,8960.67,0.0
OI001896,O00621,P0089,4,15973.04,0.05
OI001897,O00621,P0096,4,2845.8,0.0
OI001899,O00622,P0042,1,27113.7,0.15
OI001900,O00623,P0024,4,9812.32,0.1
OI001901,O00623,P0052,5,2818.25,0.2
OI001902,O00623,P0105,5,17274.11,0.05
OI001903,O00623,P0090,1,12974.36,0.1
OI001904,O00623,P0003,5,28035.34,0.1
OI001905,O00624,P0097,2,3005.35,0.15
OI001906,O00625,P0024,5,9812.32,0.15
OI001907,O00626,P0001,4,5815.44,0.2
OI001908,O00626,P0072,3,23634.91,0.0
OI001909,O00627,P0017,5,18742.99,0.0
OI001910,O00628,P0012,3,28948.95,0.2
OI001911,O00628,P0072,1,23634.91,0.0
OI001912,O00629,P0065,3,20745.59,0.0
OI001913,O00630,P0022,3,29352.73,0.0
OI001914,O00630,P0055,5,20284.12,0.2
OI001915,O00630,P0085,3,20620.59,0.15
OI001916,O00630,P0001,5,5815.44,0.05
OI001917,O00630,P0032,2,28363.64,0.1
OI001918,O00631,P0089,3,15973.04,0.1
OI001919,O00631,P0041,5,18672.23,0.1
OI001920,O00631,P0067,2,29430.12,0.15
OI001921,O00631,P0117,1,13360.22,0.15
OI001922,O00632,P0031,1,20367.01,0.0
OI001923,O00633,P0039,2,22385.74,0.0
OI001924,O00633,P0110,5,10608.58,0.1
OI001925,O00634,P0076,3,7609.55,0.0
OI001926,O00634,P0046,5,23621.0,0.05
OI001927,O00635,P0071,3,1631.29,0.0
OI001928,O00636,P0084,4,29957.77,0.0
OI001929,O00636,P0116,3,22662.54,0.15
OI001930,O00636,P0021,4,29923.09,0.15
OI001931,O00636,P0052,2,2818.25,0.1
OI001933,O00637,P0081,2,15455.55,0.15
OI001934,O00638,P0073,5,6309.86,0.1
OI001935,O00638,P0085,2,20620.59,0.05
OI001936,O00638,P0083,2,9132.71,0.0
OI001937,O00639,P0049,1,22427.19,0.0
OI001938,O00639,P0004,1,8571.23,0.1
OI001939,O00639,P0078,1,9794.29,0.15
OI001940,O00639,P0032,5,28363.64,0.05
OI001941,O00640,P0043,1,23683.68,0.0
OI001942,O00641,P0100,2,26223.39,0.0
OI001943,O00641,P0035,1,7207.71,0.0
OI001944,O00641,P0019,4,28629.69,0.0
OI001945,O00642,P0014,2,15835.42,0.1
OI001946,O00642,P0101,3,29055.75,0.1
OI001947,O00642,P0119,4,3520.87,0.0
OI001948,O00642,P0016,5,14148.38,0.0
OI001949,O00643,P0111,1,19761.46,0.0
OI001950,O00643,P0037,2,29340.98,0.0
OI001951,O00643,P0071,4,1631.29,0.0
OI001952,O00643,P0035,3,7207.71,0.2
OI001953,O00643,P0078,5,9794.29,0.1
OI001954,O00644,P0113,2,12664.59,0.0
OI001955,O00644,P0109,1,5510.83,0.15
OI001956,O00644,P0052,5,2818.25,0.15
OI001957,O00644,P0062,2,17669.73,0.15
OI001958,O00644,P0076,2,7609.55,0.0
OI001959,O00645,P0073,3,6309.86,0.15
OI001960,O00645,P0095,2,28613.34,0.15
OI001961,O00645,P0035,5,7207.71,0.05
OI001962,O00645,P0007,4,22914.64,0.0
OI001963,O00646,P0046,3,23621.0,0.0
OI001964,O00646,P0103,4,19743.28,0.1
OI001965,O00646,P0060,2,3024.1,0.0
OI001966,O00646,P0065,1,20745.59,0.0
OI001967,O00647,P0099,1,9969.82,0.0
OI001968,O00647,P0041,2,18672.23,0.0
OI001969,O00647,P0109,2,5510.83,0.1
OI001970,O00647,P0012,1,28948.95,0.0
OI001971,O00648,P0071,1,1631.29,0.05
OI001972,O00648,P0119,5,3520.87,0.15
OI001973,O00648,P0064,2,12314.5,0.05
OI001974,O00649,P0066,5,28522.59,0.15
OI001975,O00649,P0088,1,16504.89,0.05
OI001976,O00649,P0087,1,2082.59,0.1
OI001977,O00649,P0114,2,9431.72,0.2
OI001978,O00650,P0092,4,26656.16,0.15
OI001979,O00651,P0096,5,2845.8,0.15
OI001980,O00651,P0045,5,22454.73,0.0
OI001981,O00651,P0032,5,28363.64,0.05
OI001982,O00651,P0095,2,28613.34,0.15
OI001983,O00651,P0085,5,20620.59,0.0
OI001985,O00652,P0047,3,15113.63,0.0
OI001986,O00653,P0064,1,12314.5,0.0
OI001987,O00653,P0049,2,22427.19,0.2
OI001988,O00653,P0022,5,29352.73,0.2
OI001989,O00653,P0048,1,27431.78,0.0
OI001990,O00654,P0062,2,17669.73,0.0
OI001991,O00654,P0038,5,361.97,0.05
OI001992,O00654,P0034,2,29981.28,0.0
OI001993,O00655,P0106,5,29239.45,0.2
OI001994,O00655,P0115,4,2658.52,0.0
OI001995,O00655,P0005,3,29967.2,0.0
OI001996,O00655,P0120,5,20385.15,0.05
OI001997,O00655,P0060,3,3024.1,0.0
OI001998,O00656,P0014,2,15835.42,0.05
OI001999,O00656,P0001,3,5815.44,0.0
OI002000,O00656,P0045,1,22454.73,0.05
OI002001,O00657,P0026,2,12432.11,0.05
OI002002,O00657,P0011,1,29653.81,0.05
OI002003,O00657,P0068,1,1929.24,0.0
OI002004,O00657,P0066,3,28522.59,0.0
OI002005,O00658,P0051,4,29022.02,0.0
OI002006,O00658,P0048,5,27431.78,0.2
OI002007,O00658,P0039,3,22385.74,0.0
OI002008,O00658,P0047,4,15113.63,0.15
OI002009,O00659,P0021,4,29923.09,0.0
OI002010,O00659,P0018,3,25587.96,0.2
OI002011,O00659,P0046,2,23621.0,0.0
OI002012,O00659,P0096,2,2845.8,0.0
OI002013,O00660,P0018,4,25587.96,0.05
OI002014,O00661,P0116,2,22662.54,0.05
OI002015,O00661,P0005,3,29967.2,0.0
OI002016,O00661,P0021,4,29923.09,0.05
OI002017,O00662,P0064,3,12314.5,0.2
OI002018,O00662,P0103,4,19743.28,0.1
OI002019,O00662,P0088,4,16504.89,0.0
OI002020,O00662,P0092,1,26656.16,0.0
OI002021,O00662,P0017,1,18742.99,0.0
OI002022,O00663,P0045,1,22454.73,0.2
OI002023,O00663,P0065,2,20745.59,0.0
OI002024,O00664,P0055,1,20284.12,0.05
OI002025,O00664,P0077,4,4058.28,0.0
OI002026,O00664,P0095,3,28613.34,0.05
OI002027,O00665,P0098,4,16744.36,0.0
OI002028,O00666,P0020,3,1192.67,0.2
OI002029,O00666,P0094,1,12871.71,0.2
OI002030,O00666,P0066,3,28522.59,0.15
OI002031,O00666,P0024,2,9812.32,0.15
OI002032,O00666,P0032,4,28363.64,0.0
OI002033,O00667,P0091,5,21658.7,0.1
OI002034,O00667,P0101,2,29055.75,0.0
OI002035,O00667,P0104,5,25379.76,0.15
OI002036,O00667,P0014,2,15835.42,0.0
OI002037,O00668,P0017,4,18742.99,0.0
OI002038,O00669,P0025,4,11320.25,0.0
OI002039,O00669,P0119,5,3520.87,0.0
OI002040,O00669,P0019,1,28629.69,0.2
OI002041,O00670,P0049,4,22427.19,0.1
OI002042,O00671,P0090,2,12974.36,0.0
OI002043,O00671,P0082,4,6739.91,0.05
OI002044,O00671,P0030,1,7749.16,0.1
OI002045,O00672,P0083,3,9132.71,0.0
OI002046,O00672,P0007,3,22914.64,0.0
OI002047,O00672,P0039,4,22385.74,0.0
OI002048,O00672,P0015,3,12370.16,0.0
OI002049,O00673,P0006,1,16212.79,0.15
OI002050,O00673,P0001,3,5815.44,0.0
OI002051,O00674,P0061,5,11732.74,0.0
OI002052,O00674,P0036,4,8960.67,0.0
OI002053,O00674,P0117,3,13360.22,0.05
OI002054,O00675,P0043,1,23683.68,0.15
OI002055,O00675,P0039,1,22385.74,0.15
OI002056,O00675,P0015,5,12370.16,0.2
OI002057,O00676,P0043,3,23683.68,0.15
OI002058,O00676,P0047,5,15113.63,0.1
OI002059,O00677,P0048,5,27431.78,0.05
OI002060,O00677,P0031,1,20367.01,0.0
OI002061,O00677,P0084,2,29957.77,0.15
OI002062,O00677,P0036,5,8960.67,0.0
OI002063,O00677,P0027,1,5351.07,0.1
OI002064,O00678,P0025,4,11320.25,0.0
OI002065,O00678,P0091,1,21658.7,0.1
OI002066,O00679,P0044,2,22002.91,0.1
OI002067,O00679,P0039,2,22385.74,0.0
OI002068,O00679,P0093,2,12034.06,0.0
OI002069,O00679,P0061,4,11732.74,0.1
OI002070,O00679,P0098,3,16744.36,0.2
OI002071,O00680,P0045,1,22454.73,0.05
OI002072,O00680,P0115,1,2658.52,0.05
OI002073,O00680,P0047,4,15113.63,0.1
OI002074,O00680,P0058,5,19519.27,0.2
OI002075,O00680,P0081,1,15455.55,0.0
OI002076,O00681,P0036,5,8960.67,0.0
OI002077,O00681,P0090,2,12974.36,0.15
OI002078,O00681,P0017,4,18742.99,0.05
OI002079,O00681,P0038,5,361.97,0.2
OI002080,O00681,P0006,5,16212.79,0.0
OI002081,O00682,P0057,5,6734.45,0.05
OI002082,O00682,P0097,5,3005.35,0.2
OI002083,O00683,P0052,2,2818.25,0.0
OI002084,O00683,P0078,2,9794.29,0.1
OI002085,O00683,P0035,2,7207.71,0.1
OI002086,O00683,P0027,1,5351.07,0.2
OI002087,O00684,P0059,3,28394.29,0.0
OI002088,O00684,P0065,2,20745.59,0.0
OI002089,O00684,P0091,3,21658.7,0.1
OI002090,O00684,P0093,1,12034.06,0.0
OI002091,O00684,P0068,2,1929.24,0.0
OI002092,O00685,P0031,3,20367.01,0.0
OI002093,O00685,P0038,3,361.97,0.2
OI002094,O00685,P0006,1,16212.79,0.15
OI002095,O00685,P0082,2,6739.91,0.2
OI002096,O00685,P0019,2,28629.69,0.1
OI002097,O00686,P0001,3,5815.44,0.15
OI002098,O00687,P0048,5,27431.78,0.0
OI002099,O00687,P0042,2,27113.7,0.05
OI002100,O00687,P0011,5,29653.81,0.0
OI002101,O00687,P0091,3,21658.7,0.0
OI002102,O00687,P0114,1,9431.72,0.2
OI002103,O00688,P0029,2,7057.79,0.0
OI002104,O00688,P0094,1,12871.71,0.1
OI002105,O00688,P0036,5,8960.67,0.0
OI002106,O00689,P0084,5,29957.77,0.1
OI002107,O00689,P0033,2,20746.57,0.2
OI002108,O00689,P0112,4,2861.72,0.0
OI002109,O00689,P0081,3,15455.55,0.0
OI002110,O00690,P0075,4,8404.97,0.0
OI002111,O00690,P0081,4,15455.55,0.0
OI002112,O00691,P0048,1,27431.78,0.05
OI002113,O00691,P0019,2,28629.69,0.05
OI002114,O00691,P0116,2,22662.54,0.2
OI002115,O00691,P0062,2,17669.73,0.0
OI002116,O00692,P0063,1,19689.07,0.0
OI002117,O00692,P0094,2,12871.71,0.0
OI002118,O00692,P0024,4,9812.32,0.15
OI002119,O00692,P0083,5,9132.71,0.0
OI002120,O00692,P0037,1,29340.98,0.0
OI002121,O00693,P0055,2,20284.12,0.05
OI002123,O00694,P0093,1,12034.06,0.05
OI002124,O00694,P0068,4,1929.24,0.0
OI002125,O00694,P0018,1,25587.96,0.2
OI002126,O00695,P0098,1,16744.36,0.0
OI002127,O00696,P0099,3,9969.82,0.0
OI002128,O00696,P0011,5,29653.81,0.0
OI002129,O00697,P0102,1,3215.58,0.1
OI002130,O00698,P0110,2,10608.58,0.0
OI002131,O00698,P0091,4,21658.7,0.2
OI002132,O00698,P0011,5,29653.81,0.05
OI002133,O00699,P0040,4,18259.1,0.0
OI002134,O00699,P0043,2,23683.68,0.0
OI002135,O00700,P0089,1,15973.04,0.2
OI002136,O00700,P0035,1,7207.71,0.0
OI002137,O00700,P0081,5,15455.55,0.0
OI002138,O00700,P0070,1,19923.53,0.1
OI002139,O00700,P0016,4,14148.38,0.0
OI002140,O00701,P0117,2,13360.22,0.0
OI002141,O00702,P0055,2,20284.12,0.0
OI002142,O00702,P0050,3,28891.25,0.0
OI002143,O00703,P0088,1,16504.89,0.05
OI002144,O00703,P0114,2,9431.72,0.0
OI002145,O00703,P0092,2,26656.16,0.0
OI002146,O00703,P0106,3,29239.45,0.0
OI002147,O00704,P0079,3,3907.55,0.0
OI002148,O00705,P0119,1,3520.87,0.1
OI002149,O00705,P0118,2,13328.28,0.0
OI002150,O00705,P0011,4,29653.81,0.1
OI002151,O00706,P0077,4,4058.28,0.0
OI002152,O00706,P0024,3,9812.32,0.1
OI002153,O00706,P0087,3,2082.59,0.0
OI002154,O00707,P0035,4,7207.71,0.15
OI002155,O00708,P0120,1,20385.15,0.2
OI002156,O00708,P0034,1,29981.28,0.2
OI002157,O00708,P0104,2,25379.76,0.2
OI002158,O00709,P0041,4,18672.23,0.05
OI002159,O00709,P0019,4,28629.69,0.2
OI002160,O00710,P0015,5,12370.16,0.05
OI002161,O00711,P0019,2,28629.69,0.0
OI002162,O00711,P0012,4,28948.95,0.0
OI002163,O00711,P0042,3,27113.7,0.05
OI002164,O00712,P0062,3,17669.73,0.0
OI002165,O00712,P0089,2,15973.04,0.05
OI002166,O00712,P0053,4,16152.78,0.1
OI002167,O00712,P0078,4,9794.29,0.1
OI002168,O00713,P0064,1,12314.5,0.1
OI002169,O00713,P0069,4,28476.44,0.1
OI002170,O00713,P0106,5,29239.45,0.2
OI002171,O00713,P0030,2,7749.16,0.15
OI002172,O00713,P0050,1,28891.25,0.0
OI002173,O00714,P0001,1,5815.44,0.0
OI002174,O00714,P0027,5,5351.07,0.05
OI002175,O00714,P0109,2,5510.83,0.0
OI002176,O00715,P0117,3,13360.22,0.0
OI002177,O00716,P0038,2,361.97,0.2
OI002178,O00716,P0059,5,28394.29,0.05
OI002179,O00717,P0027,2,5351.07,0.0
OI002180,O00717,P0106,2,29239.45,0.0
OI002181,O00718,P0049,1,22427.19,0.15
OI002182,O00718,P0094,4,12871.71,0.0
OI002183,O00719,P0090,1,12974.36,0.15
OI002185,O00720,P0062,2,17669.73,0.0
OI002186,O00720,P0108,2,27881.04,0.0
OI002187,O00720,P0077,2,4058.28,0.0
OI002188,O00720,P0112,1,2861.72,0.1
OI002189,O00721,P0020,2,1192.67,0.15
OI002190,O00721,P0098,5,16744.36,0.15
OI002191,O00721,P0024,3,9812.32,0.05
OI002192,O00721,P0061,4,11732.74,0.15
OI002193,O00722,P0057,1,6734.45,0.0
OI002194,O00722,P0101,1,29055.75,0.0
OI002195,O00722,P0083,1,9132.71,0.15
OI002196,O00723,P0078,2,9794.29,0.1
OI002197,O00724,P0002,4,25937.12,0.15
OI002198,O00724,P0051,4,29022.02,0.1
OI002199,O00725,P0118,3,13328.28,0.15
OI002200,O00725,P0074,2,23258.13,0.05
OI002201,O00725,P0065,2,20745.59,0.0
OI002202,O00726,P0067,4,29430.12,0.0
OI002203,O00727,P0052,1,2818.25,0.0
OI002204,O00727,P0080,4,22400.48,0.0
OI002205,O00728,P0078,4,9794.29,0.05
OI002206,O00728,P0108,3,27881.04,0.15
OI002208,O00728,P0105,4,17274.11,0.0
OI002209,O00728,P0089,1,15973.04,0.2
OI002210,O00729,P0083,3,9132.71,0.0
OI002211,O00729,P0055,1,20284.12,0.0
OI002212,O00729,P0025,3,11320.25,0.1
OI002213,O00730,P0004,2,8571.23,0.1
OI002214,O00730,P0031,1,20367.01,0.0
OI002215,O00730,P0037,2,29340.98,0.1
OI002216,O00731,P0097,3,3005.35,0.0
OI002217,O00732,P0026,3,12432.11,0.0
OI002218,O00732,P0082,5,6739.91,0.1
OI002219,O00732,P0119,1,3520.87,0.1
OI002220,O00732,P0005,4,29967.2,0.0
OI002221,O00732,P0031,1,20367.01,0.0
OI002222,O00733,P0040,1,18259.1,0.0
OI002223,O00734,P0051,3,29022.02,0.2
OI002224,O00734,P0065,4,20745.59,0.15
OI002225,O00734,P0025,3,11320.25,0.0
OI002226,O00735,P0043,4,23683.68,0.15
OI002228,O00736,P0065,4,20745.59,0.05
OI002229,O00736,P0104,5,25379.76,0.2
OI002230,O00736,P0100,1,26223.39,0.0
OI002231,O00736,P0020,2,1192.67,0.0
OI002232,O00737,P0011,2,29653.81,0.0
OI002233,O00737,P0114,2,9431.72,0.2
OI002234,O00737,P0081,2,15455.55,0.1
OI002235,O00737,P0012,5,28948.95,0.15
OI002236,O00738,P0084,4,29957.77,0.2
OI002237,O00738,P0067,2,29430.12,0.0
OI002238,O00738,P0120,3,20385.15,0.0
OI002239,O00738,P0099,5,9969.82,0.2
OI002240,O00738,P0044,4,22002.91,0.0
OI002241,O00739,P0031,1,20367.01,0.0
OI002242,O00739,P0027,5,5351.07,0.15
OI002243,O00739,P0079,4,3907.55,0.0
OI002244,O00739,P0078,1,9794.29,0.0
OI002245,O00740,P0071,1,1631.29,0.05
OI002246,O00740,P0112,1,2861.72,0.05
OI002247,O00740,P0103,3,19743.28,0.0
OI002248,O00741,P0021,5,29923.09,0.0
OI002249,O00741,P0009,3,11563.17,0.0
OI002250,O00741,P0036,1,8960.67,0.0
OI002251,O00742,P0034,4,29981.28,0.15
OI002252,O00742,P0061,2,11732.74,0.0
OI002253,O00742,P0033,5,20746.57,0.05
OI002254,O00742,P0098,1,16744.36,0.0
OI002255,O00743,P0052,5,2818.25,0.15
OI002256,O00743,P0053,2,16152.78,0.05
OI002257,O00743,P0110,3,10608.58,0.1
OI002258,O00744,P0041,5,18672.23,0.05
OI002259,O00744,P0048,3,27431.78,0.15
OI002260,O00744,P0011,1,29653.81,0.1
OI002261,O00744,P0088,1,16504.89,0.15
OI002262,O00744,P0053,2,16152.78,0.15
OI002263,O00745,P0002,4,25937.12,0.0
OI002264,O00745,P0020,5,1192.67,0.05
OI002265,O00745,P0110,1,10608.58,0.0
OI002266,O00745,P0014,4,15835.42,0.2
OI002267,O00745,P0038,4,361.97,0.15
OI002268,O00746,P0045,4,22454.73,0.05
OI002269,O00747,P0116,2,22662.54,0.15
OI002270,O00747,P0105,1,17274.11,0.05
OI002271,O00747,P0060,4,3024.1,0.0
OI002272,O00747,P0014,4,15835.42,0.0
OI002273,O00747,P0011,1,29653.81,0.0
OI002274,O00748,P0078,4,9794.29,0.0
OI002275,O00748,P0063,3,19689.07,0.05
OI002276,O00748,P0028,1,20532.06,0.1
OI002277,O00749,P0061,2,11732.74,0.0
OI002278,O00749,P0019,5,28629.69,0.0
OI002279,O00750,P0100,3,26223.39,0.2
OI002280,O00750,P0049,4,22427.19,0.05
OI002281,O00750,P0008,2,26103.7,0.0
OI002282,O00750,P0120,2,20385.15,0.2
OI002283,O00750,P0104,1,25379.76,0.2
OI002284,O00751,P0035,1,7207.71,0.0
OI002285,O00751,P0033,1,20746.57,0.0
OI002286,O00751,P0082,4,6739.91,0.0
OI002287,O00751,P0023,3,5090.98,0.2
OI002288,O00752,P0112,3,2861.72,0.0
OI002289,O00752,P0054,1,17586.66,0.0
OI002290,O00752,P0068,4,1929.24,0.0
OI002291,O00752,P0028,3,20532.06,0.0
OI002292,O00753,P0045,4,22454.73,0.05
OI002293,O00753,P0054,5,17586.66,0.15
OI002294,O00754,P0090,3,12974.36,0.15
OI002295,O00754,P0056,5,26540.94,0.05
OI002296,O00755,P0072,5,23634.91,0.0
OI002297,O00756,P0093,5,12034.06,0.1
OI002298,O00757,P0042,3,27113.7,0.0
OI002299,O00757,P0086,2,26990.09,0.05
OI002300,O00758,P0064,3,12314.5,0.0
OI002301,O00758,P0111,4,19761.46,0.0
OI002302,O00759,P0093,2,12034.06,0.15
OI002303,O00759,P0001,4,5815.44,0.15
OI002304,O00759,P0058,5,19519.27,0.0
OI002305,O00759,P0107,1,20288.3,0.0
OI002306,O00759,P0110,2,10608.58,0.05
OI002307,O00760,P0100,3,26223.39,0.0
OI002308,O00760,P0022,2,29352.73,0.15
OI002309,O00760,P0077,5,4058.28,0.0
OI002310,O00760,P0049,3,22427.19,0.2
OI002311,O00760,P0028,3,20532.06,0.0
OI002312,O00761,P0115,1,2658.52,0.15
OI002313,O00761,P0040,4,18259.1,0.15
OI002314,O00761,P0065,4,20745.59,0.05
OI002315,O00762,P0046,5,23621.0,0.2
OI002316,O00762,P0107,3,20288.3,0.0
OI002317,O00762,P0070,2,19923.53,0.05
OI002318,O00762,P0055,4,20284.12,0.0
OI002319,O00763,P0071,2,1631.29,0.1
OI002320,O00763,P0077,4,4058.28,0.05
OI002321,O00764,P0109,4,5510.83,0.15
OI002322,O00764,P0085,3,20620.59,0.15
OI002323,O00764,P0089,5,15973.04,0.2
OI002324,O00765,P0012,1,28948.95,0.0
OI002325,O00766,P0079,4,3907.55,0.0
OI002326,O00767,P0096,5,2845.8,0.0
OI002327,O00767,P0097,4,3005.35,0.1
OI002328,O00767,P0080,5,22400.48,0.2
OI002329,O00767,P0119,1,3520.87,0.15
OI002330,O00768,P0110,2,10608.58,0.2
OI002331,O00768,P0054,4,17586.66,0.1
OI002332,O00768,P0028,4,20532.06,0.0
OI002333,O00769,P0110,1,10608.58,0.0
OI002334,O00769,P0061,4,11732.74,0.05
OI002335,O00770,P0001,5,5815.44,0.0
OI002336,O00770,P0048,3,27431.78,0.15
OI002337,O00770,P0101,3,29055.75,0.0
OI002338,O00770,P0029,4,7057.79,0.15
OI002339,O00771,P0001,4,5815.44,0.0
OI002340,O00771,P0116,1,22662.54,0.0
OI002341,O00772,P0102,5,3215.58,0.2
OI002342,O00772,P0048,5,27431.78,0.0
OI002343,O00773,P0022,2,29352.73,0.1
OI002344,O00773,P0074,4,23258.13,0.0
OI002345,O00773,P0056,5,26540.94,0.15
OI002346,O00774,P0107,5,20288.3,0.05
OI002347,O00774,P0007,2,22914.64,0.15
OI002348,O00774,P0103,4,19743.28,0.15
OI002349,O00774,P0120,2,20385.15,0.05
OI002350,O00775,P0067,2,29430.12,0.0
OI002351,O00775,P0021,2,29923.09,0.1
OI002352,O00775,P0056,1,26540.94,0.15
OI002353,O00776,P0101,3,29055.75,0.2
OI002354,O00776,P0051,5,29022.02,0.0
OI002355,O00776,P0108,3,27881.04,0.0
OI002356,O00776,P0098,1,16744.36,0.0
OI002357,O00776,P0081,1,15455.55,0.05
OI002358,O00777,P0081,5,15455.55,0.0
OI002359,O00778,P0080,5,22400.48,0.0
OI002360,O00779,P0049,4,22427.19,0.15
OI002361,O00779,P0004,3,8571.23,0.0
OI002362,O00779,P0096,2,2845.8,0.15
OI002363,O00779,P0094,2,12871.71,0.0
OI002364,O00779,P0017,2,18742.99,0.1
OI002365,O00780,P0093,4,12034.06,0.2
OI002366,O00780,P0100,3,26223.39,0.15
OI002367,O00781,P0036,1,8960.67,0.0
OI002368,O00782,P0082,5,6739.91,0.2
OI002369,O00783,P0015,4,12370.16,0.1
OI002370,O00784,P0014,2,15835.42,0.0
OI002371,O00785,P0115,1,2658.52,0.05
OI002372,O00785,P0024,3,9812.32,0.2
OI002373,O00785,P0012,2,28948.95,0.05
OI002374,O00786,P0063,1,19689.07,0.05
OI002375,O00787,P0063,1,19689.07,0.0
OI002376,O00788,P0049,4,22427.19,0.2
OI002377,O00788,P0114,2,9431.72,0.0
OI002378,O00788,P0041,3,18672.23,0.0
OI002379,O00788,P0082,2,6739.91,0.15
OI002380,O00789,P0081,3,15455.55,0.0
OI002381,O00789,P0078,4,9794.29,0.1
OI002382,O00789,P0110,5,10608.58,0.1
OI002383,O00789,P0005,1,29967.2,0.0
OI002384,O00789,P0016,5,14148.38,0.15
OI002385,O00790,P0119,5,3520.87,0.0
OI002386,O00790,P0016,5,14148.38,0.0
OI002387,O00790,P0025,5,11320.25,0.1
OI002388,O00791,P0028,3,20532.06,0.0
OI002389,O00791,P0111,2,19761.46,0.0
OI002390,O00792,P0018,2,25587.96,0.0
OI002391,O00792,P0029,3,7057.79,0.05
OI002392,O00792,P0011,2,29653.81,0.0
OI002393,O00793,P0091,3,21658.7,0.05
OI002394,O00793,P0071,4,1631.29,0.05
OI002395,O00793,P0084,5,29957.77,0.05
OI002396,O00794,P0033,2,20746.57,0.15
OI002397,O00794,P0023,3,5090.98,0.05
OI002398,O00795,P0075,5,8404.97,0.0
OI002399,O00796,P0102,4,3215.58,0.05
OI002400,O00796,P0027,4,5351.07,0.05
OI002401,O00797,P0096,1,2845.8,0.1
OI002402,O00797,P0035,4,7207.71,0.05
OI002403,O00797,P0105,2,17274.11,0.1
OI002404,O00797,P0041,3,18672.23,0.0
OI002405,O00797,P0080,1,22400.48,0.05
OI002406,O00798,P0114,5,9431.72,0.0
OI002407,O00798,P0005,5,29967.2,0.05
OI002408,O00799,P0078,5,9794.29,0.0
OI002409,O00799,P0106,4,29239.45,0.0
OI002410,O00799,P0113,1,12664.59,0.0
OI002411,O00800,P0055,3,20284.12,0.0
OI002412,O00800,P0102,1,3215.58,0.0
OI002413,O00800,P0024,3,9812.32,0.0
OI002414,O00801,P0100,1,26223.39,0.0
OI002415,O00801,P0041,3,18672.23,0.15
OI002416,O00802,P0092,3,26656.16,0.0
OI002417,O00803,P0073,2,6309.86,0.1
OI002418,O00803,P0102,1,3215.58,0.05
OI002419,O00803,P0042,3,27113.7,0.1
OI002420,O00803,P0116,2,22662.54,0.1
OI002421,O00804,P0014,3,15835.42,0.15
OI002422,O00804,P0072,5,23634.91,0.2
OI002423,O00805,P0074,4,23258.13,0.15
OI002424,O00806,P0041,4,18672.23,0.05
OI002425,O00806,P0105,1,17274.11,0.0
OI002426,O00806,P0026,4,12432.11,0.0
OI002427,O00806,P0007,1,22914.64,0.05
OI002428,O00807,P0077,5,4058.28,0.05
OI002429,O00807,P0042,2,27113.7,0.1
OI002430,O00808,P0037,1,29340.98,0.15
OI002431,O00809,P0001,4,5815.44,0.0
OI002432,O00809,P0117,5,13360.22,0.1
OI002433,O00809,P0060,1,3024.1,0.0
OI002434,O00809,P0037,1,29340.98,0.0
OI002435,O00809,P0017,4,18742.99,0.0
OI002436,O00810,P0093,3,12034.06,0.05
OI002437,O00810,P0039,1,22385.74,0.1
OI002438,O00810,P0036,3,8960.67,0.05
OI002439,O00810,P0041,5,18672.23,0.0
OI002440,O00811,P0039,1,22385.74,0.2
OI002441,O00811,P0090,3,12974.36,0.1
OI002442,O00811,P0059,1,28394.29,0.0
OI002443,O00811,P0064,2,12314.5,0.0
OI002444,O00812,P0018,1,25587.96,0.0
OI002445,O00813,P0029,3,7057.79,0.2
OI002446,O00813,P0022,5,29352.73,0.0
OI002447,O00813,P0012,1,28948.95,0.0
OI002448,O00813,P0025,1,11320.25,0.0
OI002449,O00814,P0039,1,22385.74,0.0
OI002450,O00815,P0089,4,15973.04,0.0
OI002451,O00815,P0079,2,3907.55,0.0
OI002452,O00815,P0102,5,3215.58,0.05
OI002453,O00816,P0017,3,18742.99,0.2
OI002454,O00817,P0097,4,3005.35,0.15
OI002455,O00817,P0075,4,8404.97,0.15
OI002456,O00818,P0067,5,29430.12,0.0
OI002457,O00819,P0062,4,17669.73,0.0
OI002458,O00819,P0085,1,20620.59,0.0
OI002459,O00819,P0063,3,19689.07,0.15
OI002460,O00819,P0036,1,8960.67,0.0
OI002461,O00819,P0042,5,27113.7,0.2
OI002462,O00820,P0085,2,20620.59,0.15
OI002463,O00820,P0083,1,9132.71,0.0
OI002464,O00821,P0008,2,26103.7,0.05
OI002465,O00821,P0028,4,20532.06,0.0
OI002466,O00821,P0002,4,25937.12,0.0
OI002467,O00821,P0086,3,26990.09,0.0
OI002468,O00822,P0098,3,16744.36,0.15
OI002469,O00822,P0068,4,1929.24,0.15
OI002470,O00822,P0066,2,28522.59,0.2
OI002471,O00822,P0110,5,10608.58,0.0
OI002472,O00822,P0041,2,18672.23,0.0
OI002473,O00823,P0050,5,28891.25,0.1
OI002474,O00823,P0058,2,19519.27,0.2
OI002475,O00823,P0112,4,2861.72,0.0
OI002476,O00824,P0036,4,8960.67,0.0
OI002477,O00825,P0112,1,2861.72,0.0
OI002478,O00825,P0074,4,23258.13,0.0
OI002479,O00825,P0083,1,9132.71,0.0
OI002480,O00826,P0115,4,2658.52,0.0
OI002481,O00827,P0004,5,8571.23,0.05
OI002482,O00827,P0061,3,11732.74,0.0
OI002483,O00827,P0085,1,20620.59,0.1
OI002484,O00828,P0046,4,23621.0,0.0
OI002485,O00829,P0051,4,29022.02,0.1
OI002486,O00829,P0065,3,20745.59,0.0
OI002487,O00830,P0035,4,7207.71,0.15
OI002488,O00830,P0048,4,27431.78,0.0
OI002490,O00830,P0007,4,22914.64,0.0
OI002491,O00831,P0036,4,8960.67,0.0
OI002492,O00831,P0068,1,1929.24,0.15
OI002493,O00831,P0078,2,9794.29,0.0
OI002494,O00831,P0064,2,12314.5,0.0
OI002495,O00831,P0067,1,29430.12,0.0
OI002496,O00832,P0035,3,7207.71,0.0
OI002497,O00832,P0031,5,20367.01,0.15
OI002498,O00832,P0009,4,11563.17,0.05
OI002499,O00832,P0069,4,28476.44,0.0
OI002501,O00833,P0064,2,12314.5,0.0
OI002502,O00833,P0027,3,5351.07,0.15
OI002503,O00833,P0022,5,29352.73,0.0
OI002505,O00835,P0062,2,17669.73,0.0
OI002506,O00835,P0095,3,28613.34,0.15
OI002507,O00835,P0040,1,18259.1,0.0
OI002508,O00835,P0110,2,10608.58,0.0
OI002509,O00835,P0117,4,13360.22,0.0
OI002510,O00836,P0086,4,26990.09,0.05
OI002511,O00837,P0003,1,28035.34,0.0
OI002512,O00837,P0023,1,5090.98,0.1
OI002513,O00837,P0034,3,29981.28,0.05
OI002514,O00838,P0001,1,5815.44,0.0
OI002515,O00838,P0063,1,19689.07,0.1
OI002516,O00838,P0112,3,2861.72,0.2
OI002517,O00838,P0032,2,28363.64,0.1
OI002518,O00838,P0061,5,11732.74,0.0
OI002519,O00839,P0100,1,26223.39,0.0
OI002521,O00840,P0095,4,28613.34,0.0
OI002522,O00840,P0045,3,22454.73,0.05
OI002523,O00840,P0070,1,19923.53,0.2
OI002524,O00840,P0033,3,20746.57,0.0
OI002525,O00841,P0115,5,2658.52,0.05
OI002526,O00841,P0067,1,29430.12,0.0
OI002527,O00841,P0100,5,26223.39,0.15
OI002528,O00842,P0019,4,28629.69,0.2
OI002529,O00843,P0085,3,20620.59,0.05
OI002530,O00843,P0019,1,28629.69,0.0
OI002531,O00844,P0095,1,28613.34,0.0
OI002532,O00844,P0090,4,12974.36,0.15
OI002533,O00844,P0056,1,26540.94,0.0
OI002534,O00844,P0047,5,15113.63,0.05
OI002535,O00844,P0027,5,5351.07,0.0
OI002536,O00845,P0117,3,13360.22,0.05
OI002537,O00845,P0087,5,2082.59,0.05
OI002538,O00845,P0045,3,22454.73,0.0
OI002539,O00846,P0006,5,16212.79,0.15
OI002540,O00846,P0075,3,8404.97,0.2
OI002541,O00847,P0016,3,14148.38,0.0
OI002542,O00847,P0056,1,26540.94,0.0
OI002543,O00847,P0102,4,3215.58,0.15
OI002544,O00847,P0059,2,28394.29,0.05
OI002545,O00847,P0073,2,6309.86,0.1
OI002546,O00848,P0080,2,22400.48,0.0
OI002547,O00848,P0072,4,23634.91,0.0
OI002548,O00848,P0086,1,26990.09,0.2
OI002549,O00849,P0002,2,25937.12,0.0
OI002550,O00849,P0059,5,28394.29,0.0
OI002551,O00849,P0006,1,16212.79,0.05
OI002552,O00850,P0001,1,5815.44,0.0
OI002553,O00850,P0056,3,26540.94,0.0
OI002554,O00850,P0046,3,23621.0,0.0
OI002555,O00851,P0086,3,26990.09,0.0
OI002556,O00851,P0099,2,9969.82,0.05
OI002557,O00851,P0072,5,23634.91,0.0
OI002558,O00851,P0020,3,1192.67,0.0
OI002559,O00851,P0012,1,28948.95,0.05
OI002560,O00852,P0032,4,28363.64,0.05
OI002561,O00852,P0104,4,25379.76,0.0
OI002562,O00852,P0087,3,2082.59,0.0
OI002563,O00853,P0040,3,18259.1,0.2
OI002564,O00853,P0023,5,5090.98,0.0
OI002565,O00853,P0073,2,6309.86,0.0
OI002566,O00853,P0056,2,26540.94,0.05
OI002567,O00853,P0087,5,2082.59,0.0
OI002568,O00854,P0040,5,18259.1,0.15
OI002569,O00854,P0011,4,29653.81,0.1
OI002570,O00854,P0039,2,22385.74,0.05
OI002572,O00855,P0018,3,25587.96,0.05
OI002573,O00855,P0068,3,1929.24,0.05
OI002574,O00855,P0057,4,6734.45,0.05
OI002575,O00856,P0060,1,3024.1,0.2
OI002576,O00856,P0004,4,8571.23,0.0
OI002577,O00856,P0117,2,13360.22,0.1
OI002578,O00856,P0072,3,23634.91,0.2
OI002579,O00857,P0075,3,8404.97,0.0
OI002580,O00857,P0066,5,28522.59,0.1
OI002581,O00858,P0113,4,12664.59,0.0
OI002582,O00858,P0038,4,361.97,0.15
OI002583,O00858,P0007,1,22914.64,0.05
OI002584,O00858,P0097,5,3005.35,0.05
OI002585,O00858,P0109,1,5510.83,0.0
OI002586,O00859,P0035,1,7207.71,0.0
OI002588,O00860,P0106,1,29239.45,0.0
OI002589,O00860,P0038,5,361.97,0.15
OI002590,O00860,P0073,5,6309.86,0.15
OI002591,O00860,P0062,1,17669.73,0.15
OI002592,O00861,P0067,5,29430.12,0.15
OI002593,O00861,P0019,4,28629.69,0.0
OI002594,O00862,P0115,2,2658.52,0.0
OI002595,O00862,P0087,3,2082.59,0.15
OI002596,O00863,P0104,4,25379.76,0.1
OI002597,O00864,P0015,1,12370.16,0.0
OI002598,O00864,P0009,5,11563.17,0.0
OI002600,O00865,P0032,5,28363.64,0.05
OI002601,O00865,P0027,4,5351.07,0.0
OI002602,O00865,P0014,1,15835.42,0.0
OI002603,O00865,P0061,4,11732.74,0.05
OI002604,O00866,P0105,5,17274.11,0.0
OI002605,O00866,P0031,5,20367.01,0.15
OI002606,O00867,P0110,4,10608.58,0.0
OI002607,O00867,P0085,1,20620.59,0.0
OI002608,O00867,P0079,2,3907.55,0.2
OI002609,O00867,P0016,2,14148.38,0.0
OI002610,O00868,P0095,4,28613.34,0.0
OI002611,O00868,P0090,3,12974.36,0.15
OI002612,O00868,P0070,1,19923.53,0.1
OI002613,O00868,P0026,4,12432.11,0.0
OI002614,O00868,P0061,3,11732.74,0.05
OI002615,O00869,P0090,4,12974.36,0.2
OI002616,O00869,P0103,4,19743.28,0.0
OI002617,O00869,P0014,1,15835.42,0.0
OI002618,O00869,P0060,4,3024.1,0.0
OI002619,O00870,P0050,5,28891.25,0.05
OI002620,O00870,P0002,1,25937.12,0.0
OI002621,O00870,P0075,2,8404.97,0.05
OI002622,O00870,P0039,4,22385.74,0.0
OI002623,O00870,P0005,1,29967.2,0.0
OI002624,O00871,P0065,5,20745.59,0.0
OI002625,O00871,P0110,3,10608.58,0.15
OI002626,O00871,P0111,5,19761.46,0.05
OI002627,O00872,P0009,5,11563.17,0.0
OI002628,O00872,P0023,4,5090.98,0.15
OI002629,O00872,P0084,2,29957.77,0.0
OI002630,O00872,P0020,3,1192.67,0.05
OI002631,O00872,P0046,1,23621.0,0.2
OI002632,O00873,P0049,2,22427.19,0.1
OI002633,O00873,P0061,5,11732.74,0.2
OI002634,O00873,P0078,5,9794.29,0.0
OI002635,O00873,P0085,2,20620.59,0.15
OI002636,O00874,P0076,5,7609.55,0.1
OI002637,O00874,P0075,4,8404.97,0.0
OI002638,O00874,P0045,1,22454.73,0.0
OI002639,O00875,P0030,1,7749.16,0.05
OI002641,O00876,P0099,2,9969.82,0.0
OI002642,O00876,P0104,2,25379.76,0.15
OI002643,O00877,P0097,1,3005.35,0.1
OI002644,O00877,P0054,3,17586.66,0.0
OI002645,O00877,P0119,1,3520.87,0.2
OI002646,O00877,P0009,1,11563.17,0.05
OI002647,O00878,P0078,1,9794.29,0.0
OI002648,O00878,P0081,3,15455.55,0.0
OI002649,O00878,P0108,4,27881.04,0.05
OI002650,O00879,P0082,5,6739.91,0.0
OI002651,O00879,P0074,2,23258.13,0.0
OI002652,O00880,P0057,2,6734.45,0.15
OI002653,O00880,P0087,2,2082.59,0.05
OI002654,O00880,P0037,5,29340.98,0.2
OI002655,O00880,P0029,2,7057.79,0.0
OI002656,O00881,P0004,1,8571.23,0.2
OI002657,O00881,P0081,2,15455.55,0.0
OI002658,O00881,P0086,3,26990.09,0.2
OI002660,O00881,P0027,5,5351.07,0.2
OI002661,O00882,P0044,2,22002.91,0.15
OI002662,O00883,P0064,4,12314.5,0.1
OI002663,O00883,P0025,3,11320.25,0.0
OI002664,O00883,P0107,5,20288.3,0.1
OI002665,O00883,P0027,2,5351.07,0.2
OI002666,O00883,P0074,1,23258.13,0.05
OI002667,O00884,P0081,5,15455.55,0.0
OI002668,O00884,P0049,2,22427.19,0.2
OI002669,O00884,P0112,5,2861.72,0.0
OI002671,O00885,P0030,3,7749.16,0.0
OI002672,O00885,P0007,2,22914.64,0.2
OI002673,O00885,P0077,3,4058.28,0.2
OI002674,O00885,P0070,3,19923.53,0.05
OI002675,O00886,P0009,3,11563.17,0.0
OI002676,O00886,P0112,5,2861.72,0.1
OI002677,O00886,P0021,2,29923.09,0.2
OI002678,O00887,P0120,5,20385.15,0.0
OI002679,O00887,P0079,5,3907.55,0.15
OI002680,O00887,P0065,1,20745.59,0.1
OI002681,O00887,P0040,4,18259.1,0.0
OI002682,O00887,P0052,1,2818.25,0.0
OI002683,O00888,P0054,3,17586.66,0.2
OI002684,O00888,P0034,1,29981.28,0.0
OI002685,O00888,P0026,2,12432.11,0.1
OI002686,O00889,P0119,1,3520.87,0.0
OI002687,O00889,P0097,4,3005.35,0.0
OI002688,O00889,P0085,5,20620.59,0.1
OI002689,O00890,P0045,1,22454.73,0.05
OI002690,O00891,P0095,5,28613.34,0.05
OI002691,O00891,P0079,2,3907.55,0.0
OI002692,O00891,P0119,1,3520.87,0.0
OI002693,O00891,P0011,1,29653.81,0.05
OI002694,O00891,P0114,5,9431.72,0.0
OI002695,O00892,P0056,2,26540.94,0.0
OI002696,O00892,P0062,1,17669.73,0.0
OI002697,O00892,P0039,2,22385.74,0.1
OI002698,O00893,P0111,5,19761.46,0.05
OI002699,O00893,P0049,1,22427.19,0.05
OI002700,O00893,P0088,4,16504.89,0.15
OI002701,O00893,P0095,2,28613.34,0.05
OI002702,O00893,P0003,4,28035.34,0.1
OI002703,O00894,P0015,1,12370.16,0.1
OI002704,O00894,P0057,3,6734.45,0.0
OI002705,O00895,P0044,1,22002.91,0.0
OI002706,O00895,P0056,2,26540.94,0.0
OI002707,O00896,P0002,5,25937.12,0.1
OI002708,O00896,P0030,1,7749.16,0.2
OI002709,O00896,P0053,1,16152.78,0.2
OI002710,O00896,P0096,2,2845.8,0.2
OI002711,O00896,P0097,1,3005.35,0.0
OI002712,O00897,P0017,4,18742.99,0.0
OI002713,O00898,P0006,5,16212.79,0.15
OI002714,O00898,P0041,2,18672.23,0.0
OI002715,O00898,P0045,2,22454.73,0.1
OI002716,O00899,P0062,1,17669.73,0.0
OI002717,O00899,P0085,5,20620.59,0.0
OI002718,O00899,P0016,4,14148.38,0.15
OI002720,O00900,P0057,3,6734.45,0.0
OI002721,O00900,P0092,5,26656.16,0.0
OI002722,O00901,P0068,3,1929.24,0.0
OI002723,O00901,P0115,5,2658.52,0.1
OI002724,O00902,P0007,3,22914.64,0.05
OI002725,O00903,P0063,2,19689.07,0.2
OI002726,O00903,P0036,5,8960.67,0.0
OI002727,O00903,P0011,3,29653.81,0.15
OI002728,O00903,P0027,5,5351.07,0.0
OI002729,O00903,P0117,1,13360.22,0.0
OI002730,O00904,P0005,4,29967.2,0.15
OI002731,O00904,P0031,4,20367.01,0.0
OI002732,O00905,P0064,1,12314.5,0.0
OI002733,O00906,P0076,1,7609.55,0.0
OI002734,O00906,P0050,3,28891.25,0.2
OI002735,O00906,P0039,5,22385.74,0.05
OI002736,O00907,P0003,4,28035.34,0.0
OI002737,O00907,P0111,2,19761.46,0.0
OI002738,O00907,P0049,4,22427.19,0.0
OI002739,O00907,P0050,4,28891.25,0.1
OI002740,O00908,P0085,3,20620.59,0.0
OI002741,O00909,P0098,5,16744.36,0.2
OI002742,O00909,P0045,3,22454.73,0.2
OI002743,O00909,P0120,3,20385.15,0.2
OI002744,O00909,P0004,5,8571.23,0.0
OI002745,O00909,P0117,1,13360.22,0.0
OI002746,O00910,P0056,1,26540.94,0.2
OI002747,O00910,P0111,1,19761.46,0.1
OI002748,O00910,P0055,4,20284.12,0.15
OI002749,O00910,P0101,3,29055.75,0.2
OI002750,O00910,P0094,5,12871.71,0.05
OI002751,O00911,P0074,5,23258.13,0.0
OI002752,O00911,P0093,2,12034.06,0.05
OI002753,O00911,P0073,4,6309.86,0.15
OI002754,O00911,P0099,2,9969.82,0.0
OI002755,O00912,P0036,3,8960.67,0.0
OI002756,O00913,P0099,3,9969.82,0.0
OI002757,O00913,P0070,5,19923.53,0.05
OI002758,O00914,P0079,3,3907.55,0.0
OI002759,O00915,P0085,5,20620.59,0.0
OI002760,O00915,P0033,1,20746.57,0.0
OI002761,O00915,P0101,5,29055.75,0.15
OI002762,O00916,P0108,2,27881.04,0.05
OI002763,O00916,P0034,4,29981.28,0.0
OI002764,O00916,P0109,4,5510.83,0.0
OI002765,O00917,P0005,5,29967.2,0.0
OI002766,O00917,P0046,4,23621.0,0.0
OI002767,O00917,P0062,5,17669.73,0.0
OI002768,O00917,P0082,3,6739.91,0.1
OI002769,O00918,P0041,3,18672.23,0.0
OI002770,O00918,P0009,4,11563.17,0.0
OI002771,O00918,P0057,2,6734.45,0.15
OI002772,O00918,P0024,2,9812.32,0.0
OI002773,O00918,P0034,5,29981.28,0.15
OI002774,O00919,P0030,1,7749.16,0.15
OI002775,O00920,P0024,5,9812.32,0.2
OI002776,O00921,P0075,2,8404.97,0.0
OI002777,O00921,P0041,3,18672.23,0.0
OI002778,O00921,P0006,1,16212.79,0.15
OI002779,O00921,P0071,3,1631.29,0.1
OI002780,O00922,P0077,2,4058.28,0.0
OI002782,O00924,P0066,1,28522.59,0.0
OI002783,O00925,P0042,3,27113.7,0.2
OI002784,O00925,P0074,4,23258.13,0.0
OI002785,O00926,P0113,3,12664.59,0.1
OI002786,O00926,P0037,3,29340.98,0.0
OI002787,O00926,P0019,4,28629.69,0.15
OI002788,O00926,P0004,3,8571.23,0.05
OI002789,O00927,P0080,3,22400.48,0.0
OI002790,O00927,P0004,3,8571.23,0.0
OI002791,O00927,P0021,5,29923.09,0.0
OI002792,O00928,P0078,2,9794.29,0.2
OI002793,O00929,P0066,5,28522.59,0.2
OI002794,O00929,P0092,5,26656.16,0.15
OI002795,O00929,P0100,3,26223.39,0.0
OI002796,O00930,P0107,2,20288.3,0.05
OI002797,O00930,P0075,1,8404.97,0.0
OI002798,O00930,P0005,2,29967.2,0.1
OI002799,O00930,P0085,5,20620.59,0.1
OI002800,O00931,P0094,5,12871.71,0.2
OI002801,O00931,P0054,1,17586.66,0.1
OI002802,O00931,P0069,4,28476.44,0.15
OI002803,O00931,P0016,5,14148.38,0.1
OI002804,O00931,P0109,4,5510.83,0.0
OI002805,O00932,P0025,3,11320.25,0.0
OI002806,O00932,P0108,3,27881.04,0.0
OI002807,O00932,P0074,3,23258.13,0.0
OI002808,O00933,P0041,2,18672.23,0.05
OI002809,O00933,P0096,4,2845.8,0.0
OI002810,O00933,P0015,1,12370.16,0.0
OI002811,O00933,P0089,5,15973.04,0.1
OI002812,O00934,P0118,3,13328.28,0.15
OI002813,O00935,P0078,4,9794.29,0.0
OI002814,O00935,P0030,5,7749.16,0.2
OI002815,O00935,P0058,2,19519.27,0.1
OI002816,O00935,P0101,2,29055.75,0.2
OI002817,O00936,P0087,5,2082.59,0.0
OI002818,O00936,P0075,3,8404.97,0.0
OI002819,O00936,P0086,3,26990.09,0.0
OI002820,O00936,P0018,1,25587.96,0.05
OI002821,O00937,P0065,2,20745.59,0.0
OI002822,O00937,P0019,4,28629.69,0.0
OI002823,O00937,P0074,2,23258.13,0.0
OI002824,O00937,P0064,4,12314.5,0.0
OI002825,O00938,P0092,2,26656.16,0.2
OI002826,O00938,P0120,1,20385.15,0.2
OI002827,O00938,P0061,4,11732.74,0.0
OI002828,O00938,P0096,2,2845.8,0.0
OI002830,O00939,P0118,2,13328.28,0.05
OI002831,O00939,P0050,5,28891.25,0.0
OI002832,O00939,P0116,3,22662.54,0.0
OI002833,O00939,P0055,3,20284.12,0.2
OI002834,O00939,P0046,3,23621.0,0.1
OI002835,O00940,P0079,3,3907.55,0.05
OI002836,O00940,P0014,4,15835.42,0.15
OI002837,O00940,P0093,4,12034.06,0.15
OI002838,O00940,P0006,4,16212.79,0.0
OI002840,O00941,P0094,5,12871.71,0.2
OI002841,O00941,P0024,5,9812.32,0.0
OI002842,O00942,P0115,5,2658.52,0.1
OI002843,O00942,P0001,3,5815.44,0.15
OI002844,O00943,P0049,5,22427.19,0.15
OI002845,O00943,P0042,5,27113.7,0.0
OI002846,O00943,P0057,1,6734.45,0.0
OI002847,O00943,P0023,3,5090.98,0.05
OI002848,O00944,P0007,5,22914.64,0.1
OI002849,O00944,P0073,5,6309.86,0.2
OI002850,O00944,P0067,4,29430.12,0.0
OI002851,O00945,P0050,2,28891.25,0.0
OI002852,O00945,P0041,1,18672.23,0.2
OI002853,O00945,P0097,2,3005.35,0.05
OI002854,O00946,P0036,1,8960.67,0.0
OI002855,O00946,P0074,3,23258.13,0.0
OI002856,O00946,P0113,1,12664.59,0.0
OI002857,O00946,P0079,3,3907.55,0.05
OI002858,O00946,P0041,4,18672.23,0.0
OI002859,O00947,P0037,3,29340.98,0.1
OI002860,O00947,P0118,1,13328.28,0.0
OI002861,O00948,P0019,5,28629.69,0.2
OI002863,O00948,P0027,2,5351.07,0.0
OI002864,O00949,P0116,2,22662.54,0.0
OI002865,O00949,P0006,4,16212.79,0.2
OI002866,O00949,P0115,1,2658.52,0.0
OI002867,O00949,P0070,2,19923.53,0.0
OI002868,O00949,P0069,5,28476.44,0.05
OI002869,O00950,P0067,3,29430.12,0.0
OI002870,O00950,P0017,1,18742.99,0.05
OI002871,O00950,P0107,4,20288.3,0.05
OI002872,O00950,P0059,3,28394.29,0.0
OI002873,O00951,P0036,1,8960.67,0.0
OI002874,O00951,P0094,1,12871.71,0.15
OI002875,O00952,P0094,3,12871.71,0.0
OI002877,O00953,P0059,5,28394.29,0.15
OI002878,O00953,P0081,1,15455.55,0.15
OI002879,O00953,P0095,3,28613.34,0.0
OI002881,O00954,P0120,2,20385.15,0.2
OI002882,O00954,P0091,5,21658.7,0.15
OI002883,O00954,P0102,1,3215.58,0.15
OI002884,O00955,P0032,2,28363.64,0.1
OI002885,O00956,P0112,3,2861.72,0.05
OI002886,O00956,P0029,2,7057.79,0.05
OI002887,O00956,P0087,2,2082.59,0.15
OI002888,O00956,P0026,4,12432.11,0.0
OI002889,O00957,P0026,1,12432.11,0.1
OI002890,O00957,P0082,2,6739.91,0.0
OI002891,O00958,P0009,2,11563.17,0.15
OI002892,O00958,P0063,2,19689.07,0.0
OI002893,O00958,P0072,4,23634.91,0.15
OI002894,O00958,P0079,3,3907.55,0.1
OI002895,O00959,P0081,3,15455.55,0.05
OI002896,O00959,P0075,5,8404.97,0.15
OI002897,O00959,P0031,2,20367.01,0.0
OI002898,O00959,P0082,2,6739.91,0.0
OI002899,O00960,P0063,5,19689.07,0.0
OI002900,O00960,P0102,5,3215.58,0.05
OI002901,O00960,P0081,3,15455.55,0.0
OI002902,O00960,P0051,2,29022.02,0.0
OI002903,O00961,P0054,2,17586.66,0.15
OI002904,O00961,P0058,4,19519.27,0.0
OI002905,O00961,P0042,2,27113.7,0.05
OI002906,O00962,P0085,4,20620.59,0.15
OI002907,O00962,P0015,2,12370.16,0.2
OI002908,O00962,P0045,4,22454.73,0.2
OI002909,O00963,P0077,1,4058.28,0.0
OI002910,O00963,P0053,3,16152.78,0.1
OI002911,O00963,P0088,2,16504.89,0.2
OI002912,O00963,P0031,4,20367.01,0.0
OI002913,O00964,P0099,4,9969.82,0.05
OI002914,O00964,P0042,4,27113.7,0.05
OI002915,O00964,P0034,4,29981.28,0.0
OI002916,O00964,P0087,1,2082.59,0.0
OI002917,O00964,P0041,4,18672.23,0.15
OI002918,O00965,P0044,1,22002.91,0.0
OI002919,O00965,P0082,4,6739.91,0.05
OI002920,O00966,P0074,2,23258.13,0.1
OI002921,O00966,P0113,2,12664.59,0.2
OI002922,O00967,P0079,5,3907.55,0.0
OI002923,O00968,P0078,1,9794.29,0.15
OI002924,O00968,P0070,1,19923.53,0.2
OI002925,O00969,P0012,3,28948.95,0.2
OI002926,O00969,P0100,5,26223.39,0.0
OI002927,O00969,P0091,1,21658.7,0.1
OI002928,O00969,P0043,2,23683.68,0.0
OI002929,O00970,P0026,2,12432.11,0.0
OI002930,O00970,P0021,2,29923.09,0.0
OI002931,O00970,P0108,3,27881.04,0.05
OI002932,O00970,P0069,2,28476.44,0.1
OI002933,O00970,P0051,2,29022.02,0.0
OI002934,O00971,P0109,1,5510.83,0.2
OI002935,O00972,P0014,1,15835.42,0.0
OI002936,O00972,P0065,3,20745.59,0.0
OI002937,O00972,P0051,1,29022.02,0.0
OI002938,O00972,P0102,2,3215.58,0.0
OI002939,O00972,P0063,3,19689.07,0.15
OI002940,O00973,P0105,4,17274.11,0.15
OI002941,O00974,P0017,3,18742.99,0.2
OI002942,O00974,P0105,1,17274.11,0.0
OI002943,O00974,P0095,1,28613.34,0.1
OI002944,O00974,P0113,4,12664.59,0.0
OI002945,O00975,P0096,5,2845.8,0.1
OI002947,O00976,P0095,4,28613.34,0.0
OI002948,O00977,P0110,5,10608.58,0.15
OI002949,O00977,P0040,1,18259.1,0.0
OI002950,O00977,P0101,3,29055.75,0.05
OI002951,O00977,P0042,2,27113.7,0.0
OI002952,O00977,P0055,3,20284.12,0.15
OI002953,O00978,P0061,2,11732.74,0.05
OI002954,O00978,P0049,5,22427.19,0.0
OI002955,O00978,P0038,4,361.97,0.0
OI002956,O00978,P0055,5,20284.12,0.1
OI002957,O00978,P0012,2,28948.95,0.05
OI002958,O00979,P0064,4,12314.5,0.0
OI002959,O00980,P0092,1,26656.16,0.05
OI002960,O00980,P0014,2,15835.42,0.05
OI002961,O00980,P0058,3,19519.27,0.05
OI002962,O00980,P0029,5,7057.79,0.0
OI002963,O00980,P0074,3,23258.13,0.0
OI002964,O00981,P0104,1,25379.76,0.0
OI002965,O00981,P0081,5,15455.55,0.0
OI002966,O00982,P0111,5,19761.46,0.0
OI002967,O00982,P0063,1,19689.07,0.0
OI002968,O00983,P0079,5,3907.55,0.2
OI002969,O00983,P0108,2,27881.04,0.0
OI002970,O00983,P0061,4,11732.74,0.0
OI002971,O00983,P0067,4,29430.12,0.0
OI002972,O00984,P0107,3,20288.3,0.15
OI002973,O00984,P0020,5,1192.67,0.1
OI002974,O00984,P0005,4,29967.2,0.2
OI002975,O00985,P0035,2,7207.71,0.2
OI002976,O00986,P0102,2,3215.58,0.0
OI002977,O00986,P0063,4,19689.07,0.15
OI002978,O00986,P0070,4,19923.53,0.1
OI002979,O00986,P0064,5,12314.5,0.2
OI002980,O00986,P0041,1,18672.23,0.0
OI002981,O00987,P0090,1,12974.36,0.0
OI002983,O00987,P0049,1,22427.19,0.0
OI002984,O00987,P0017,2,18742.99,0.05
OI002985,O00988,P0005,4,29967.2,0.05
OI002986,O00989,P0081,5,15455.55,0.05
OI002987,O00989,P0103,2,19743.28,0.15
OI002988,O00990,P0054,4,17586.66,0.0
OI002989,O00990,P0052,3,2818.25,0.1
OI002990,O00990,P0002,3,25937.12,0.1
OI002991,O00990,P0038,3,361.97,0.1
OI002992,O00990,P0016,2,14148.38,0.0
OI002993,O00991,P0067,5,29430.12,0.15
OI002994,O00991,P0088,3,16504.89,0.1
OI002995,O00991,P0027,5,5351.07,0.0
OI002996,O00992,P0060,2,3024.1,0.0
OI002997,O00992,P0027,5,5351.07,0.15
OI002998,O00992,P0120,4,20385.15,0.0
OI002999,O00992,P0043,3,23683.68,0.05
OI003000,O00993,P0020,1,1192.67,0.0
OI003001,O00993,P0061,3,11732.74,0.15
OI003002,O00994,P0026,1,12432.11,0.1
OI003003,O00994,P0089,4,15973.04,0.0
OI003004,O00995,P0008,5,26103.7,0.05
OI003005,O00996,P0021,2,29923.09,0.0
OI003006,O00996,P0009,1,11563.17,0.0
OI003007,O00996,P0045,3,22454.73,0.0
OI003008,O00996,P0082,4,6739.91,0.1
OI003009,O00996,P0072,3,23634.91,0.0
OI003010,O00997,P0099,5,9969.82,0.15
OI003011,O00997,P0052,2,2818.25,0.0
OI003012,O00997,P0120,5,20385.15,0.0
OI003013,O00997,P0033,1,20746.57,0.15
OI003014,O00997,P0072,2,23634.91,0.0
OI003015,O00998,P0034,1,29981.28,0.0
OI003016,O00998,P0073,5,6309.86,0.1
OI003017,O00999,P0043,5,23683.68,0.1
OI003018,O00999,P0074,3,23258.13,0.2
OI003019,O00999,P0099,5,9969.82,0.15
OI003020,O00999,P0110,4,10608.58,0.0
OI003021,O01000,P0001,2,5815.44,0.0
OI003022,O01000,P0101,1,29055.75,0.2
